MCCL,,,,,,,,,,Naïve,,,,,,,,,
hat_sd,,,,,sd,,,,,hat_sd,,,,,sd,,,,
beta0,beta1,beta2,beta3,phi,beta0,beta1,beta2,beta3,phi,beta0,beta1,beta2,beta3,phi,beta0,beta1,beta2,beta3,phi
0.069550885,0.041222787,0.036923671,0.130756358,0.701331381,-0.166118284,-0.231476403,-0.232647652,-0.379410085,4.823869793,0.062060821,0.027188946,0.027391196,0.112271212,0.477519593,-0.2000698,-0.2234681,-0.192150966,-0.362505002,4.61213875
0.05534847,0.03768771,0.032504811,0.096626165,0.769111361,-0.36761753,-0.295756471,-0.274289106,-0.123486881,6.210571177,0.061829863,0.029487056,0.025856878,0.100683522,0.481525008,-0.1373766,-0.175796033,-0.169518078,-0.555479068,4.199835257
0.065401341,0.040181451,0.036022682,0.11627839,0.752678551,-0.1851395,-0.202259881,-0.27655948,-0.345856243,5.789152069,0.059206486,0.029569856,0.031160948,0.098734822,0.464398645,-0.11118714,-0.12200285,-0.209116929,-0.551314563,4.544357593
0.0760941,0.0346741,0.045797197,0.142885061,0.593214036,-0.208452815,-0.245826214,-0.226607796,-0.320247869,4.226936079,0.052231886,0.021837457,0.027619175,0.091693181,0.683249692,-0.059802515,-0.168033902,-0.16529378,-0.620598452,5.600539482
0.065439718,0.031016426,0.040748146,0.114566135,0.623501941,-0.124860489,-0.222442174,-0.236732434,-0.47001368,4.622461336,0.056002067,0.030135091,0.025969877,0.096276393,0.548839148,-0.183434408,-0.204391393,-0.195732771,-0.418620188,4.247768624
0.066335649,0.031695771,0.029612265,0.113944542,0.816926611,-0.194384206,-0.276837218,-0.232711375,-0.306763403,5.986131167,0.063745745,0.025071179,0.024327981,0.100615779,0.60426723,-0.094272479,-0.19326464,-0.21263441,-0.485011073,4.44391963
0.063619892,0.034574908,0.035016646,0.134029778,0.68843779,-0.248682107,-0.223542786,-0.260424636,-0.298160105,5.303774948,0.050305163,0.02729352,0.025356881,0.085998446,0.619911607,-0.186209686,-0.264027081,-0.199340365,-0.329414021,5.393767754
0.063793766,0.03230449,0.028061446,0.113786202,0.968194033,-0.338638378,-0.300526468,-0.283607088,-0.001617657,6.909679426,0.065964191,0.030324178,0.031782448,0.116934171,0.470880602,-0.117233305,-0.205804604,-0.200368317,-0.491504989,4.478827203
0.063710237,0.035460901,0.03470052,0.103898889,0.633111188,-0.213944898,-0.175379235,-0.234611851,-0.392288833,4.742644678,0.060058935,0.028726518,0.027316007,0.098006308,0.540199659,-0.333085919,-0.260031406,-0.226306275,-0.189919911,4.817253715
0.080735404,0.034758794,0.04589062,0.132525067,0.780816285,-0.301013718,-0.31267146,-0.289226796,-0.101863966,5.610092392,0.056818532,0.026650972,0.025814453,0.084150781,0.561014041,-0.126681728,-0.147430607,-0.255885015,-0.477827658,4.933626869
0.070904211,0.036992496,0.037200531,0.134723519,0.679191835,-0.252780622,-0.23347515,-0.29512741,-0.266768301,4.981360264,0.05910426,0.026837341,0.030393591,0.091847383,0.513069623,-0.069840439,-0.169856373,-0.186508474,-0.585214677,4.499261444
0.061631576,0.035272869,0.033320281,0.107706037,0.579539913,-0.281040487,-0.257897517,-0.25970978,-0.177672163,4.681635432,0.058774242,0.028722001,0.022356903,0.093641554,0.579175381,-0.08173577,-0.216046065,-0.192227289,-0.516575638,4.699815251
0.066812487,0.03810677,0.038643087,0.114470637,0.770254814,-0.194690461,-0.221136513,-0.269179204,-0.344809518,5.657340587,0.061231005,0.0311537,0.027331236,0.095529357,0.473008717,-0.245333364,-0.212690388,-0.217612986,-0.344585509,4.061133251
0.064350664,0.031877141,0.040374869,0.111700329,0.729166036,-0.230414688,-0.237442612,-0.291741322,-0.247911851,5.190753864,0.0646359,0.027447145,0.026171745,0.106060961,0.499769814,-0.180153154,-0.181654023,-0.203495791,-0.38987945,4.134799948
0.075398473,0.036748855,0.034595372,0.129299674,0.602817053,-0.277558942,-0.211423447,-0.240841756,-0.296841199,4.761946769,0.0508073,0.027714897,0.02329629,0.075028049,0.517883676,-0.095852404,-0.170912204,-0.240264139,-0.550055294,4.852057731
0.079864514,0.038965743,0.036755383,0.130265134,0.644041053,-0.291481132,-0.243750188,-0.301732935,-0.258263304,4.586742392,0.058434112,0.026250704,0.025571677,0.096549555,0.582258619,-0.190124066,-0.22524155,-0.219587534,-0.344262147,5.439218193
0.079636195,0.032910469,0.045380171,0.136150406,0.569485787,-0.243765832,-0.25872028,-0.258461199,-0.246614284,4.290424143,0.056370764,0.025911645,0.029734314,0.089834822,0.477531881,-0.220113989,-0.220076687,-0.176640776,-0.39521765,3.910043517
0.068880289,0.036579618,0.041805443,0.117618622,0.784451479,-0.220682169,-0.19151411,-0.295937879,-0.263853542,5.846244019,0.064039173,0.027317663,0.029847077,0.097686653,0.448097629,-0.182228896,-0.201083024,-0.173946211,-0.411754221,3.97804208
0.071893206,0.032237394,0.037510543,0.136686513,0.985312762,-0.315964508,-0.310511953,-0.285091021,0.002543219,6.728330021,0.063124734,0.027402431,0.027081777,0.093921077,0.500063132,-0.125563141,-0.206531364,-0.163531997,-0.486427887,4.521704896
0.063367931,0.040223904,0.034377759,0.109959353,0.862959555,-0.248140825,-0.227486906,-0.290089473,-0.237930547,5.862917699,0.067333252,0.027935162,0.02788736,0.119557024,0.739222174,-0.222428426,-0.173602728,-0.183375766,-0.450690456,4.142577317
0.073147044,0.039021696,0.042100697,0.139167983,0.866536195,-0.18449925,-0.23142209,-0.279594641,-0.154489367,6.057048419,0.07053538,0.026895595,0.028548684,0.10246773,0.490464615,-0.081633391,-0.175684409,-0.143064465,-0.573793121,3.963106695
0.062995655,0.041369559,0.032994421,0.127796404,0.792138969,-0.264772085,-0.259098043,-0.273513936,-0.247676402,5.329219069,0.058844379,0.02745857,0.026983708,0.087509185,0.501143606,-0.245176435,-0.194156672,-0.206924346,-0.350001693,3.933133727
0.068002204,0.035529211,0.028460937,0.110345332,0.639103073,-0.154649806,-0.210604046,-0.171412057,-0.436813806,5.610917836,0.054575908,0.026331281,0.026839451,0.083375983,0.481966517,-0.090399305,-0.159793919,-0.16816464,-0.594920116,4.421707607
0.071222602,0.039453559,0.032628884,0.116724596,0.646704403,-0.239710143,-0.23789781,-0.200109776,-0.398048228,4.906320075,0.058003334,0.026731248,0.022163675,0.090079851,0.575531108,-0.11955679,-0.224469472,-0.197996925,-0.551627752,5.541766707
0.063440779,0.043640728,0.036103517,0.118002653,0.669279914,-0.229979874,-0.293478543,-0.252626666,-0.149482668,5.654513386,0.063216268,0.025154887,0.026441699,0.10043691,0.552827577,-0.144580031,-0.20487129,-0.216997467,-0.414681409,4.542144717
0.073232069,0.040963937,0.037093141,0.127448549,0.692956407,-0.274503095,-0.199176567,-0.283047045,-0.330490215,4.988029697,0.055117048,0.026422364,0.031101007,0.091013813,0.49125646,-0.120787126,-0.137561953,-0.240933322,-0.543654519,4.782788612
0.059404106,0.031629996,0.02917115,0.103038293,0.781788254,-0.137346882,-0.226960805,-0.206893721,-0.404625988,6.333780915,0.057515056,0.037942192,0.02749301,0.09989264,0.682287405,-0.136323085,-0.177991951,-0.222464388,-0.427436965,4.95897079
0.065930528,0.029898337,0.033726254,0.116007637,0.775573903,-0.241399075,-0.289762092,-0.232233435,-0.266294551,6.068251286,0.058621993,0.027670492,0.024430346,0.095391549,0.444144688,-0.211104302,-0.173084846,-0.235621791,-0.385921289,4.021442263
0.06923088,0.030006955,0.035369909,0.109894398,0.678499318,-0.152342148,-0.199916541,-0.254927239,-0.446146057,5.526045585,0.057335192,0.028526428,0.025908049,0.097113603,0.461861426,-0.127888259,-0.168163164,-0.217763774,-0.41434562,4.569862893
0.064744323,0.031127582,0.035636456,0.105372141,0.640735993,-0.173022056,-0.221374525,-0.234692699,-0.417856483,5.185595005,0.055379236,0.027165606,0.025385029,0.092940959,0.596673604,-0.207335661,-0.180144635,-0.20505701,-0.406644995,4.497397342
0.070697816,0.038692071,0.040474082,0.138185889,0.633397123,-0.175110129,-0.24507576,-0.238207667,-0.398427227,4.738119505,0.062439978,0.027830757,0.028279762,0.100356909,0.464012727,-0.118628072,-0.179094247,-0.159278264,-0.547740342,3.902725403
0.066861836,0.034287116,0.039166981,0.129761585,0.752033162,-0.3263555,-0.265607153,-0.247751373,-0.131749347,5.766803327,0.063920067,0.033107335,0.024930089,0.100716975,0.471302135,-0.030021168,-0.129734085,-0.211226359,-0.747610291,3.991191797
0.076126695,0.03913057,0.040136021,0.128735155,0.69304842,-0.3056145,-0.299257921,-0.279414995,-0.11519129,4.230368753,0.060746386,0.02425516,0.02636949,0.09494992,0.554888341,-0.069345968,-0.171912549,-0.190650154,-0.508037984,5.217251337
0.055921992,0.031966484,0.027775801,0.093200646,0.71106659,-0.274691761,-0.214385193,-0.282730023,-0.25173622,5.155101578,0.057640862,0.026910255,0.023151543,0.094543917,0.491104134,-0.080429149,-0.166488214,-0.150454161,-0.5736966,4.563805856
0.065877073,0.032706288,0.032121389,0.111269881,0.869067877,-0.289074388,-0.216511613,-0.269698428,-0.249064672,5.746158174,0.055738705,0.027106544,0.02632541,0.097686753,0.526898201,-0.076144049,-0.156632171,-0.169271613,-0.654097321,5.120264486
0.070581818,0.046313343,0.031421744,0.130220196,0.740433806,-0.285001762,-0.272246098,-0.27613678,-0.119008779,6.005907128,0.063718307,0.025237248,0.025232431,0.095179594,0.589865155,-0.07321419,-0.201205209,-0.23197484,-0.477696325,4.888032015
0.057848787,0.035815613,0.031135211,0.097869549,0.720742114,-0.297359348,-0.312266859,-0.211625563,-0.187024134,5.446438155,0.060200092,0.031979893,0.027846801,0.100423498,0.410077942,-0.206100587,-0.235579794,-0.199249792,-0.439116575,3.897695949
0.075331572,0.033263912,0.042691976,0.132959272,0.653603936,-0.135475058,-0.190583182,-0.262456393,-0.404119999,5.236758788,0.072131575,0.028534606,0.030396273,0.111722309,0.430343348,-0.264617915,-0.220032465,-0.198828491,-0.391189766,3.411361555
0.067617851,0.03640719,0.033878853,0.109705765,0.813917948,-0.311002565,-0.227112443,-0.285831707,-0.1116286,4.453305587,0.061855903,0.025427551,0.023309067,0.095997376,0.469472441,-0.194183233,-0.200355803,-0.228806649,-0.354979318,4.089161831
0.072653023,0.037999784,0.045101342,0.138433633,0.755187421,-0.294377133,-0.294147533,-0.304371277,-0.142092381,4.96204125,0.06771674,0.024469728,0.026502107,0.101721128,0.414253102,-0.195893763,-0.188228661,-0.221575346,-0.452258141,4.085696044
0.055925696,0.033838877,0.030324265,0.10197258,0.786434734,-0.268219117,-0.287805267,-0.216236451,-0.143833727,5.488564596,0.066346189,0.024547464,0.030315817,0.103583302,0.510592236,-0.250870739,-0.237828607,-0.187287669,-0.338461947,4.573463074
0.079243094,0.039662691,0.040049779,0.144035627,0.670516292,-0.279571393,-0.183142098,-0.293474282,-0.258921475,4.563463268,0.050418771,0.025809455,0.021210193,0.087843916,0.715663329,-0.190863655,-0.17576175,-0.180533139,-0.420811722,5.166177993
0.071438476,0.035358044,0.036920136,0.126145335,0.650864746,-0.393711633,-0.339252033,-0.285983359,-0.099812297,4.313662103,0.05718384,0.024471068,0.030018047,0.097120074,0.536068306,-0.069517623,-0.207013594,-0.158891846,-0.626241539,4.577105343
0.06839842,0.032741835,0.035716327,0.11528486,0.624202816,-0.38090274,-0.219757117,-0.327197991,-0.041291417,4.943770153,0.057870842,0.026025645,0.026374746,0.091143769,0.531265758,-0.086847518,-0.190278492,-0.182728984,-0.50918828,5.045812799
0.054806911,0.026525904,0.03588892,0.104931754,0.64632563,-0.183260106,-0.221382796,-0.234797106,-0.306813167,4.996059915,0.048524826,0.02459578,0.025243476,0.078852071,0.589471979,0.022064207,-0.165479363,-0.23819334,-0.674271297,5.602153591
0.077378556,0.046254933,0.037167448,0.154026639,0.624306906,-0.314055682,-0.30081962,-0.261978235,-0.08503278,4.382646963,0.060336332,0.024963244,0.029318348,0.09611023,0.647124002,-0.086707898,-0.184766379,-0.200274099,-0.456054285,4.826050612
0.068539255,0.035132378,0.040419747,0.11925615,0.76732393,-0.280093342,-0.2185236,-0.319389892,-0.246458251,5.703981457,0.064077145,0.030542312,0.036880227,0.117544519,0.639226527,-0.180230926,-0.181499898,-0.220841966,-0.352359272,4.091348491
0.068375463,0.036125371,0.037432065,0.12382612,0.795609172,-0.175034946,-0.23160831,-0.234385764,-0.279930699,6.038989013,0.065717831,0.024586468,0.027589591,0.105287734,0.604672934,-0.124376779,-0.252817864,-0.178516747,-0.459232613,4.972743432
0.059217537,0.029382362,0.02998137,0.097791098,0.803887036,-0.22090973,-0.222335221,-0.26375706,-0.281914995,5.684317339,0.065303558,0.028548178,0.029528168,0.109162475,0.504196948,-0.139988969,-0.230924678,-0.188513865,-0.493161557,4.078309023
0.061995371,0.038011571,0.029626019,0.116402854,0.825099184,-0.143665841,-0.197367713,-0.275567714,-0.305671724,6.067636341,0.068400508,0.026562801,0.028483336,0.11187407,0.477349355,-0.209907349,-0.172070924,-0.221939888,-0.414452473,4.192506419
0.076080569,0.037533116,0.034281235,0.137204978,0.862700303,-0.361136481,-0.304669849,-0.279052946,-0.056422779,5.836832491,0.065552747,0.02790683,0.022217584,0.094082138,0.476295881,-0.190678709,-0.192457969,-0.224427595,-0.527106284,4.167252437
0.087698634,0.042430581,0.035422948,0.146454431,0.652503108,-0.309313043,-0.296636424,-0.228671795,-0.121732938,4.254282771,0.069997124,0.028118005,0.031032236,0.113114937,0.468186901,-0.261357314,-0.249031221,-0.178864657,-0.332687561,3.931559833
0.071562691,0.042726881,0.03214803,0.127476443,0.733618345,-0.228830967,-0.227963265,-0.300474516,-0.14174261,5.335989496,0.064939298,0.025229325,0.02902736,0.104963847,0.469416219,-0.266372467,-0.240829278,-0.170025216,-0.391076053,4.141529038
0.070015339,0.029811202,0.036660741,0.118457427,0.658503205,-0.163542208,-0.257710478,-0.231336625,-0.338454389,5.485266421,0.051492041,0.026677453,0.023764192,0.081591319,0.518635732,-0.099084279,-0.188295858,-0.193680902,-0.459439855,4.500835537
0.067873358,0.049377302,0.037546273,0.131667889,0.705125288,-0.309960284,-0.279683522,-0.231410696,-0.225268498,4.919636069,0.058800227,0.026053491,0.024770075,0.09544807,0.486624662,-0.138335047,-0.142203027,-0.188960528,-0.522275593,4.749893931
0.073285051,0.041158177,0.033146428,0.131974453,0.658259835,-0.380622861,-0.309001876,-0.268533787,-0.044177201,4.967172083,0.061064502,0.026532018,0.027045279,0.100985553,0.607264281,-0.133846863,-0.224296946,-0.195193647,-0.478961135,4.747390777
0.068305867,0.039693684,0.041542398,0.118030212,0.463544641,-0.422965361,-0.278746458,-0.219972699,-0.170463178,3.53787586,0.071077853,0.025562227,0.034659321,0.109232578,0.514053863,-0.143837576,-0.233973022,-0.131270956,-0.455785342,4.272919784
0.073834144,0.040663605,0.041303783,0.142131282,0.640173358,-0.240126536,-0.230184244,-0.298239966,-0.205411178,5.128063446,0.064340286,0.028996169,0.028161234,0.107134117,0.467629822,-0.188981434,-0.170109098,-0.220740918,-0.553568937,3.87651474
0.062914036,0.037533347,0.035804343,0.11157006,0.689058291,-0.19783218,-0.212788523,-0.275310748,-0.334955492,4.892920743,0.064335034,0.028360285,0.023759144,0.08875815,0.457733121,-0.273983146,-0.243732673,-0.222917129,-0.301859959,3.975356011
0.054010969,0.034271027,0.031003316,0.097354378,0.825198306,-0.241819593,-0.279810706,-0.237127495,-0.204349739,5.932549446,0.063317703,0.021752362,0.02873001,0.097697558,0.43196938,-0.226010486,-0.207129898,-0.224649383,-0.368465362,4.132942493
0.070098513,0.045584786,0.028227165,0.132022169,0.569987936,-0.197046616,-0.232543672,-0.171722548,-0.434192092,4.608379648,0.063861813,0.033293142,0.028625301,0.106108903,0.500232551,-0.205361757,-0.215651,-0.236325775,-0.379183293,3.940473365
0.063969948,0.031141543,0.036933222,0.111461542,0.636023697,-0.274153775,-0.259177349,-0.24952095,-0.249978423,4.969756093,0.056687538,0.025617866,0.02580448,0.097214879,0.559657892,-0.255426943,-0.2575301,-0.206346429,-0.292502958,4.442346771
0.07346338,0.037794645,0.044147658,0.134165632,0.568925817,-0.211442933,-0.245602673,-0.254097676,-0.345722902,4.632926308,0.062896297,0.025129077,0.029322869,0.103593713,0.556657198,-0.138812337,-0.2051492,-0.17640183,-0.527302199,4.790478273
0.060265572,0.038901652,0.034931102,0.110369717,1.072405661,-0.263046413,-0.218596157,-0.290616863,-0.128019959,7.045933742,0.069039533,0.027830932,0.028201766,0.099574443,0.433081842,-0.079403013,-0.188703338,-0.182284909,-0.579076684,3.683332223
0.06202559,0.035218411,0.033173654,0.110476754,0.653190398,-0.271464383,-0.300563277,-0.2400794,-0.276121215,4.975327014,0.049921469,0.028593711,0.023754722,0.087543505,0.526783799,-0.06318225,-0.153951819,-0.20047104,-0.604028269,4.812876716
0.068744193,0.033409398,0.035855514,0.121565493,0.669826712,-0.226349328,-0.252389844,-0.225921446,-0.247851868,5.067751151,0.065145049,0.028938625,0.035380862,0.097431812,0.446028231,-0.159284718,-0.174036335,-0.21016655,-0.437854413,4.172670715
0.077142364,0.035984012,0.040434036,0.123218104,0.680080066,-0.237943933,-0.20856977,-0.261975334,-0.276961573,5.182446391,0.06185105,0.027249742,0.027729498,0.111213702,0.434596687,-0.108849211,-0.19164064,-0.200255549,-0.491109161,4.073523401
0.066045586,0.039612372,0.03590042,0.124134603,1.199399159,-0.228003287,-0.29939521,-0.288631492,-0.097832978,6.677180468,0.069625902,0.027038494,0.028460359,0.103468187,0.484477896,-0.194860551,-0.224866805,-0.233191643,-0.263226674,4.139533243
0.061634853,0.03151057,0.03719955,0.103537249,0.607014614,-0.284213499,-0.227788655,-0.265326283,-0.240508171,5.074393513,0.06870558,0.028611435,0.02994642,0.112887345,0.529442861,-0.184816895,-0.205525351,-0.22943484,-0.343193799,4.353078561
0.058540073,0.031092629,0.030470368,0.112091194,0.996515023,-0.324462893,-0.303832393,-0.195848508,-0.023499069,7.091145987,0.053297068,0.022648014,0.026367988,0.09611279,0.581097522,-0.124816583,-0.181382575,-0.244006201,-0.439409278,5.237384687
0.069358684,0.042767321,0.035841817,0.1216539,0.935191877,-0.228160395,-0.291460235,-0.222770983,-0.170353362,6.801449148,0.066805632,0.031150638,0.030837468,0.109387152,0.420992816,-0.078807442,-0.207264823,-0.201645899,-0.528141167,3.668484326
0.083042494,0.04261121,0.041452849,0.129022085,0.768833536,-0.254181529,-0.259022404,-0.222923535,-0.335530954,4.884048763,0.05560389,0.026444978,0.025497241,0.087610135,0.538860051,-0.24442563,-0.142015801,-0.221800529,-0.380340565,4.24615919
0.068439943,0.0395784,0.037064489,0.117375688,0.612339128,-0.256987324,-0.227986755,-0.253861784,-0.259773397,4.717214634,0.060406234,0.030651611,0.028785475,0.089924722,0.520108385,-0.140251165,-0.213731404,-0.240586072,-0.486542677,4.345894963
0.084945933,0.038878656,0.043611575,0.140175814,0.657534438,-0.207710119,-0.216904561,-0.237583966,-0.403796446,4.853205013,0.061191087,0.033989247,0.027126426,0.108366225,0.529345076,-0.066330669,-0.169055004,-0.163329904,-0.558648244,4.552120898
0.066901605,0.037597879,0.035791036,0.125132733,0.734358253,-0.187025844,-0.222111344,-0.237442456,-0.274250056,5.092686177,0.066534221,0.030358128,0.028143674,0.109048841,0.425979621,-0.159979372,-0.18922469,-0.201599991,-0.541028251,3.918046292
0.069648807,0.032922952,0.038053766,0.109127618,0.656633792,-0.300733573,-0.293947245,-0.285341551,-0.08971476,4.590887258,0.062995477,0.026277764,0.02880037,0.099183123,0.454173679,-0.162193398,-0.198537154,-0.174499657,-0.480412095,3.819732833
0.063168758,0.037704467,0.033919083,0.11385364,0.664759697,-0.293127694,-0.246817078,-0.250990743,-0.235847646,4.696786215,0.066614618,0.034191816,0.025817711,0.116762187,0.473393037,-0.241072065,-0.197075424,-0.206791065,-0.425373653,3.748139372
0.060875243,0.034741052,0.036801767,0.106815297,0.779762816,-0.196292786,-0.209538084,-0.281690833,-0.262432681,5.705378545,0.05143159,0.02634421,0.031538704,0.089082683,0.565177072,-0.301351074,-0.243580231,-0.27136962,-0.201493892,4.839794496
0.069008175,0.034658464,0.045849343,0.117021292,0.56479653,-0.206652218,-0.239826623,-0.210995945,-0.424593105,4.415722323,0.062948468,0.028125626,0.030281364,0.09757141,0.478906885,-0.077823538,-0.179977086,-0.194304842,-0.522643953,4.252448196
0.068211482,0.03528194,0.041018147,0.11161934,0.757754194,-0.333154625,-0.273267864,-0.264213233,-0.175281399,4.780777912,0.061382365,0.030591228,0.028243639,0.097761428,0.47256224,-0.212498048,-0.232337558,-0.216776996,-0.333805083,4.521448095
0.062814888,0.033124274,0.036848911,0.104659812,0.820026071,-0.155986868,-0.270949568,-0.20784027,-0.338878187,6.063399642,0.058144287,0.025883626,0.023647606,0.093014559,0.568089202,-0.101805929,-0.149840461,-0.197128385,-0.494214744,5.068042549
0.063676116,0.041564094,0.036115928,0.105242045,0.594750939,-0.307987628,-0.245945113,-0.230303763,-0.285210551,4.697262836,0.061076751,0.025871358,0.022691439,0.090107388,0.575661143,-0.16425067,-0.174846133,-0.22755409,-0.409521955,4.730256746
0.078018978,0.038291351,0.039244518,0.137764528,0.648212352,-0.280467962,-0.256726706,-0.272912002,-0.117560689,4.889351997,0.062229284,0.029519986,0.027355618,0.095927933,0.498716366,-0.156934901,-0.20055288,-0.186098978,-0.478387437,4.187885037
0.072151399,0.040394118,0.043030174,0.118816581,0.485654506,-0.182637161,-0.174067241,-0.248370328,-0.381446737,4.096962681,0.06448955,0.028529027,0.031265197,0.103752906,0.517561801,-0.1002053,-0.154522713,-0.22354893,-0.610343384,4.596798477
0.081228766,0.035060528,0.047689597,0.136320969,0.545452901,-0.238640428,-0.193884069,-0.278294544,-0.382167277,4.329212599,0.058159642,0.025786565,0.028454795,0.088974654,0.539382084,-0.084068291,-0.090854523,-0.187182187,-0.632678182,4.715912717
0.069536666,0.030967654,0.033173685,0.116945944,0.660467062,-0.296755752,-0.265866977,-0.226530512,-0.287962897,5.271217959,0.061726121,0.025351914,0.028746108,0.099492775,0.530918113,-0.240560869,-0.202639757,-0.242826892,-0.317643691,4.192757082
0.073382484,0.050542021,0.034926718,0.134984994,0.93736888,-0.24135207,-0.290119757,-0.264128811,-0.21896226,5.647524145,0.061998372,0.026102486,0.02832387,0.099360117,0.460772419,-0.131925914,-0.145675165,-0.251916321,-0.42172222,4.481756165
0.06442725,0.030631279,0.034901387,0.098584874,0.881644412,-0.295792913,-0.289084908,-0.224034664,-0.15070202,5.665020466,0.049895821,0.025215155,0.02370917,0.090060337,0.630711708,-0.144733697,-0.244542419,-0.222887127,-0.367452977,5.720755599
0.072100079,0.033679488,0.04393603,0.138895962,0.720348975,-0.349224283,-0.26848905,-0.306579162,-0.09592486,5.615381731,0.059156658,0.026009863,0.026909371,0.093641271,0.433767722,-0.132413193,-0.178022947,-0.214768942,-0.4940066,4.511946672
0.081519428,0.043855417,0.036949998,0.148244821,0.608094187,-0.314369509,-0.290900451,-0.270388291,-0.176266472,4.001668213,0.059978252,0.023591441,0.028312914,0.096314219,0.456126791,-0.269630509,-0.177952565,-0.223295599,-0.380549575,4.433071188
0.069682246,0.033240744,0.036847344,0.1257201,0.76571291,-0.342439302,-0.291567342,-0.302685892,-0.063318853,5.970773205,0.057634952,0.024747681,0.027530299,0.094201164,0.502975434,-0.122382133,-0.248399403,-0.130639726,-0.583447283,4.707508264
0.059363671,0.028434157,0.035782513,0.099566538,0.874026542,-0.204535261,-0.22794853,-0.255336102,-0.255412012,6.659947965,0.047537478,0.024044099,0.02364287,0.078781994,0.632018771,-0.157773085,-0.161096477,-0.233723288,-0.420693137,5.164675257
0.07207006,0.035200229,0.037345887,0.133114092,1.070705121,-0.366249082,-0.297060815,-0.281308008,-0.054460409,6.904319201,0.066365106,0.027855523,0.026140422,0.098685975,0.54274303,-0.132322261,-0.1952143,-0.214151938,-0.396745512,4.370937136
0.07550041,0.033499383,0.038263338,0.117692533,0.540175522,-0.229695622,-0.190618353,-0.234057509,-0.336808312,4.629912026,0.056015282,0.023631898,0.027315532,0.087707264,0.591128553,-0.160999959,-0.193100533,-0.230543361,-0.427617591,4.440930565
0.070780928,0.036314172,0.034488026,0.121522571,0.765609946,-0.209046157,-0.295895971,-0.207730128,-0.235013115,5.257908005,0.052022805,0.026742674,0.023492905,0.085736832,0.571093535,-0.096021792,-0.233008656,-0.183824137,-0.484884376,5.071107712
0.078289274,0.027600166,0.037957659,0.12408811,0.668854799,-0.153083909,-0.195204195,-0.197096617,-0.508286346,5.410057268,0.055259641,0.022545365,0.024583274,0.086008281,0.651201169,-0.220955249,-0.238677577,-0.192941897,-0.380580041,5.39133282
0.071394093,0.038224971,0.036329102,0.122624379,0.633286469,-0.287639255,-0.275377274,-0.268583609,-0.259619796,4.682220495,0.065465221,0.028496581,0.026834146,0.105191968,0.509505717,-0.146905531,-0.20142184,-0.205704152,-0.381021286,4.851121269
0.061805709,0.034576537,0.037223709,0.122945083,0.943837337,-0.101031906,-0.246955299,-0.260934212,-0.26920485,7.011843876,0.052644159,0.026383806,0.029171498,0.090612858,0.515399529,-0.190321737,-0.179968225,-0.203000073,-0.422935198,4.097118835
0.067259333,0.03878819,0.037530441,0.124053463,0.942430955,-0.358068715,-0.348718419,-0.308049229,0.073814005,5.889710936,0.064567277,0.024319916,0.021632323,0.086936227,0.560478998,-0.155672832,-0.195562791,-0.179410079,-0.421151809,4.388675277
0.06850467,0.035669689,0.040925893,0.127813832,0.502194153,-0.210073294,-0.209488924,-0.219246288,-0.365766093,4.339437243,0.062186143,0.026199617,0.030200594,0.08905749,0.414316774,-0.191493983,-0.215151385,-0.19125266,-0.415779457,3.692761708
0.071032334,0.039004879,0.029373682,0.122689068,0.850835314,-0.279985089,-0.258766235,-0.316074738,-0.140579425,5.814034408,0.059501875,0.023168842,0.02681741,0.102189479,0.565383473,-0.174055394,-0.217381219,-0.18683092,-0.486853867,5.161043666
0.067490584,0.039340921,0.035536144,0.114771487,0.51350765,-0.189648398,-0.231702823,-0.146919171,-0.513965147,4.163745935,0.064527352,0.02518599,0.026113191,0.101424098,0.426739117,-0.209820419,-0.20188651,-0.226203694,-0.378918582,3.919214442
0.069470338,0.032271962,0.032277229,0.126239144,0.769571637,-0.277891534,-0.212412847,-0.266009005,-0.263979604,5.496526327,0.068784114,0.032314166,0.027532777,0.121141986,0.443762962,-0.191332091,-0.14744418,-0.247936141,-0.391989173,3.846506339
0.073832864,0.042951125,0.034299319,0.134761644,0.795758805,-0.204108079,-0.270347831,-0.265662253,-0.210328835,5.705235797,0.063800415,0.02972668,0.02492266,0.09784384,0.481403825,-0.18326016,-0.212514763,-0.168392235,-0.444342977,4.000276596
0.074326101,0.034371276,0.033352524,0.121919552,0.889054847,-0.180902284,-0.271456245,-0.223765152,-0.250260156,6.686797974,0.06332752,0.026890524,0.028102865,0.095207936,0.460432163,-0.158113494,-0.218321393,-0.185809781,-0.457796816,4.244150295
0.067879072,0.036289742,0.028329409,0.115150915,0.674622525,-0.213561007,-0.268367566,-0.238918328,-0.282095365,5.069845945,0.068183966,0.0290358,0.030569709,0.1131333,0.377290291,-0.115069388,-0.144096409,-0.238667344,-0.520442309,3.7353757
0.065916371,0.039545346,0.037596567,0.10438012,0.570958846,-0.226386261,-0.281687164,-0.204093158,-0.374066665,4.074395958,0.063031363,0.02729072,0.028801067,0.098612927,0.582946879,-0.128068145,-0.195049035,-0.166112093,-0.499240516,4.625568982
0.073639761,0.042091086,0.038414452,0.149238031,1.149759418,-0.307732046,-0.292433606,-0.319689196,-0.109482362,5.799212966,0.058191867,0.022577586,0.027316855,0.089710386,0.52313545,-0.164684866,-0.230635438,-0.20306323,-0.4009718,5.045668976
0.062478249,0.039034067,0.030353545,0.11177181,0.73645312,-0.253823339,-0.284839355,-0.236089833,-0.127459258,5.960176927,0.061832607,0.026813775,0.034947696,0.097681517,0.534776293,-0.133186161,-0.196987038,-0.18063964,-0.494616494,4.073563873
0.07910831,0.040410866,0.037292518,0.144407813,0.707448302,-0.137438972,-0.239792369,-0.233132974,-0.391532498,5.718696266,0.054838474,0.027421244,0.025719655,0.090743186,0.629405956,-0.041086631,-0.164790406,-0.147994728,-0.685209447,5.31248371
0.061555845,0.034648997,0.03864915,0.102393983,0.982807355,-0.326566314,-0.271534455,-0.344225576,-0.090889203,5.77962917,0.070142462,0.02407783,0.034648596,0.114030915,0.494772921,-0.14079077,-0.171833056,-0.243777395,-0.477265461,4.434067157
0.063439104,0.027643951,0.035668645,0.099565532,0.778880922,-0.187099103,-0.191603128,-0.277840585,-0.288043547,5.702316773,0.056722839,0.026545811,0.029177313,0.096470498,0.597790766,-0.150341436,-0.145376808,-0.172263886,-0.491589853,5.204497776
0.057364228,0.037348361,0.030549627,0.103784145,0.897021919,-0.271126193,-0.320625537,-0.191973346,-0.177885171,6.844979769,0.061307233,0.023613083,0.026695686,0.097782527,0.545237601,-0.201385008,-0.212930012,-0.210373944,-0.400371278,4.418572236
0.071184999,0.033031501,0.038708747,0.125688667,0.553808253,-0.182698498,-0.268865647,-0.18572864,-0.387614118,4.073243543,0.061241687,0.026798765,0.02395195,0.10655028,0.553485525,-0.070859497,-0.154272436,-0.162169337,-0.689481359,4.954095809
0.068159172,0.043309311,0.044034606,0.123179163,0.578184915,-0.255951811,-0.197793224,-0.269845555,-0.223371047,4.675622207,0.056611973,0.028171924,0.027658377,0.094372633,0.563790509,-0.26305077,-0.230122682,-0.247099322,-0.291352396,4.953014023
0.067932604,0.033111011,0.037073644,0.125859926,0.754804566,-0.123419742,-0.188073867,-0.240965915,-0.367092438,5.634868221,0.063389411,0.028897344,0.028245371,0.104463064,0.388536789,-0.171548966,-0.170206442,-0.183299032,-0.527811487,3.594135217
0.064536769,0.036819411,0.031183182,0.129689741,1.078295661,-0.365619004,-0.342848981,-0.266002472,-0.034268239,6.590420894,0.070736667,0.029628283,0.032433542,0.111698186,0.427183085,-0.12753259,-0.213492745,-0.167473233,-0.527255687,3.86308393
0.071713119,0.036679797,0.034434904,0.123213957,0.785053134,-0.214793377,-0.226152804,-0.293273713,-0.349432951,5.101871424,0.063399255,0.024252545,0.02887038,0.098068197,0.468153099,-0.248232969,-0.196006291,-0.245894288,-0.435018314,4.256245712
0.068137833,0.041362549,0.03313366,0.124986866,0.649582323,-0.304780481,-0.2826374,-0.207982957,-0.16739664,4.48252192,0.057052027,0.029821865,0.026666787,0.104697842,0.61756552,-0.174686309,-0.192998765,-0.244316284,-0.353544213,4.769847323
0.069289718,0.044450142,0.032394203,0.111294524,0.516522292,-0.10165747,-0.132714888,-0.234894404,-0.60197762,4.098897012,0.059742616,0.027624762,0.022715228,0.094953949,0.510448233,-0.204705107,-0.177096861,-0.167605211,-0.468441265,4.99811235
0.062449554,0.034533404,0.032504024,0.103877392,0.841720761,-0.275191239,-0.270833616,-0.249222237,-0.226452209,5.812889419,0.056458629,0.031222276,0.025907344,0.089450327,0.539534727,-0.085416295,-0.169432783,-0.219846566,-0.496996785,4.894332737
0.068192606,0.036456726,0.038987616,0.114264279,0.69364006,-0.174300253,-0.245733284,-0.256152118,-0.346741337,5.441329358,0.050735372,0.026308112,0.024490297,0.088830108,0.698502231,-0.142014186,-0.227325295,-0.207110285,-0.403563105,5.019458245
0.0655142,0.027235774,0.032347523,0.100440036,0.806307965,-0.079999375,-0.219684104,-0.231428267,-0.424315482,6.22076034,0.046861465,0.022870338,0.024643378,0.080672487,0.618216535,-0.091493585,-0.230767563,-0.160336968,-0.582452597,5.724338443
0.063722469,0.027668332,0.035139374,0.113712855,1.165173099,-0.271467914,-0.269759473,-0.338472794,-0.122870295,7.033599305,0.066719965,0.028095076,0.027828171,0.108009347,0.472988507,-0.196627395,-0.251679554,-0.205498304,-0.390008183,4.26354569
0.07320615,0.041049014,0.041523523,0.125713756,0.786974406,-0.283223854,-0.27667974,-0.274691978,-0.154331517,5.074347628,0.061486598,0.027891834,0.023838255,0.090430526,0.529397408,-0.076367555,-0.177557832,-0.157314253,-0.52353819,4.490917782
0.08110875,0.037145922,0.047380358,0.144906942,0.550456676,-0.278573784,-0.26070592,-0.265708033,-0.244804261,4.358108026,0.068822312,0.027865923,0.02788206,0.102663284,0.49275685,-0.240709859,-0.209509717,-0.223743593,-0.334063704,4.11623301
0.073509785,0.039101711,0.039065081,0.135815098,0.479246176,-0.273134868,-0.188490927,-0.242534702,-0.336517898,4.033271119,0.060355981,0.026859506,0.031590176,0.103633337,0.463288769,-0.152320953,-0.198125387,-0.179253017,-0.529663786,4.022790231
0.067581552,0.037000516,0.038669213,0.118213113,0.83368138,-0.241934473,-0.256326297,-0.27268598,-0.253346395,5.593441991,0.061427875,0.027293959,0.02553523,0.092759389,0.47179919,-0.07851366,-0.173852363,-0.22422109,-0.552871917,4.451667313
0.063447566,0.033237863,0.036174572,0.123342527,0.706933666,-0.233488989,-0.216874939,-0.304903479,-0.164100366,5.176793207,0.0657181,0.027898294,0.027862303,0.091505554,0.463603142,-0.146674167,-0.190494742,-0.226117378,-0.406098684,4.443137703
0.059141213,0.037178284,0.03746069,0.113573233,0.892445056,-0.245287164,-0.274386391,-0.258542235,-0.179148837,5.250714144,0.066184794,0.0322857,0.028748106,0.120334215,0.4794136,-0.081087591,-0.162041205,-0.175764329,-0.663650111,3.99341919
0.080904279,0.058040381,0.042592293,0.153443805,0.712024919,-0.298557255,-0.277549344,-0.281241613,-0.114669646,4.563656353,0.043098894,0.026022538,0.024617979,0.081336173,0.757964792,-0.174913637,-0.204335114,-0.221934835,-0.404804184,6.016109634
0.057420063,0.030272531,0.031746897,0.100692378,0.666019563,-0.270549418,-0.256420272,-0.225043513,-0.273045471,4.874687205,0.055342528,0.032945808,0.026723267,0.089892758,0.430919533,-0.082776526,-0.192657496,-0.214579289,-0.533289746,4.49177063
0.067551284,0.034443494,0.031958345,0.123874979,0.687933698,-0.353840517,-0.297838026,-0.235130554,-0.106531897,5.032182743,0.064728181,0.027065973,0.026906741,0.097117063,0.431049518,-0.162913845,-0.20009727,-0.170978568,-0.572263018,3.871513227
0.076807385,0.032754862,0.034589706,0.130625469,0.704213769,-0.103899537,-0.275917062,-0.174572769,-0.493786919,5.481414077,0.05148946,0.027317508,0.024972782,0.075604479,0.553304638,-0.06837955,-0.169814208,-0.204146828,-0.549538581,4.883493929
0.076966951,0.042692054,0.032682858,0.129022292,0.615279835,-0.335103865,-0.317407584,-0.217314743,-0.140346238,4.742741107,0.058859075,0.026269788,0.026948629,0.107057253,0.49379777,-0.131067796,-0.183643862,-0.179190911,-0.413420494,4.439180487
0.078518593,0.037671745,0.042631281,0.125652521,0.66179439,-0.301331411,-0.299999853,-0.215304009,-0.174785947,4.570403575,0.060599992,0.027050373,0.027813829,0.101615715,0.553616525,-0.190531169,-0.170887257,-0.238457655,-0.328874985,4.783099562
0.064949023,0.034978461,0.036211418,0.10685562,0.759080652,-0.364441888,-0.293450966,-0.301047258,-0.107900144,5.617351571,0.068392865,0.029158032,0.031566041,0.104303769,0.402311467,-0.091782482,-0.164657797,-0.177701915,-0.646121489,3.876319848
0.070206134,0.032923819,0.032025413,0.114234715,0.595278531,-0.215224025,-0.206904509,-0.222786416,-0.368844869,4.438280042,0.066947866,0.031614555,0.027896765,0.112821706,0.479199787,-0.209958794,-0.242817281,-0.199942863,-0.363902152,4.08559579
0.069432548,0.038567725,0.037162012,0.11771229,0.67076367,-0.153622277,-0.196922612,-0.171147395,-0.504874215,4.869423972,0.052326951,0.024257777,0.026798438,0.092886384,0.545735045,-0.054547772,-0.17562964,-0.164680689,-0.566933936,5.620908095
0.065987285,0.037003155,0.035277721,0.125733186,0.847467368,-0.193044523,-0.272573187,-0.238488339,-0.228807557,6.389475874,0.059527328,0.028234298,0.02864637,0.098463093,0.415563024,-0.197067496,-0.245925818,-0.183694227,-0.465560201,3.452401305
0.068207832,0.034543325,0.032427893,0.11660937,0.741286544,-0.243218369,-0.26824688,-0.280815567,-0.2811935,5.32028181,0.059506329,0.029564907,0.031400566,0.101528592,0.559153794,-0.146776136,-0.19533175,-0.178295118,-0.542549323,4.430207514
0.078735955,0.042145307,0.044795552,0.144092357,0.629249737,-0.211107643,-0.256796531,-0.257772672,-0.239702399,4.743383694,0.06210033,0.032039147,0.029030671,0.099212769,0.433201319,-0.129795469,-0.198757743,-0.168190722,-0.572597071,4.003083726
0.071951698,0.032802538,0.03692485,0.113109946,0.718874038,-0.234262489,-0.239747416,-0.198118493,-0.31732751,4.922755921,0.056900085,0.025703121,0.028424069,0.096167434,0.531757424,-0.060102779,-0.177808994,-0.201967481,-0.572867687,4.584246592
0.068028236,0.040999626,0.030921014,0.124724233,0.785100056,-0.269999385,-0.261851547,-0.194184478,-0.326608464,5.029224435,0.056009968,0.021673752,0.029290602,0.096998805,0.471150485,-0.124972617,-0.179826013,-0.27599122,-0.498018031,4.290191198
0.064923043,0.026017799,0.038827793,0.107337249,0.730608558,-0.128140657,-0.246652397,-0.222840364,-0.363944991,5.660060695,0.050019011,0.024351537,0.027269934,0.077817578,0.593437368,-0.143548296,-0.198290939,-0.223293159,-0.31878654,5.237371458
0.070211725,0.033153974,0.042858051,0.136209304,0.526158545,-0.242494915,-0.202696546,-0.267467855,-0.287674853,3.843894265,0.059536787,0.025999535,0.025426786,0.092024232,0.575109392,-0.195696713,-0.208610343,-0.25201146,-0.318429884,4.676494272
0.072728527,0.03019866,0.044356133,0.129729503,0.877032272,-0.207671008,-0.263377989,-0.222910058,-0.340485761,5.957168127,0.061416584,0.023821081,0.024034304,0.100728016,0.52753885,-0.126805077,-0.187868693,-0.196221821,-0.466696573,4.761378653
0.060849247,0.035802839,0.038121798,0.116246707,0.744359436,-0.252772838,-0.309620601,-0.246946598,-0.162710916,4.962008754,0.069294395,0.027973699,0.028566421,0.109928178,0.386329178,-0.295359687,-0.217567198,-0.261964432,-0.268803859,3.347051341
0.066484009,0.044291879,0.035636944,0.119116096,0.780252615,-0.219591677,-0.241832017,-0.261787635,-0.28830496,5.612052007,0.06661769,0.024578723,0.02711207,0.102752281,0.532904076,-0.221179303,-0.184288466,-0.209639845,-0.402032793,4.411319528
0.08401793,0.041528675,0.045924659,0.143071318,0.57627892,-0.294968643,-0.281090041,-0.222833572,-0.232988354,4.15730349,0.064030582,0.024728984,0.035093613,0.096882682,0.554745147,-0.233968899,-0.193178613,-0.225054024,-0.357351865,4.327412788
0.065176275,0.046503681,0.043211872,0.131686722,0.898060687,-0.197007173,-0.282200398,-0.271186059,-0.222975686,5.760593942,0.05536177,0.025252475,0.026815574,0.095713106,0.550159165,-0.142269228,-0.200529314,-0.215957871,-0.450204685,4.604583511
0.069112151,0.034484399,0.038357564,0.123940027,0.825706429,-0.214425772,-0.170120635,-0.30519486,-0.278669887,5.442308295,0.055484288,0.027109772,0.025998218,0.085923647,0.482453158,-0.172996926,-0.197602078,-0.227074461,-0.405635618,4.214005445
0.075136577,0.033847809,0.049091439,0.141479366,0.737469709,-0.265210003,-0.268027236,-0.249846717,-0.276501236,4.654533557,0.06194652,0.024597282,0.026662951,0.100502829,0.561417481,-0.144131895,-0.191474598,-0.209832258,-0.558974137,4.337121071
0.072055164,0.038140979,0.033659333,0.116636912,0.773125626,-0.20085357,-0.245155613,-0.221897811,-0.325832292,6.102372631,0.062322947,0.027481118,0.029545528,0.099098031,0.444982373,-0.12559835,-0.180011246,-0.166418972,-0.574056881,4.011757298
0.068634316,0.037925336,0.032467427,0.108321646,0.557570468,-0.271187706,-0.245010991,-0.258044284,-0.185920992,4.179445479,0.063108222,0.028540007,0.027294538,0.103883652,0.463848167,-0.121718458,-0.22521308,-0.152021449,-0.50681463,4.574633525
0.06899708,0.041447181,0.036340877,0.132398811,0.829414549,-0.241725282,-0.223141787,-0.309462179,-0.288772255,5.45318802,0.057249846,0.026099688,0.024864805,0.088035834,0.593606547,-0.079140577,-0.191700402,-0.198807699,-0.556242448,5.093996725
0.067156349,0.036131279,0.036568878,0.111708192,0.658850806,-0.248501749,-0.265067444,-0.206988189,-0.33856567,4.794954981,0.057065018,0.027064579,0.0295515,0.100013388,0.443768119,-0.193549518,-0.166584861,-0.215629754,-0.405254993,4.176853883
0.085557624,0.038595399,0.042259152,0.159169718,0.497300318,-0.333443478,-0.275526085,-0.22452639,-0.238029614,3.720304466,0.06222621,0.025211666,0.029622646,0.105713891,0.459667957,-0.225008426,-0.209886914,-0.21788051,-0.388779747,4.307885181
0.07054873,0.038000085,0.04399669,0.124273011,0.653323125,-0.19141376,-0.195579182,-0.263969419,-0.364399182,4.565361356,0.061520554,0.023798508,0.027081425,0.096212956,0.543389751,-0.088573585,-0.227176146,-0.182828231,-0.512905083,4.902702529
0.062630598,0.034306205,0.034122956,0.110046978,0.862741108,-0.292175119,-0.28708938,-0.296356653,-0.053643999,6.006684287,0.063939023,0.029187809,0.030439729,0.102138617,0.514344147,-0.148864801,-0.191320151,-0.238572797,-0.455470455,4.144344948
0.061356289,0.033801971,0.037137668,0.106625473,0.792690006,-0.122541472,-0.249528728,-0.236528926,-0.342985666,6.327279974,0.053708065,0.025514883,0.025860895,0.083469854,0.607660363,-0.072955307,-0.154358201,-0.200991534,-0.52799562,5.528725459
0.067173464,0.02746507,0.037911309,0.114082804,0.938883637,-0.187089161,-0.196105524,-0.259176898,-0.364335774,5.980261956,0.05273329,0.024080105,0.022623664,0.088780292,0.623293801,-0.061766469,-0.188812846,-0.207651061,-0.531762996,5.977135442
0.067515333,0.034813407,0.03517006,0.119506806,0.637612277,-0.308476163,-0.244649,-0.269593488,-0.160370822,4.867626678,0.055220266,0.026275079,0.02180233,0.091289763,0.612845943,-0.206721439,-0.236234812,-0.221264602,-0.2582638,5.394699541
0.060859204,0.036263603,0.033641398,0.11563199,1.013156896,-0.283315236,-0.333402533,-0.257758652,-0.072476833,7.104192936,0.070149521,0.025899038,0.029436883,0.11300321,0.571272694,-0.082609061,-0.204170965,-0.199233206,-0.53632148,4.877756234
0.077808613,0.042685158,0.031531122,0.129954862,0.797245592,-0.236182113,-0.263120655,-0.251026798,-0.229991616,5.879877409,0.060211438,0.023872407,0.027930049,0.096705802,0.526269691,-0.133608045,-0.189371493,-0.231852938,-0.429505073,4.428551851
0.05998675,0.028599275,0.030794715,0.095147848,0.73750979,-0.17076012,-0.223113039,-0.269352722,-0.332506764,5.259210505,0.060992433,0.028904709,0.025920205,0.105542152,0.513888955,-0.174810002,-0.198341025,-0.253101129,-0.377071315,5.158825937
0.070368685,0.033124285,0.035662444,0.126526564,0.72182685,-0.323986276,-0.268152512,-0.229094188,-0.165611158,5.406665279,0.065788479,0.025928032,0.029145843,0.105324463,0.607599341,-0.084346969,-0.198281054,-0.125776064,-0.612812462,4.553189611
0.066536666,0.031346061,0.036001744,0.113748818,0.845747063,-0.266556048,-0.243517415,-0.30861416,-0.192214964,5.222256214,0.049255883,0.023125405,0.022143637,0.07394346,0.587214923,-0.121289104,-0.194305909,-0.182756675,-0.434839158,5.390613498
0.056632866,0.029474087,0.028953556,0.098836738,0.776043616,-0.23905948,-0.264278848,-0.220849319,-0.193710388,5.681302377,0.074410616,0.026048576,0.032593447,0.123846075,0.489543713,-0.140313486,-0.21522345,-0.225632305,-0.484929294,4.246496934
0.085547078,0.044099432,0.049867683,0.148028814,0.550144665,-0.265999704,-0.266221585,-0.249365735,-0.319381129,3.753778429,0.070695063,0.032879753,0.027931928,0.112691809,0.483962364,-0.136078502,-0.170700096,-0.18508462,-0.511152473,4.001199703
0.069377384,0.036798409,0.040408631,0.133201753,0.608239337,-0.13732812,-0.214121692,-0.190115186,-0.453742561,4.868003725,0.057807658,0.025574455,0.02284136,0.083703264,0.615353403,-0.173268667,-0.2170993,-0.203791148,-0.341857172,5.235226736
0.056947427,0.039347731,0.032855938,0.109067847,0.832249748,-0.249990471,-0.254686621,-0.254069391,-0.256858365,5.604503172,0.062708867,0.024587303,0.029068165,0.11252919,0.473898881,-0.185526217,-0.210296197,-0.202359744,-0.459805598,4.278918756
0.06611901,0.038843576,0.036626918,0.119011477,0.768885027,-0.381175678,-0.263127635,-0.313586995,-0.004723664,5.296247454,0.066661656,0.027268354,0.02633967,0.11045684,0.407198102,-0.166252007,-0.186983443,-0.182050846,-0.540612483,3.55251349
0.070657438,0.034146947,0.042226262,0.127022877,0.60763574,-0.298221407,-0.280390114,-0.251789356,-0.117082971,4.670501917,0.061467857,0.026310761,0.027702811,0.100572493,0.541277137,-0.053119987,-0.175147371,-0.174322007,-0.598556966,4.66629584
0.064383756,0.030098491,0.040408782,0.107364041,0.802696145,-0.302346757,-0.239144473,-0.309181895,-0.177472747,5.760313434,0.058306905,0.028910262,0.028318526,0.094509148,0.461622477,-0.246811136,-0.221008574,-0.185941024,-0.403117207,3.821919285
0.076765012,0.030955798,0.036400914,0.129345519,0.675769811,-0.349201442,-0.230116687,-0.271394666,-0.112067389,5.332722449,0.058653766,0.026436134,0.027916181,0.10193903,0.568769593,-0.11730858,-0.195027817,-0.200493197,-0.528418218,4.558934924
0.072347236,0.035391841,0.047321637,0.122781738,0.61256249,-0.403159938,-0.253801415,-0.283328719,-0.080746526,4.779785109,0.068513276,0.029452561,0.030419796,0.108177475,0.468430534,-0.209113278,-0.175494976,-0.193291404,-0.429707322,3.803644218
0.067643733,0.035031483,0.042128058,0.116653293,0.590463552,-0.355628238,-0.325124865,-0.225816774,-0.065264913,4.351631408,0.059702475,0.025983247,0.025576683,0.09402808,0.569957634,-0.149367541,-0.191883741,-0.216684308,-0.511322246,4.585697415
0.069163766,0.033403751,0.042071025,0.108178445,0.647906193,-0.337451435,-0.239240053,-0.245190593,-0.203945577,4.593751893,0.057799585,0.027302739,0.02528888,0.085913731,0.522942933,-0.211690887,-0.192129877,-0.216689403,-0.35212164,4.7821953
0.078363529,0.043269593,0.035701843,0.137653812,0.66242212,-0.25855236,-0.258791581,-0.220347718,-0.246044075,4.41409317,0.059004071,0.028427615,0.028345784,0.090473768,0.451603454,-0.194981081,-0.16538561,-0.209240847,-0.419065219,4.072579898
0.069430634,0.033885738,0.034178296,0.112520268,0.602471956,-0.225446701,-0.218103434,-0.226393727,-0.38255712,4.772938375,0.066431638,0.028519969,0.026023878,0.101452147,0.5028087,-0.126318973,-0.148111107,-0.189802307,-0.505792736,4.569429654
0.062201189,0.032404768,0.03410519,0.107619613,0.745182661,-0.153373042,-0.245728817,-0.256265898,-0.297541204,5.535959086,0.077984788,0.03532923,0.025740772,0.139099993,0.582282424,-0.151172009,-0.2176128,-0.235422759,-0.414840906,4.604092653
0.067967741,0.034215771,0.032819247,0.119451345,0.620394269,-0.333846281,-0.239791494,-0.26261362,-0.187414644,4.452930295,0.068383287,0.024275478,0.028876215,0.105100441,0.464138551,-0.214407777,-0.226986583,-0.22807538,-0.422502521,3.995351713
0.067476594,0.035112405,0.036601136,0.119888513,0.615865865,-0.263411499,-0.252429658,-0.198539465,-0.221269514,5.047881159,0.066563536,0.032298215,0.029332032,0.114742949,0.429907241,-0.217167993,-0.199744487,-0.197799395,-0.421059524,4.006306441
0.066610538,0.045319365,0.034103382,0.120090929,0.817203692,-0.215596284,-0.291554395,-0.242848283,-0.246357259,5.554198871,0.06592023,0.026593119,0.029968506,0.090822577,0.53877814,-0.144716163,-0.178976968,-0.215373023,-0.531967374,4.142504974
0.06654763,0.04117512,0.039529939,0.114742404,0.707978051,-0.182117858,-0.236253088,-0.199582384,-0.315111876,5.692742187,0.061530978,0.02667269,0.031153847,0.09937519,0.425375969,-0.153873075,-0.197657456,-0.209601383,-0.494728458,3.920512795
0.08609105,0.043045313,0.040538192,0.160685778,0.899410975,-0.361516079,-0.300373208,-0.332601624,0.026458629,6.040749457,0.056572929,0.023974336,0.027330437,0.090304928,0.490946368,-0.083097893,-0.192500852,-0.189208001,-0.529388435,4.603541363
0.087066709,0.036471155,0.040437341,0.157590443,0.973706476,-0.345333474,-0.286961813,-0.331025927,-0.000167254,5.56616087,0.050244625,0.022733516,0.02516263,0.093131532,0.643890466,-0.07895318,-0.228389469,-0.190554711,-0.482883234,5.54004003
0.065540732,0.036916295,0.034185062,0.117744867,0.93304483,-0.236366963,-0.2505828,-0.274014217,-0.179232855,6.467508587,0.064584762,0.026136471,0.030225575,0.098363179,0.49314446,-0.142428155,-0.201424692,-0.175437243,-0.542294858,4.353681689
0.071976564,0.044019707,0.03890262,0.134843365,0.736491651,-0.388885543,-0.376311424,-0.280654328,0.077986954,4.826070076,0.064434463,0.030179979,0.026737462,0.109451011,0.511036614,-0.179438495,-0.193817356,-0.166701083,-0.47523262,4.197840267
0.079799051,0.035663612,0.036676599,0.140517883,0.76140723,-0.147338133,-0.260316885,-0.225068403,-0.315816374,5.363663807,0.063432516,0.033677045,0.031372441,0.108721266,0.432839535,-0.06375054,-0.189526133,-0.153794052,-0.604377187,3.912633274
0.070093223,0.030019463,0.036081676,0.121480488,0.60696484,-0.245245987,-0.183260944,-0.275096528,-0.334995002,4.887204446,0.059469493,0.023739603,0.027831702,0.100875404,0.519324473,-0.05137773,-0.150158429,-0.219687142,-0.571408822,4.474806265
0.062778824,0.033010713,0.036715671,0.110155385,0.562034034,-0.182278362,-0.271794456,-0.174436056,-0.361501294,4.558403969,0.065795202,0.023546644,0.025659593,0.096231528,0.513288752,-0.211434,-0.184824637,-0.216620738,-0.392314144,4.221120827
0.064986344,0.039967872,0.041351322,0.114152355,0.866403242,-0.244836821,-0.229605753,-0.309623911,-0.214040111,6.545595685,0.056208201,0.029171759,0.02337878,0.094629732,0.669005953,-0.152253861,-0.216864006,-0.195812441,-0.421131898,5.384569687
0.062505119,0.030804061,0.03575319,0.119199767,0.94524063,-0.370996061,-0.290124165,-0.315359065,-0.055073027,6.487904361,0.054310469,0.027149471,0.025934816,0.099420931,0.470372661,-0.108170168,-0.215349786,-0.192549071,-0.497170804,4.460565704
0.063545242,0.040259017,0.033487983,0.11297267,0.65444358,-0.234479419,-0.28292944,-0.210928859,-0.299018995,5.2232082,0.07717741,0.031338202,0.031618266,0.129514257,0.390452565,-0.147548741,-0.194316988,-0.167105844,-0.539282417,3.771560811
0.062165532,0.02774295,0.032769158,0.117580992,0.710953469,-0.300391209,-0.255615725,-0.260691058,-0.139631391,5.226171757,0.062240214,0.030202717,0.023440666,0.100816037,0.45555803,-0.15978494,-0.231241055,-0.162704054,-0.529220375,4.19553286
0.065577047,0.034918835,0.035893478,0.106166807,0.807293435,-0.356186433,-0.242153666,-0.247933899,-0.144580841,5.116675952,0.055009777,0.021010244,0.027582335,0.088108679,0.55877579,-0.122335458,-0.182068757,-0.190120134,-0.495570434,5.257088865
0.056592254,0.033293349,0.02841587,0.101968753,0.678909122,-0.231030893,-0.193474189,-0.274326418,-0.21481093,5.249449666,0.069726942,0.031731408,0.028026241,0.103112215,0.431952983,-0.174026195,-0.200971751,-0.225246817,-0.418831274,3.966935278
0.055332807,0.032560008,0.02793305,0.100560182,0.774991527,-0.255642644,-0.210115533,-0.271991006,-0.265383348,6.014818969,0.05959382,0.025017395,0.021888264,0.099843597,0.583130621,-0.110277974,-0.214597237,-0.206244032,-0.434703363,5.322380997
0.070864192,0.037248646,0.040779678,0.127519807,0.73206394,-0.249462355,-0.230182297,-0.306277087,-0.170417325,5.447622057,0.069920845,0.028286063,0.027539095,0.120872062,0.460473196,-0.081836748,-0.196257552,-0.192715979,-0.602140232,4.061322428
0.068807084,0.037497258,0.034405228,0.12562298,0.865411715,-0.267586171,-0.266760892,-0.309993506,-0.114063688,6.236184298,0.067289139,0.027254769,0.029750532,0.10531587,0.443868173,-0.206408146,-0.203910729,-0.201792382,-0.430426958,4.191860749
0.072319804,0.033404223,0.039679698,0.138454786,0.622754179,-0.285224115,-0.261243999,-0.242435831,-0.211599653,4.593129022,0.058197178,0.026289242,0.029606889,0.094741992,0.566890747,-0.157487301,-0.216571626,-0.207977708,-0.388625361,4.462160539
0.071269293,0.036381799,0.046527728,0.126857964,0.58832991,-0.363860974,-0.272081129,-0.26417053,-0.093852207,4.328743898,0.066570192,0.028851345,0.029381943,0.112761464,0.574152018,-0.09551067,-0.194530453,-0.212615052,-0.515081749,4.632903063
0.080094882,0.039704318,0.041219139,0.129248634,0.656623974,-0.403303852,-0.297004839,-0.269780053,-0.070240887,4.856088433,0.066617072,0.034553672,0.028347621,0.116862123,0.461914406,-0.140267227,-0.135172799,-0.248252338,-0.498014265,4.118541805
0.067299473,0.032625298,0.037424621,0.122906704,0.79645977,-0.253050447,-0.270052694,-0.293923316,-0.103521662,5.891134064,0.062370104,0.026494354,0.027698422,0.096981511,0.462513731,-0.198719163,-0.198637735,-0.18906456,-0.416202007,4.179751525
0.058248049,0.034085083,0.034117661,0.111692546,0.703631051,-0.141287345,-0.190150895,-0.243458267,-0.406927968,5.445160183,0.057746431,0.030328087,0.024811772,0.093347108,0.576952612,-0.058546716,-0.222058461,-0.190253348,-0.532030721,5.206777536
0.068629049,0.036327747,0.031806044,0.12159405,0.637750373,-0.241656467,-0.195059989,-0.216299036,-0.313237711,4.851044454,0.064406179,0.028311007,0.034205229,0.108818043,0.475522289,-0.153349783,-0.152055994,-0.182537459,-0.57925637,3.766555971
0.060042704,0.032438311,0.033280235,0.109013953,0.832895086,-0.176394004,-0.275061768,-0.223577852,-0.224561414,6.784846472,0.062463648,0.02772595,0.028916791,0.108184052,0.50260821,-0.128903826,-0.186788672,-0.221202037,-0.425047876,3.902991588
0.063921413,0.032750764,0.031766723,0.111155673,0.631874442,-0.238077161,-0.267990365,-0.219055216,-0.304505421,5.264651154,0.060094793,0.026099549,0.023256819,0.090583753,0.588003023,-0.100285294,-0.20731094,-0.185220625,-0.560077751,5.111960881
0.085334701,0.040109458,0.043556145,0.147089737,0.70086351,-0.272133342,-0.277156321,-0.246244496,-0.268243964,4.517910119,0.061173772,0.030373933,0.023186948,0.106000053,0.484963626,-0.208988961,-0.26259495,-0.205469354,-0.294706692,4.31764388
0.056884956,0.033318305,0.034944797,0.094965024,0.738993117,-0.268728875,-0.272349234,-0.227681913,-0.234424746,5.52235468,0.0596837,0.024797628,0.025782202,0.101272119,0.491526492,-0.156311185,-0.218499387,-0.196719459,-0.395282102,4.215281792
0.058057424,0.034763812,0.030210308,0.115047699,0.780382972,-0.28763156,-0.284230471,-0.248191218,-0.159722685,6.131194103,0.066445497,0.025776983,0.032008169,0.103627175,0.461775724,-0.091473114,-0.196814846,-0.163674471,-0.59019387,3.704304587
0.075970394,0.037759002,0.032681564,0.123359108,0.774267406,-0.280015492,-0.233164031,-0.285243387,-0.217056596,5.077903642,0.059187075,0.02599774,0.029999054,0.092935613,0.528052618,-0.16497242,-0.221882544,-0.224620675,-0.388719699,4.746933403
0.059120909,0.030746329,0.028580219,0.103970088,0.863953812,-0.217343454,-0.249068909,-0.26050233,-0.185333849,6.273431515,0.057628896,0.025960679,0.026061313,0.09475775,0.600102011,-0.088330769,-0.224568009,-0.17777331,-0.551172748,4.836574295
0.076193058,0.037721425,0.037015771,0.128656478,0.518399938,-0.326068584,-0.260896374,-0.247693552,-0.126391754,4.101828438,0.05948208,0.028282319,0.035182984,0.100634541,0.521786762,-0.192765431,-0.229230177,-0.190649943,-0.423480635,4.569889479
0.078926749,0.043642552,0.041432991,0.137769389,0.489203495,-0.322644347,-0.281709854,-0.180672278,-0.269300093,3.547233025,0.06168313,0.025438766,0.030063965,0.101619491,0.496771375,-0.22407227,-0.178982981,-0.258648578,-0.400364067,4.52747218
0.077091759,0.032663174,0.042519043,0.12512775,0.742614927,-0.377069918,-0.306313044,-0.225615875,-0.129605998,4.623651065,0.07535057,0.025108634,0.031452444,0.12636822,0.526069419,-0.079731572,-0.192699895,-0.177552156,-0.570623489,4.466044321
0.065282252,0.043512394,0.028231046,0.121417843,0.696701382,-0.119552731,-0.222491785,-0.157479185,-0.537708779,5.301969547,0.060800091,0.028734702,0.025787791,0.095184129,0.516008977,-0.231607809,-0.181515072,-0.234895539,-0.404569705,3.995430079
0.065946958,0.03646185,0.031373436,0.121008148,0.823601823,-0.316595019,-0.274601046,-0.27840187,-0.175200466,5.315075778,0.049068006,0.023526628,0.024814643,0.079025876,0.63462837,0.071034357,-0.125160973,-0.148319456,-0.712993479,5.905714851
0.062176107,0.034593462,0.035526039,0.110844777,0.925726135,-0.212260524,-0.310171261,-0.251510792,-0.21892068,6.205836054,0.054144654,0.027844194,0.021878359,0.08432588,0.624594195,-0.070207877,-0.161255531,-0.155338571,-0.662585411,5.37450185
0.064242011,0.032797586,0.03771835,0.116308082,0.784969498,-0.283007967,-0.218464315,-0.331353365,-0.173812942,6.021126068,0.061038346,0.027388776,0.027898817,0.100750169,0.653290282,-0.109382711,-0.161762892,-0.214776443,-0.558647332,4.754757948
0.065215963,0.033673956,0.03259877,0.100764965,0.784299484,-0.184339017,-0.233963466,-0.269356111,-0.318603615,4.957175115,0.063779906,0.023200877,0.027164566,0.10017325,0.611847405,-0.116609475,-0.225166728,-0.182339113,-0.448475907,5.350349055
0.06731993,0.035159166,0.038072722,0.120190062,0.632387017,-0.187727609,-0.209224763,-0.242854535,-0.429105821,4.986735951,0.059857406,0.023505106,0.027216673,0.101151348,0.591383282,-0.173196914,-0.19234564,-0.214319439,-0.459310156,4.554154825
0.060790994,0.040942753,0.036683905,0.128764834,1.068280638,-0.388784814,-0.293445003,-0.346310152,0.113708312,6.730184021,0.057254176,0.027638325,0.02886653,0.100354845,0.485603353,-0.096748758,-0.163177965,-0.187378372,-0.486565645,4.343261078
0.065940788,0.036494814,0.031004431,0.102571767,0.787988367,-0.333314503,-0.261332963,-0.265582136,-0.088131242,5.544069506,0.054530713,0.031387312,0.029824671,0.099279907,0.571935971,-0.293806034,-0.241403976,-0.238172025,-0.254489035,4.603072619
0.077245518,0.044960748,0.043883477,0.142676167,0.615560613,-0.434878099,-0.303324135,-0.309704795,0.009007936,4.333809663,0.071070335,0.029833751,0.028541801,0.115648364,0.497360922,-0.094833499,-0.209682387,-0.13106902,-0.593506751,3.975043944
0.064263519,0.036766802,0.036415295,0.123177572,0.734902347,-0.162546924,-0.276105868,-0.208183748,-0.339359247,5.966239159,0.066264147,0.031010218,0.024864241,0.102771301,0.482577767,-0.145569688,-0.213223899,-0.176451215,-0.558606055,4.016513099
0.06780842,0.033284782,0.039177884,0.105798415,0.595124962,-0.139549509,-0.183472024,-0.251124562,-0.343131195,5.29563736,0.061890788,0.030381899,0.029926194,0.102961116,0.484709718,-0.128562387,-0.168372614,-0.19710993,-0.475350759,4.016958679
0.064580369,0.043968109,0.035405755,0.114525528,0.678885985,-0.236338961,-0.264018446,-0.238180041,-0.343390932,4.744053561,0.053020446,0.024754261,0.024910843,0.085666534,0.514829878,-0.102992908,-0.160341635,-0.162160087,-0.581896736,4.655310131
0.082245666,0.03572767,0.036783708,0.145938058,0.836494999,-0.267446589,-0.239507128,-0.26325756,-0.197286027,5.539231771,0.061537135,0.02674787,0.027266493,0.096486633,0.515216725,-0.262773934,-0.218490677,-0.207551,-0.331965521,4.816177578
0.07937458,0.03523997,0.03749747,0.141157011,0.564356231,-0.129548517,-0.225662238,-0.181702813,-0.494060287,4.495820588,0.076727034,0.032176605,0.036852678,0.135812383,0.651409911,-0.263885361,-0.218034042,-0.276957144,-0.210987486,4.161764282
0.056166962,0.031763855,0.037590807,0.110383088,1.038456494,-0.313266924,-0.243192124,-0.31358823,-0.063961369,6.597574072,0.069563658,0.030868483,0.030392907,0.114938808,0.46713167,-0.13215716,-0.1565117,-0.197996765,-0.518736918,4.455880398
0.065533889,0.030100717,0.036797645,0.117275905,0.919235026,-0.237109248,-0.247748551,-0.25185574,-0.250627283,5.83596232,0.068197371,0.029514252,0.031458544,0.113274912,0.395467506,-0.103864498,-0.185879118,-0.184935945,-0.596780802,3.765383852
0.069228111,0.040416536,0.034167855,0.121397798,0.949722998,-0.318864261,-0.331760862,-0.269624233,-0.128454099,6.089086089,0.064456859,0.028241841,0.029169872,0.098835645,0.427027423,-0.251291152,-0.213759201,-0.211494202,-0.397066988,3.653702857
0.073660671,0.036054505,0.039207567,0.132878214,0.872711834,-0.298582107,-0.28039948,-0.288737992,-0.107546028,6.141523532,0.065051581,0.030413704,0.027933194,0.108331886,0.555227283,-0.202140645,-0.210770543,-0.21057134,-0.42637701,4.726391651
0.06575447,0.032808204,0.035084414,0.113249895,0.850154534,-0.241517058,-0.258118459,-0.254325851,-0.26059593,5.702956804,0.06050503,0.028973921,0.028836943,0.099522482,0.540643841,-0.239082647,-0.216407273,-0.202977079,-0.323753113,4.654066438
0.066596061,0.031661288,0.029466492,0.107427779,0.613140802,-0.153505396,-0.211227701,-0.213277083,-0.3708659,5.024188367,0.059709988,0.027966826,0.027654816,0.096969682,0.475865131,-0.148316469,-0.244326991,-0.209144066,-0.487987784,4.142985721
0.063074066,0.034884905,0.039017846,0.103575925,0.703592399,-0.247824691,-0.230247842,-0.282998053,-0.219887205,5.72474253,0.076688201,0.029256199,0.037772662,0.135275841,0.567457152,-0.197526835,-0.238775858,-0.263347228,-0.310157875,4.54539281
0.060269644,0.036740083,0.035312822,0.125175558,0.925338567,-0.261677972,-0.315842117,-0.253515068,-0.065430457,6.456440953,0.060033004,0.025769807,0.02569912,0.096601765,0.673827331,-0.225602899,-0.204583494,-0.226101988,-0.380497855,5.70764047
0.07437142,0.035226678,0.037646941,0.134116635,0.732378948,-0.262304634,-0.255676915,-0.276306838,-0.238996026,4.740341998,0.064467501,0.028728141,0.024900898,0.082170531,0.442995746,-0.28377645,-0.189603953,-0.228656672,-0.284500238,3.598761868
0.076856614,0.038986792,0.040265231,0.153823145,0.505236544,-0.08666653,-0.223251901,-0.178135033,-0.570233124,4.537058817,0.066209887,0.030643826,0.025310487,0.106878768,0.479632862,-0.183925527,-0.170352117,-0.24525797,-0.390125245,4.028967412
0.080152164,0.036015306,0.046247916,0.137741176,0.599502282,-0.309440602,-0.251114919,-0.249109224,-0.111940767,4.814317799,0.062516867,0.028450435,0.02540998,0.094088629,0.495753835,-0.124920675,-0.17512816,-0.243185794,-0.465025493,4.140702764
0.075159991,0.04181759,0.039246167,0.13370335,0.810874272,-0.384665037,-0.323497305,-0.253226877,-0.019756572,5.118682415,0.067608157,0.031081936,0.029661739,0.11079979,0.50777937,-0.110889202,-0.160747182,-0.176952436,-0.661510985,3.834469137
0.064126861,0.03287707,0.036550763,0.113797054,0.754870303,-0.220009236,-0.234652998,-0.221078454,-0.336798832,5.400330936,0.065109463,0.027715374,0.029717729,0.095566757,0.578958962,-0.208149259,-0.213637362,-0.202203296,-0.450136529,4.6434698
0.076199644,0.043515316,0.044790961,0.138923859,0.616785215,-0.247545248,-0.253452337,-0.188025963,-0.393914293,4.349231841,0.06259721,0.024938257,0.029205813,0.096764522,0.524884803,-0.182423739,-0.188601153,-0.220034175,-0.401384832,4.426718423
0.067775759,0.038935856,0.035643147,0.116373458,0.654348867,-0.24747398,-0.280861044,-0.15452757,-0.288552481,4.850405042,0.061898812,0.028755626,0.029042357,0.091438423,0.506128905,-0.070141137,-0.153734917,-0.183330836,-0.522780731,4.309796444
0.058930207,0.033051094,0.028182649,0.097554127,0.845306135,-0.153869017,-0.223803635,-0.212645086,-0.459157846,6.92495006,0.064651855,0.025145788,0.028620105,0.107974989,0.471748466,-0.160893808,-0.206172385,-0.170845248,-0.533215479,3.905863617
0.061406922,0.033741509,0.035688816,0.105380079,0.54137384,-0.0876576,-0.17314649,-0.223241123,-0.560207692,4.49254264,0.060371824,0.028750625,0.027671917,0.088650134,0.459184877,-0.21295042,-0.203835015,-0.23105838,-0.388977923,3.564510499
0.07138543,0.036710193,0.0314431,0.121375281,1.028258552,-0.298256172,-0.301004952,-0.328869944,-0.035257207,6.667704171,0.055369227,0.027104677,0.02379681,0.095932229,0.519068071,0.007259571,-0.203406307,-0.124441227,-0.661326785,4.630353712
0.057373635,0.028444779,0.039231803,0.119896759,0.67607571,-0.133202551,-0.224494692,-0.216073738,-0.422015599,5.613534724,0.051664915,0.025496488,0.026561259,0.087592052,0.572469574,-0.171779499,-0.179938625,-0.234370648,-0.388737566,4.66869906
0.081008953,0.04127643,0.03989006,0.139382991,0.594068194,-0.192078254,-0.284191392,-0.199064239,-0.310334072,4.495932744,0.053397759,0.025832513,0.024099197,0.085444632,0.539991077,-0.097971577,-0.213869787,-0.208398323,-0.441953819,4.888404381
0.063866479,0.03089677,0.032859122,0.123621953,0.967283548,-0.161559486,-0.285029708,-0.205398578,-0.290723533,6.204089401,0.05709212,0.024451579,0.025796043,0.094836148,0.526872652,-0.104549443,-0.173904433,-0.224016026,-0.462481237,4.789616396
0.06484148,0.032093411,0.034406777,0.125556491,0.566019584,-0.253419032,-0.223439845,-0.197628343,-0.290607911,4.244400965,0.061548655,0.030193472,0.022285701,0.106123334,0.57385123,-0.040400953,-0.127260526,-0.180876055,-0.633871317,4.888498583
0.075456463,0.038986196,0.038868784,0.143213076,0.619509697,-0.311423795,-0.30479066,-0.252577531,-0.154388404,5.136240956,0.063174958,0.027199699,0.029785961,0.094632494,0.494989488,-0.064924013,-0.196325285,-0.176846394,-0.535837143,3.98608238
0.063296266,0.02937136,0.035124343,0.106112515,0.727800503,-0.226753614,-0.252525978,-0.225012202,-0.217457883,6.211135183,0.062555545,0.025297889,0.029837581,0.097569672,0.522602819,-0.206601475,-0.222960058,-0.205108581,-0.362262368,4.511707208
0.064035128,0.03247563,0.037454285,0.109675924,0.847871792,-0.247710963,-0.297690655,-0.28191837,-0.141806021,6.315458616,0.053039027,0.026012203,0.024000184,0.08506469,0.562043625,-0.174082078,-0.231316726,-0.153113001,-0.390947438,5.412378354
0.063131895,0.032659854,0.040712888,0.114416598,0.729653887,-0.143997743,-0.207434378,-0.228650752,-0.388795665,6.449149264,0.065538346,0.027640888,0.026199518,0.097352094,0.43725188,-0.093468706,-0.213508339,-0.16366072,-0.539189358,3.877227388
0.056595672,0.034758398,0.034310044,0.105544425,0.940028201,-0.233078403,-0.278705371,-0.240234023,-0.25268402,6.065043956,0.056599578,0.026901806,0.023002862,0.092823003,0.534030832,-0.091171859,-0.18832636,-0.152261092,-0.576760086,4.638990161
0.071248293,0.034268935,0.03700177,0.125547971,0.790741588,-0.312989734,-0.204558323,-0.330722049,-0.138497139,5.231633572,0.061270162,0.032777791,0.027598746,0.090287982,0.480543754,-0.198311092,-0.146750873,-0.223779409,-0.465520046,3.998066154
0.085905999,0.039775864,0.043932501,0.151287708,0.600463692,-0.322208858,-0.255540716,-0.252583604,-0.173264494,4.117116514,0.053691344,0.022878912,0.024263779,0.087576616,0.605088382,-0.127217025,-0.21654752,-0.206906905,-0.375424791,5.39557753
0.081432607,0.041135834,0.039071551,0.13276786,0.771100816,-0.381234976,-0.294333146,-0.262500837,-0.137930722,4.822506345,0.061782708,0.027478176,0.026824781,0.101689062,0.49659066,-0.156091651,-0.211914117,-0.198078244,-0.515799564,4.084120803
0.071815051,0.037561633,0.034729319,0.122360962,0.754883582,-0.076514248,-0.200527197,-0.221033932,-0.502866507,5.347929328,0.058835915,0.027347055,0.02263279,0.088910765,0.622091748,-0.1213207,-0.223378036,-0.209709648,-0.462557702,5.225654616
0.085523329,0.03315571,0.045404638,0.161997927,0.665814457,-0.310614712,-0.274517305,-0.26999138,-0.187190176,4.688009198,0.064347782,0.030499421,0.023975825,0.096519235,0.543987788,-0.068027845,-0.122586638,-0.222659866,-0.596548638,4.338300637
0.07139318,0.038910846,0.040255368,0.133362417,0.55820782,-0.307674084,-0.253044716,-0.248830081,-0.260015144,3.922068986,0.065977296,0.028137809,0.029474741,0.099796103,0.465503909,-0.197495848,-0.245173492,-0.175640185,-0.411194058,4.149445662
0.074353997,0.042019692,0.035890174,0.128276778,0.761996561,-0.29616181,-0.28858752,-0.241323988,-0.129081205,5.487080747,0.062636478,0.032552471,0.030678349,0.106886173,0.489317105,-0.225428603,-0.155928511,-0.189531864,-0.549400733,4.23008268
0.071989294,0.041419494,0.032840752,0.130920319,0.702100509,-0.326793883,-0.266459848,-0.305484764,-0.098129495,4.199910952,0.062686975,0.029615535,0.027552677,0.10939932,0.437710991,-0.300187606,-0.246804017,-0.210767391,-0.229022847,4.082828426
0.080497514,0.045465482,0.044699877,0.164563643,0.661134571,-0.353766732,-0.286806299,-0.303570951,-0.030308455,4.420162348,0.058079038,0.024742723,0.025928539,0.087318297,0.466580785,-0.093527715,-0.195374833,-0.197288903,-0.586400661,4.370294763
0.074087939,0.038775141,0.036124585,0.116280128,0.668603107,-0.185452888,-0.231524025,-0.219966038,-0.414794977,5.253076066,0.052817496,0.028323267,0.02595613,0.088159576,0.55848826,-0.084833473,-0.172874205,-0.214390189,-0.601686494,4.563373158
0.079431788,0.041322849,0.037485883,0.149186679,0.806836868,-0.328569253,-0.258177643,-0.289993515,0.018783764,6.300339691,0.057674017,0.028410322,0.022852349,0.089225775,0.535406132,-0.102342032,-0.171781581,-0.190664434,-0.555580305,4.605217368
0.067823147,0.028523339,0.038401019,0.109067557,0.74203966,-0.233241074,-0.192146586,-0.28312483,-0.270599377,5.272712908,0.065650056,0.028383111,0.028848424,0.107487608,0.441373974,-0.187744295,-0.19790661,-0.22698865,-0.397900409,3.939679278
0.06976112,0.034239163,0.032118695,0.121969879,0.904228026,-0.317050271,-0.326734157,-0.261549367,-0.123687384,5.851913317,0.078380185,0.030996194,0.035642933,0.126175701,0.37053934,-0.161455609,-0.145997736,-0.176275378,-0.540481117,3.366486206
0.056818858,0.041914123,0.030113768,0.10036589,0.746844844,-0.299819015,-0.251952133,-0.228564534,-0.235809029,5.209764361,0.065167622,0.028976986,0.028510072,0.095348961,0.500321343,-0.087662175,-0.194187311,-0.124763434,-0.610964417,4.071304631
0.074176641,0.037130807,0.036238654,0.11543191,0.611618213,-0.2411414,-0.246192103,-0.192753488,-0.310631891,4.522363884,0.052633107,0.027660116,0.02605046,0.082646099,0.596556681,-0.092806417,-0.15563057,-0.222475245,-0.502876811,5.121008741
0.073933469,0.043087776,0.039597331,0.137531704,0.586005774,-0.218624274,-0.247873937,-0.277987862,-0.225269916,4.781324983,0.050882216,0.02221253,0.024864148,0.081452612,0.574843399,-0.148285879,-0.196603749,-0.171003929,-0.552106548,5.603091568
0.076504667,0.037492721,0.044095638,0.132458523,0.675682641,-0.274844337,-0.233303244,-0.297782533,-0.180433385,4.568341128,0.065523577,0.032152063,0.031575532,0.096219421,0.413491698,-0.170908228,-0.203905828,-0.155325419,-0.517665602,3.551367925
0.07570387,0.036194621,0.037906425,0.131244978,0.776838393,-0.111537341,-0.174025675,-0.234286741,-0.454401885,5.663914423,0.078065281,0.0338726,0.034681573,0.12044185,0.480418941,-0.20602309,-0.175886409,-0.210476398,-0.407746551,3.976280463
0.051214889,0.036093465,0.031029657,0.09692796,0.727013237,-0.203948538,-0.290980295,-0.171827809,-0.301454783,5.654632485,0.057666454,0.022661171,0.023909212,0.078819405,0.715075038,-0.196375402,-0.203408524,-0.205376805,-0.354676682,5.280438748
0.066331155,0.031963722,0.042265314,0.118452739,0.70882428,-0.305859723,-0.272097538,-0.270280538,-0.08275675,5.327603612,0.054771991,0.023773064,0.025296837,0.081134312,0.561410027,-0.060501085,-0.132829746,-0.211846633,-0.547223485,5.355987473
0.084031934,0.047110949,0.034511906,0.155584396,0.568568917,-0.220783883,-0.216290571,-0.262736553,-0.306056981,4.260370619,0.064732585,0.02548009,0.028466764,0.098182405,0.445260899,-0.195699045,-0.176579944,-0.211015628,-0.519646024,3.913275221
0.070547076,0.037576601,0.035033795,0.128344314,0.82188817,-0.263826725,-0.271548921,-0.238445993,-0.156584869,4.948237552,0.066349259,0.028130141,0.023679752,0.107232625,0.579609171,-0.154232747,-0.216017384,-0.195554052,-0.388787991,5.009957276
0.066732895,0.024935062,0.037241553,0.118652899,1.076763926,-0.229312888,-0.262980491,-0.22089995,-0.260043906,7.414466986,0.072110668,0.027012331,0.028383025,0.118382239,0.518535059,-0.27133184,-0.165994451,-0.21688084,-0.369791673,4.421960725
0.074844852,0.039995123,0.03675305,0.137113808,0.721224135,-0.279595756,-0.255206828,-0.287231593,-0.135271817,4.826233316,0.054088649,0.027890369,0.026149642,0.091587864,0.527798251,-0.157981939,-0.223395892,-0.196440143,-0.477040591,4.956719375
0.065567972,0.032294782,0.031648953,0.105580311,0.731396934,-0.259465896,-0.307385696,-0.234309974,-0.130911501,5.277901754,0.057231632,0.023947597,0.023593705,0.08841806,0.721398849,-0.217823204,-0.202986073,-0.208221584,-0.376401375,5.301937912
0.078880059,0.043837999,0.03985636,0.143892468,0.529268929,-0.297101235,-0.237594952,-0.284317945,-0.266916836,3.918734831,0.060282733,0.024418184,0.023700215,0.090345314,0.60292062,-0.058352073,-0.151900707,-0.175213157,-0.60324794,5.191469807
0.068169796,0.033912489,0.034956658,0.120607784,0.734465946,-0.15711475,-0.216078916,-0.269038151,-0.29927838,5.192818947,0.062623909,0.026390873,0.029894098,0.105334072,0.439328894,-0.244304885,-0.213888927,-0.237977659,-0.416088784,4.015473372
0.06667545,0.031981235,0.034505921,0.124108885,0.954316276,-0.17425539,-0.267219474,-0.196171733,-0.387750125,6.705103257,0.06350011,0.029971266,0.027457869,0.098705576,0.477032859,-0.233045314,-0.230408537,-0.203259973,-0.355825484,4.023637468
0.075283744,0.044124901,0.033984194,0.143315857,0.510999329,-0.150137443,-0.24541194,-0.181824083,-0.443229285,4.118573803,0.062716363,0.026005764,0.025958839,0.112383136,0.579426897,-0.134047556,-0.190572274,-0.198982855,-0.472907193,4.675422667
0.063266787,0.029767336,0.035898087,0.093861279,0.654539878,-0.346354176,-0.24553333,-0.314549161,-0.13680624,4.804456242,0.057094395,0.027001646,0.026984754,0.096110336,0.500560945,-0.112813272,-0.212824275,-0.184142323,-0.494236925,4.546872121
0.072282626,0.030270851,0.03358966,0.126004482,0.605775868,-0.233213741,-0.186753581,-0.273538201,-0.328820946,4.644146817,0.059975301,0.026977107,0.025637349,0.098113168,0.509812436,-0.264691667,-0.243140647,-0.209826781,-0.223573904,4.839319366
0.063916514,0.036677659,0.035674089,0.125407663,0.931876092,-0.245834019,-0.265450876,-0.277111906,-0.142168728,6.680551425,0.061248998,0.02534882,0.025019756,0.095421374,0.497305507,-0.181541025,-0.230203221,-0.181353472,-0.409616898,4.378011961
0.058306875,0.031638401,0.029229516,0.100901473,1.05689558,-0.30970482,-0.255617988,-0.317694791,-0.101436202,7.848794387,0.056498539,0.029534093,0.025883407,0.08944705,0.579740547,-0.221921463,-0.169908629,-0.245974511,-0.303887378,4.664698611
0.070030181,0.041785773,0.041584333,0.11613651,0.576352995,-0.253515626,-0.291893221,-0.136383137,-0.335006468,4.111954881,0.052849488,0.027434789,0.026079753,0.090249507,0.526590826,-0.176401752,-0.197660718,-0.210758051,-0.432369213,4.642218582
0.062507185,0.031923217,0.030499928,0.121821803,0.961426824,-0.33746899,-0.269779527,-0.262799306,-0.112275659,7.165901857,0.055583592,0.022842081,0.023508003,0.099068357,0.62116569,-0.187261436,-0.19591855,-0.215971567,-0.308604509,5.218658294
0.079707792,0.036622077,0.039695907,0.139854432,0.610741585,-0.488451414,-0.330445243,-0.374022437,0.157849187,5.156334237,0.064284121,0.026805348,0.027199998,0.092287471,0.482955999,-0.032194834,-0.128238423,-0.200880732,-0.689578422,4.210475421
0.0694238,0.036508158,0.029158608,0.114712707,1.006277019,-0.19277452,-0.276960768,-0.237547484,-0.320469136,6.677371015,0.063853846,0.0291106,0.026339195,0.103862046,0.412704263,-0.156105506,-0.188214347,-0.204389,-0.50636074,4.033426874
0.065762086,0.037263515,0.029787891,0.121835476,0.512397354,-0.2546657,-0.20463567,-0.257077332,-0.33484433,4.354244806,0.074759882,0.031648343,0.030910869,0.118848235,0.474974334,-0.059815745,-0.133445611,-0.164917863,-0.635216978,3.970026391
0.064527943,0.036733197,0.035877549,0.107957447,0.540193841,-0.214503261,-0.177803549,-0.278476155,-0.297221295,5.144132489,0.05560517,0.027232225,0.024259567,0.082897156,0.606450942,-0.088232548,-0.163752905,-0.195575296,-0.529094573,5.174728766
0.076617749,0.037218318,0.051960542,0.148420956,1.153236187,-0.386108748,-0.334856532,-0.297837829,-0.006668609,5.725053336,0.050285036,0.022053499,0.023905293,0.084595433,0.660970291,-0.128086635,-0.200610846,-0.217856335,-0.483925482,6.090640017
0.067015915,0.03808825,0.04615088,0.122816289,0.749490568,-0.220542182,-0.282537982,-0.234830161,-0.330721026,5.104870758,0.057656275,0.023983687,0.021817978,0.08775669,0.495332011,-0.116426827,-0.178375075,-0.238859001,-0.526401556,4.519813392
0.061879097,0.048942268,0.03609656,0.111489076,0.726934984,-0.285948988,-0.262687764,-0.266837957,-0.189751681,5.037746534,0.05429697,0.029168853,0.026627766,0.096207526,0.490589602,-0.056675207,-0.187805201,-0.199291905,-0.550421457,4.58607468
0.074509091,0.03625632,0.033763881,0.129208134,0.991299717,-0.289402217,-0.244464956,-0.301771107,-0.200078359,6.180640926,0.053777285,0.028234393,0.021116181,0.090587984,0.559592338,-0.081197863,-0.209254945,-0.228686052,-0.486439705,5.389049916
0.068457677,0.036658376,0.03354028,0.119371362,0.622945639,-0.322491861,-0.245582421,-0.217242376,-0.193225646,4.776499559,0.062811055,0.02533461,0.026259017,0.096258437,0.52338387,-0.236393373,-0.199987983,-0.230013314,-0.349391287,4.41022606
0.096178444,0.041397452,0.046803313,0.175821447,0.557326617,-0.184435753,-0.245647249,-0.220372758,-0.32440718,4.559602024,0.059707636,0.026716221,0.026160157,0.096251315,0.674768053,-0.164790865,-0.210861037,-0.138273968,-0.50005586,5.340468702
0.074532444,0.033899595,0.03339709,0.12575365,0.603599815,-0.252508763,-0.23033929,-0.228982221,-0.251494758,4.385128847,0.062359215,0.030896689,0.026433941,0.09512892,0.481825584,-0.300252154,-0.221342023,-0.274171825,-0.321811262,4.184232923
0.079494533,0.036598388,0.03160381,0.126226072,0.625178045,-0.203261894,-0.203720646,-0.252231819,-0.357240418,4.56026852,0.060984174,0.02800667,0.033397316,0.090289505,0.437082958,-0.218101997,-0.183909699,-0.252260022,-0.388146436,4.044187745
0.069061287,0.03158286,0.038758728,0.120055767,0.625793779,-0.376141488,-0.232494522,-0.352842875,-0.097400943,4.979107892,0.059238437,0.02873658,0.027292183,0.107996708,0.473434728,-0.14398913,-0.199838309,-0.148720314,-0.50320896,4.099186973
0.059480505,0.031884627,0.033028221,0.102022257,0.654147587,-0.25803052,-0.267756824,-0.228567594,-0.279647652,4.905611795,0.061579163,0.027543201,0.025510624,0.091772746,0.487735364,-0.09123202,-0.190632566,-0.20048166,-0.58231867,4.554100442
0.061095288,0.035042234,0.035116898,0.106549783,0.862653239,-0.258269614,-0.248779442,-0.273839297,-0.125073267,6.541980681,0.059863316,0.024318738,0.023685315,0.088469436,0.499416698,-0.146774032,-0.203712048,-0.174719104,-0.437349526,4.205667536
0.068653671,0.038481761,0.038386878,0.123717016,0.635689482,-0.291531713,-0.288727021,-0.207000447,-0.254187362,4.705206803,0.077855276,0.02949199,0.034901364,0.124485771,0.436815229,-0.209552703,-0.223125365,-0.214198403,-0.413762626,3.540675545
0.047602338,0.032825542,0.027025186,0.081858014,1.021589101,-0.182377872,-0.268198324,-0.231246508,-0.31959625,7.461793052,0.060206187,0.026753104,0.027960685,0.09290295,0.526470491,-0.173343082,-0.179785839,-0.185307422,-0.408994691,4.591249901
0.059338343,0.033185675,0.040075943,0.102641783,0.971703562,-0.155177142,-0.235420365,-0.240887272,-0.362368114,6.538794422,0.05945171,0.024492717,0.027248974,0.102560483,0.503957069,-0.046086595,-0.138721846,-0.203301664,-0.672932383,4.832642931
0.07963221,0.036762359,0.043854371,0.153627118,0.722747624,-0.311097381,-0.265779294,-0.292986519,-0.14960045,4.842149705,0.060208529,0.022170647,0.029043842,0.099800356,0.527731575,-0.07872697,-0.148207608,-0.223317327,-0.570619032,4.193081558
0.072828549,0.041359227,0.034898918,0.118500725,0.503275623,-0.224548087,-0.190330633,-0.236378804,-0.40134221,3.778902735,0.058142277,0.028270394,0.029820356,0.094234969,0.468818559,-0.273347073,-0.23242365,-0.222422611,-0.3205679,3.891275308
0.064940038,0.033676713,0.03146597,0.104743294,0.613509664,-0.279486142,-0.310745185,-0.185652864,-0.331959311,4.746347336,0.069221103,0.033491267,0.028198146,0.111075849,0.533973595,0.002734989,-0.191791545,-0.172608243,-0.665641855,4.354686354
0.065906818,0.032983915,0.030632831,0.113833166,0.490940499,-0.320082433,-0.228096832,-0.23094933,-0.229525846,4.150462871,0.068558375,0.030631418,0.029723172,0.119491545,0.483906981,-0.117980446,-0.146815265,-0.215721404,-0.534252767,4.129440836
0.066844206,0.031336953,0.040943938,0.122739944,0.67565652,-0.114445884,-0.184206616,-0.256239702,-0.448243903,5.889743543,0.067309894,0.030267872,0.030264841,0.102989287,0.485905947,-0.158722358,-0.15635645,-0.18703458,-0.586271935,4.316322606
0.077934482,0.043345963,0.034973466,0.140106021,0.764829023,-0.303940547,-0.315770242,-0.181770019,-0.073872165,5.21662069,0.057758856,0.02944437,0.031244075,0.093694204,0.474052103,-0.217149333,-0.254948687,-0.141629254,-0.417542106,3.724055002
0.070542901,0.036507176,0.032158206,0.121075984,0.474445893,-0.281243367,-0.260845651,-0.199222773,-0.332041955,4.768437442,0.071983523,0.029841144,0.031280966,0.117980859,0.440571926,-0.184878801,-0.214516511,-0.198181683,-0.404976933,3.760751121
0.07340179,0.036757483,0.03984977,0.1240664,0.682696961,-0.396282295,-0.266156976,-0.311759062,0.017089619,4.683245341,0.052948522,0.025778211,0.028108848,0.092373141,0.506584343,-0.196695621,-0.23420892,-0.157593722,-0.391280022,4.525036563
0.06694397,0.039748669,0.031331427,0.122881153,0.740939112,-0.2687186,-0.256035303,-0.228808922,-0.208727108,5.313824599,0.065610976,0.026022958,0.029466468,0.101322199,0.5478027,-0.17510409,-0.236939091,-0.168398245,-0.445484824,4.789021578
0.07249083,0.041021074,0.037934387,0.121225296,0.739102962,-0.20157271,-0.243176585,-0.262039058,-0.207384331,5.478825692,0.068334506,0.026551015,0.033029344,0.114605355,0.462163912,-0.306657397,-0.257148084,-0.226016286,-0.210345494,4.038991484
0.080829162,0.043849048,0.039354508,0.144473918,0.493547829,-0.304323588,-0.255768972,-0.193675967,-0.300301841,3.693076245,0.054749347,0.025080343,0.023931881,0.079844916,0.524322633,-0.027432244,-0.190620293,-0.134372664,-0.622133536,4.679706954
0.070035987,0.034713634,0.035336321,0.119603456,0.586700275,-0.20296498,-0.232669077,-0.251580486,-0.446760505,4.315516535,0.062373337,0.024546661,0.024557254,0.088780349,0.58926707,-0.09776687,-0.133566753,-0.212263731,-0.580514962,4.690755164
0.068097475,0.033203658,0.037032126,0.111841095,0.680324696,-0.305810172,-0.261139901,-0.300531067,-0.15366329,5.160152744,0.05720373,0.022827678,0.023052132,0.083644295,0.656757715,-0.115688761,-0.202258112,-0.212312224,-0.444353211,5.323398278
0.065628004,0.04163171,0.040040142,0.115048757,0.657892886,-0.276578556,-0.27102967,-0.260745763,-0.146249511,4.522156857,0.059658345,0.027582164,0.023488122,0.095675641,0.535567031,-0.154984502,-0.208122716,-0.222305415,-0.436543723,4.599020189
0.068271263,0.040728547,0.034944864,0.117067498,0.64295475,-0.191643475,-0.206104883,-0.268504283,-0.282941767,5.550360018,0.066998389,0.027971017,0.028511271,0.108376749,0.558897127,-0.104178672,-0.200998324,-0.152634102,-0.544627246,4.32935732
0.061290694,0.038422571,0.033365643,0.119888637,0.681679565,-0.142562018,-0.308031536,-0.194014904,-0.326400658,4.491704983,0.070753823,0.026520538,0.034093359,0.120435451,0.479518881,-0.204658508,-0.231234396,-0.186145179,-0.411428381,4.11612429
0.057473683,0.02782067,0.028628543,0.091960131,0.904956416,-0.2036682,-0.205446683,-0.254907304,-0.372885772,6.279867242,0.064016951,0.025639067,0.024171458,0.10173673,0.549674412,-0.177205593,-0.243673517,-0.195607419,-0.385258785,5.171549232
0.066701241,0.039799223,0.030107964,0.120258776,0.68900526,-0.240549652,-0.240048831,-0.2481023,-0.166744638,4.970473156,0.065078762,0.027659003,0.028594715,0.101341453,0.438217476,-0.167011659,-0.179527179,-0.200346368,-0.522147038,3.958037152
0.077942217,0.041224965,0.035661914,0.12936113,0.484314493,-0.225766278,-0.217107771,-0.219364577,-0.349901293,3.898549152,0.064087813,0.02754631,0.030795243,0.117232812,0.474247925,-0.216129091,-0.185129878,-0.232055188,-0.411680861,4.373792824
0.068171359,0.032918404,0.033508701,0.122412534,0.724660436,-0.132906475,-0.209863741,-0.227321692,-0.404747,5.606957781,0.06866073,0.025889417,0.029778895,0.108762658,0.555401175,-0.004546879,-0.14164943,-0.162475673,-0.695210567,5.117382495
0.071090787,0.036248352,0.034520149,0.1252942,0.769737379,-0.230057684,-0.230165824,-0.254760326,-0.325165657,5.859729132,0.061409339,0.028501428,0.032469033,0.105793081,0.426158497,-0.207395689,-0.237620804,-0.177726033,-0.400541462,3.866515785
0.078475625,0.038781961,0.035587136,0.139594076,0.783075701,-0.287928145,-0.263199675,-0.214164779,-0.253221507,5.26546561,0.057306129,0.025844421,0.023760264,0.090942288,0.489992454,-0.185623422,-0.139797669,-0.24584278,-0.460667032,4.492126956
0.071593997,0.040402922,0.036097002,0.134427468,0.93311543,-0.248755199,-0.241839626,-0.278684818,-0.217027301,6.079573396,0.056243588,0.022271032,0.026707067,0.092037296,0.53167139,-0.203357114,-0.239504763,-0.21827085,-0.385581057,4.896146025
0.080909614,0.040594654,0.036399711,0.142758496,0.815489523,-0.257095103,-0.290688265,-0.189249643,-0.20330922,5.173151243,0.055167503,0.026505191,0.026961415,0.092696841,0.425996977,-0.142701447,-0.17761107,-0.210184098,-0.449982118,4.553498226
0.069453789,0.033563847,0.048364866,0.133605232,0.741989494,-0.234267909,-0.246918414,-0.275043834,-0.179946981,4.795330637,0.052279284,0.028043664,0.030014862,0.103079008,0.561558913,-0.232937495,-0.191310174,-0.248812007,-0.319380563,4.740914462
0.061195338,0.037866421,0.041812288,0.111570672,0.760443672,-0.191039374,-0.177609374,-0.273952409,-0.322746977,5.31553614,0.063593124,0.029801085,0.027812053,0.105063137,0.509781371,-0.24059102,-0.206474141,-0.190967214,-0.376312128,4.220452895
0.07925733,0.041022191,0.037015694,0.142700917,0.678662198,-0.250421624,-0.250116477,-0.246398285,-0.265873587,4.816271959,0.061794234,0.024931621,0.025679043,0.097113706,0.58562128,-0.077028722,-0.208189984,-0.179405721,-0.490514241,4.593360899
0.080128672,0.042964108,0.047504038,0.145041837,0.602937157,-0.45558752,-0.282477991,-0.288516868,0.079347868,4.746115789,0.065316734,0.029759361,0.026440916,0.101560042,0.542133699,-0.158502893,-0.186822673,-0.195505975,-0.506764003,4.561919653
0.072030615,0.048617574,0.037182616,0.140743371,0.750752892,-0.31026458,-0.312983359,-0.288881007,-0.051037198,5.310226485,0.058754188,0.027207543,0.02947915,0.102337623,0.489867048,-0.2462426,-0.225917336,-0.150740227,-0.39114975,4.364656116
0.063250495,0.037105723,0.034260482,0.111403772,0.649056123,-0.282574725,-0.23788338,-0.26984177,-0.20507266,4.734490354,0.060955577,0.029449841,0.026979503,0.110238573,0.445266458,-0.202610601,-0.204510748,-0.225455591,-0.307705337,4.006192746
0.066433808,0.037376579,0.039726476,0.116740986,0.568365677,-0.186427032,-0.198308831,-0.234609286,-0.338878677,4.480302752,0.061606425,0.031488407,0.03361294,0.104421166,0.450316099,-0.1837171,-0.20987075,-0.166961381,-0.552527511,3.567796427
0.064366532,0.034122418,0.031069666,0.117306483,0.700752764,-0.239585572,-0.271778838,-0.223959906,-0.229431787,5.27708341,0.060603572,0.027068798,0.02616359,0.0873045,0.456650502,-0.092058126,-0.123919644,-0.183104055,-0.575027311,4.143149422
0.072970625,0.03671013,0.0393208,0.127171562,0.701437458,-0.340262985,-0.319104416,-0.231001294,-0.099393297,5.142228077,0.066355196,0.024222043,0.028929755,0.103621848,0.507587384,-0.138848498,-0.217416438,-0.178139568,-0.471196218,4.427753371
0.06168086,0.041494668,0.034369528,0.106991999,0.520722306,-0.251259162,-0.249829119,-0.215426463,-0.385566841,4.112716025,0.062404537,0.029303913,0.025096378,0.101624419,0.453710321,-0.111889552,-0.193817765,-0.176187317,-0.597817627,4.119862829
0.063677624,0.039740106,0.031840524,0.114939779,0.848889187,-0.301044242,-0.246473688,-0.293334751,-0.151770131,6.265054987,0.059324436,0.031185712,0.026643552,0.098638467,0.541954402,-0.333213874,-0.308380466,-0.232166578,-0.154157375,4.098975688
0.076773323,0.038219455,0.041944683,0.121161802,0.467348289,-0.157455565,-0.271116995,-0.161388547,-0.456936598,3.754776654,0.056758736,0.024028615,0.026468372,0.102562976,0.559078874,-0.122747659,-0.151296764,-0.225837461,-0.481577915,5.148813673
0.072333247,0.035723585,0.033848722,0.131312855,0.748708516,-0.332088572,-0.294057652,-0.292351368,-0.095710224,5.369236301,0.050752824,0.025180339,0.024779884,0.080948609,0.606010216,-0.182111494,-0.153421753,-0.216488777,-0.467213322,5.566465614
0.066790985,0.030301222,0.039398046,0.106023372,0.843691951,-0.289175014,-0.292885909,-0.249997616,-0.162552127,5.489118028,0.051384502,0.023586852,0.022345509,0.082569845,0.511298833,-0.252583496,-0.27040267,-0.197655325,-0.322794685,4.346625143
0.066879316,0.032958217,0.044689023,0.125759953,0.733959154,-0.228067084,-0.234009586,-0.298525573,-0.248908263,5.199479503,0.065698154,0.03491514,0.030997235,0.100957883,0.421751105,-0.11364633,-0.18285984,-0.140853096,-0.572126019,3.70838039
0.061676512,0.038391648,0.045470279,0.113451294,0.730501747,-0.319838633,-0.239396806,-0.311349027,-0.144501322,5.722454825,0.069503299,0.028722896,0.030518785,0.106332026,0.461481331,-0.130742506,-0.175867394,-0.178585208,-0.596669575,3.440566615
0.064705227,0.027792528,0.031931617,0.107324305,0.63074728,-0.288548914,-0.214219785,-0.23073933,-0.323527105,4.166048138,0.059857249,0.030310904,0.027114056,0.095902419,0.523717664,-0.207552115,-0.198137952,-0.229553976,-0.36951713,4.14443439
0.071999738,0.036354072,0.042804089,0.124735913,0.637588321,-0.227532723,-0.186841048,-0.200343305,-0.387893918,4.089558741,0.057962952,0.026187366,0.029811477,0.104422144,0.469435394,-0.061949907,-0.186914048,-0.190220122,-0.536059995,4.323861895
0.066679918,0.043856886,0.027980089,0.130508783,0.733928511,-0.238921153,-0.295936897,-0.243749377,-0.119077358,5.263563536,0.067481794,0.027011105,0.025923806,0.095702454,0.49394449,-0.239324585,-0.239089244,-0.233853599,-0.366985376,4.020651081
0.070419158,0.036562734,0.040236365,0.130847518,0.775112072,-0.191638262,-0.211964552,-0.237414805,-0.376742662,5.915547624,0.060339873,0.025064471,0.024465594,0.094618487,0.505637615,-0.209768675,-0.218460996,-0.259121954,-0.354044485,4.417130907
0.076439999,0.030194175,0.044244501,0.132225884,0.721601157,-0.161333611,-0.199443532,-0.204804512,-0.443107033,5.204180574,0.048072095,0.023785682,0.025893944,0.078804183,0.621677348,-0.183431051,-0.211736058,-0.180423923,-0.444119174,5.696130852
0.05783681,0.032699047,0.036027801,0.103791028,0.65023275,-0.293507562,-0.241781814,-0.239162395,-0.217211918,5.380023696,0.062582176,0.024221511,0.024862318,0.095320542,0.499246716,-0.220718267,-0.235236084,-0.219815941,-0.275025488,4.379178677
0.081261093,0.043889367,0.036183384,0.142361105,0.64854278,-0.27484396,-0.2627431,-0.258777083,-0.205922396,4.942412749,0.049727001,0.027839179,0.029042315,0.080429969,0.664845377,-0.129898682,-0.19382693,-0.228713783,-0.400319901,5.204641586
0.072135844,0.033799914,0.04667651,0.125693585,0.77550184,-0.26523258,-0.25143082,-0.246322006,-0.253606016,5.189802015,0.063880813,0.029198676,0.028731356,0.105241288,0.539009285,-0.098216462,-0.196892716,-0.16728737,-0.58668509,4.342591817
0.073199567,0.033485352,0.041441235,0.136422901,0.579020462,-0.327942344,-0.230873964,-0.292438962,-0.239959826,4.273046309,0.053329702,0.023923759,0.024711755,0.080719882,0.577692408,-0.227378499,-0.233113908,-0.160163906,-0.434383341,5.123105057
0.077359554,0.038560831,0.037421548,0.126552832,0.617180864,-0.321043341,-0.272478359,-0.264399746,-0.151572196,4.65272465,0.061466657,0.027470577,0.027868095,0.098231324,0.466978015,-0.204001408,-0.217243836,-0.228394662,-0.357276064,4.31357927
0.066423954,0.040353365,0.032528233,0.116667253,0.562828058,-0.181257934,-0.26437623,-0.200053373,-0.398252532,4.352193427,0.054068289,0.022785638,0.021779242,0.080034271,0.695081537,-0.064558796,-0.179899156,-0.147216356,-0.593578871,5.847059354
0.062067743,0.03166031,0.038373908,0.123833315,0.557442469,-0.292898905,-0.258458074,-0.265155723,-0.204603805,4.225164907,0.054282418,0.026388967,0.024878119,0.090408024,0.58452287,-0.235012136,-0.201791014,-0.212927059,-0.369214077,5.039103636
0.070459489,0.036170254,0.033481396,0.11242612,0.576346689,-0.280085409,-0.254770545,-0.229427082,-0.200087445,4.463774304,0.052570299,0.024424301,0.02312594,0.083296491,0.595111661,-0.154259115,-0.224784706,-0.198508717,-0.358059713,5.553877342
0.068753986,0.038524297,0.036013309,0.121198846,0.631161248,-0.312425085,-0.292856222,-0.234542208,-0.146395941,5.02459387,0.060929916,0.024112127,0.027162852,0.098890576,0.465502167,-0.199197086,-0.201734974,-0.272034313,-0.373781984,4.066015542
0.076712065,0.032037847,0.042233658,0.131041576,0.627074502,-0.14462692,-0.204944898,-0.209698069,-0.496113631,4.628515714,0.06089796,0.028335523,0.032992052,0.105443545,0.546465822,-0.178503809,-0.170996605,-0.214854687,-0.440703543,4.221920899
0.062731347,0.034828409,0.035336697,0.106128311,0.647267209,-0.193657738,-0.237448544,-0.204636886,-0.33819682,4.681172853,0.06162593,0.02299943,0.02502571,0.097984921,0.520039647,-0.143923789,-0.18472199,-0.18694449,-0.418979625,5.04989041
0.069386712,0.032285564,0.042665103,0.126798831,0.805005542,-0.302687661,-0.304801424,-0.25448805,-0.183608009,5.959751147,0.06126313,0.024211443,0.021706897,0.092543457,0.695168327,-0.141764329,-0.170694237,-0.204141115,-0.419978786,4.638167952
0.058976845,0.028349058,0.032741531,0.091669324,0.809937806,-0.310170922,-0.275108077,-0.276117391,-0.165926135,5.328359589,0.07239984,0.034900296,0.024828761,0.107603725,0.497833021,-0.170976165,-0.173970785,-0.223705425,-0.451672067,4.172946903
0.056455652,0.032926713,0.034214476,0.11306743,0.895864933,-0.288958419,-0.289051167,-0.304039844,-0.01564778,6.016277795,0.061372341,0.026844443,0.027964674,0.101051539,0.495285155,-0.068244594,-0.177046963,-0.186900908,-0.596026887,4.855180765
0.070896335,0.036671735,0.039401579,0.126088471,0.594114452,-0.366667862,-0.255919895,-0.276649523,-0.153462626,4.51240945,0.066333179,0.032027264,0.029258734,0.099170677,0.48234686,-0.091331788,-0.169446102,-0.188841071,-0.522132159,4.028697072
0.058574236,0.032990998,0.039434782,0.102237548,0.667011514,-0.284504902,-0.240275452,-0.257412527,-0.201610899,4.871176639,0.06455411,0.031056856,0.031555483,0.10079453,0.453029464,-0.009617806,-0.177474434,-0.144131614,-0.673442221,4.113270532
0.066042467,0.040195424,0.032138127,0.104429318,0.904026309,-0.2533432,-0.325308744,-0.207143918,-0.115685888,6.653362995,0.071840274,0.032526933,0.032449896,0.118757519,0.333887311,-0.253582859,-0.230129378,-0.180871673,-0.405854163,3.259725206
0.065609807,0.03990105,0.031718146,0.109214151,0.504766087,-0.258480784,-0.261815141,-0.201599516,-0.387995675,4.226394451,0.05801633,0.024505698,0.026779779,0.091111124,0.56171105,-0.077805174,-0.208783518,-0.162120576,-0.510427798,5.019046325
0.078187332,0.041032185,0.038811197,0.130429935,0.752279988,-0.174697657,-0.193444418,-0.284407773,-0.376107346,5.425280167,0.069122304,0.028471673,0.028202402,0.111463559,0.466442154,-0.221377913,-0.162395244,-0.23731832,-0.448847956,3.844863875
0.071342741,0.044147366,0.037143193,0.139112345,0.52696436,-0.215000827,-0.222053714,-0.218541968,-0.409863823,4.31169484,0.062401682,0.027551531,0.026111027,0.092256363,0.478715962,-0.212113148,-0.21509021,-0.245324179,-0.31485997,4.298794816
0.061704143,0.028953616,0.030522451,0.098640578,0.761251507,-0.199430961,-0.224270553,-0.242380126,-0.351939313,5.973174039,0.057295289,0.028273221,0.029564592,0.092187566,0.504619628,-0.186994372,-0.17450373,-0.231492584,-0.409263596,4.235043221
0.063814798,0.037150475,0.028123462,0.105830218,1.077662505,-0.255905323,-0.247914677,-0.262013645,-0.183712832,7.757613272,0.061080684,0.030684683,0.033438596,0.093636005,0.524249356,-0.16011476,-0.24567576,-0.15974723,-0.466047503,4.113634948
0.063246156,0.037653717,0.036790816,0.110610365,0.635977146,-0.168269871,-0.236932438,-0.239623576,-0.411767656,4.771065267,0.060986419,0.025486292,0.023005411,0.098640341,0.592667417,-0.233375814,-0.218712696,-0.22558828,-0.259017942,5.036412008
0.078926467,0.033865694,0.043479893,0.141778188,0.95866697,-0.316800963,-0.320681544,-0.274163615,-0.043688671,5.933059822,0.052917769,0.023368773,0.027614478,0.080759942,0.62454484,-0.201370148,-0.235018303,-0.208873295,-0.32973288,4.948071891
0.069763579,0.031213794,0.037597873,0.128589185,0.676715879,-0.195499584,-0.290166916,-0.174768834,-0.367920338,5.170145887,0.061807039,0.025303758,0.029844269,0.095140096,0.535359697,-0.251308151,-0.264068583,-0.19902302,-0.254608405,4.571220931
0.07435333,0.032269051,0.032658288,0.125606644,0.782218997,-0.244634961,-0.219772797,-0.291764675,-0.269968091,5.040434182,0.060713146,0.028743868,0.027108413,0.095829049,0.422244104,-0.084922816,-0.208439413,-0.175031252,-0.548241923,4.220631372
0.060868855,0.033100644,0.028028792,0.101263145,1.046474186,-0.127450934,-0.259029912,-0.23345158,-0.321726809,7.447186281,0.047019947,0.025540795,0.025015823,0.080227491,0.712939722,-0.150369105,-0.232512965,-0.157848313,-0.422230032,4.978000837
0.063369369,0.030432551,0.032193938,0.121759337,0.626917575,-0.267937687,-0.193453339,-0.282773879,-0.175729356,4.573985086,0.063147201,0.027954064,0.026141439,0.094829531,0.457784939,-0.052881744,-0.187187465,-0.165156781,-0.612731255,4.201680252
0.064721255,0.035195745,0.028847627,0.117823383,0.692775797,-0.262338734,-0.295733704,-0.267699468,-0.235386345,5.490406656,0.065955772,0.029257272,0.029698438,0.104376953,0.506326429,-0.246207892,-0.192348745,-0.249475899,-0.3142608,4.664552816
0.065283532,0.032110561,0.036279051,0.11159586,0.754239171,-0.34332732,-0.270799314,-0.248186504,-0.220121572,5.828757436,0.059288546,0.030415582,0.026941383,0.094126009,0.629258085,-0.227559652,-0.170865506,-0.213359816,-0.440273394,5.166081728
0.072359793,0.034113442,0.039765186,0.126971875,0.513707866,-0.159274526,-0.250725465,-0.199099187,-0.405561758,4.196755778,0.048638545,0.026981236,0.019108629,0.087521448,0.5861376,-0.151896604,-0.202263587,-0.230612941,-0.410136141,5.300652399
0.063040728,0.035542238,0.031749618,0.110987956,0.689497033,-0.246754631,-0.230474061,-0.249592064,-0.302808871,5.161723015,0.062893358,0.026961691,0.027106898,0.100368962,0.458410679,-0.109362295,-0.162395835,-0.176182736,-0.595612482,4.016995384
0.067894887,0.034436177,0.03163588,0.117344397,0.804119421,-0.275569011,-0.257470978,-0.329859895,-0.039954216,5.480829282,0.072478753,0.032508398,0.030467576,0.124725324,0.464567414,-0.168762844,-0.182910909,-0.194041849,-0.513037079,3.911129002
0.063509268,0.033232045,0.029617584,0.112325422,0.729570115,-0.06677527,-0.19972459,-0.230522819,-0.43722195,5.58709309,0.059480931,0.026325099,0.027357778,0.09233422,0.524009242,-0.323468406,-0.274572206,-0.234874666,-0.173575921,4.247093989
0.059333819,0.035391304,0.032549969,0.101212825,0.793289349,-0.225843862,-0.267891282,-0.202714882,-0.275575187,5.125682539,0.061931731,0.025703274,0.026690779,0.091393138,0.427082862,-0.112389027,-0.212632071,-0.162270743,-0.498578579,3.938592514
0.076298847,0.029980012,0.036208326,0.123536851,0.801540249,-0.213691782,-0.265829495,-0.216269227,-0.283570601,5.384642414,0.059980705,0.029134082,0.025154321,0.096951359,0.548374369,0.010965294,-0.156965051,-0.12431697,-0.764206747,4.808605091
0.068038699,0.033987406,0.033803035,0.121661025,0.620164097,-0.187022001,-0.185459855,-0.275491295,-0.333137144,4.756328416,0.058511391,0.023512134,0.026330154,0.098712605,0.646796569,-0.074512591,-0.177844973,-0.209551539,-0.498455316,4.993965121
0.066525779,0.033985206,0.036119002,0.109527164,0.924353476,-0.373466179,-0.33178304,-0.259232461,0.039318174,6.141818725,0.063129113,0.029443801,0.030242994,0.114340743,0.382008287,-0.238261709,-0.27164155,-0.214714345,-0.360326102,3.432916374
0.074456905,0.044140753,0.030737271,0.116696326,0.784451011,-0.194493274,-0.245339055,-0.245420277,-0.378237708,4.848887432,0.059690389,0.026825872,0.027212267,0.097662077,0.498840751,-0.242685776,-0.252058862,-0.192307867,-0.401758954,4.36825187
0.065925331,0.039526362,0.033851453,0.113814912,0.988370471,-0.290727749,-0.294987643,-0.25601533,-0.111734273,6.116667633,0.064160297,0.02667048,0.030556464,0.099463716,0.396001685,-0.165184032,-0.221662844,-0.208969471,-0.467799898,3.400409759
0.065235667,0.04028545,0.037667089,0.124360588,0.920115926,-0.213085827,-0.273413077,-0.250293858,-0.263725923,6.163427368,0.050735751,0.023765973,0.024683203,0.084523033,0.583008165,-0.149938596,-0.198068371,-0.240622388,-0.386685566,5.753003764
0.078957593,0.035690434,0.039358351,0.138924358,0.69972345,-0.184102869,-0.263215415,-0.204422091,-0.318822444,4.945930272,0.061478334,0.023504324,0.025518532,0.097104454,0.588187423,-0.062212482,-0.177111378,-0.177968649,-0.650574729,3.97192754
0.066476117,0.036332828,0.030800998,0.1177072,0.911633856,-0.238015976,-0.266880102,-0.208668867,-0.230642929,5.798507041,0.066095624,0.026416397,0.028272075,0.110500079,0.466642528,-0.154776095,-0.177756682,-0.156226208,-0.573944663,4.123797077
0.071600285,0.031196308,0.039252296,0.122426657,0.658722068,-0.235199641,-0.22945683,-0.219257668,-0.321436489,5.274442749,0.06498418,0.032811221,0.029335947,0.104434091,0.374192724,-0.116517323,-0.158817783,-0.194358935,-0.481184154,3.590675412
0.067577037,0.03293122,0.035052489,0.11819811,0.548516416,-0.114880774,-0.240547601,-0.186201455,-0.416148249,4.408307988,0.066662311,0.032379815,0.031782356,0.109281703,0.421385869,-0.196596916,-0.194397383,-0.217893659,-0.443885155,3.794752686
0.067337414,0.038651211,0.038306712,0.114345718,0.529515569,-0.210850223,-0.223351668,-0.236437764,-0.349851928,4.528937667,0.054767531,0.023001219,0.028809563,0.096584069,0.634216161,-0.045137952,-0.185532383,-0.205924375,-0.597247201,5.326302158
0.07119551,0.034189302,0.032748468,0.13713445,0.887002274,-0.246030098,-0.298367045,-0.276589075,-0.151152705,6.057429825,0.052775564,0.026533154,0.026441365,0.098869019,0.476148963,-0.129434618,-0.177277227,-0.219727374,-0.496007531,4.864174424
0.080417983,0.037801924,0.040723527,0.119446428,0.635476629,-0.209833502,-0.258874891,-0.205268842,-0.350139362,4.300543748,0.060800457,0.024655873,0.02418126,0.100755381,0.515719116,-0.181580289,-0.217950638,-0.134204204,-0.43775116,4.127611513
0.088387852,0.039980456,0.042264527,0.147445528,0.672284055,-0.298712342,-0.273381963,-0.262668502,-0.245724444,5.048311114,0.062295824,0.029188811,0.031913139,0.099080359,0.492811678,-0.068446173,-0.184309127,-0.150995576,-0.599172178,4.261285849
0.062573289,0.033183347,0.039594033,0.115875911,0.62039763,-0.237288158,-0.228446077,-0.273480453,-0.262164207,4.910319651,0.064428874,0.028748053,0.0286943,0.101120762,0.384156707,-0.199125243,-0.178681005,-0.218179555,-0.459367265,3.6028602
0.063515753,0.028571218,0.035404911,0.109901388,0.704112361,-0.209165952,-0.245098616,-0.204252612,-0.315802133,5.337916831,0.057020233,0.02484205,0.028535933,0.097965878,0.506765125,-0.190633773,-0.206004937,-0.224026941,-0.401225773,4.331025867
0.072945688,0.033465137,0.040005344,0.133426548,0.640208122,-0.254653615,-0.229071409,-0.218998421,-0.193050561,4.859384716,0.05994513,0.023801502,0.031390964,0.104145944,0.46832119,-0.104640287,-0.187100165,-0.189040923,-0.564048472,4.525101341
0.067832151,0.031509292,0.043201459,0.127520777,0.556321106,-0.272625277,-0.20903166,-0.227501046,-0.295145689,4.232837266,0.066272196,0.030123236,0.029726744,0.104102637,0.456877617,-0.282091439,-0.207603605,-0.243004625,-0.273632264,3.936909745
0.086890767,0.048664427,0.037332873,0.160665837,0.712898859,-0.342507691,-0.352870825,-0.220768241,-0.036983475,4.715244311,0.064130953,0.035221623,0.029804029,0.108275636,0.440360653,-0.188846375,-0.179552636,-0.164393304,-0.47743654,3.605699297
0.070138824,0.040532591,0.03525199,0.134345947,0.688799745,-0.339134616,-0.284283072,-0.274624807,-0.055843583,4.89346235,0.067430131,0.028780578,0.028889694,0.106303364,0.51556668,-0.168927915,-0.192119985,-0.237724578,-0.347672098,4.170667754
0.077528264,0.042059144,0.035937751,0.146186935,0.522780689,-0.198316765,-0.23304728,-0.228533318,-0.393561836,4.05384566,0.059138511,0.023238635,0.030158645,0.097872584,0.574733139,-0.145758567,-0.223966066,-0.170200822,-0.468036788,4.707157431
0.068600615,0.042889012,0.03310438,0.114561241,0.641134269,-0.146127686,-0.21148619,-0.234076223,-0.365854733,4.79798761,0.058546357,0.026291111,0.022996082,0.096607554,0.534306787,-0.133104571,-0.261064716,-0.161170135,-0.455797518,5.539685535
0.062197743,0.034843915,0.041396709,0.127893725,1.037592063,-0.329914954,-0.280804353,-0.337921441,-0.065049402,5.59596033,0.063793448,0.027864796,0.02882729,0.105820052,0.519857705,-0.038650545,-0.153934336,-0.163202593,-0.616827332,4.844475168
0.068655582,0.038086411,0.043853924,0.122856687,0.558122751,-0.152637746,-0.177242221,-0.237697805,-0.44232344,5.056822816,0.055930087,0.030089043,0.02680663,0.091255278,0.527967567,-0.13296654,-0.19249013,-0.21534475,-0.366630717,4.87028205
0.074625944,0.042219456,0.035700599,0.125819425,0.601575203,-0.264459923,-0.253265675,-0.269253266,-0.161885551,4.693798197,0.069621086,0.025938593,0.028969207,0.100304373,0.505774482,-0.060501632,-0.18895817,-0.17477403,-0.605996984,3.829464364
0.06980877,0.030088842,0.034427088,0.125988389,0.743231793,-0.268490632,-0.223610009,-0.263495502,-0.228192004,4.787934985,0.060591183,0.025262845,0.026905634,0.096723262,0.515593477,-0.095846652,-0.212928102,-0.163344548,-0.531908744,4.308352837
0.071589743,0.039231253,0.035779239,0.128525273,0.531334369,-0.268131371,-0.229859488,-0.259502958,-0.270731677,3.90707215,0.064873693,0.025871839,0.026738973,0.100956157,0.445746403,-0.263849027,-0.239763446,-0.178349095,-0.316785113,4.287488571
0.067296029,0.031667675,0.032722938,0.114746078,0.772418764,-0.243486556,-0.235223386,-0.229382546,-0.248317988,5.085346914,0.076263373,0.030433417,0.03223847,0.122817516,0.428715752,-0.157172685,-0.132516752,-0.234083087,-0.504826971,3.777692463
0.061564386,0.036528384,0.042396861,0.114339926,0.727522891,-0.225229624,-0.226981045,-0.281737294,-0.296609476,5.58913478,0.069967973,0.025973084,0.029879446,0.101445041,0.413997765,-0.218121611,-0.204541582,-0.22348801,-0.380229951,3.808607348
0.0601315,0.03600432,0.035487115,0.112285795,0.776658302,-0.371435578,-0.244132082,-0.292559162,-0.060295454,5.369177063,0.057026968,0.026423538,0.023355781,0.089385979,0.512441853,-0.189216306,-0.169384966,-0.240408235,-0.409966193,4.468574973
0.068453909,0.033565513,0.033384444,0.120070225,0.722389009,-0.249430123,-0.252979325,-0.246485216,-0.275287852,6.935051423,0.06407825,0.030484866,0.028182785,0.103336534,0.499726556,-0.236255272,-0.196216839,-0.19344318,-0.398244725,4.319165866
0.064813155,0.031482509,0.027933908,0.113017795,0.945169683,-0.220045402,-0.285672115,-0.217003006,-0.170810049,6.4922481,0.058316369,0.026456621,0.02359751,0.100347577,0.520509984,-0.135615818,-0.202522308,-0.211775211,-0.494550738,4.007916328
0.071145253,0.038264871,0.037686159,0.118151269,0.581696422,-0.230556708,-0.220840668,-0.252966077,-0.261753265,4.674542954,0.074692723,0.031451055,0.027367784,0.116115684,0.483095096,-0.154996131,-0.200746622,-0.183499015,-0.51984191,4.263505903
0.069150928,0.03200734,0.03456959,0.113982316,0.761173436,-0.171205919,-0.170358348,-0.286102669,-0.340067899,5.471945452,0.064268798,0.030901521,0.029169535,0.11274308,0.451134666,-0.146557481,-0.213517751,-0.20517352,-0.41789391,3.998643304
0.065418926,0.039544365,0.035375687,0.131635326,0.604372532,-0.295992299,-0.183735364,-0.288143843,-0.247759502,4.352540897,0.052425726,0.024758242,0.026397348,0.079047434,0.637636756,-0.088014378,-0.179121202,-0.187856591,-0.614837476,4.673255488
0.063383845,0.031982847,0.033736941,0.102188213,0.677746528,-0.274706212,-0.240262779,-0.297073434,-0.135828326,5.221988724,0.070787553,0.027972725,0.033818838,0.115610535,0.45381434,-0.168092733,-0.196696415,-0.230115001,-0.441075533,3.416294978
0.069884718,0.041107577,0.036674412,0.124951263,0.538602329,-0.221436449,-0.229450297,-0.214147395,-0.373901788,5.031626274,0.058960081,0.030386188,0.026020914,0.100311008,0.466902761,-0.179779574,-0.215034818,-0.184857071,-0.43267527,4.175495029
0.059012081,0.029220067,0.033684767,0.101581683,0.696088337,-0.153835001,-0.20447679,-0.252965259,-0.357069071,5.689931843,0.057736288,0.028195828,0.02638554,0.096796956,0.564265305,-0.150467627,-0.196717091,-0.194598153,-0.433132152,4.950096794
0.066653955,0.04362866,0.031392831,0.106071016,0.613643351,-0.241183476,-0.290393569,-0.19837604,-0.377913939,4.728772202,0.050028746,0.022276718,0.02525331,0.088140937,0.549638947,-0.149064029,-0.218335572,-0.202718478,-0.339834025,4.919540148
0.051349353,0.034702292,0.03351383,0.109050559,1.085393577,-0.151678763,-0.310489027,-0.239837035,-0.268659935,7.453886001,0.063780923,0.031764878,0.030505496,0.110534309,0.481729698,-0.132914355,-0.170634295,-0.228531873,-0.51111394,4.408628802
0.068955406,0.040579679,0.044657433,0.141992032,0.791551953,-0.271947137,-0.27276806,-0.293479597,-0.148862599,5.291614496,0.04790849,0.023016125,0.023762987,0.083053133,0.691424978,-0.028727705,-0.190124453,-0.210545824,-0.52065825,5.501623331
0.054431351,0.031727112,0.026767801,0.108764471,0.77949688,-0.242480657,-0.279821049,-0.254187139,-0.178987671,6.317427826,0.060465072,0.025940267,0.029037005,0.092863758,0.470511164,-0.118808852,-0.221945303,-0.147247565,-0.569303688,4.258149863
0.069038602,0.033250567,0.036832921,0.111671976,0.608426795,-0.17743329,-0.190470605,-0.243106051,-0.401071627,5.296289395,0.057553745,0.025174855,0.025632511,0.093121558,0.512401159,-0.112958422,-0.16963296,-0.168426821,-0.529909092,4.941299502
0.078353559,0.043693868,0.034706896,0.134779121,0.68204431,-0.318932292,-0.270935189,-0.266625934,-0.213206841,4.875013437,0.058608916,0.027884847,0.022838006,0.092324974,0.560404778,-0.086273484,-0.18931718,-0.211513154,-0.483766797,5.168491878
0.059062397,0.030056627,0.029015772,0.090483273,0.734774881,-0.212133459,-0.210548698,-0.23717658,-0.335206536,5.741467738,0.059454386,0.023050216,0.024744586,0.09140292,0.632396489,-0.103008129,-0.158481423,-0.197327981,-0.535496345,5.589578942
0.067039118,0.038545457,0.032829935,0.125343472,0.726462555,-0.21764477,-0.279682844,-0.279745568,-0.177112387,4.992542478,0.056878329,0.026289922,0.025957964,0.092434394,0.507209676,-0.212552729,-0.211161373,-0.214308299,-0.333528821,4.503222252
0.07412307,0.034021514,0.039778985,0.132225728,0.667014226,-0.173358732,-0.27439976,-0.216017324,-0.287526634,4.881216226,0.062604774,0.027474767,0.027643125,0.099273589,0.59733926,-0.15581419,-0.213338243,-0.193111559,-0.419129844,4.859596984
0.069824065,0.038593046,0.041714513,0.137366384,0.714662267,-0.203415299,-0.241619263,-0.226235364,-0.333680266,5.051360113,0.056763693,0.030271037,0.024822829,0.08580229,0.526613027,-0.12536226,-0.168852206,-0.208358457,-0.491314369,4.348687209
0.080025749,0.0321423,0.033754959,0.123672558,0.569270894,-0.176170472,-0.253132085,-0.146081793,-0.453578915,4.044404875,0.061913909,0.025721563,0.028889085,0.086325545,0.501734469,-0.064800544,-0.198138739,-0.164136975,-0.606680839,4.094932455
0.064633729,0.034211545,0.030447469,0.101658105,0.685437092,-0.197838718,-0.257110882,-0.246674921,-0.287816437,5.403010696,0.060946616,0.027395904,0.028897646,0.093342046,0.526253527,-0.20497931,-0.211535204,-0.172581465,-0.395529203,4.832198712
0.071509166,0.042487804,0.037264812,0.122060904,0.518626108,-0.358456017,-0.221868585,-0.266931772,-0.09744142,3.961366197,0.054964494,0.025638627,0.025125294,0.09269765,0.674081828,-0.132577483,-0.207578464,-0.198579158,-0.428976419,5.327692082
0.081709444,0.039017948,0.044593232,0.150743401,0.611420144,-0.266619948,-0.234337998,-0.278648449,-0.290846985,4.332564711,0.060736112,0.026126689,0.026700593,0.105291215,0.591312176,-0.229788688,-0.158121042,-0.257638544,-0.333695041,5.353495043
0.072694251,0.034737574,0.039729352,0.115578949,0.814081096,-0.253188193,-0.229810966,-0.334889276,-0.246932249,5.233319618,0.053461096,0.026608601,0.026849641,0.085241176,0.475215779,-0.142468904,-0.177205099,-0.1858977,-0.474109287,4.156804198
0.085871157,0.04546713,0.040463561,0.155069588,0.550586059,-0.333517269,-0.280751387,-0.293484163,-0.086470988,4.266797931,0.056059848,0.025433799,0.027013314,0.093603054,0.626842019,-0.132812667,-0.199487012,-0.202842566,-0.487978878,4.57173133
0.071164907,0.0349856,0.035612044,0.125547052,0.690632969,-0.224683139,-0.267547329,-0.265827608,-0.175701308,5.139624902,0.063978349,0.02577619,0.027779897,0.101773584,0.71232406,-0.129179644,-0.225349316,-0.196476898,-0.428240664,4.911874153
0.071346328,0.041860381,0.035949752,0.134214034,0.707769829,-0.272923367,-0.292495318,-0.242105925,-0.142134211,5.279050036,0.061719376,0.027081891,0.024736797,0.093727132,0.543287474,-0.153806147,-0.217178503,-0.152099515,-0.379537077,4.885947129
0.068854478,0.027209218,0.035524626,0.108311302,0.729050547,-0.20585096,-0.262421348,-0.205411222,-0.38832145,6.211297096,0.062044022,0.025738554,0.026588693,0.089646229,0.538448113,-0.178473546,-0.237275917,-0.198091859,-0.447854161,4.508253013
0.061885684,0.036303515,0.03373301,0.101198169,0.730870849,-0.352562734,-0.287779239,-0.24612644,-0.045667714,5.113792446,0.059840936,0.026357324,0.024677237,0.087991255,0.565046398,-0.121184095,-0.18598022,-0.221634398,-0.468270381,4.534116925
0.071176241,0.032701336,0.040272652,0.13069834,0.848384084,-0.374040698,-0.289747454,-0.336228768,0.023056758,5.247377487,0.064122294,0.025359387,0.029061291,0.096428964,0.504354896,-0.249466093,-0.186537407,-0.22830239,-0.382225769,3.964251444
0.075819583,0.035132761,0.033534837,0.124360207,0.745620448,-0.369048162,-0.274784733,-0.284243087,-0.068907546,5.187341342,0.064265987,0.025466475,0.028445153,0.105718694,0.599061127,-0.181979234,-0.202544615,-0.184864453,-0.374862146,4.154600922
0.078100463,0.039877942,0.045186335,0.146365589,0.890535486,-0.283126983,-0.212894987,-0.256388437,-0.261947461,5.484912332,0.069925396,0.027795797,0.027954059,0.106777304,0.452666564,-0.088911158,-0.182753332,-0.172439671,-0.590991399,3.81467139
0.070270843,0.030032933,0.036329207,0.130130296,1.275160636,-0.250704796,-0.305413078,-0.331897028,-0.053898502,7.609920401,0.054632687,0.028793664,0.024328166,0.083517309,0.589439902,-0.159060657,-0.178809199,-0.225140239,-0.349769391,5.350987668
0.07945741,0.046745812,0.037629165,0.137998913,0.685197635,-0.303887436,-0.249822918,-0.273568768,-0.245812814,4.998597339,0.066794206,0.027937857,0.030658822,0.096196114,0.49496723,-0.246789466,-0.251645154,-0.214140655,-0.329522561,4.432599697
0.068042774,0.040401655,0.032136201,0.115847326,0.612398232,-0.227542727,-0.271757083,-0.236980417,-0.191763245,5.723166105,0.059932095,0.023457707,0.023942143,0.095000912,0.575742558,-0.06334387,-0.171149471,-0.187967812,-0.535669272,4.672510178
0.069671127,0.038855468,0.033594506,0.118889588,0.567332065,-0.198176732,-0.255642709,-0.210017459,-0.419572417,4.159453729,0.05601136,0.027938489,0.027945755,0.091611537,0.458282852,-0.184397842,-0.218654261,-0.173365484,-0.506178423,4.292474288
0.066524899,0.040755088,0.035949325,0.117878453,0.50819283,-0.278508172,-0.27454152,-0.229186943,-0.347394803,4.144405047,0.058740882,0.026796294,0.026643972,0.095885472,0.483360412,-0.233223949,-0.195724701,-0.191096982,-0.372677589,4.328425752
0.06121857,0.036801051,0.032837304,0.110114143,0.719556712,-0.188569637,-0.292010196,-0.191050668,-0.320063029,5.753851125,0.069005742,0.029907995,0.031814792,0.125182804,0.437672148,-0.072562655,-0.190176662,-0.160782947,-0.569088169,3.887085696
0.066239164,0.037553881,0.03223184,0.109254975,0.589761945,-0.141283255,-0.214435356,-0.23570135,-0.376695024,4.697078594,0.065934696,0.027612978,0.031102063,0.101756778,0.427401714,-0.163617056,-0.22586477,-0.148506522,-0.474031954,3.47161281
0.067543871,0.029965117,0.037304055,0.121623138,0.781400088,-0.202950009,-0.217077903,-0.259086935,-0.306483261,5.803133947,0.048914772,0.025558335,0.02300901,0.085016055,0.605029097,-0.102640816,-0.217162906,-0.17006816,-0.545612847,5.394957099
0.07619886,0.031084722,0.035306663,0.129583983,0.643695285,-0.159373435,-0.197152472,-0.181469514,-0.555965863,4.6818771,0.071173087,0.031399726,0.033383376,0.12179072,0.535125464,-0.14313018,-0.166758084,-0.214394138,-0.409388437,4.4914602
0.072464718,0.034419078,0.030782908,0.122560438,0.774813167,-0.368274968,-0.302509985,-0.286146478,0.013660365,5.341898597,0.059084947,0.031358147,0.027235998,0.102390427,0.526182682,-0.116641573,-0.222584452,-0.198738782,-0.519906359,4.764566012
0.065644208,0.033679794,0.041914653,0.113827368,0.698843553,-0.264206837,-0.222684669,-0.255574448,-0.239141978,5.289598314,0.063301956,0.030160232,0.025110277,0.10323208,0.481048081,-0.152373103,-0.260080437,-0.158174254,-0.480788389,4.553014223
0.068673083,0.032122054,0.042009492,0.11654095,0.706807747,-0.222049059,-0.197238843,-0.244426513,-0.323496819,5.316845056,0.065883006,0.027914568,0.028509636,0.100085476,0.513722989,-0.177302792,-0.231432444,-0.220198735,-0.357263568,4.258370492
0.07237165,0.038515865,0.035351711,0.118799223,0.611750209,-0.270966634,-0.276407099,-0.268618439,-0.215312475,4.486302426,0.052825322,0.023186498,0.022751357,0.078362556,0.663412357,-0.162733872,-0.232581271,-0.177982983,-0.376778122,5.362335151
0.080314116,0.033342338,0.045920087,0.135894941,0.553418897,-0.168803884,-0.205199154,-0.250212462,-0.389572495,4.11925874,0.058373763,0.027968277,0.030976945,0.101775867,0.486067756,-0.225868906,-0.227105408,-0.239060858,-0.27039961,4.350852041
0.059751124,0.031136438,0.031040921,0.100587591,0.733091829,-0.254055443,-0.194550232,-0.242042618,-0.302609814,5.43730224,0.06827564,0.029082455,0.027258011,0.102197712,0.477876055,-0.21051018,-0.238767405,-0.16693314,-0.43497185,3.859002428
0.061901241,0.03719267,0.03441289,0.103087133,0.638800638,-0.249319362,-0.202049773,-0.230626987,-0.31345841,4.972380324,0.059546293,0.023935588,0.027599786,0.099367273,0.550083022,-0.140476809,-0.258498738,-0.151257722,-0.461293821,4.418628838
0.070787898,0.032938986,0.034190444,0.118269826,0.753072554,-0.276828052,-0.244529443,-0.310445591,-0.151967911,5.272912752,0.064545166,0.031418676,0.025976229,0.11373962,0.527760098,-0.187613451,-0.238789844,-0.191428011,-0.496309338,4.206548464
0.075023918,0.036856325,0.031864114,0.133817429,0.683533322,-0.239346974,-0.21876175,-0.295518266,-0.212675432,5.11183223,0.058361232,0.028562242,0.026235513,0.095120542,0.44036581,-0.119061679,-0.222955434,-0.209131031,-0.470834924,4.343808152
0.06172079,0.034099286,0.033007724,0.102387063,0.809412636,-0.116886726,-0.235019392,-0.179933218,-0.462056578,6.101049892,0.058565951,0.026663273,0.030714062,0.092623052,0.492833291,-0.122503727,-0.18050281,-0.178863331,-0.497858602,4.173858989
0.078211389,0.040719998,0.038660499,0.152466765,0.673237969,-0.341059997,-0.275845094,-0.253227162,-0.079153787,4.985665904,0.058944748,0.027490935,0.030292212,0.095089105,0.591809252,-0.189260818,-0.212867788,-0.195907772,-0.408529459,4.944675495
0.076427938,0.036477457,0.047161506,0.144982595,0.692165995,-0.276331108,-0.293429346,-0.282742684,-0.208227002,4.532984085,0.057849417,0.025289188,0.027406769,0.091310598,0.49856307,-0.180393513,-0.20618642,-0.210974519,-0.406851747,4.261411854
0.077025426,0.035446303,0.040568885,0.13781101,0.843871396,-0.384140796,-0.260016652,-0.298955562,-0.060805379,5.732398597,0.06838101,0.029059093,0.025647639,0.09976776,0.556700595,-0.254931751,-0.184130157,-0.218451455,-0.3157789,4.317320278
0.067638407,0.029727359,0.031246726,0.114307509,0.718194447,-0.269951729,-0.251370115,-0.234971358,-0.282858631,5.529590644,0.058600607,0.029316418,0.024389964,0.092845907,0.480577074,-0.12200121,-0.22067089,-0.188875499,-0.572196606,4.192440517
0.071156101,0.0431067,0.032885206,0.129498476,0.661636501,-0.229367084,-0.308371143,-0.202394903,-0.320727391,5.289216194,0.057153674,0.025400305,0.027886052,0.091563023,0.531900201,-0.188256161,-0.218630038,-0.17866215,-0.412773428,4.675109515
0.059630246,0.030603188,0.036301975,0.108913329,0.869718604,-0.266442613,-0.235803265,-0.235094705,-0.346958797,6.188444214,0.05749751,0.024778309,0.023937507,0.092783266,0.583568762,-0.121783344,-0.179104059,-0.216088597,-0.465027217,5.063191175
0.066493861,0.03565143,0.039470518,0.124151206,0.756275601,-0.249874851,-0.253690202,-0.304276697,-0.141918656,5.396255349,0.059842537,0.026476715,0.02234613,0.098357103,0.530542077,-0.164686486,-0.209409515,-0.213731835,-0.426505323,4.675301817
0.064676197,0.043513103,0.034604116,0.119961741,0.591137446,-0.306928544,-0.255491896,-0.20975923,-0.221390065,4.250064108,0.060810577,0.024361862,0.027755983,0.098675693,0.470658964,-0.116320396,-0.200325031,-0.194171941,-0.534162313,4.678342749
0.08071365,0.038071642,0.039772691,0.145451543,0.860465189,-0.326225938,-0.289234891,-0.326859438,0.050537044,5.811724509,0.057018891,0.027710308,0.026648563,0.101148467,0.551660175,-0.244650159,-0.188573673,-0.229387614,-0.367488675,4.785507453
0.069109027,0.031500132,0.040409523,0.122557883,0.94403914,-0.240357837,-0.237739249,-0.250977964,-0.287754552,6.749087165,0.066045176,0.027642944,0.031292958,0.098063227,0.519736198,-0.196160036,-0.242096524,-0.200605667,-0.427321849,4.200048782
0.073026892,0.033056283,0.050195295,0.13827376,0.578136117,-0.275717344,-0.232098454,-0.25835873,-0.215914082,4.267287737,0.054581336,0.026488965,0.029311963,0.087168082,0.519363308,-0.124364661,-0.19862637,-0.226613255,-0.434670209,5.050612936
0.065239222,0.036243506,0.036219013,0.110031044,0.590948936,-0.32187429,-0.238547223,-0.267889082,-0.200299303,4.683505918,0.061686128,0.024837989,0.023686164,0.093942375,0.491068297,-0.15892068,-0.207122368,-0.171232666,-0.473054459,4.519616068
0.066553333,0.039103696,0.042160807,0.128475229,0.760336949,-0.351483414,-0.337062368,-0.250831379,-0.064151902,5.436548761,0.061079167,0.027466594,0.029277783,0.104406939,0.551841899,-0.219643356,-0.23239905,-0.217250685,-0.303966393,4.343744287
0.064819725,0.033071126,0.032704487,0.103785231,0.661621087,-0.272081386,-0.199354124,-0.28312238,-0.246040843,4.733916001,0.062530323,0.027694159,0.032879106,0.094745072,0.442277358,-0.175492189,-0.186491533,-0.245560017,-0.451756124,3.531197378
0.061258061,0.032478449,0.032908537,0.108430035,0.838599261,-0.125833757,-0.267366955,-0.182905828,-0.383090223,6.119048367,0.061967673,0.025837824,0.025224812,0.099964744,0.617207488,-0.113645363,-0.217439086,-0.208220631,-0.379064597,5.367959569
0.069833513,0.038392021,0.039735649,0.11913751,0.545836675,-0.239975659,-0.247190452,-0.233023497,-0.336534692,4.348130292,0.057183126,0.025105848,0.029209691,0.092681356,0.472591926,-0.132335353,-0.193045419,-0.213420926,-0.548333768,4.269847027
0.07144644,0.037730344,0.035235401,0.120026978,0.663003395,-0.162742594,-0.212854395,-0.22189109,-0.360283069,4.727196227,0.069150353,0.032297107,0.028602391,0.103205316,0.482113301,-0.198795044,-0.217054536,-0.20925204,-0.372787267,4.002102625
0.079320735,0.045738298,0.041086873,0.134587166,0.570076314,-0.20237239,-0.240407722,-0.229671394,-0.304368015,4.289465936,0.060381957,0.025885427,0.026628266,0.096592348,0.543557949,-0.096500329,-0.185665072,-0.147110551,-0.528805419,4.850262586
0.074417339,0.038395098,0.027804837,0.123915276,0.975535507,-0.226347053,-0.279235464,-0.2205742,-0.238619681,6.923858502,0.060342086,0.031884326,0.026444971,0.092395137,0.552795797,-0.160278713,-0.227423609,-0.153458279,-0.42038469,4.686789755
0.057011125,0.037699558,0.035444852,0.107144587,0.826230394,-0.20257492,-0.250985526,-0.269315589,-0.294169222,6.043315594,0.064944009,0.032688786,0.030479903,0.102698928,0.388124287,-0.177431852,-0.17731616,-0.173380243,-0.495795923,3.851505153
0.063544783,0.034363089,0.031792029,0.108766311,0.663215836,-0.217821433,-0.213498118,-0.247737136,-0.238494919,5.045335968,0.069641486,0.03237453,0.028416597,0.121627664,0.504761184,-0.203309147,-0.198215793,-0.241531976,-0.358266004,3.906755156
0.068126855,0.041884002,0.03384994,0.126707901,0.6396747,-0.254094596,-0.248132149,-0.266200274,-0.22581943,5.08918535,0.051293268,0.024131262,0.027075632,0.090042713,0.498910967,-0.153622835,-0.170521433,-0.18698646,-0.547890974,4.419252345
0.060157851,0.036257762,0.037218529,0.109074701,0.650153225,-0.222508649,-0.27022058,-0.232365055,-0.35310234,4.908524077,0.054904908,0.024058443,0.023380819,0.088492654,0.586975074,-0.104854215,-0.197832628,-0.197001763,-0.449743149,5.416983212
0.06827179,0.03601422,0.032450185,0.119680597,0.658621988,-0.09679836,-0.215411582,-0.192369134,-0.503512027,5.225073509,0.064055621,0.030510488,0.029723817,0.112149283,0.518706202,-0.145147656,-0.219259602,-0.163522214,-0.448408815,4.749227836
0.071627389,0.042811922,0.040107168,0.132127245,0.576803832,-0.249210568,-0.283421116,-0.144345263,-0.335965319,4.545758466,0.066208452,0.030211952,0.031390125,0.11101323,0.61900851,-0.09500107,-0.179852417,-0.194935196,-0.525628918,4.162694277
0.066855007,0.032291659,0.034124811,0.105166771,0.681199596,-0.380318463,-0.263506134,-0.242296359,-0.013183146,4.898500131,0.057901508,0.025737013,0.02702556,0.092622443,0.588463908,-0.157755488,-0.22230825,-0.239364976,-0.28702075,4.738176059
0.069936267,0.03732736,0.04090172,0.128780247,0.753722681,-0.303818612,-0.277581316,-0.245263778,-0.141153117,5.591639421,0.064904098,0.028806199,0.026529746,0.102340754,0.438050584,-0.244050711,-0.218991973,-0.183676426,-0.371927696,3.776743497
0.060329989,0.029482979,0.038071565,0.097627596,1.139434933,-0.270997642,-0.28521816,-0.290017682,-0.153159631,7.225485305,0.059746383,0.026354721,0.028766733,0.099588677,0.485711679,-0.180365614,-0.212158314,-0.186076251,-0.457070577,4.363793325
0.068598731,0.039191171,0.037134723,0.125449395,0.828502571,-0.235761486,-0.289980562,-0.244919234,-0.162578051,5.43010963,0.063215184,0.030691788,0.026887212,0.097951242,0.477049999,-0.157385283,-0.1702412,-0.217856154,-0.42343325,3.977693101
0.060131422,0.026821372,0.035155732,0.112272922,1.069143257,-0.068814474,-0.186074033,-0.27816667,-0.31338545,7.076977586,0.070042596,0.028683611,0.033690868,0.102207819,0.450248724,-0.238008012,-0.183183961,-0.220052326,-0.529305193,3.216544593
0.064743501,0.034538088,0.031825642,0.116036208,0.801084285,-0.352926609,-0.273537458,-0.30272396,0.012102357,5.010012439,0.049366303,0.02137011,0.020623272,0.080061285,0.657522252,-0.129946397,-0.173351598,-0.215742964,-0.464212254,6.024305158
0.073842817,0.041733096,0.035731659,0.131783037,0.569813945,-0.204732249,-0.197516685,-0.244642835,-0.344283043,4.458824502,0.070015828,0.030148986,0.026765158,0.111434536,0.461345382,-0.223722666,-0.201680938,-0.244967766,-0.390648058,3.946543381
0.070616814,0.042110857,0.031530775,0.1208888,0.598578507,-0.274127842,-0.244733121,-0.250090593,-0.186343716,4.432810457,0.061828969,0.029278965,0.024545168,0.102556993,0.579682178,-0.10038421,-0.163525564,-0.241105994,-0.459946223,4.795100442
0.07193104,0.037053756,0.030999991,0.121429842,0.727296606,-0.20761709,-0.289107545,-0.238922648,-0.185912007,5.191495257,0.057847636,0.027275339,0.023383371,0.092041179,0.608614076,-0.147418694,-0.232956771,-0.173873275,-0.456432177,4.751496011
0.064026975,0.036573559,0.045834029,0.125373081,0.60315801,-0.294640777,-0.228043321,-0.283753421,-0.171059444,4.565245907,0.070342666,0.030424854,0.028346051,0.099695479,0.572823666,-0.190448378,-0.195890699,-0.163450902,-0.414365885,3.773806413
0.07673405,0.04430494,0.041524985,0.136961138,0.59574749,-0.226672457,-0.268060385,-0.299036051,-0.267948038,4.797743606,0.052764073,0.025568916,0.026162821,0.097244613,0.545999881,-0.128860568,-0.191385168,-0.200098457,-0.462219387,4.574222404
0.073136112,0.035335856,0.034376785,0.135020181,0.652906044,-0.135409531,-0.232323341,-0.153035661,-0.511382746,4.913885518,0.072651673,0.036291197,0.030975958,0.114298721,0.391699629,-0.111304839,-0.218343393,-0.157921908,-0.500920584,3.744434213
0.05652055,0.030237879,0.032067166,0.09467817,0.883398891,-0.269561426,-0.24936158,-0.282500022,-0.17088185,6.10206372,0.067862475,0.028537432,0.024414199,0.109175452,0.505563995,-0.244762586,-0.223989502,-0.207690046,-0.307304992,4.137425229
0.074059789,0.042133431,0.029298069,0.124145791,0.788561787,-0.360805191,-0.276716607,-0.307027878,-0.070709688,5.71954203,0.049260739,0.026489063,0.027020876,0.076977296,0.577531906,-0.153395336,-0.169334604,-0.214686134,-0.469156281,5.001873329
0.066139324,0.037014047,0.030993568,0.117038467,0.541714149,-0.225686369,-0.273760764,-0.181937262,-0.160278046,4.661262315,0.059026834,0.027901358,0.030476025,0.107558982,0.479458319,-0.244139082,-0.211670826,-0.190683189,-0.416741897,3.874111524
0.070022228,0.033840356,0.035696625,0.114743587,0.604074889,-0.227202178,-0.216192724,-0.230099884,-0.331688899,4.967923653,0.062754485,0.025201092,0.025281799,0.088340611,0.664257875,-0.178466828,-0.161097778,-0.195575882,-0.459894114,5.037702626
0.080871272,0.033622634,0.040555368,0.133389711,0.625624069,-0.333995062,-0.26548745,-0.258047196,-0.216516095,4.119486807,0.054897941,0.023714938,0.022584672,0.088316395,0.656714889,-0.131921093,-0.223913804,-0.192649533,-0.4168805,5.819622077
0.058399765,0.037590891,0.035936953,0.116467382,0.718687559,-0.188550145,-0.281587036,-0.177852226,-0.382692606,5.629689525,0.068839116,0.024934774,0.029309831,0.105474981,0.595056901,-0.215294919,-0.224527309,-0.214832007,-0.386754344,4.089842783
0.069583936,0.034797943,0.038092359,0.12436001,0.746172775,-0.1674071,-0.212184896,-0.228354048,-0.343314145,5.937439198,0.065972673,0.028816316,0.029225746,0.09403321,0.452219321,-0.199972467,-0.242070855,-0.199950185,-0.333985697,4.080271199
0.080290875,0.04468743,0.042642735,0.14997336,0.659900754,-0.260056659,-0.306380641,-0.249115628,-0.125508476,5.17678688,0.060043412,0.02907131,0.02653384,0.090177,0.452697066,-0.142525695,-0.216838279,-0.196990489,-0.452153989,4.404001534
0.064808082,0.039856377,0.035207589,0.123449736,0.909598117,-0.404443381,-0.33641826,-0.292469319,0.002240753,6.313592035,0.06134663,0.025885538,0.0251024,0.091897352,0.677047644,-0.105170905,-0.17603944,-0.232195834,-0.491785795,5.594524178
0.067346287,0.030690425,0.033306703,0.114556553,0.756313779,-0.222898079,-0.156484597,-0.280510427,-0.321535894,5.712389495,0.053863673,0.023473518,0.025015065,0.086284048,0.611911967,-0.119469534,-0.214850161,-0.232870538,-0.504406103,4.921813048
0.071751245,0.032608573,0.033342907,0.118706781,0.68910999,-0.15672076,-0.267694974,-0.228999041,-0.342244708,5.413916317,0.059339425,0.025290896,0.026387564,0.097614633,0.439431559,-0.192895259,-0.201777419,-0.200381908,-0.468971701,4.12753898
0.072993803,0.041987344,0.033900223,0.134002238,0.830393894,-0.32285879,-0.247823853,-0.291332244,-0.100584524,5.150857832,0.069655561,0.030832487,0.028165645,0.113068058,0.463765487,-0.22931511,-0.215763074,-0.226011195,-0.323563118,3.556764383
0.067968338,0.035068946,0.041248299,0.11926261,0.493234244,-0.249544526,-0.190845344,-0.277832465,-0.376905941,3.745630233,0.059834678,0.031528277,0.024257423,0.092095149,0.537465731,-0.246163824,-0.209912254,-0.201756827,-0.44794545,4.058683166
0.067342932,0.030560744,0.030580615,0.106797088,0.575075466,-0.216886213,-0.235399384,-0.211248921,-0.364820461,4.312700312,0.058220025,0.029470564,0.027629734,0.09844826,0.573194693,-0.193064131,-0.158628214,-0.227070111,-0.372828929,4.467486292
0.077559406,0.046694256,0.035098031,0.149066237,0.506901922,-0.296448442,-0.231142442,-0.259125435,-0.207850935,4.191816222,0.056642362,0.028654556,0.025944116,0.086550865,0.505343201,-0.087423634,-0.161662639,-0.167624907,-0.488638307,5.023086861
0.068104817,0.030294453,0.041990145,0.123917863,0.702221483,-0.315640002,-0.282377623,-0.280690154,-0.08448173,4.97375332,0.066873357,0.026444995,0.025424387,0.08950974,0.44608998,-0.089883627,-0.198641427,-0.184055796,-0.591433761,3.87641092
0.054324686,0.033758024,0.035730633,0.085869487,0.78435968,-0.246898178,-0.300423685,-0.241410207,-0.215890285,5.660622437,0.066094517,0.029384672,0.024740921,0.108336677,0.45116629,-0.113485267,-0.108475636,-0.186946811,-0.698777132,4.04157135
0.063863424,0.03599477,0.029356375,0.100982582,0.645228494,-0.184247881,-0.252473913,-0.196409539,-0.31516891,4.771559321,0.056229557,0.02945788,0.022100572,0.085066797,0.578081008,-0.133000072,-0.188205604,-0.183377922,-0.499265441,4.846989091
0.073384682,0.038488039,0.047402689,0.128754152,0.489943804,-0.332812702,-0.231625238,-0.25392936,-0.213466469,3.944220331,0.06291504,0.028409467,0.031371045,0.099457172,0.426300441,-0.197999168,-0.22735352,-0.218854891,-0.366437558,4.053183016
0.065152277,0.042097409,0.033017577,0.12214672,0.518775728,-0.284379127,-0.269049559,-0.209780102,-0.310227242,4.275524476,0.065443389,0.026913969,0.026269799,0.107934197,0.482323675,-0.097451482,-0.20763551,-0.214811199,-0.458062554,4.49703795
0.078262639,0.046693101,0.032537031,0.140978787,0.656175551,-0.309357007,-0.268486007,-0.243395027,-0.237061377,5.105674982,0.07023123,0.03156761,0.026787298,0.102829933,0.485858038,-0.245220312,-0.203537758,-0.252576637,-0.413347038,3.783175181
0.055422056,0.028265162,0.032888461,0.10397899,0.813397166,-0.180994636,-0.251730681,-0.2140291,-0.3566391,5.939077962,0.058755296,0.027693524,0.026167363,0.099220946,0.516533181,-0.287015722,-0.219458215,-0.211522446,-0.353950271,3.992338578
0.059282953,0.045037542,0.036082144,0.115518422,0.752702916,-0.21691,-0.204162376,-0.27979611,-0.293023852,5.656833999,0.057565619,0.023709068,0.024897831,0.085902368,0.746873577,-0.131677643,-0.186020028,-0.224043505,-0.401255361,5.56892149
0.069319531,0.036025567,0.041785758,0.135650304,0.659745185,-0.289184751,-0.282554152,-0.25200703,-0.160948436,4.923637968,0.051355189,0.028672554,0.023388424,0.086288378,0.566903767,-0.131386744,-0.211176962,-0.23571274,-0.512759321,5.003397085
0.083545019,0.043740331,0.042323866,0.143561427,0.674237875,-0.257184488,-0.298526014,-0.190439055,-0.290508094,4.730561153,0.063039139,0.024495094,0.023506016,0.094040505,0.635563988,-0.159414187,-0.224012399,-0.204266148,-0.4326089,5.073000478
0.068822741,0.035811355,0.033377288,0.114594422,0.911427665,-0.418988151,-0.307752537,-0.317637776,0.015782842,6.384596267,0.053965616,0.024339013,0.028875832,0.084857542,0.521420253,-0.106668939,-0.183667439,-0.145334947,-0.580832641,4.779379306
0.067209065,0.035460184,0.038314169,0.118286187,0.54141976,-0.236298405,-0.202233974,-0.259591481,-0.322602064,4.555542609,0.057008141,0.028190836,0.028906287,0.095748227,0.478410937,-0.197576179,-0.223091839,-0.241235651,-0.287792771,4.256965846
0.068984442,0.031309328,0.034784478,0.120907345,0.845744513,-0.184419503,-0.251646044,-0.218259334,-0.332123646,5.99832588,0.062521622,0.030026696,0.025002205,0.100658032,0.455833611,-0.219614086,-0.222471723,-0.225787796,-0.426338552,4.224900408
0.067944352,0.033358031,0.036229873,0.110125458,0.572119525,-0.195940877,-0.217812567,-0.229896999,-0.258975203,5.172261461,0.063995317,0.0343571,0.025369648,0.100724613,0.51054057,-0.161157194,-0.168999408,-0.213596923,-0.580529913,4.415754142
0.05458909,0.037259999,0.03685288,0.105558611,0.775776696,-0.253471602,-0.188491782,-0.291701935,-0.217178761,5.408135846,0.058381656,0.029783516,0.031634741,0.091727437,0.420556714,-0.202195586,-0.138737036,-0.228033665,-0.418331489,3.997945626
0.065280625,0.042183126,0.041187227,0.118943012,0.847723898,-0.259788071,-0.300809138,-0.282688855,-0.105667627,5.78617538,0.059816838,0.028096635,0.028376037,0.092556581,0.437752397,-0.284980843,-0.189630633,-0.247251462,-0.326179348,3.518236489
0.065975741,0.033623857,0.031188719,0.105061354,0.734206564,-0.240129757,-0.278143353,-0.190496299,-0.307746502,5.603270308,0.064797495,0.028117458,0.026487901,0.104174401,0.503497435,-0.192894829,-0.173754754,-0.168682633,-0.435131623,4.204155697
0.069577792,0.034425362,0.034968541,0.115355436,0.829541987,-0.218803477,-0.202306646,-0.325701207,-0.278585609,5.325463056,0.056195879,0.02859505,0.029364857,0.097336224,0.471435346,-0.126736127,-0.211804085,-0.192513927,-0.535437561,4.913210365
0.063995534,0.039670174,0.039395626,0.115270265,0.972742217,-0.284864883,-0.320571905,-0.279581151,-0.152914659,6.585297441,0.069065788,0.025586345,0.028498001,0.106330766,0.522007455,-0.183198049,-0.185826395,-0.20442391,-0.483549851,4.382371472
0.06606519,0.029781577,0.029744018,0.114841193,0.970633664,-0.220693013,-0.22570331,-0.260880415,-0.206901698,6.681295632,0.06200904,0.028663678,0.029837721,0.108013098,0.458153999,-0.17032444,-0.206765143,-0.192735742,-0.437358745,3.792443643
0.079559796,0.036744043,0.031669715,0.130129195,0.553282424,-0.243394706,-0.232234968,-0.253354918,-0.262665029,4.319684789,0.069569422,0.028459487,0.027601187,0.102736806,0.44349275,-0.157382694,-0.193885836,-0.195661559,-0.493882409,3.779291094
0.07807928,0.034942893,0.037915232,0.119509906,0.718053716,-0.261174215,-0.260376324,-0.225893519,-0.287013022,4.842720536,0.063318045,0.026654719,0.025741752,0.103753133,0.465679413,-0.274913759,-0.239435731,-0.224284556,-0.384214748,4.266027585
0.073038109,0.039509133,0.051508267,0.142190236,1.022613723,-0.341862667,-0.289176541,-0.366770377,-0.028937575,6.230955384,0.06685582,0.027661424,0.030676148,0.118929268,0.491034645,-0.092343406,-0.21548477,-0.169669437,-0.52029186,4.137322602
0.076549003,0.041493484,0.037346233,0.134892328,0.760278052,-0.258347965,-0.285928525,-0.225317072,-0.265368308,5.336099484,0.05914038,0.027508351,0.02721739,0.091041411,0.389782053,-0.169907533,-0.218813199,-0.201888074,-0.372985681,3.482596508
0.072991138,0.032952965,0.044002331,0.139203865,0.588878442,-0.370796515,-0.287066258,-0.316983312,-0.100732157,4.165828935,0.057008289,0.022158487,0.022748639,0.084778042,0.59663764,-0.085039643,-0.202809987,-0.225074086,-0.489925378,5.067516403
0.073121334,0.042147368,0.030298633,0.131730905,0.65321582,-0.126415271,-0.224756593,-0.194007764,-0.540842407,5.31882565,0.060416396,0.024031516,0.031231051,0.09613355,0.580311556,-0.072494392,-0.18681054,-0.12740175,-0.618311962,4.719485806
0.062816095,0.034531613,0.032637254,0.112223058,0.645651764,-0.290694826,-0.269077287,-0.225184446,-0.132509891,5.16253944,0.064807081,0.03021584,0.028542211,0.101183392,0.536145534,-0.130507606,-0.165765991,-0.217474441,-0.508735384,4.376058593
0.065873231,0.038547931,0.035031393,0.11283949,0.717428221,-0.268468478,-0.225635316,-0.218129473,-0.344540414,5.397743573,0.065941701,0.032103046,0.029257293,0.108095042,0.498851229,-0.189300297,-0.148073794,-0.17967994,-0.504175298,4.34789422
0.077393289,0.032515026,0.045362281,0.129819267,0.793309078,-0.330783379,-0.26315013,-0.273343703,-0.161295092,5.086079949,0.061545598,0.026866792,0.024147938,0.091345436,0.583885093,-0.064293524,-0.213833479,-0.196826632,-0.577834324,4.906758147
0.070525313,0.027813092,0.031333316,0.10936774,0.657760506,-0.214295862,-0.210239797,-0.222540948,-0.334305072,5.211889818,0.05824135,0.023178456,0.026921828,0.094383605,0.526252754,-0.152491907,-0.217667091,-0.182123698,-0.486449931,4.444956617
0.063132032,0.03462635,0.038230888,0.113659239,0.665783872,-0.157970944,-0.181100541,-0.229721926,-0.423020268,5.331833019,0.071347895,0.032115069,0.033624824,0.112552725,0.422247994,-0.141573091,-0.183723147,-0.168593663,-0.532107474,3.715731168
0.078366306,0.037122601,0.037256069,0.138634928,0.684003096,-0.33626937,-0.26922941,-0.236841728,-0.182503807,5.069622564,0.054985625,0.024131908,0.027526512,0.094867463,0.521292198,-0.141922937,-0.160536516,-0.216024779,-0.537508495,5.04545427
0.077895931,0.054216909,0.030613203,0.164347002,1.241091308,-0.254427315,-0.338947197,-0.163637998,-0.233807276,5.41695014,0.060685533,0.028643392,0.02894704,0.09756006,0.468344012,-0.07611551,-0.160966299,-0.199360301,-0.603907675,4.485882095
0.071692987,0.039350393,0.041516341,0.13639414,0.595560964,-0.237177109,-0.327931776,-0.259795739,-0.241829534,4.265585618,0.065370895,0.031563295,0.029937408,0.0936073,0.478471158,-0.129727367,-0.129526584,-0.145136049,-0.598119967,3.816228745
0.067424587,0.04122925,0.045460856,0.119790665,0.652039311,-0.278971289,-0.297585908,-0.266899749,-0.123930391,4.885798782,0.059174118,0.024598187,0.029781545,0.094748137,0.576108129,-0.155688522,-0.200173396,-0.260158336,-0.331419745,4.995340492
0.06913278,0.029001007,0.032902263,0.103600486,0.862695931,-0.346302342,-0.232788465,-0.292276245,-0.124879835,5.36202251,0.066250147,0.026460728,0.02652508,0.102179348,0.463873667,-0.243180495,-0.228293405,-0.211795649,-0.342941688,4.36619161
0.072107721,0.037903891,0.037363197,0.125772338,0.58501584,-0.253173647,-0.191249001,-0.244389928,-0.420444085,4.279915903,0.068462111,0.026826182,0.028319427,0.099072963,0.500077929,-0.212852486,-0.233207528,-0.258757042,-0.377022107,4.195288546
0.067229651,0.039049598,0.032931793,0.125531182,0.63589092,-0.280126197,-0.263475081,-0.202595398,-0.226758039,4.680750182,0.058348579,0.028813072,0.026780263,0.09301989,0.436455105,-0.178041748,-0.140841464,-0.212223492,-0.464252665,4.327776628
0.070750379,0.038502967,0.038053307,0.124314491,0.769763618,-0.343914646,-0.297358693,-0.278570213,-0.055014006,5.160850522,0.067746603,0.025666909,0.02526351,0.099254982,0.478599127,-0.212331741,-0.241570512,-0.186674832,-0.460385377,4.032121074
0.068388538,0.035276325,0.045523489,0.118737013,0.589060501,-0.316060336,-0.27210389,-0.244199519,-0.162574668,4.645768922,0.061283903,0.030478469,0.032883594,0.093509271,0.502193204,-0.279653194,-0.206194901,-0.242260973,-0.312362024,3.935560386
0.077190214,0.032749802,0.040749768,0.129694352,0.770287327,-0.342264501,-0.255219097,-0.256556526,-0.135546062,4.717176238,0.06701213,0.028798708,0.025872966,0.09593247,0.430134162,-0.167651949,-0.158018198,-0.181155275,-0.560289504,3.571885874
0.073510604,0.036772867,0.036720491,0.122874399,0.762802946,-0.26999406,-0.248361122,-0.273692755,-0.261827889,5.242863344,0.076522026,0.028315403,0.035679691,0.130021303,0.413074825,-0.135118144,-0.214128706,-0.193087408,-0.617601991,3.56150143
0.068880572,0.038424815,0.038579663,0.119820652,0.758297847,-0.352096016,-0.261122306,-0.324881449,-0.132767182,4.721387275,0.055749753,0.02085993,0.023070266,0.083572196,0.611222356,-0.143317965,-0.21362117,-0.193809079,-0.413489677,4.620686876
0.055955613,0.028165563,0.026340372,0.088435914,0.63580678,-0.177607368,-0.221483641,-0.254188229,-0.317415749,5.11932357,0.067075929,0.026413158,0.026254811,0.108529983,0.530206737,-0.125796196,-0.162486598,-0.189963621,-0.575940276,4.598822224
0.078130545,0.043194566,0.038723031,0.154405958,0.823179301,-0.314005384,-0.262541514,-0.293092011,-0.089061274,5.139220725,0.053317561,0.028156643,0.029139846,0.096671637,0.72438342,-0.133786737,-0.198930371,-0.197010884,-0.473549911,4.873134311
0.060774495,0.036827279,0.038754616,0.101012626,0.808959507,-0.24005315,-0.195200304,-0.292870619,-0.227885047,5.696677544,0.060107786,0.028390391,0.029220217,0.092066521,0.478805228,-0.274211102,-0.245606217,-0.201956577,-0.340245887,3.921286188
0.059047025,0.029269011,0.029151227,0.108945349,0.803492786,-0.243271032,-0.21398658,-0.222293793,-0.315686775,5.618580387,0.057182387,0.024484933,0.026134388,0.095612091,0.513990293,-0.03621576,-0.180737195,-0.17434669,-0.536884947,4.635155195
0.065531688,0.034219617,0.037668232,0.115200819,0.659580951,-0.31903869,-0.270398336,-0.248932762,-0.192655575,4.612975285,0.066534156,0.027463397,0.024084483,0.097787241,0.452915861,-0.231099671,-0.204568795,-0.236394897,-0.340324309,3.869296691
0.06636062,0.034625613,0.03915815,0.114620389,0.85890055,-0.262374399,-0.27205057,-0.249729536,-0.216116855,6.131165867,0.064205187,0.025869083,0.023819379,0.099448239,0.482317268,-0.061107828,-0.164620263,-0.139883675,-0.644893997,4.075490775
0.090051088,0.044343111,0.041160912,0.155168601,0.475076875,-0.24763433,-0.279269488,-0.181873914,-0.351116099,3.484259451,0.061669666,0.027269393,0.030991734,0.097680761,0.53669958,-0.106827764,-0.182753969,-0.190459479,-0.570864075,4.575018726
0.062990054,0.027110983,0.036965913,0.106582194,0.793040258,-0.181672097,-0.244413757,-0.211117831,-0.331532256,6.177041762,0.056486403,0.026858668,0.024633286,0.095347393,0.440451771,-0.259266667,-0.223700674,-0.216671034,-0.353875388,3.988369632
0.060007554,0.039358246,0.032762954,0.10931338,0.811234124,-0.362447677,-0.1600362,-0.319273851,-0.118858283,5.360214259,0.067691647,0.025501514,0.029097587,0.106321537,0.508159442,-0.092962617,-0.154285846,-0.212644336,-0.494356065,4.417664821
0.062533052,0.03346266,0.0393268,0.116089727,0.597490046,-0.2495777,-0.223564662,-0.248400216,-0.248248945,4.160779584,0.063388759,0.030928507,0.028444328,0.096134581,0.524279956,-0.187302696,-0.182078879,-0.225893555,-0.337981737,4.224357285
0.064965275,0.036224929,0.032895169,0.110189758,0.704198092,-0.27535995,-0.272256052,-0.2891504,-0.072428762,5.086357209,0.062768753,0.027265451,0.023641625,0.091339664,0.571918314,-0.127141,-0.17569518,-0.160404048,-0.549293922,4.830851139
0.077578025,0.030335022,0.04006712,0.128655979,0.71083749,-0.248082862,-0.258189381,-0.229588697,-0.280009791,5.011730094,0.066700455,0.033782472,0.026277212,0.101907489,0.448162821,-0.144091456,-0.164266699,-0.19408153,-0.507727909,3.653059939
0.054332863,0.028689094,0.030396247,0.092513908,0.691772945,-0.149724758,-0.248851006,-0.233205875,-0.300487433,5.58326932,0.065753239,0.033750093,0.027539428,0.103583518,0.438747241,-0.118604514,-0.162888199,-0.191546954,-0.569239744,3.823883627
0.071178056,0.032465237,0.032960792,0.119722819,0.691259437,-0.209494355,-0.219037019,-0.241114038,-0.290620318,4.991743495,0.063548551,0.027452028,0.025632223,0.102593737,0.443773975,-0.175337045,-0.219327653,-0.231692298,-0.378331124,4.537764804
0.068286912,0.034942982,0.039106902,0.126802966,0.916215149,-0.284305312,-0.264889047,-0.278965318,-0.178195313,5.815170017,0.060463195,0.028577011,0.020590808,0.096266248,0.5717679,-0.132052988,-0.196411872,-0.196831095,-0.513459777,4.228538077
0.058175962,0.031832346,0.040838291,0.116751536,0.794005664,-0.231996169,-0.277065169,-0.265213173,-0.270848716,5.448548573,0.059414558,0.026827709,0.025446705,0.094399213,0.523721882,-0.109314731,-0.175493578,-0.213700476,-0.582392143,4.715100323
0.064134255,0.04079885,0.036447715,0.117578097,0.658139293,-0.289793114,-0.307564129,-0.255412942,-0.186624655,4.463758068,0.051706224,0.025968639,0.025730528,0.08189709,0.558786675,-0.085173073,-0.154411107,-0.215849172,-0.515896607,4.553634574
0.067502341,0.034158275,0.03535472,0.121102866,0.676553685,-0.191228306,-0.190296453,-0.26788329,-0.347356901,5.283216817,0.06234404,0.027312867,0.025722614,0.100035155,0.557243865,-0.135004097,-0.227951695,-0.214157682,-0.360212287,4.741595926
0.071701625,0.034422733,0.029548086,0.113949524,0.664870816,-0.15226993,-0.217560141,-0.227672953,-0.422114212,5.571349722,0.05571671,0.026751457,0.02760815,0.088270415,0.605482763,-0.179452266,-0.237283379,-0.178192218,-0.432280469,4.365695821
0.082306213,0.038910583,0.041489068,0.145010054,0.467872752,-0.329045438,-0.216616823,-0.278114565,-0.181790564,3.635769433,0.058705999,0.024616376,0.027037503,0.092846675,0.502960295,-0.102283635,-0.214063946,-0.187479194,-0.441016637,4.555469686
0.06709441,0.035183377,0.03849689,0.110162646,0.626106347,-0.258796519,-0.252573732,-0.200277218,-0.332491892,4.975633313,0.05832249,0.032577803,0.029061643,0.098648082,0.529173817,-0.260022661,-0.195880825,-0.195095002,-0.337945699,4.407016039
0.06496048,0.042075573,0.03281868,0.124308532,0.587570269,-0.20866552,-0.249651289,-0.318977901,-0.217959878,4.944686702,0.073246954,0.029783873,0.031847591,0.107545265,0.408558758,-0.125153436,-0.16773732,-0.176456282,-0.540214747,3.566981302
0.070423371,0.034990591,0.038906805,0.125221623,0.71373935,-0.361996028,-0.308660445,-0.316349961,-0.094879925,4.202726214,0.070870122,0.030721463,0.033961298,0.10719114,0.475928661,-0.086830467,-0.183528031,-0.170854303,-0.540171769,4.180135411
0.071780563,0.030787589,0.040028733,0.123679751,0.630545256,-0.350319554,-0.230067794,-0.267313354,-0.178214981,4.847080817,0.050026231,0.023958422,0.020276733,0.082128158,0.655873682,-0.106018692,-0.241595826,-0.227556595,-0.336509316,5.677259369
0.067638184,0.038091884,0.034066078,0.11616579,0.655527645,-0.145883661,-0.259112988,-0.211088235,-0.39924206,5.006437219,0.068660874,0.030522196,0.027267241,0.110221574,0.532284234,-0.230326525,-0.203446066,-0.276772722,-0.277582508,4.284998709
0.072487596,0.038291569,0.049398373,0.132967539,0.710092044,-0.223880842,-0.222923797,-0.229191244,-0.283451587,5.009935564,0.062728396,0.03350363,0.02708282,0.09679545,0.41613334,-0.202730022,-0.210608906,-0.234229717,-0.441002979,3.742677794
0.061933107,0.036150002,0.036198151,0.109681157,0.724353065,-0.219499749,-0.253354486,-0.254668251,-0.240976967,5.459713682,0.060502443,0.027580301,0.022783107,0.09253928,0.543420079,-0.226947324,-0.202085423,-0.233640325,-0.385298409,4.261556368
0.060068701,0.033871646,0.031716244,0.099074423,0.71142091,-0.37043808,-0.224439903,-0.31102307,-0.03588951,5.240689706,0.065399174,0.027924769,0.032917278,0.095310263,0.474232408,-0.077729465,-0.190894175,-0.184314416,-0.550354522,4.455010248
0.066295222,0.035308001,0.035909403,0.130841527,0.989238362,-0.207532262,-0.303912879,-0.246639931,-0.221613024,6.287873041,0.061034203,0.025784558,0.028709753,0.10737113,0.460933582,-0.150705686,-0.232769802,-0.207351144,-0.469896278,4.348976362
0.075031592,0.039326579,0.038839565,0.141641549,0.773369177,-0.173520819,-0.265880239,-0.283269503,-0.309605458,5.409173143,0.066322762,0.027366359,0.033121473,0.126052064,0.455945071,-0.145762793,-0.208040242,-0.166173553,-0.458224419,4.378448898
0.072628686,0.04564331,0.03529055,0.135796367,0.566701426,-0.266007496,-0.25221968,-0.256771614,-0.308643228,4.27938684,0.075747654,0.027901427,0.033804961,0.115787156,0.42426756,-0.204581104,-0.202974124,-0.228693671,-0.455675167,3.644808997
0.067248503,0.030297117,0.03547222,0.127675442,0.966718578,-0.407643118,-0.32560597,-0.304795045,0.103536017,5.806959252,0.070304667,0.025405971,0.028092921,0.102892098,0.497063339,-0.178456382,-0.190325648,-0.236170308,-0.433183257,4.14190737
0.066932504,0.041754925,0.040498006,0.111425286,0.805112569,-0.323911275,-0.257879514,-0.290236536,-0.10594654,5.821735646,0.06624624,0.027004501,0.023719314,0.093127622,0.508588531,-0.229187425,-0.227429515,-0.211582914,-0.352191871,4.027358619
0.073227695,0.038551615,0.041750277,0.132105798,0.703476511,-0.320694974,-0.21651389,-0.314223179,-0.199487187,5.297769846,0.061070085,0.026328015,0.026164092,0.102258533,0.467782409,-0.144819763,-0.189005255,-0.206266147,-0.50873298,4.467503529
0.065040942,0.032339265,0.034216859,0.114958096,0.813332083,-0.156055291,-0.237643458,-0.270578888,-0.26254414,6.016186217,0.055491399,0.024792371,0.023760003,0.091592423,0.631397236,-0.096040972,-0.150418367,-0.158481484,-0.561078307,5.172566834
0.071753375,0.031358674,0.034376283,0.131238833,1.155341652,-0.414695956,-0.307089856,-0.318438159,0.111997953,7.352154878,0.070282123,0.027357249,0.03067717,0.105881553,0.449402706,-0.187749258,-0.196386299,-0.20314484,-0.461829444,3.959561163
0.078409678,0.044097148,0.034064287,0.140741672,0.760672244,-0.291237717,-0.327335247,-0.31572855,-0.058560603,5.676725985,0.056077511,0.024524823,0.025045747,0.087702436,0.515315739,-0.094921807,-0.185938522,-0.193264162,-0.41429901,4.857301429
0.063635703,0.03576655,0.031091504,0.103321245,0.574560001,-0.167053275,-0.232283619,-0.247919717,-0.386568639,4.433659269,0.064505791,0.024495986,0.028013027,0.101554823,0.510861094,-0.217365058,-0.183745272,-0.184123226,-0.501552197,4.515123315
0.07411513,0.036071997,0.034909582,0.119221207,0.744547406,-0.289384265,-0.231089734,-0.30142353,-0.166700193,5.372698403,0.0703964,0.031687599,0.032144846,0.117177892,0.465433429,-0.133800277,-0.240552551,-0.217036299,-0.399001213,4.305223843
0.061443665,0.036172287,0.03929363,0.115392316,0.791702341,-0.276719899,-0.252707916,-0.280565647,-0.243194653,5.602114608,0.055887463,0.023167697,0.023679589,0.089559554,0.616263381,-0.154169406,-0.214090532,-0.176099108,-0.522248788,5.23668749
0.062663556,0.034289248,0.028921844,0.104805193,0.702050859,-0.213241534,-0.221875151,-0.238263303,-0.328194253,5.278454724,0.069762715,0.03261975,0.031145863,0.110396886,0.549565128,-0.139695908,-0.222180517,-0.148371899,-0.532499735,4.376208039
0.075663311,0.037154412,0.037492742,0.123913063,0.625006268,-0.16643542,-0.222707644,-0.207827367,-0.415227427,4.922719285,0.066884992,0.028897716,0.030374867,0.115693216,0.4673971,-0.063774373,-0.152272442,-0.22687438,-0.527887819,3.922419389
0.07163066,0.03490984,0.042165729,0.133128251,0.789019063,-0.275807929,-0.273853526,-0.303577801,-0.037860886,5.456252687,0.052704395,0.024492289,0.025034286,0.083302503,0.550273232,-0.104981472,-0.228009263,-0.189988924,-0.516807126,5.412163494
0.072916358,0.03678519,0.036962945,0.128237445,0.790775953,-0.327035908,-0.267228028,-0.267935254,-0.154706723,5.915101465,0.060121799,0.031998512,0.028083603,0.104158142,0.540093883,-0.227525004,-0.214414,-0.261978093,-0.319993324,4.753613325
0.073458205,0.037893901,0.039920671,0.119909435,0.568373573,-0.265095238,-0.231953217,-0.234299187,-0.234498911,4.342242102,0.057876017,0.028164779,0.029025152,0.092690008,0.450934997,-0.200606936,-0.196389792,-0.174374499,-0.507596071,3.999587275
0.090448193,0.044584263,0.042282376,0.150711268,0.812294677,-0.23894144,-0.243788705,-0.2065901,-0.25190802,4.932526628,0.067714505,0.029757001,0.032171192,0.097706241,0.484849167,-0.158877778,-0.20623993,-0.213126486,-0.473302337,4.093723503
0.067615088,0.031533517,0.036556898,0.120575696,0.629118054,-0.191575787,-0.187596904,-0.245428573,-0.371285375,5.073825858,0.06125128,0.028092289,0.024920965,0.100716986,0.473011202,-0.178172726,-0.166287467,-0.225407523,-0.506659855,4.426300067
0.072028887,0.038047896,0.028689103,0.119364835,0.648960377,-0.367016519,-0.233688026,-0.267980264,-0.20323912,4.326452788,0.062777109,0.025624925,0.025985037,0.099645844,0.523872754,-0.181275662,-0.163374469,-0.183184458,-0.461793082,4.75888789
0.071666817,0.035508717,0.039012566,0.119083028,0.642452395,-0.297547763,-0.316024417,-0.254956885,-0.211585073,4.537723025,0.067336841,0.025485359,0.03058788,0.104422518,0.473333329,-0.243376111,-0.220496638,-0.203501848,-0.368913872,4.587783006
0.077256405,0.045072761,0.038942147,0.138061839,0.654571675,-0.20903713,-0.269888716,-0.207014175,-0.283250968,4.832585503,0.072071503,0.028067995,0.026535271,0.104412275,0.460023215,-0.220673959,-0.182471291,-0.222544425,-0.409194813,3.815010465
0.076657037,0.040158021,0.038832648,0.130984628,0.600534664,-0.24228462,-0.205592371,-0.266868421,-0.26122568,4.62374845,0.064582227,0.026166228,0.02444395,0.095242204,0.648522712,-0.199231789,-0.19341049,-0.25510445,-0.332015644,4.892062853
0.068484537,0.042460293,0.041639789,0.116516393,0.743222293,-0.356123052,-0.316758503,-0.269508312,-0.066412271,4.694748629,0.073374342,0.030290307,0.026949672,0.125566811,0.384422159,-0.285690836,-0.226438933,-0.215752155,-0.310877594,3.444559125
0.065760961,0.028921828,0.032604879,0.110152789,0.94898344,-0.208161443,-0.252159676,-0.263957552,-0.32246246,5.411246198,0.062806923,0.029448756,0.028386039,0.105359628,0.535562087,-0.147221582,-0.218145756,-0.170686513,-0.465651342,4.484753651
0.073467034,0.035361272,0.038019901,0.123652771,0.628960256,-0.240807618,-0.284727991,-0.238624319,-0.336697956,5.115560764,0.062427865,0.028680509,0.02917041,0.107019183,0.491764751,-0.233704357,-0.196595669,-0.197967703,-0.389819542,4.060099741
0.063639223,0.038534682,0.041236995,0.117065251,0.653771305,-0.191773935,-0.22766616,-0.261983758,-0.339459655,4.65946593,0.067077992,0.032121821,0.03058788,0.11713866,0.425967147,-0.204803177,-0.196529587,-0.230328818,-0.399241653,3.515611688
0.06202343,0.033005009,0.030521991,0.106891647,0.819424813,-0.265538937,-0.296088891,-0.207267991,-0.204156617,5.728020118,0.059508218,0.028538498,0.031812319,0.093548628,0.455679839,-0.208633478,-0.207787212,-0.196927825,-0.444454284,3.971300977
0.063340896,0.036995125,0.026547889,0.114837998,0.814461814,-0.264848023,-0.27584902,-0.247089513,-0.195651081,5.952874836,0.064690502,0.03146491,0.030366737,0.108553874,0.554945091,-0.224502666,-0.209295153,-0.240117968,-0.326930498,4.442227683
0.080964361,0.039872141,0.046777362,0.148540867,0.563198868,-0.258859543,-0.253596287,-0.245627854,-0.373935293,3.992550152,0.07171762,0.029951166,0.034212772,0.109515503,0.441971631,-0.150374363,-0.19623543,-0.161466829,-0.544215295,3.258844615
0.076130681,0.0429383,0.035715559,0.140389856,0.596175258,-0.208729239,-0.20691144,-0.22068452,-0.402247718,4.776758707,0.063523453,0.025683513,0.028339779,0.082364666,0.412117061,-0.268051037,-0.244158012,-0.229790179,-0.315740721,3.595213039
0.065163459,0.035825705,0.036998627,0.117113229,0.699617603,-0.27407388,-0.23949644,-0.273591383,-0.2145289,5.167741721,0.064460798,0.030548665,0.025356564,0.107356025,0.658648334,-0.115823381,-0.175162234,-0.180215191,-0.451118993,4.863964111
0.072160347,0.040541729,0.046451327,0.119623959,0.520971499,-0.270236313,-0.258721958,-0.208858069,-0.252683741,3.897474453,0.05434359,0.027569237,0.029438331,0.098247451,0.538661577,-0.17185053,-0.229196817,-0.213099082,-0.387126769,4.588629142
0.067073265,0.034327276,0.030028868,0.113325414,0.577884922,-0.184204659,-0.232372193,-0.19215792,-0.440033168,4.628466471,0.062760156,0.024804415,0.025067587,0.093402248,0.584402746,-0.240893398,-0.221610086,-0.219372624,-0.267951909,4.54783598
0.056352901,0.039084871,0.033020019,0.120720055,0.905130431,-0.245058596,-0.327686315,-0.249550825,-0.100092277,5.998414104,0.074674525,0.029911379,0.02857132,0.116701231,0.472417588,-0.06834086,-0.144313742,-0.215048719,-0.492574502,4.342431718
0.0726429,0.041082338,0.032917692,0.128763215,0.677347802,-0.345204951,-0.232262867,-0.329477794,-0.05060163,5.317936799,0.058884404,0.026764474,0.024757063,0.094557638,0.435880657,-0.161838978,-0.214456151,-0.233423733,-0.512689132,3.985279564
0.066583723,0.029732427,0.033981962,0.100672579,0.635268438,-0.132871558,-0.215616924,-0.226130923,-0.455054156,5.426366801,0.058968037,0.028622117,0.032144609,0.10080626,0.512824801,-0.278674376,-0.217003045,-0.251931156,-0.254797953,3.81776418
0.078891565,0.038558765,0.046461392,0.148153184,0.673936557,-0.29842975,-0.274022952,-0.261234465,-0.182128362,4.71634199,0.052328704,0.024278613,0.031063046,0.08243911,0.577857575,-0.111804046,-0.184821436,-0.174096883,-0.519464625,5.283587815
0.08828539,0.040450733,0.045750415,0.158107095,0.700333745,-0.349779771,-0.211127278,-0.326313642,-0.1272334,5.088571996,0.065146874,0.028528115,0.027175458,0.098460794,0.405778304,-0.23246183,-0.237296872,-0.199886139,-0.339191041,3.656206047
0.078383204,0.036594005,0.036512212,0.140418154,0.749682565,-0.236752308,-0.233797919,-0.252145373,-0.260311418,5.577290617,0.053353877,0.025034244,0.028293461,0.084415541,0.476565071,-0.054403382,-0.12899131,-0.214048597,-0.603847356,4.40980708
0.064011699,0.031365425,0.039457356,0.112927348,0.702395976,-0.26631725,-0.224197116,-0.308705682,-0.171947825,4.773835777,0.057285356,0.024026588,0.020842782,0.093882644,0.567946143,-0.052618945,-0.158140446,-0.217647892,-0.483237698,5.193181173
0.072295828,0.030751009,0.031785194,0.117970766,0.552582876,-0.173657536,-0.236606984,-0.21732669,-0.398423012,4.69925567,0.058522555,0.029749447,0.025022776,0.099280387,0.539526633,-0.042203761,-0.207389405,-0.186288832,-0.530774681,4.902579042
0.067863288,0.036783974,0.031558856,0.135719771,0.775873624,-0.286855228,-0.279154039,-0.265566822,-0.095166001,5.919521545,0.065539665,0.027308689,0.026090349,0.102665596,0.454205249,-0.058466655,-0.170950796,-0.196817317,-0.566061921,4.751923177
0.072115172,0.033743646,0.035916234,0.117741628,0.638107824,-0.229025849,-0.178040274,-0.258802164,-0.31703654,4.805188914,0.079633946,0.03016615,0.032582184,0.125487349,0.43085722,-0.205115959,-0.216155738,-0.2254275,-0.498623434,3.388409976
0.0611737,0.030731016,0.038947484,0.11616682,0.815489201,-0.222868412,-0.281928917,-0.264778068,-0.193923835,6.564729584,0.054879746,0.024561749,0.024920177,0.086676774,0.607826812,-0.147356865,-0.215532323,-0.243705384,-0.348429202,4.864351473
0.066759612,0.036375618,0.037583516,0.137820871,0.633472098,-0.286846798,-0.266955728,-0.285448177,-0.085803676,5.086469249,0.062208398,0.029286268,0.026798999,0.100258351,0.512642525,-0.150526077,-0.193479331,-0.147878803,-0.532939598,4.211978741
0.066241841,0.03322648,0.034476818,0.108904602,0.604905434,-0.115905916,-0.179870071,-0.219219583,-0.467022131,4.465543232,0.062735537,0.030281721,0.02906376,0.094559144,0.44370042,-0.076458605,-0.152709337,-0.20652401,-0.672216809,3.406147753
0.068673388,0.039331507,0.046946742,0.142325318,0.712346096,-0.318881328,-0.231502836,-0.343784968,-0.117060814,4.479551006,0.072060916,0.033197458,0.02827033,0.108571776,0.447638493,-0.106828988,-0.154590466,-0.204245428,-0.570930827,3.906095754
0.066662039,0.030056194,0.033881736,0.122184845,0.877205602,-0.28506916,-0.293828151,-0.277351016,-0.050169509,6.41493674,0.059840026,0.029779396,0.028511168,0.09985574,0.416072316,-0.186424934,-0.221265807,-0.210552618,-0.382796688,3.986677691
0.074402137,0.040219546,0.035770007,0.135359885,0.744627473,-0.251061617,-0.25640704,-0.24943533,-0.222698325,5.426747216,0.065739869,0.02820856,0.032441319,0.108739723,0.455201123,-0.100711293,-0.154535411,-0.172667409,-0.618145571,4.022089337
0.069547195,0.030734005,0.036849985,0.107091074,0.697337559,-0.207645006,-0.237356268,-0.307894901,-0.23641271,5.182860518,0.060584317,0.026331752,0.029879216,0.112748791,0.461891757,-0.103143404,-0.223105666,-0.186954534,-0.53124688,3.596087793
0.06764384,0.03913268,0.034128777,0.111166852,0.742633102,-0.218179437,-0.200931604,-0.270859557,-0.310771328,5.284520434,0.077529371,0.027354814,0.031393886,0.122421714,0.482684859,-0.129206215,-0.199966705,-0.143757789,-0.611412164,3.647642055
0.076468005,0.036951966,0.037723595,0.137981162,0.584634481,-0.114261862,-0.215294784,-0.193557278,-0.503355144,4.872922377,0.061389461,0.027671655,0.030080001,0.103574313,0.526167516,-0.08204176,-0.190009955,-0.154687515,-0.590504476,4.654561079
0.057806924,0.038437478,0.030737885,0.106226931,0.737521021,-0.239563017,-0.240469273,-0.297753918,-0.231513484,5.617690883,0.054638091,0.024384149,0.022335731,0.086094456,0.705730248,-0.212918665,-0.239836986,-0.202672599,-0.407353733,5.017412218
0.069633826,0.031534243,0.031368285,0.116048226,0.52922779,-0.145964745,-0.248316165,-0.14270174,-0.429673669,4.689009529,0.058242476,0.02474063,0.027690713,0.090286607,0.50296461,-0.041891158,-0.218075566,-0.14793953,-0.594457879,4.617773764
0.07981991,0.042267764,0.036625353,0.129507177,0.645820508,-0.236069851,-0.260113121,-0.20427528,-0.306037751,4.512814954,0.066783866,0.02761616,0.028332115,0.101561258,0.534417871,-0.108866572,-0.144429365,-0.227851572,-0.547113759,4.227198115
0.062216484,0.037183836,0.033030792,0.124310141,0.749224206,-0.210914487,-0.263204265,-0.240471504,-0.302038635,5.433172522,0.069806633,0.031366565,0.029713415,0.099793966,0.418925403,-0.209281277,-0.198585405,-0.228598518,-0.387134586,3.60680486
0.062108448,0.034452156,0.025615668,0.108064458,0.690806443,-0.192684419,-0.240089057,-0.212770156,-0.368372828,5.193754562,0.057114725,0.024876771,0.023862964,0.087080185,0.538709898,-0.169187507,-0.223520866,-0.21799737,-0.376448461,4.20118013
0.077550765,0.039056287,0.037702853,0.149353519,0.705952911,-0.234324613,-0.268700664,-0.173210317,-0.280014496,4.761493561,0.055875547,0.030022564,0.02170642,0.083093794,0.608674944,-0.281430403,-0.214633649,-0.244255743,-0.26606134,4.805731595
0.069484428,0.035809533,0.042149841,0.118776941,0.733538968,-0.240489476,-0.252692395,-0.235231241,-0.287136686,5.308584624,0.058803094,0.026995658,0.025820218,0.091337911,0.605921934,-0.141366216,-0.164903189,-0.226555535,-0.409054552,5.021122112
0.067174741,0.031359335,0.039646044,0.128137937,0.776119631,-0.365541317,-0.24635131,-0.335872359,-0.082153177,5.322101485,0.061603887,0.026868792,0.027141234,0.09779911,0.504821159,-0.151038872,-0.221442339,-0.185211054,-0.490722855,4.556496274
0.064524432,0.038777949,0.033986828,0.105284013,0.662773315,-0.373045516,-0.300890682,-0.302489866,-0.062015373,5.214790553,0.066340302,0.029421503,0.028551305,0.107582724,0.424479069,-0.149304414,-0.184756317,-0.214484234,-0.379856004,3.958099018
0.071843035,0.036400897,0.037921685,0.136517547,0.778986932,-0.254045891,-0.24566517,-0.300538212,-0.164098941,5.671963068,0.066600505,0.024558432,0.029665993,0.109477466,0.568731027,-0.101336951,-0.198924154,-0.140225656,-0.466042517,4.57141531
0.068646718,0.033494951,0.033552854,0.109613663,0.961832306,-0.325381997,-0.270037254,-0.297265758,-0.162732589,6.288011107,0.061897268,0.027699185,0.029130004,0.100201076,0.479910803,-0.020361035,-0.196168064,-0.160550875,-0.644487943,4.267292092
0.076224324,0.048239334,0.033868614,0.14856702,0.844195258,-0.313027283,-0.327345382,-0.3055441,-0.01906843,5.550078791,0.07032035,0.030162959,0.03043345,0.119464889,0.462394287,-0.188587661,-0.202815997,-0.200741385,-0.401450507,3.861628004
0.056893007,0.034743068,0.033356983,0.091179948,0.848543761,-0.227328343,-0.220989811,-0.242242858,-0.287051276,5.96606361,0.064444103,0.026919468,0.030117021,0.095878495,0.533701873,-0.157766425,-0.220237533,-0.209167748,-0.457969679,4.027251752
0.059537053,0.032756499,0.035926391,0.105257315,0.886131331,-0.323308776,-0.28471132,-0.259130823,-0.144945547,6.129437432,0.066823019,0.033237221,0.030989826,0.105842825,0.434730384,-0.127711007,-0.207776377,-0.174595969,-0.490610083,3.890735757
0.084024494,0.043403301,0.041887012,0.148819346,0.491957715,-0.270212494,-0.252666961,-0.232889759,-0.223746008,3.844711948,0.054578258,0.025854684,0.027799506,0.090082869,0.595919564,-0.146813489,-0.202622585,-0.25619275,-0.381659102,4.863687364
0.06625079,0.03389936,0.034522353,0.127076032,0.882468756,-0.178461671,-0.248850896,-0.247568084,-0.286285052,6.916944599,0.073750236,0.031061669,0.031471627,0.117398035,0.375905543,-0.117010126,-0.203882444,-0.158953524,-0.579424275,3.585671136
0.076391779,0.04024423,0.038510079,0.143368254,0.626933201,-0.230803119,-0.230700557,-0.297186791,-0.180525882,4.563394988,0.05650819,0.026529395,0.025121185,0.09132149,0.486685926,-0.12385252,-0.183970891,-0.171056362,-0.525836896,4.67645421
0.07331577,0.041380574,0.041629801,0.119219075,0.616163981,-0.326162493,-0.286762986,-0.267588773,-0.16289525,4.528602612,0.061885141,0.031683424,0.025045071,0.104367126,0.545712721,-0.2494886,-0.23690906,-0.214344394,-0.348060093,3.961249171
0.07496976,0.041233395,0.041710955,0.130603169,0.606647636,-0.331775253,-0.253103748,-0.273739863,-0.158814365,4.8359357,0.0633337,0.026154759,0.025633174,0.104308022,0.589464563,-0.165679339,-0.253551776,-0.180048679,-0.41347542,4.443055258
0.065603901,0.032979151,0.034203101,0.101418325,0.698444231,-0.191617107,-0.218880428,-0.292729018,-0.254161234,5.605761186,0.062527352,0.028769809,0.026883892,0.102496516,0.435063712,-0.108826308,-0.202893567,-0.176862233,-0.562340546,3.99351504
0.085619309,0.038018061,0.037466586,0.147478599,0.608853187,-0.236997421,-0.219829433,-0.193111222,-0.365832143,4.140058006,0.066403241,0.028515052,0.029505931,0.103484725,0.494748179,-0.129616537,-0.195830847,-0.172154726,-0.652287046,4.03191547
0.066138366,0.032044676,0.034692199,0.108729337,0.821127209,-0.278296898,-0.284340312,-0.262350999,-0.157272655,5.274318313,0.056909587,0.026144043,0.024782432,0.088894337,0.691301234,-0.186676514,-0.184034919,-0.179708605,-0.44503306,5.221458618
0.072675648,0.039843286,0.041371235,0.132650173,0.756368845,-0.357294373,-0.376889349,-0.3065236,0.031532794,4.643867445,0.066703913,0.024421261,0.025743375,0.099115491,0.462133764,-0.135665728,-0.220052459,-0.163770477,-0.525843619,4.13639692
0.077439542,0.034581307,0.036314661,0.132897168,0.609127815,-0.322975701,-0.268381571,-0.265865104,-0.200640665,4.41050562,0.067689491,0.030080538,0.03010723,0.112497222,0.473368972,-0.184669106,-0.218809984,-0.208374691,-0.45021039,4.063146601
0.064551968,0.028194305,0.039012861,0.093689358,0.705132742,-0.201046838,-0.264556249,-0.209704182,-0.349885223,4.721699949,0.058452009,0.031381069,0.02315918,0.101037037,0.448447587,-0.321326998,-0.23044485,-0.228369867,-0.175797669,4.160603677
0.078634329,0.040435971,0.033746799,0.133543227,0.679149631,-0.354515369,-0.289359391,-0.249323838,-0.030633769,5.564594859,0.063686471,0.026968073,0.030388389,0.105801226,0.428151183,-0.17652929,-0.215492944,-0.221527137,-0.46754564,3.540152141
0.072195841,0.034966416,0.034695715,0.109808052,0.674750586,-0.302937216,-0.297480068,-0.252174764,-0.237376511,4.552483063,0.05162325,0.023184146,0.025786458,0.091047786,0.572404766,-0.257716222,-0.238763156,-0.239684895,-0.215760817,5.191957694
0.071763877,0.037300148,0.040255416,0.119063831,0.715511124,-0.323137955,-0.214805019,-0.33431728,-0.081191248,5.590290759,0.06727831,0.027746718,0.026882685,0.106539665,0.511794381,-0.148506336,-0.200395101,-0.147167743,-0.538884579,4.175073502
0.061568554,0.041239409,0.034310679,0.117120134,0.991150189,-0.314225229,-0.320866531,-0.274796124,0.018753468,6.172664128,0.072766047,0.027346816,0.029142653,0.095480588,0.546832387,-0.145014457,-0.162214083,-0.258191731,-0.461527741,3.99533536
0.063816957,0.031935574,0.030026559,0.108651323,0.73062038,-0.26764289,-0.240802735,-0.251807732,-0.153869542,6.007386082,0.060060066,0.026775878,0.022295418,0.09762536,0.44397009,-0.240994494,-0.214997975,-0.201639529,-0.406548929,3.959755018
0.083187835,0.039775926,0.044945794,0.139566164,0.602405483,-0.267548422,-0.284588049,-0.226177914,-0.224869566,4.088413329,0.069347127,0.026564578,0.028083319,0.10412498,0.445017143,-0.151188211,-0.195458227,-0.194094843,-0.536647054,4.129338921
0.058846975,0.033240399,0.034268524,0.089139202,0.763492811,-0.164023966,-0.201890534,-0.227186446,-0.41517434,5.405648551,0.058884721,0.032921199,0.032273213,0.107900705,0.591512746,-0.266843643,-0.172385216,-0.259001906,-0.342053677,4.456053783
0.073685876,0.039480039,0.036111444,0.127268394,0.745326434,-0.298300582,-0.275096462,-0.276833724,-0.154141064,5.419855275,0.059521332,0.029080345,0.029534521,0.099868339,0.481658772,-0.160758122,-0.212995108,-0.20000478,-0.440131077,4.3263865
0.065396018,0.031832807,0.033890239,0.103491381,0.774924857,-0.335002906,-0.293743892,-0.278337132,0.068093758,5.817743607,0.072881734,0.028271251,0.030213954,0.111503042,0.583498491,-0.1487051,-0.206672592,-0.200656354,-0.482368066,4.946990275
0.06743391,0.036793293,0.034067909,0.117532645,0.675032497,-0.292932624,-0.272410992,-0.290968028,-0.122954998,5.533634786,0.062895753,0.028363511,0.033111236,0.110996813,0.440319033,-0.244859937,-0.223390913,-0.218264128,-0.384727896,3.91786547
0.057266442,0.02883557,0.034945573,0.101438583,0.628472067,-0.207444764,-0.241081737,-0.251394582,-0.306158684,5.849110534,0.05586624,0.024940454,0.024997207,0.083004999,0.588756869,-0.206881491,-0.255175846,-0.183461591,-0.310805216,5.9032282
0.059720062,0.031517442,0.039436204,0.117344682,0.755405076,-0.239179874,-0.251045381,-0.274989439,-0.199687321,5.539662517,0.051159066,0.027005587,0.023702061,0.084025797,0.533059562,-0.158458415,-0.218119329,-0.171427877,-0.514673699,5.350501788
0.070505759,0.039749123,0.031431158,0.129709614,0.609655587,-0.201800247,-0.196832641,-0.256722115,-0.373905733,4.959827843,0.062984748,0.028375286,0.028806442,0.096697375,0.499872804,-0.294854229,-0.230240771,-0.219435827,-0.145182551,4.597393874
0.063570079,0.038939234,0.028387416,0.11649161,0.75166569,-0.205389505,-0.226288205,-0.254573429,-0.268484281,6.335704562,0.050057975,0.024876198,0.03256752,0.087942833,0.682077151,-0.101149681,-0.165853298,-0.284770722,-0.436409684,5.638628625
0.073788889,0.038943711,0.037294634,0.131268556,0.605906147,-0.235627194,-0.277598302,-0.217824038,-0.317796204,4.779818634,0.061760299,0.027141854,0.025512611,0.098282142,0.476245452,-0.276409603,-0.26816685,-0.270331483,-0.180461071,4.353526665
0.062745957,0.032939986,0.041285948,0.123771629,0.689342097,-0.284012549,-0.179098693,-0.289761779,-0.235074807,5.071113543,0.067788834,0.028538835,0.02485357,0.11558079,0.500971608,-0.094203254,-0.17219698,-0.175121041,-0.606984059,4.253311366
0.071588604,0.035965392,0.033058458,0.126014946,0.869773718,-0.271354789,-0.225211616,-0.281469963,-0.247132925,6.300671946,0.061945125,0.029091863,0.025693642,0.105244228,0.451005017,-0.174812698,-0.128802372,-0.208138185,-0.528887262,3.763091842
0.067888135,0.045665587,0.041236422,0.132557245,0.722695556,-0.199894771,-0.220241284,-0.277423619,-0.300269679,4.82021667,0.054512693,0.026441482,0.024357813,0.085092867,0.530661068,-0.139524446,-0.204084259,-0.206298205,-0.455088182,5.038006617
0.070109475,0.036845664,0.040687933,0.133251369,0.697790647,-0.246836362,-0.263345279,-0.236997068,-0.305776766,5.164298845,0.064938661,0.030146715,0.029734208,0.115612674,0.424264768,-0.154528925,-0.17158611,-0.208203633,-0.524234535,3.908407814
0.070689233,0.040426154,0.037182371,0.123805924,0.732871521,-0.167736891,-0.297229675,-0.198399036,-0.342615196,5.387316217,0.066342072,0.027767428,0.02394895,0.102105707,0.542283304,-0.177224279,-0.18613761,-0.229288262,-0.436070957,4.680374879
0.066623157,0.034739604,0.028970821,0.109228764,0.663005823,-0.16012453,-0.15533959,-0.259668377,-0.437251109,4.96400047,0.06338991,0.031744132,0.030534688,0.107049826,0.443418994,-0.186297874,-0.208735324,-0.173130844,-0.481005329,3.850035772
0.060661967,0.037958584,0.033653818,0.11285775,0.830143589,-0.244069653,-0.245734962,-0.247697323,-0.218717987,6.075767701,0.062709348,0.032234331,0.026854177,0.101030864,0.451422803,-0.062711365,-0.184310161,-0.17489981,-0.562373681,3.856893495
0.057538854,0.03083985,0.035566948,0.111895098,0.607446889,-0.22816929,-0.274842642,-0.188599424,-0.355251491,4.48132495,0.076955423,0.032342468,0.032727077,0.122301455,0.475574027,-0.140107906,-0.199353483,-0.176751169,-0.482746084,3.821130084
0.063667734,0.032767712,0.036834533,0.114423601,0.613092202,-0.169816864,-0.250516857,-0.204386375,-0.372278099,5.692553096,0.062311538,0.028814789,0.026484139,0.097421188,0.463656198,-0.091688298,-0.195126318,-0.189240078,-0.549508981,3.849593045
0.080249641,0.032089465,0.035606519,0.130967028,0.67509284,-0.299609426,-0.300827815,-0.190537503,-0.175646554,4.736080949,0.065490033,0.028651111,0.030024624,0.104771958,0.496280244,-0.128155655,-0.138383356,-0.205820918,-0.593045496,4.318031181
0.068434809,0.03627934,0.037232178,0.127707151,0.755324049,-0.292955326,-0.309255658,-0.248074856,-0.108396067,5.207250874,0.068193599,0.027593072,0.029077881,0.099832186,0.584542013,-0.166966527,-0.178807217,-0.184323483,-0.569737879,4.041642266
0.069871481,0.040447597,0.031780968,0.12288479,0.690586665,-0.284181101,-0.293811683,-0.201291986,-0.266364697,5.231233281,0.06566811,0.032160259,0.02798798,0.106601298,0.44571338,-0.126336023,-0.194604604,-0.160024977,-0.556807765,3.821443402
0.062922521,0.037870113,0.03251489,0.125872835,0.655478438,-0.201865194,-0.233500862,-0.223318233,-0.337863356,4.963227021,0.056574945,0.026316148,0.026337231,0.087732332,0.563485872,-0.122763427,-0.224527925,-0.222179278,-0.451901463,4.65744234
0.074946961,0.038581935,0.03828571,0.136373951,0.593972824,-0.173594463,-0.272985002,-0.224923539,-0.349578258,4.864759505,0.064450324,0.025506322,0.027415966,0.099204882,0.466839249,-0.192484203,-0.234406519,-0.16273037,-0.471167103,3.677139369
0.087772199,0.037696922,0.042881019,0.161789204,0.62475863,-0.252315172,-0.227102549,-0.262378279,-0.229193113,4.476078798,0.0655713,0.032184888,0.033419714,0.104862109,0.485170004,-0.257217173,-0.20995575,-0.20173285,-0.385103882,3.954343992
0.071102459,0.031948398,0.038694475,0.131048417,0.641477113,-0.207631745,-0.21390707,-0.249503738,-0.320942778,5.141857446,0.069832784,0.032007601,0.027614922,0.119546016,0.528521397,-0.183575217,-0.215574165,-0.165659025,-0.46470026,4.505119684
0.064090134,0.036733809,0.032521724,0.117686165,0.617389497,-0.158976805,-0.22299223,-0.172756709,-0.489350266,4.569420056,0.06210899,0.026582777,0.02713903,0.095952195,0.447841355,-0.13273394,-0.195721558,-0.174127077,-0.502719838,4.256062221
0.068998508,0.034192909,0.035898611,0.125360421,0.586040315,-0.264928327,-0.265765708,-0.238678208,-0.190764064,4.743221353,0.057863731,0.025928493,0.028169394,0.095049588,0.53615099,-0.029766059,-0.189648618,-0.185609497,-0.583444862,4.989866394
0.082196984,0.032625117,0.033733821,0.121404536,0.629441772,-0.344401085,-0.295169398,-0.230618048,-0.147407804,4.001435492,0.063241868,0.029986572,0.029558436,0.100519354,0.445270073,-0.095428592,-0.167136421,-0.213893033,-0.568303905,3.818637176
0.065046599,0.037117737,0.03420425,0.118328205,0.758142038,-0.181497248,-0.249764171,-0.227785693,-0.225953236,5.44703086,0.065804677,0.028060618,0.0279686,0.108183297,0.572082768,-0.289158121,-0.195294001,-0.257880112,-0.282324724,4.786037587
0.069973118,0.04253278,0.035991103,0.133645306,0.945618172,-0.301702441,-0.313549987,-0.254073868,-0.042440387,6.448883474,0.06202513,0.025302427,0.02611399,0.103040547,0.453608022,-0.183719089,-0.168939235,-0.263836646,-0.408372422,4.44559938
0.07538284,0.031320486,0.038075285,0.130606023,0.764401214,-0.276214002,-0.262273729,-0.251664838,-0.224575772,4.985214858,0.061718831,0.030355845,0.024545964,0.089041719,0.507375093,-0.164450479,-0.253877789,-0.166771706,-0.425493287,4.465518399
0.078003505,0.039782774,0.032622107,0.128454824,0.553542773,-0.183878413,-0.268918869,-0.189943845,-0.339311143,4.209266168,0.067241378,0.02478234,0.026616106,0.106578275,0.550942012,-0.097678302,-0.211595823,-0.184151479,-0.556575881,4.329107144
0.071003527,0.041895144,0.037521397,0.12898511,0.752816542,-0.164851989,-0.204432064,-0.257351215,-0.372725231,5.519587928,0.070348838,0.027014631,0.029139793,0.108493746,0.447479576,-0.122582532,-0.204155094,-0.203396656,-0.429821728,3.59306555
0.056193074,0.03859542,0.037210638,0.105189626,1.031727461,-0.347992164,-0.256126692,-0.321286407,0.042539927,6.721480095,0.068132298,0.027511015,0.030551201,0.10899341,0.468026413,-0.244789877,-0.194708796,-0.247587544,-0.310029441,4.083519937
0.067897159,0.036161127,0.030999908,0.11242522,0.894055112,-0.240587986,-0.228061172,-0.316404765,-0.158747989,5.411246463,0.063036891,0.024227159,0.026882967,0.094676754,0.643802491,-0.13555008,-0.203931255,-0.189895206,-0.491344915,5.136578144
0.074245601,0.04299067,0.039536273,0.134914956,0.806558167,-0.305322609,-0.283895167,-0.243841122,-0.142336632,5.896948443,0.063540577,0.028464156,0.027381077,0.092571562,0.503314667,-0.160511843,-0.199718804,-0.252731145,-0.395295627,4.027416995
0.074081305,0.034878799,0.034436233,0.127720587,0.852030653,-0.292992098,-0.281634819,-0.252021274,-0.10892908,6.080383856,0.066502554,0.03195696,0.031093806,0.108014274,0.543143262,-0.105838469,-0.183777868,-0.165467507,-0.51194807,4.269635256
0.064394652,0.034818635,0.033914755,0.113365412,0.606251856,-0.230989517,-0.218407805,-0.241500781,-0.41731662,4.188997251,0.083527724,0.036498351,0.031156716,0.137712566,0.629367851,-0.081136775,-0.19313174,-0.141985529,-0.619761608,3.658866494
0.07364793,0.030908358,0.047463935,0.123941551,0.561527435,-0.275512516,-0.223191992,-0.242332245,-0.301188458,4.36456057,0.064007798,0.022568736,0.036105761,0.106708955,0.686061279,-0.061777699,-0.156576826,-0.195839325,-0.57224016,4.887804549
0.067027838,0.036902192,0.040436796,0.123221521,0.657714928,-0.266089914,-0.228405166,-0.22421244,-0.25111734,4.727204882,0.070781285,0.032619238,0.029820504,0.105620001,0.464213428,-0.129241058,-0.133496659,-0.169159987,-0.680934427,3.479176835
0.072322473,0.035761626,0.039554633,0.128785278,1.172680177,-0.35002248,-0.314363874,-0.320940988,-0.053745198,7.488007444,0.061746923,0.028364493,0.030174444,0.098302174,0.525678085,-0.143668984,-0.162214521,-0.17407096,-0.518736549,4.199446917
0.057435109,0.036976091,0.041521641,0.10119949,0.65689465,-0.295810974,-0.258743789,-0.231693369,-0.283839169,4.941244936,0.064790055,0.025341113,0.02632396,0.107824547,0.473307459,-0.090829095,-0.191814741,-0.167459717,-0.560776902,4.483141551
0.059834027,0.037311726,0.03510511,0.108944719,1.335260977,-0.234904672,-0.281439245,-0.232555857,-0.216470606,8.671038522,0.06439311,0.02679195,0.026547986,0.099496317,0.527372437,-0.1239671,-0.221576461,-0.182505989,-0.494735566,4.351649565
0.062152862,0.029315716,0.034388618,0.090785464,0.890891018,-0.159888167,-0.209251812,-0.27377586,-0.409526324,5.911228947,0.058424863,0.02400912,0.027764173,0.104760196,0.532061284,-0.101417282,-0.169409444,-0.154950126,-0.563163604,4.723242956
0.06003844,0.03339124,0.038852122,0.111232383,0.62390971,-0.215913024,-0.264750772,-0.241748688,-0.228524167,4.768163323,0.066710105,0.028270986,0.026966943,0.101355691,0.499846053,-0.129820019,-0.21896811,-0.226470617,-0.459067262,4.47192779
0.070331551,0.033773978,0.034901068,0.119608191,0.671099986,-0.184669073,-0.22442726,-0.198824161,-0.44893217,4.720613947,0.058221953,0.024869182,0.023234722,0.087717492,0.540032876,-0.138896505,-0.219891504,-0.22067379,-0.472430202,4.991976342
0.06429555,0.036762632,0.039305665,0.115224234,0.934732863,-0.352637487,-0.322106398,-0.273479534,-0.035716574,6.027693661,0.05189776,0.028047383,0.028431407,0.095028002,0.548839687,-0.243836983,-0.215075768,-0.150354779,-0.340430692,4.376380519
0.071763931,0.034933348,0.044225854,0.123292326,0.519866484,-0.17230048,-0.275491872,-0.171788183,-0.425977313,4.310341727,0.058624303,0.02629862,0.026139951,0.086309472,0.61492973,-0.160828224,-0.233537724,-0.158887659,-0.47889864,5.11287428
0.059724253,0.031690025,0.033410778,0.107710328,0.810377462,-0.144510452,-0.217102662,-0.240989876,-0.445087803,6.986304866,0.067670603,0.025148106,0.029386834,0.103143963,0.54529066,-0.191966043,-0.246026523,-0.212986611,-0.42248171,4.185188565
0.069536716,0.039258482,0.03706957,0.119823514,0.76276966,-0.354914127,-0.323050525,-0.279294084,-0.063153772,5.533895022,0.06748183,0.024296945,0.030626644,0.112633657,0.415835288,-0.294560358,-0.20346213,-0.236296213,-0.349065973,3.566430227
0.072569462,0.037974477,0.043104165,0.124167092,0.606430865,-0.310977995,-0.215171355,-0.299678384,-0.215126393,4.823914624,0.060437444,0.032491289,0.029136453,0.105101667,0.465572543,-0.323824325,-0.245970015,-0.207560899,-0.273791324,4.120584864
0.082661366,0.044324878,0.037020118,0.142868203,0.943968815,-0.343495189,-0.284321725,-0.279678083,-0.115970831,5.27067952,0.062338102,0.022885799,0.029087265,0.111463666,0.61446175,-0.080233801,-0.208893742,-0.199206527,-0.445236249,5.004393905
0.070517269,0.031066346,0.032502081,0.127947979,0.773042017,-0.352639355,-0.231636963,-0.334910793,-0.019719309,4.889669469,0.067767955,0.023859166,0.033179341,0.104739572,0.440446521,-0.133433334,-0.156645047,-0.188925036,-0.566900188,3.95983601
0.076261232,0.04225193,0.037044466,0.143387786,0.517567821,-0.158290967,-0.251943882,-0.177310248,-0.421195182,4.239580676,0.069584866,0.03344863,0.027549537,0.109267879,0.483424627,-0.313605433,-0.225606054,-0.225102375,-0.376693886,3.638641228
0.078098918,0.048833212,0.037920343,0.147917684,0.875703746,-0.304840589,-0.250916238,-0.336959595,-0.036245848,5.958408698,0.057742542,0.027479469,0.025264029,0.109443135,0.506082896,-0.160849284,-0.199761676,-0.175805742,-0.428111279,4.474844754
0.077338025,0.042034127,0.035359696,0.147240296,0.659799353,-0.133194005,-0.240245581,-0.23668454,-0.363770035,5.371056875,0.056653037,0.024372081,0.030762751,0.094469208,0.507050276,-0.189684563,-0.199907272,-0.230952408,-0.427385828,4.560812781
0.069679479,0.034729055,0.036380586,0.125166908,0.621744042,-0.344153687,-0.317400187,-0.244178528,-0.074477645,4.982195323,0.060050962,0.028334931,0.024518064,0.090000673,0.511432799,-0.10627383,-0.169871259,-0.210301884,-0.429392557,4.607002428
0.075128101,0.031242971,0.039241392,0.135047533,0.678574158,-0.302270988,-0.24348693,-0.328996181,-0.114186451,4.969504472,0.069004884,0.030704874,0.031976858,0.101368591,0.575958478,-0.188087828,-0.238995682,-0.201509549,-0.368997432,4.085196356
0.063188273,0.028899024,0.032548016,0.100493968,0.693926612,-0.251254603,-0.231214965,-0.251779218,-0.270110886,5.047702064,0.061271919,0.025073013,0.027387237,0.100309618,0.486902164,-0.214546794,-0.215056037,-0.251176186,-0.38802365,5.192593737
0.0658086,0.029889548,0.040580496,0.125201197,0.61510484,-0.307147162,-0.244214758,-0.278464709,-0.169748517,5.039961107,0.064419231,0.02800939,0.026378673,0.095543605,0.427727248,-0.241569686,-0.245021387,-0.247661486,-0.311702265,3.732670196
0.066078904,0.03130121,0.03476914,0.121808914,0.850716858,-0.18584435,-0.244740462,-0.203517285,-0.411075157,5.377876666,0.06145411,0.023664239,0.023396617,0.085603976,0.612924514,0.060338538,-0.154417351,-0.151214777,-0.75819107,5.175130246
0.086823746,0.043886593,0.036445167,0.148709203,0.68118341,-0.298063248,-0.329942093,-0.268703887,-0.245597494,5.262072794,0.060398641,0.020252499,0.024758676,0.088791241,0.680795063,-0.129514106,-0.211594679,-0.175020326,-0.468242817,5.579891694
0.063084262,0.030214962,0.045314474,0.103060563,0.672815014,-0.273364387,-0.290122778,-0.241448369,-0.246759634,5.611567293,0.061314849,0.025581273,0.02631822,0.105086636,0.566212911,-0.14039755,-0.189151441,-0.17012706,-0.488572847,4.871535758
0.059225828,0.035135759,0.04002402,0.110680094,0.726110394,-0.132055683,-0.167526995,-0.234589456,-0.482863819,4.544984663,0.063497854,0.02912439,0.025692968,0.102382757,0.45561243,-0.168266763,-0.210988537,-0.235600566,-0.49049476,3.960802159
0.056629933,0.033803324,0.034253708,0.097150913,0.745118872,-0.188299871,-0.259681511,-0.255603688,-0.332332891,5.722954511,0.059675701,0.025000044,0.031517592,0.100670793,0.470812975,-0.205020943,-0.216533343,-0.221505417,-0.387258538,4.228620694
0.065412732,0.036074369,0.032987108,0.120281755,0.685237998,-0.34964295,-0.259295374,-0.299048908,-0.132411322,5.10108591,0.068896927,0.029386533,0.029105034,0.117551088,0.546088625,-0.171260017,-0.216508903,-0.165038214,-0.437502111,4.972292985
0.073834199,0.035060377,0.039068537,0.1195002,0.805872006,-0.285483614,-0.304135505,-0.294467054,-0.108849396,5.293225823,0.060937311,0.025827365,0.02771351,0.090248737,0.574897205,-0.163975559,-0.199390426,-0.21759596,-0.421062069,4.650448566
0.062402558,0.039112998,0.031530478,0.105168804,0.65843445,-0.189698199,-0.23176187,-0.269242814,-0.217806879,5.272859005,0.057293839,0.025385516,0.029807461,0.089775501,0.440491476,-0.166009905,-0.214570394,-0.163492204,-0.379695199,4.115548214
0.065998145,0.038459738,0.027909529,0.115268102,0.678799901,-0.23597759,-0.223729528,-0.259618757,-0.288351675,5.173695093,0.057467721,0.024295713,0.030101071,0.101075219,0.634750859,-0.224273936,-0.208410672,-0.225931249,-0.268171918,5.276075455
0.075472106,0.033184165,0.044457788,0.130047692,0.687344751,-0.377144019,-0.276445272,-0.281880361,-0.118942217,4.484819893,0.067692364,0.027959169,0.027933187,0.10449988,0.488096479,-0.205340667,-0.248439942,-0.171227431,-0.422327056,3.901235856
0.06681087,0.034313904,0.035532268,0.111923215,0.656825282,-0.152994846,-0.195450389,-0.20901471,-0.467559152,4.761485493,0.062059067,0.0281839,0.030593934,0.108378099,0.420426345,-0.109026321,-0.183606286,-0.163125525,-0.526379103,4.091234108
0.060764842,0.031305315,0.032234263,0.119874844,0.829327843,-0.201790361,-0.228644383,-0.266180952,-0.329556876,6.727214245,0.065035188,0.023076515,0.027232056,0.09056879,0.514616987,-0.169489208,-0.175617751,-0.164124168,-0.48604577,4.067787988
0.074163757,0.042740278,0.039646753,0.131408238,0.668965225,-0.201846567,-0.228447305,-0.255514301,-0.379721586,4.775005609,0.066629758,0.02795242,0.025158872,0.099234988,0.442995287,-0.179758268,-0.158887943,-0.162671342,-0.488904374,3.832153505
0.076888592,0.044652243,0.044321408,0.126563522,0.489202324,-0.198091764,-0.224686737,-0.196552972,-0.458694081,3.884925906,0.061371471,0.025723172,0.029745792,0.106321488,0.498400738,-0.311324664,-0.229063003,-0.193913075,-0.346536924,3.850220273
0.060572054,0.033281483,0.02782279,0.09375642,0.8928086,-0.168259746,-0.246445428,-0.208036234,-0.392518682,5.879901022,0.062571181,0.02917696,0.025465192,0.094753492,0.533447368,-0.199009156,-0.207232919,-0.234369358,-0.428317405,4.249847303
0.087791759,0.046725561,0.041096839,0.163129198,0.552637322,-0.252399451,-0.253753809,-0.18149567,-0.369748535,3.812018663,0.059115153,0.028425284,0.026485551,0.09405428,0.514025255,-0.145103861,-0.163125952,-0.22012708,-0.46433707,4.734559471
0.056598341,0.029191781,0.029688764,0.099589138,0.857495868,-0.209316759,-0.271702662,-0.245209101,-0.226431952,6.707289939,0.063529397,0.025286089,0.026773606,0.103595309,0.558832395,-0.145003308,-0.20059494,-0.152064733,-0.494618572,4.591907181
0.071085631,0.035981764,0.037334491,0.118789545,0.623381505,-0.388438028,-0.302444453,-0.259437077,-0.091952159,4.489827408,0.069887007,0.028794771,0.02826847,0.114145364,0.425214342,-0.258566684,-0.180969074,-0.248174344,-0.347683166,3.739612926
0.074270832,0.047371559,0.04035805,0.133456646,0.600860839,-0.393944714,-0.283484011,-0.254276389,-0.024895433,4.48790268,0.072047302,0.027658842,0.032530988,0.103178197,0.450648761,-0.23290662,-0.22863698,-0.204879192,-0.407417313,3.31647127
0.062909671,0.031658978,0.033668037,0.108368487,0.683717005,-0.238757715,-0.238601359,-0.241684456,-0.273518036,5.734239129,0.066316688,0.027889171,0.030502413,0.104564629,0.511760839,-0.123405233,-0.178181489,-0.198716414,-0.594011352,3.749612504
0.062734326,0.039555845,0.035743452,0.120359036,0.762018309,-0.284845863,-0.323703326,-0.265657685,-0.092669588,5.361520349,0.059161694,0.02489076,0.027203006,0.08269289,0.541693458,-0.105147514,-0.172589317,-0.175303761,-0.481374994,4.570423501
0.068258049,0.033118457,0.033796753,0.114376553,0.555674501,-0.294218216,-0.26330357,-0.198923348,-0.199471003,4.323582072,0.066736467,0.028866975,0.028127689,0.106126733,0.489959432,-0.293927574,-0.201824135,-0.267706707,-0.262769238,4.069963303
0.057663489,0.040058807,0.037793202,0.111039066,0.97424144,-0.260410934,-0.34814963,-0.222060647,-0.109329072,5.861265843,0.061222933,0.029320161,0.023316394,0.088396579,0.440513963,-0.296925744,-0.191802593,-0.180439267,-0.383000685,3.863752991
0.071510139,0.039348778,0.043133206,0.137771649,0.772583491,-0.168112944,-0.198330584,-0.22205989,-0.420018646,5.174061279,0.057169954,0.022243296,0.027353346,0.089641589,0.729691144,-0.159231333,-0.16829275,-0.218336906,-0.391268032,5.833143041
0.065715967,0.035950182,0.037580505,0.118029082,0.809091355,-0.308202104,-0.318123927,-0.209170031,-0.094351311,4.562017092,0.05899989,0.025372072,0.028114238,0.083125347,0.552806372,-0.171290069,-0.177073748,-0.243347189,-0.390035645,4.739914977
0.073484807,0.039056398,0.030234846,0.138232987,1.048704078,-0.194371389,-0.25058483,-0.204712838,-0.316966397,5.759269043,0.07895204,0.034571368,0.028390097,0.121290988,0.408869634,-0.209836407,-0.21527725,-0.214361505,-0.405419904,3.399581152
0.078236119,0.043809554,0.048682554,0.149690284,0.545236453,-0.20868331,-0.197237144,-0.333581255,-0.319142261,4.481603608,0.051414143,0.024668911,0.021842118,0.088977247,0.642289743,-0.089516974,-0.212967965,-0.184486019,-0.440191786,5.125438949
0.074995762,0.03624989,0.041642302,0.134623654,0.645191322,-0.369030884,-0.251379375,-0.309724687,-0.092062574,4.138578538,0.060597558,0.029533318,0.028831713,0.093160315,0.408572174,-0.277663465,-0.190441881,-0.221487132,-0.393359853,3.775254137
0.071981749,0.036132708,0.037378206,0.124866094,1.054640769,-0.293492213,-0.285130821,-0.277648283,-0.088624656,6.570344803,0.060512409,0.026317872,0.027348721,0.091086306,0.455939997,-0.171356501,-0.154965951,-0.241934923,-0.483229582,4.229412482
0.087666662,0.054179258,0.042207307,0.165239665,0.547780865,-0.351463623,-0.265638427,-0.262225225,-0.202100567,3.88206281,0.062302079,0.029453149,0.025926094,0.083664865,0.517195641,-0.278201845,-0.266399876,-0.19786063,-0.29414805,4.36445458
0.064637438,0.040928299,0.030606187,0.104205436,0.60119445,-0.253371963,-0.267408445,-0.226607637,-0.302195151,4.776041985,0.063727629,0.027041603,0.033519437,0.099841106,0.437965241,-0.130526594,-0.161344607,-0.169552503,-0.627004691,3.925988964
0.082479737,0.042767031,0.040337358,0.138473678,0.538699448,-0.283134988,-0.184688873,-0.277047673,-0.288604328,3.85771157,0.056802733,0.027310234,0.030011122,0.10159914,0.521417515,-0.143337737,-0.229376255,-0.211374615,-0.402843404,4.998700109
0.063204176,0.035019419,0.029736192,0.11229229,0.730826059,-0.286607103,-0.237703228,-0.274039513,-0.314118222,5.949155076,0.069874804,0.031786925,0.027722316,0.109591468,0.400673617,-0.10824989,-0.172351505,-0.160993543,-0.615522879,3.759653276
0.076320926,0.032811377,0.040399483,0.121028893,0.477955059,-0.227688939,-0.17601266,-0.212644845,-0.412002923,3.599239736,0.062051626,0.026597095,0.026917848,0.100799903,0.583970591,-0.097956715,-0.206483501,-0.209496568,-0.496572834,5.107080678
0.075994021,0.035213909,0.041807033,0.1404529,0.778559302,-0.289069155,-0.264101173,-0.24454345,-0.176838474,5.18042286,0.070860307,0.031515388,0.029339162,0.11522053,0.376804772,-0.184071681,-0.203755735,-0.225304439,-0.402691452,3.418218648
0.065903024,0.030917656,0.030082349,0.102432658,0.686515316,-0.270770835,-0.256305295,-0.283414561,-0.221077772,5.357539183,0.065588784,0.030408448,0.033761463,0.115922227,0.439200058,-0.137347369,-0.168572424,-0.167597649,-0.612388118,3.732374241
0.064508487,0.030464663,0.034860898,0.109514123,0.695489558,-0.244505308,-0.259543022,-0.21703917,-0.246495083,5.094369701,0.055544392,0.02478133,0.027160299,0.091807095,0.507827442,-0.086185242,-0.153291802,-0.179383122,-0.544574111,4.844233065
0.06430862,0.028083663,0.02967354,0.109003943,0.645193891,-0.25763921,-0.223115604,-0.261566174,-0.320074112,5.697616699,0.053474484,0.027747797,0.027471862,0.087621562,0.52757535,-0.058633046,-0.166822429,-0.15804066,-0.556573163,5.006978522
0.072773418,0.035793387,0.041955654,0.111834603,0.605606853,-0.188293833,-0.235791358,-0.181194437,-0.399828959,4.607869165,0.064386933,0.026371593,0.03351455,0.115189899,0.636933851,-0.090667108,-0.18846808,-0.210516762,-0.574829641,5.028784998
0.074008267,0.041942742,0.041430697,0.147044344,0.643049601,-0.354807693,-0.296958818,-0.2782177,-0.119646206,4.594707983,0.06161394,0.025750337,0.025168313,0.096093604,0.562480384,-0.190609673,-0.177843118,-0.242580949,-0.407416829,4.350667297
0.064946694,0.038878105,0.034522909,0.120551017,0.849856323,-0.328699494,-0.295056369,-0.252743742,-0.11297137,5.873731762,0.058325265,0.030541477,0.023924379,0.093162556,0.503057343,-0.164771824,-0.193788737,-0.203887165,-0.499880793,4.185507675
0.072979342,0.04099028,0.03721226,0.131564027,0.652366581,-0.275381935,-0.257183362,-0.273143103,-0.192443631,4.657430408,0.060648743,0.027175053,0.025102872,0.096730695,0.416127547,-0.07490875,-0.201234109,-0.212282841,-0.522194103,4.042883269
0.062088351,0.036508319,0.035458099,0.113832655,1.030287114,-0.22477843,-0.246708239,-0.284403801,-0.229556076,7.207237596,0.06285625,0.029704234,0.029341531,0.112898288,0.464674005,-0.137230424,-0.159346063,-0.185155099,-0.501580216,4.465637331
0.079014669,0.038072424,0.035228202,0.144254244,0.552988923,-0.163505743,-0.237942136,-0.192530171,-0.42402951,4.520835357,0.065497066,0.027521192,0.025122604,0.103189965,0.651033902,-0.191212259,-0.160628798,-0.205381835,-0.441558447,4.630781718
0.056483173,0.034034414,0.026699055,0.103324542,0.815291781,-0.150679895,-0.204964667,-0.169384124,-0.445020404,6.398310033,0.067794962,0.025382517,0.029872465,0.114629075,0.463391391,-0.151675187,-0.182355898,-0.189071068,-0.453965683,3.837206475
0.064370969,0.030765511,0.035507853,0.112083458,0.723211783,-0.194984836,-0.236114983,-0.270984043,-0.221573854,5.416943834,0.056164558,0.023854479,0.026927016,0.096655165,0.578010303,-0.12275998,-0.166914983,-0.209773735,-0.492494999,5.445678327
0.071731547,0.044237191,0.032705952,0.127603915,0.720233661,-0.285111598,-0.313645892,-0.180747733,-0.17931252,4.976268648,0.056315177,0.030001521,0.029179807,0.095680579,0.502354406,-0.090027433,-0.169529908,-0.213223585,-0.568376551,4.495545278
0.062855224,0.04246395,0.031441262,0.113598715,0.700623554,-0.140792816,-0.252798929,-0.200964626,-0.340733535,4.917930558,0.061130766,0.028816656,0.026140682,0.099371706,0.471983287,-0.187333215,-0.192196031,-0.199071544,-0.398094075,4.193434243
0.068889995,0.046156277,0.038087316,0.14437327,0.705567121,-0.191701953,-0.318237901,-0.213488525,-0.353413492,5.282958916,0.068837406,0.029489723,0.02995808,0.112180586,0.512933966,-0.189463507,-0.198601079,-0.231214801,-0.342034973,4.225796595
0.063277625,0.03497816,0.034311129,0.11535861,0.96707014,-0.241514588,-0.277557768,-0.237939042,-0.199110044,6.705091516,0.057857143,0.025554844,0.027214491,0.093282851,0.566141106,-0.167586956,-0.229482679,-0.213574868,-0.35214658,5.176260312
0.064995031,0.037565967,0.032831129,0.119328854,0.616775353,-0.138976754,-0.143659171,-0.277554442,-0.380299209,5.55779,0.062668455,0.029779563,0.027862129,0.09830721,0.543655187,-0.162867775,-0.244728433,-0.201796199,-0.418678875,4.613608814
0.069636477,0.032901348,0.032523355,0.112752572,0.643465533,-0.253591899,-0.247252988,-0.21906725,-0.309419271,4.940589125,0.071214256,0.032176156,0.027548506,0.113971538,0.372654021,-0.257860018,-0.24302188,-0.186035199,-0.480851383,3.382490902
0.069003623,0.036291556,0.038530263,0.130594134,0.892474174,-0.176340475,-0.277151444,-0.275198901,-0.33987126,5.762205264,0.062404979,0.029068954,0.025145303,0.09240107,0.516161131,-0.199681967,-0.178449115,-0.192831656,-0.510235148,3.862876217
0.080491893,0.035974619,0.040132469,0.13838533,0.763641463,-0.297863909,-0.271238719,-0.24461024,-0.214858964,5.111631508,0.056948479,0.025128802,0.027143488,0.095505461,0.562035782,-0.130878786,-0.19610298,-0.224828961,-0.381092953,4.472985001
0.071969766,0.030333884,0.033816331,0.116484292,0.703567377,-0.238428964,-0.250636799,-0.258313407,-0.180044897,5.077563299,0.054940257,0.023567282,0.024402384,0.087969074,0.547354839,-0.135438641,-0.197733971,-0.16371271,-0.456708987,4.414077567
0.071257329,0.033748262,0.046655264,0.135317211,0.645401331,-0.224521801,-0.238726287,-0.296713016,-0.213814379,4.7097837,0.053587472,0.025742997,0.025086051,0.090405122,0.659558555,-0.132689639,-0.222648068,-0.168450433,-0.480560245,5.370906727
0.065656817,0.036993407,0.032995321,0.118584209,0.688596151,-0.149086897,-0.21338135,-0.22406511,-0.388041267,5.344202319,0.062351181,0.020628145,0.028390213,0.096547465,0.695229777,-0.263134299,-0.177837899,-0.226512058,-0.397243488,4.661103787
0.078213682,0.040951677,0.032799497,0.122663436,0.749473518,-0.342769964,-0.275380099,-0.249888264,-0.13659723,4.902099205,0.068119928,0.02895102,0.028718359,0.116473517,0.56225928,-0.236675048,-0.250248649,-0.245144863,-0.304935879,4.771110321
0.067270728,0.033336377,0.033870713,0.107553994,0.882063015,-0.274541303,-0.278120264,-0.2525655,-0.159929003,5.57822639,0.052399152,0.02725247,0.027261262,0.083227826,0.568640337,-0.153574286,-0.19782762,-0.183443908,-0.408981314,4.890750351
0.067774178,0.03116898,0.041184945,0.132737406,0.780186455,-0.262759748,-0.275232337,-0.261626176,-0.221810577,5.09405315,0.069080076,0.03978748,0.030074762,0.11829625,0.477857176,-0.117546512,-0.135445098,-0.192999162,-0.536700695,3.686549899
0.065584635,0.03559294,0.030868725,0.109417407,0.724353014,-0.30975056,-0.236983985,-0.264711322,-0.24985983,5.118331254,0.060675686,0.030091414,0.028696658,0.102619689,0.49575316,-0.18466064,-0.216729677,-0.202738461,-0.446576542,4.491447326
0.061526089,0.03339699,0.035113515,0.114852442,0.781447225,-0.123778362,-0.1728932,-0.247460174,-0.351950265,5.654705361,0.061433872,0.023874707,0.028886435,0.097178044,0.60986496,-0.154271358,-0.203298595,-0.172885601,-0.52334641,4.568014586
0.064306169,0.03150434,0.031199012,0.110666329,0.760486826,-0.294915648,-0.226116862,-0.26438664,-0.140414553,5.391387655,0.056470139,0.025321044,0.026454309,0.090906086,0.496366151,-0.119912443,-0.190485812,-0.212793466,-0.379353304,4.316504359
0.069404945,0.03161203,0.049639381,0.13451819,0.886661016,-0.200454022,-0.208435578,-0.367586912,-0.208781873,5.911060255,0.069152836,0.027492651,0.028350525,0.111280544,0.420960459,-0.151793744,-0.210022444,-0.2170724,-0.479421936,3.970475186
0.074941504,0.042659226,0.042023346,0.143612256,0.696790657,-0.284244658,-0.283370805,-0.28843899,-0.257131175,5.718899677,0.066864751,0.030436179,0.029333842,0.101630892,0.51865306,-0.170808097,-0.218753258,-0.147538614,-0.509544145,4.503812882
0.057289914,0.029742113,0.035855507,0.095210804,0.786296114,-0.255613518,-0.215406505,-0.20288267,-0.290970483,5.781817003,0.06146571,0.035779113,0.027454937,0.098454256,0.477403161,-0.230561201,-0.254553383,-0.164815578,-0.357545288,3.882176827
0.061986572,0.031505578,0.034974606,0.097954541,1.009626195,-0.184106691,-0.282781219,-0.253382456,-0.267697305,6.497944533,0.066170625,0.025611609,0.027810486,0.107937851,0.453103892,-0.133247127,-0.189699334,-0.195057091,-0.461178216,3.789403175
0.065619723,0.035146346,0.041729113,0.121542739,1.165334464,-0.399152105,-0.372873487,-0.303855954,0.10167293,6.280510787,0.057026761,0.02375909,0.025525263,0.088861268,0.642525516,-0.171214045,-0.169757614,-0.222918493,-0.455223519,5.422315983
0.071250594,0.034143481,0.03835344,0.121929917,0.727143857,-0.280553507,-0.245876609,-0.27392754,-0.206034863,5.454210827,0.060254743,0.02478402,0.026777924,0.095301119,0.659243916,-0.167292936,-0.205202174,-0.210040833,-0.435083291,4.575241904
0.071321529,0.033452995,0.030998385,0.107828889,0.54760324,-0.266730884,-0.194902645,-0.25038049,-0.303901617,4.081289497,0.06148644,0.02586187,0.028155737,0.102895988,0.488382492,-0.154839581,-0.164873866,-0.19542399,-0.454116191,4.338135115
0.062420256,0.037354503,0.034779758,0.130041527,0.833923747,-0.338327366,-0.272643459,-0.275744549,-0.090871917,4.862174891,0.060977316,0.023111622,0.02746012,0.092397803,0.579466946,-0.040525827,-0.215659334,-0.188524108,-0.568028442,4.598167436
0.067373465,0.035423901,0.033849819,0.117148815,0.68826926,-0.329613703,-0.21498362,-0.309924821,-0.106055475,5.186096818,0.067833937,0.027642821,0.027259847,0.110118624,0.509101971,-0.119273097,-0.175605047,-0.210322263,-0.542431956,4.853657159
0.070408561,0.036728439,0.04327124,0.12883225,0.782424753,-0.292339881,-0.259669753,-0.263955437,-0.203679274,5.538023776,0.064296327,0.023425126,0.027917209,0.095690916,0.534379483,-0.209815032,-0.189409083,-0.22155967,-0.407964295,4.54940399
0.071984641,0.032889735,0.036328153,0.114839198,0.922078608,-0.149597352,-0.232453283,-0.218775202,-0.300139516,5.712979446,0.059961607,0.028824764,0.026864714,0.087470472,0.470898098,-0.144818845,-0.238134839,-0.155781281,-0.509168306,3.81591072
0.074768764,0.038517722,0.045192144,0.145937659,0.673395416,-0.292086419,-0.256179118,-0.249359152,-0.154341415,5.240691033,0.061827296,0.02841617,0.024838184,0.097916532,0.47486374,-0.222964557,-0.230644837,-0.269893388,-0.253206732,4.274760739
0.065659214,0.036963829,0.036638542,0.12054835,0.774481574,-0.404538515,-0.305192882,-0.225850051,-0.07473447,5.455296874,0.060543833,0.02265007,0.024400736,0.08990504,0.595585624,-0.169926018,-0.197458341,-0.206479999,-0.454375079,5.053927458
0.064352121,0.034465342,0.038819111,0.12055762,0.59756761,-0.313465912,-0.254066561,-0.250513115,-0.211922094,4.790808307,0.058314092,0.026275661,0.026747589,0.093819144,0.47109185,-0.174838002,-0.156438747,-0.247965798,-0.435835507,4.352081326
0.080602408,0.041837611,0.047291625,0.149679476,0.909529274,-0.175836701,-0.26253442,-0.267302419,-0.293340586,5.161452431,0.067881823,0.035232653,0.03070727,0.102605991,0.498188809,-0.206434285,-0.17669902,-0.197461757,-0.432704556,3.437857416
0.059284366,0.036244309,0.037072901,0.116008921,0.760093758,-0.275965756,-0.183307415,-0.319306056,-0.207061272,5.545995258,0.063844009,0.026413353,0.027377943,0.098071193,0.48380266,-0.254747472,-0.226345493,-0.217129447,-0.305958978,4.152621024
0.080072752,0.037151592,0.036755132,0.13317978,0.475883205,-0.244505899,-0.231100425,-0.173114088,-0.371128884,4.017167777,0.056444328,0.025317393,0.02542726,0.092661267,0.495905046,-0.06285092,-0.175439493,-0.180224531,-0.68284161,4.677970154
0.070154806,0.031240957,0.037097412,0.122254969,0.757473138,-0.191963073,-0.297302546,-0.245450733,-0.273301841,6.23462087,0.058191761,0.02552875,0.03265266,0.099400624,0.477245309,-0.103805205,-0.178345494,-0.173511997,-0.549749937,4.227650982
0.063829346,0.035592685,0.036631844,0.117245146,0.71296956,-0.222647292,-0.234144083,-0.273536095,-0.20594795,5.094589222,0.071723164,0.032587026,0.027870108,0.107940361,0.428404122,-0.211058628,-0.198258047,-0.1994487,-0.408281965,3.793179888
0.076826506,0.043367025,0.038292942,0.137356532,0.652043792,-0.335349848,-0.286757017,-0.3213775,-0.027537339,4.526323296,0.061458569,0.025837751,0.025143291,0.098041676,0.553976018,-0.171347366,-0.218593119,-0.191768419,-0.462582777,4.664244401
0.066510488,0.03637493,0.031926634,0.117444229,0.795228773,-0.241830584,-0.241171394,-0.220672544,-0.382482011,6.216810273,0.055785742,0.02935548,0.024219662,0.09693204,0.471703869,-0.193935956,-0.209134384,-0.152989454,-0.422573811,4.075371506
0.071504006,0.044333088,0.033416623,0.135371104,0.810908733,-0.295774128,-0.301362787,-0.197148187,-0.327421684,5.262472857,0.059421968,0.027599367,0.030031204,0.104437102,0.467749905,-0.052742698,-0.14283797,-0.161181981,-0.619262363,4.040801565
0.070146229,0.0400821,0.041410401,0.126190877,0.647958294,-0.280805284,-0.207826164,-0.25699926,-0.286717521,4.544454039,0.063355586,0.027477498,0.027466915,0.10061317,0.494605153,-0.163320127,-0.18506741,-0.195237658,-0.439064471,4.349119977
0.073631482,0.042563999,0.03340635,0.12539678,0.705622708,-0.289057759,-0.279923041,-0.256797426,-0.194032329,5.153714004,0.06163533,0.024068727,0.025119047,0.09924245,0.547234357,-0.123377013,-0.175863893,-0.194652927,-0.626932278,3.86458806
0.07368756,0.042697692,0.03305704,0.134186869,0.936746496,-0.335823015,-0.361437388,-0.302446892,-0.028058133,6.438579293,0.066672293,0.031786164,0.03612963,0.113284981,0.441096587,-0.176344175,-0.190123742,-0.232830227,-0.338584632,3.713629702
0.063607352,0.032494654,0.031387724,0.11230065,0.699553462,-0.303587528,-0.253809157,-0.287490094,-0.194094565,5.606745166,0.069027251,0.03042125,0.027677096,0.108721024,0.468505731,-0.236390819,-0.2062854,-0.24439879,-0.250430475,4.096068783
0.074670275,0.040855114,0.037002055,0.139299759,0.706724754,-0.281659248,-0.306310807,-0.270692888,-0.149301981,4.610287587,0.068254322,0.029186512,0.031113211,0.107336973,0.483188486,-0.154799223,-0.165052974,-0.240905958,-0.474973282,4.251804232
0.06215015,0.033596762,0.037083199,0.120713399,0.72032425,-0.28495083,-0.227574272,-0.263247793,-0.193828798,5.095789005,0.059718462,0.026557183,0.03046832,0.08611262,0.552320004,-0.260902123,-0.210694563,-0.225944576,-0.282270015,4.465405887
0.063681488,0.032120708,0.036325805,0.113576704,0.762941763,-0.237482334,-0.186542457,-0.302139041,-0.337401302,5.336495253,0.061502512,0.025767196,0.024959644,0.09911754,0.488611344,-0.156078368,-0.22184664,-0.223154974,-0.403815579,4.122466345
0.075936737,0.036855142,0.038744752,0.128725473,0.668092347,-0.358249738,-0.24689119,-0.308581146,-0.094897032,4.676875983,0.054210188,0.027431205,0.024782529,0.087038719,0.635365145,-0.145063642,-0.201434305,-0.166023709,-0.51281574,5.123645156
0.056252345,0.03266363,0.030275216,0.093422906,0.874706218,-0.237605883,-0.22584708,-0.243770374,-0.240175953,6.394159004,0.046247086,0.022508452,0.023759996,0.07856727,0.648867164,-0.123386888,-0.222309461,-0.16877375,-0.438121147,5.781644107
0.070594502,0.032596209,0.035856685,0.120407454,0.611861353,-0.302887901,-0.224022142,-0.25634607,-0.080941092,5.016378323,0.056388503,0.025665327,0.027638336,0.095924483,0.505123032,-0.252792755,-0.231185011,-0.225362191,-0.334606854,4.866295152
0.085509561,0.041626883,0.044883094,0.157142021,0.534531729,-0.233997529,-0.254430339,-0.198780102,-0.387121416,4.172880869,0.052377803,0.027273636,0.023478102,0.087230291,0.696372922,-0.019903557,-0.19728488,-0.185152691,-0.659333578,5.427625161
0.067635119,0.033574793,0.033729301,0.115469485,0.824127313,-0.340634457,-0.257068761,-0.323357309,-0.07084521,6.696863056,0.062003333,0.026559058,0.026008518,0.104103158,0.469669156,-0.056261609,-0.161251447,-0.200465618,-0.613804569,4.174231489
0.073869478,0.044321262,0.038030395,0.139483518,0.736059985,-0.333616119,-0.279276269,-0.26583362,-0.163114008,4.819345177,0.058144958,0.0303397,0.02702917,0.089719509,0.576224712,-0.161575774,-0.24040375,-0.221531256,-0.372252714,4.297656188
0.089306957,0.051417395,0.042192504,0.165675241,0.67610906,-0.283420457,-0.264777328,-0.301930169,-0.197496904,4.298611348,0.069939274,0.026475457,0.030186891,0.112830479,0.440244206,-0.179834034,-0.183648238,-0.203314907,-0.528037224,3.616382808
0.080782193,0.033024765,0.042213762,0.147012218,0.767877192,-0.19862888,-0.201031575,-0.240342529,-0.317228187,5.516145401,0.063280233,0.023611186,0.029435962,0.106186902,0.526429875,-0.214211994,-0.204276823,-0.220329998,-0.342800938,4.663499025
0.05336539,0.032985193,0.032447314,0.090106479,0.82211837,-0.269806102,-0.213070962,-0.288764468,-0.258547374,5.854627821,0.05468958,0.025786223,0.025403563,0.102255034,0.631358875,-0.186817155,-0.169888613,-0.213014037,-0.484366264,4.122447012
0.058930233,0.036185438,0.038136762,0.109146298,0.807137075,-0.237651586,-0.208792743,-0.27118926,-0.300798459,6.216556225,0.05751533,0.024521871,0.020845178,0.102881291,0.654122613,-0.098401075,-0.168959499,-0.173136931,-0.541291452,5.19865703
0.060362594,0.03508547,0.031974619,0.11289748,0.948247054,-0.306656029,-0.275052246,-0.260997204,-0.193920135,6.360734128,0.067941988,0.034614086,0.0287347,0.10844706,0.562167508,-0.203305996,-0.265243513,-0.179033222,-0.358911746,4.303988066
0.064826401,0.036156343,0.031588012,0.101617248,0.714062929,-0.22071183,-0.22389357,-0.233632426,-0.248672524,5.490934683,0.059205351,0.025332257,0.027608128,0.102670549,0.604919657,-0.115242396,-0.203544622,-0.196801841,-0.49472032,4.719187219
0.071826492,0.043630373,0.028016381,0.11810444,0.679302018,-0.306286172,-0.217779982,-0.270717836,-0.229897961,4.885922958,0.065282178,0.029276755,0.030489542,0.108312614,0.454547803,-0.179282801,-0.226197277,-0.192849784,-0.401307191,4.17531849
0.091997179,0.049560729,0.051998906,0.171367837,0.644481163,-0.40674385,-0.31020743,-0.192435672,-0.143486515,4.344457763,0.064552748,0.028575054,0.032025867,0.09375161,0.450555888,-0.202868293,-0.183195205,-0.190955715,-0.493237267,3.557744873
0.073737736,0.038909866,0.033464508,0.131901168,0.55306175,-0.236488824,-0.263155676,-0.209354099,-0.265356363,4.523439263,0.065036793,0.03262582,0.03014799,0.105951823,0.491541838,-0.152426902,-0.174592703,-0.200959321,-0.528969338,4.380743587
0.074777782,0.03954394,0.042553134,0.137313817,0.633526427,-0.154322295,-0.25922064,-0.221367398,-0.434449613,4.357350019,0.059306309,0.025537719,0.026295306,0.096537269,0.543330905,-0.121401869,-0.229979718,-0.212276265,-0.367159284,5.451786681
0.058985364,0.032364713,0.031590606,0.103712188,0.749957598,-0.106650864,-0.250504784,-0.196796093,-0.433527302,6.037969538,0.060161086,0.026470109,0.025816771,0.094432656,0.485797155,-0.056110637,-0.171404335,-0.204789196,-0.552719171,4.681522209
0.054095951,0.030844274,0.029604227,0.096576518,0.755504588,-0.260568896,-0.254133496,-0.269097125,-0.302167093,5.505039085,0.062108347,0.025270237,0.027912694,0.104032156,0.532916375,-0.169048856,-0.205290084,-0.2097865,-0.393165728,4.591033291
0.071529491,0.029942359,0.03975717,0.122046106,0.925765906,-0.236492445,-0.274996648,-0.208997536,-0.238035468,5.437454959,0.069419701,0.026935976,0.029381851,0.107509035,0.44523746,-0.156408334,-0.197561835,-0.18619146,-0.525569797,3.885480987
0.074877065,0.034012819,0.047067086,0.130448082,0.635851482,-0.268377489,-0.25224709,-0.278085355,-0.216277361,4.644073883,0.057032937,0.024989205,0.027679743,0.088753376,0.491268629,-0.081039255,-0.217773833,-0.177077902,-0.472182971,4.724739861
0.072185955,0.040758691,0.038208001,0.124446173,0.754327719,-0.398386438,-0.290219957,-0.315889496,0.047865921,5.134641584,0.061742126,0.022856535,0.029030693,0.093717971,0.603271439,-0.101897499,-0.151689322,-0.194375614,-0.544987697,4.448889235
0.076702666,0.039097496,0.036677319,0.134127673,0.670329017,-0.265486961,-0.248910696,-0.304774269,-0.178015371,5.164905698,0.054874283,0.030224463,0.025286025,0.088349678,0.50718748,-0.080237985,-0.221439318,-0.187405517,-0.55380884,4.330817512
0.069208653,0.042574284,0.032797988,0.131286523,0.753603022,-0.355935071,-0.352393641,-0.237815983,-0.100834818,4.978201364,0.064055096,0.027842454,0.023536776,0.105727493,0.524767816,-0.233769078,-0.239325876,-0.177589754,-0.340878509,4.071641785
0.072313509,0.04137885,0.037579561,0.133810978,0.692334696,-0.355813965,-0.230148373,-0.250938465,-0.103486114,5.076252419,0.060467315,0.026229436,0.031991483,0.093397,0.514401731,-0.087883495,-0.195807336,-0.169719666,-0.528495071,4.265228114
0.072648397,0.033910352,0.042138249,0.117536068,0.740764165,-0.290426192,-0.234055696,-0.262498471,-0.195627481,5.196966248,0.068660722,0.032423336,0.028427771,0.118756282,0.423137096,-0.134623859,-0.196035421,-0.204851465,-0.536901975,3.778680788
0.066740592,0.030681828,0.033847403,0.116652927,0.814268388,-0.296219488,-0.294259595,-0.264125987,-0.171381465,6.011481993,0.060183739,0.025587208,0.022324284,0.098001744,0.593671081,-0.267579364,-0.25736143,-0.232915519,-0.239224491,4.797911188
0.082943658,0.03896886,0.039911023,0.150731065,0.585653825,-0.258390755,-0.225848854,-0.292266391,-0.138639316,4.514884909,0.068761791,0.033303766,0.036700287,0.125345308,0.449107841,-0.109488269,-0.181073295,-0.166011144,-0.606975053,3.880662624
0.061581956,0.032294212,0.039458717,0.10647166,0.721529221,-0.327906456,-0.22524449,-0.304281367,-0.230331007,5.240155359,0.06216285,0.02450652,0.028846792,0.095638659,0.487505712,-0.228197347,-0.21496499,-0.20337634,-0.422166394,4.095393322
0.090312566,0.041404426,0.045297678,0.145654935,0.52112091,-0.359952388,-0.34294355,-0.228654064,-0.12702384,3.637434909,0.0672965,0.02767834,0.027460399,0.105581187,0.465727043,-0.270430915,-0.202073199,-0.209482693,-0.318946674,4.185866766
0.06923622,0.035832235,0.035544818,0.130040419,0.80414576,-0.186986981,-0.28462454,-0.194616293,-0.304184994,5.625214251,0.057788103,0.026874032,0.024347536,0.087041052,0.567917978,-0.168432309,-0.189056104,-0.227596793,-0.425321374,4.927717193
0.068426764,0.035140097,0.044729599,0.126835555,1.043429103,-0.29018312,-0.274507866,-0.288077235,-0.064916646,6.991337958,0.074207728,0.030211327,0.03304921,0.118859534,0.438958954,-0.216002414,-0.192867691,-0.271485503,-0.36803983,3.912131616
0.062292012,0.033724762,0.034471419,0.106950152,0.771965333,-0.216874142,-0.259682043,-0.224615817,-0.237541702,6.430517379,0.067711779,0.026707847,0.026005408,0.106691735,0.523397156,-0.093031589,-0.191295582,-0.177653903,-0.511520145,4.561909532
0.074607021,0.037916366,0.039092865,0.126070299,0.585418979,-0.353088847,-0.244273586,-0.241188979,-0.267495798,3.813737683,0.067387598,0.035395842,0.029248597,0.10069893,0.5086211,-0.251588166,-0.183951272,-0.234458115,-0.329991864,3.939252254
0.072987652,0.036507094,0.035206125,0.130321281,0.581518934,-0.170297189,-0.236836748,-0.256700624,-0.33452862,4.422547037,0.066034672,0.029117689,0.028686356,0.115964439,0.414453248,-0.195994607,-0.149985067,-0.266793635,-0.364558254,3.598574634
0.054639504,0.036400308,0.034608625,0.098512523,0.990477837,-0.136284727,-0.289760285,-0.219398856,-0.248581119,7.232675555,0.065102624,0.027093161,0.029978002,0.101478862,0.510360931,-0.125272341,-0.18893869,-0.220914907,-0.474791969,4.419245266
0.072150413,0.048350078,0.034625624,0.125576371,0.67057369,-0.259819504,-0.231149014,-0.241068888,-0.279864486,4.856813632,0.061563762,0.024749956,0.028099936,0.083761394,0.509219548,-0.193323905,-0.24976113,-0.170127219,-0.408579201,3.917973112
0.063507869,0.038409895,0.034479635,0.102639828,0.725387743,-0.113074978,-0.183286806,-0.285884445,-0.377530898,5.558822211,0.060832487,0.027792906,0.027239186,0.099296849,0.437207456,-0.119576537,-0.184901763,-0.202301824,-0.521452901,4.392509853
0.079011014,0.042866987,0.043912506,0.136904964,0.692994791,-0.29586251,-0.2958906,-0.298592747,-0.035614998,5.011763429,0.070288682,0.030963926,0.033760481,0.107219008,0.430116431,-0.138518344,-0.231152378,-0.156035415,-0.489099039,3.909653286
0.067396123,0.037291271,0.037595752,0.120070731,0.596528685,-0.212203316,-0.24061889,-0.225955614,-0.329131344,4.478194519,0.066345543,0.027532579,0.025026816,0.103097765,0.508019736,-0.168378976,-0.225731473,-0.201148317,-0.401179035,4.663184674
0.056466843,0.030364404,0.034330131,0.101184261,0.833686733,-0.23149691,-0.250968865,-0.261572413,-0.145710358,6.046330819,0.065565071,0.023578888,0.030339326,0.115147568,0.490728277,-0.130472258,-0.19718334,-0.177870769,-0.489843484,4.659533153
0.06817069,0.040802755,0.031847413,0.110257508,0.552139674,-0.259555484,-0.146441136,-0.305674864,-0.325181303,4.138364215,0.053914769,0.026391906,0.027527934,0.090351441,0.614893098,-0.195128298,-0.221261531,-0.24303927,-0.389728995,4.683087564
0.071247628,0.0480204,0.048651909,0.140024798,0.595203994,-0.314734196,-0.297885922,-0.253159916,-0.168443597,3.987263416,0.058613208,0.025288334,0.025064551,0.095740341,0.556370348,-0.130423183,-0.188111412,-0.213215245,-0.52462922,5.072943694
0.067350382,0.033068911,0.049102869,0.125188686,0.754910452,-0.14847521,-0.19661792,-0.261925968,-0.36972685,5.464010327,0.058792798,0.029807986,0.028828347,0.099618306,0.538867183,-0.142888949,-0.201952802,-0.195056954,-0.395137422,4.637478473
0.072497152,0.03343686,0.038429568,0.120028299,0.769273096,-0.189747093,-0.2313661,-0.244432787,-0.275768104,5.478490065,0.064534219,0.02571692,0.026907511,0.099195543,0.590554343,-0.097986358,-0.197138891,-0.133893504,-0.575554214,4.499504792
0.068279364,0.030387092,0.034692049,0.113702717,0.711308552,-0.300631645,-0.297073049,-0.267624053,-0.201102715,5.262877096,0.062171722,0.027842348,0.022644276,0.096564049,0.518941631,-0.131002222,-0.179760785,-0.183564027,-0.465557355,4.194286237
0.072041409,0.02764152,0.038709518,0.118294883,0.765279504,-0.372201722,-0.300685676,-0.271362174,0.035365431,5.473823619,0.060990603,0.024615685,0.03094369,0.096271821,0.494797388,-0.200014856,-0.200473973,-0.222127943,-0.368864695,4.833021177
0.069305357,0.035109907,0.03346113,0.128974732,0.939546137,-0.273958818,-0.265792769,-0.291060001,-0.128841403,6.265093997,0.064172352,0.027494836,0.025857574,0.090604481,0.521246215,-0.190963472,-0.217500735,-0.151258339,-0.422570842,3.940207831
0.058345474,0.035613589,0.035656144,0.098143864,0.564545679,-0.273005899,-0.244621089,-0.221192194,-0.272705178,4.795054753,0.058920121,0.026988492,0.023843234,0.087546983,0.521341096,-0.213529967,-0.206749886,-0.218532996,-0.322619649,4.794824449
0.071781411,0.039003844,0.034313701,0.121881636,0.575736716,-0.157727834,-0.200848682,-0.220721923,-0.475369593,4.855698339,0.061497237,0.021910379,0.025731008,0.103227931,0.521415064,-0.152832055,-0.183410288,-0.20707481,-0.498534554,4.542328313
0.063911719,0.030730889,0.036333381,0.116066175,0.702247052,-0.368149537,-0.251795763,-0.308983,-0.047052278,5.051878103,0.066394938,0.027551389,0.029959883,0.097895702,0.475006085,-0.146874556,-0.239177296,-0.215326429,-0.372814616,4.305156315
0.066228379,0.037069125,0.03192281,0.112618371,1.09146643,-0.245580014,-0.28786161,-0.277560552,-0.224382488,6.315152456,0.049344937,0.026112266,0.021868066,0.07359061,0.579309636,-0.15874955,-0.212278342,-0.254549072,-0.381069258,4.919293496
0.049584336,0.031551519,0.037195879,0.091141262,1.017908031,-0.267052492,-0.29191521,-0.293331213,-0.111370139,7.250807052,0.058817726,0.025669643,0.024921104,0.093943976,0.608789428,-0.196469952,-0.223398678,-0.201230487,-0.49470639,4.833389342
0.07161006,0.037137484,0.042622034,0.127403316,0.548248052,-0.111946543,-0.189117469,-0.20316233,-0.596772169,4.199024573,0.056876058,0.028508352,0.024647923,0.099283099,0.509230932,-0.155767567,-0.210941423,-0.224972835,-0.373036984,4.866745571
0.063157725,0.033913838,0.030562998,0.097513224,0.858609939,-0.234666451,-0.232666265,-0.236184848,-0.256032322,5.194113647,0.0661734,0.024780479,0.032886715,0.112735754,0.532874931,-0.098948303,-0.20486986,-0.153053679,-0.622276083,3.969792575
0.066105115,0.036611335,0.036244994,0.125189996,0.861049656,-0.295602881,-0.323106709,-0.282974843,-0.002425724,5.959923211,0.056713481,0.025086413,0.026373584,0.088204752,0.563653015,-0.181384126,-0.240488972,-0.164504972,-0.438955118,4.834084921
0.06461196,0.037102088,0.040267211,0.103440749,0.731171948,-0.24132701,-0.2464348,-0.245900685,-0.117336702,5.306529599,0.060179477,0.026930549,0.025944104,0.096421175,0.514521133,-0.226703968,-0.222662903,-0.176765102,-0.397413617,4.235547606
0.073195627,0.044461184,0.032495497,0.132693322,1.022782584,-0.359639932,-0.29553574,-0.331804015,-0.021927812,6.314467672,0.062710863,0.025178742,0.03006535,0.09110215,0.444462652,-0.227300263,-0.186137316,-0.225978413,-0.412832958,3.742852231
0.069594391,0.036408564,0.035144668,0.132553058,0.63701046,-0.249870109,-0.246349699,-0.221646137,-0.33843568,4.78531381,0.064907729,0.030054894,0.02739139,0.103523399,0.474019894,-0.231103738,-0.151710234,-0.194338954,-0.502318036,3.876076359
0.056892812,0.032374846,0.034273172,0.104235408,0.898167259,-0.313278955,-0.24670675,-0.248054096,-0.171715889,6.193936445,0.060122177,0.026576748,0.023742243,0.093482362,0.562548805,-0.19641646,-0.208174019,-0.214346021,-0.404244981,4.28550303
0.062964425,0.031899707,0.030036062,0.110597431,0.588458647,-0.23054943,-0.213975485,-0.251273018,-0.282935959,5.016346062,0.063930992,0.026232562,0.027222297,0.0943711,0.484547428,-0.147282832,-0.154531057,-0.20410647,-0.61341728,3.957501843
0.068814359,0.028574785,0.034448773,0.114260011,0.800483762,-0.312064432,-0.279700528,-0.256398763,-0.221636421,6.6089384,0.058292072,0.030459001,0.026656138,0.092486066,0.487578901,-0.14087903,-0.169671154,-0.214085057,-0.487737591,4.447482952
0.060271718,0.034173568,0.025116929,0.097373345,0.8163735,-0.114999793,-0.236602638,-0.189715002,-0.378366601,5.896100902,0.067517656,0.028293028,0.023943834,0.090000339,0.498705904,-0.104913244,-0.198595789,-0.206225785,-0.512539482,3.977247004
0.074354149,0.033974597,0.045503034,0.148418907,1.039785665,-0.211475892,-0.252993701,-0.290895031,-0.228282081,5.770034452,0.066789716,0.029372712,0.032794729,0.115277139,0.482887,-0.108589927,-0.131352183,-0.182141292,-0.613905775,3.403434149
0.06877601,0.038828005,0.03924467,0.118585403,0.651806645,-0.280471311,-0.209299053,-0.317522977,-0.290314074,5.033831201,0.064186504,0.036738955,0.030336509,0.116176981,0.505857673,-0.189900428,-0.221991937,-0.236488695,-0.39362449,4.220914285
0.071843325,0.039326129,0.031734421,0.128673016,0.731601358,-0.186696774,-0.277564379,-0.23336294,-0.339207285,5.360152084,0.073964701,0.028963914,0.025969402,0.112533185,0.55453132,-0.079681171,-0.205944051,-0.216889874,-0.535265539,4.379055659
0.061876278,0.049452103,0.035907891,0.132672828,0.713020969,-0.317319871,-0.267891022,-0.301033865,-0.154743514,5.172177851,0.064944438,0.027558283,0.026530771,0.103591253,0.545581144,-0.020029835,-0.1561626,-0.145645795,-0.676502715,4.564606187
0.079150135,0.034306735,0.035480018,0.133190314,0.59144558,-0.35931595,-0.275711203,-0.23874407,-0.184287245,4.08762024,0.061745364,0.028692858,0.032716424,0.109200228,0.470285501,-0.183345678,-0.223441808,-0.226037228,-0.35306091,4.2109913
0.06236703,0.034019816,0.031183411,0.104392162,0.931654865,-0.305628175,-0.257295288,-0.273718234,-0.104821908,5.784456629,0.057931678,0.027851079,0.032496284,0.096563244,0.510936635,-0.132238336,-0.19931449,-0.203942712,-0.49660383,4.275255385
0.064984761,0.031584985,0.035200184,0.115108856,0.519251943,-0.144511444,-0.177314049,-0.236302929,-0.442712174,4.191908143,0.060737361,0.025551985,0.030266795,0.097401448,0.489437177,-0.204851508,-0.248562012,-0.177830565,-0.393206672,4.683411408
0.066648298,0.031917686,0.032827355,0.112952603,0.589813843,-0.26229201,-0.254537377,-0.210748049,-0.237478937,4.985859142,0.058875077,0.028181875,0.030026743,0.089885334,0.480203036,-0.173431452,-0.183863318,-0.1701586,-0.44155655,3.765827569
0.073639887,0.034104404,0.042288447,0.127725911,0.696011444,-0.215852996,-0.228501553,-0.260821489,-0.338339167,5.100635125,0.064283513,0.029098929,0.030584212,0.108987206,0.48722799,-0.2436216,-0.207525833,-0.208753556,-0.416184593,4.165890668
0.065516376,0.033338232,0.03446362,0.108574629,0.714770854,-0.28652627,-0.285490693,-0.214931577,-0.20338715,5.085984526,0.059970089,0.030078519,0.031832992,0.09701925,0.446438672,-0.153390224,-0.165335653,-0.209220645,-0.516858249,3.900491063
0.07932651,0.037257391,0.049108452,0.160855606,0.768194912,-0.379051022,-0.245919049,-0.333243134,-0.007891475,5.955790142,0.052828201,0.023333854,0.023426442,0.083729044,0.65339522,-0.181850292,-0.220819697,-0.213406598,-0.295587075,5.119642401
0.063040231,0.040776693,0.031091438,0.104379519,0.661284775,-0.194054525,-0.252546819,-0.222886637,-0.339760615,4.949978285,0.054275807,0.023101258,0.026309075,0.089379557,0.64336363,-0.193592647,-0.235674956,-0.198285634,-0.325993888,5.08322332
0.07797651,0.04065318,0.037489516,0.153774744,0.930297569,-0.36824784,-0.313676445,-0.258108308,-0.001102809,5.931448312,0.065638088,0.022578025,0.02178391,0.096368053,0.569767114,-0.094223543,-0.196838806,-0.171763951,-0.558128793,5.04885092
0.06373574,0.036215895,0.03363356,0.113060675,0.732306405,-0.256976229,-0.293628025,-0.206155238,-0.234426664,5.115581907,0.065633142,0.025357642,0.029065058,0.105213835,0.457937073,-0.197020767,-0.247610836,-0.158095777,-0.480030773,4.175420009
0.063975404,0.034595081,0.034037047,0.130489792,0.776464884,-0.291042048,-0.29036502,-0.258806086,-0.052260883,6.762171255,0.057921074,0.025464096,0.030776893,0.092739452,0.484409265,-0.242904037,-0.20227515,-0.225258856,-0.387795388,4.532073273
0.066465686,0.03007016,0.0336422,0.112792902,0.725299382,-0.248749515,-0.226355322,-0.227153613,-0.276423485,4.967396667,0.049484596,0.020857467,0.021239196,0.079059036,0.567736206,-0.101247636,-0.176609137,-0.195626349,-0.439602155,5.492256353
0.073761433,0.034666021,0.032440773,0.124059986,0.838970528,-0.149513686,-0.199985661,-0.293356857,-0.330511106,6.228791425,0.068457807,0.025420226,0.026737792,0.114663901,0.571668971,-0.210004425,-0.219891111,-0.220506596,-0.283783251,4.468412539
0.077019733,0.046817781,0.033666143,0.147896804,0.707880912,-0.338211638,-0.302486536,-0.258580433,-0.090852649,5.033182822,0.051634297,0.023436223,0.028212045,0.094581979,0.528503582,-0.206735185,-0.211000816,-0.178158999,-0.463643005,4.590481488
0.070076621,0.040353081,0.040428561,0.122657638,0.600893607,-0.331419376,-0.326563775,-0.238606737,-0.065368082,4.085751123,0.062235506,0.026660401,0.029094228,0.100391014,0.502440447,-0.08738989,-0.206398429,-0.180053673,-0.513066621,4.682338382
0.078141079,0.039561327,0.037019137,0.1316743,0.561339285,-0.175686559,-0.206613657,-0.184415876,-0.42930165,4.480571751,0.067813625,0.03304461,0.030309677,0.123005806,0.53940659,-0.129866167,-0.189250911,-0.196531415,-0.459901429,4.325116528
0.06798593,0.033838078,0.031480061,0.122871357,0.79731491,-0.140135516,-0.245324798,-0.215245758,-0.436801881,5.969247379,0.062281124,0.029631517,0.026346575,0.109268187,0.497783207,-0.213278137,-0.203915121,-0.192794248,-0.429975384,4.21730515
0.071497316,0.043376064,0.034099085,0.123869255,0.644842236,-0.222469832,-0.244990047,-0.209419373,-0.279980683,4.588659857,0.060007837,0.027225248,0.023886772,0.098574186,0.630014196,-0.251469936,-0.186594944,-0.210880533,-0.383423994,4.956797434
0.066847748,0.03532936,0.035004709,0.109284661,0.760458487,-0.209044808,-0.220750996,-0.267911257,-0.37919875,4.802558796,0.062606762,0.02850085,0.028920466,0.104764072,0.458028754,-0.08008383,-0.156958607,-0.190256371,-0.61537714,4.686807872
0.064684971,0.032634981,0.032512604,0.106451969,0.654623425,-0.219853213,-0.246602735,-0.268897792,-0.232841293,4.954610744,0.060829411,0.028193682,0.024217018,0.099823138,0.492509137,-0.134308451,-0.204104097,-0.210696517,-0.420512575,4.592595767
0.063032996,0.034805867,0.029802688,0.108460178,0.868638852,-0.129639389,-0.187881027,-0.234244802,-0.402615188,5.704779644,0.064257213,0.023406576,0.029532936,0.107704307,0.491417697,-0.305837156,-0.249921001,-0.194613434,-0.216106617,4.821036416
0.062902044,0.034915784,0.039558657,0.116923145,1.078562842,-0.320722543,-0.319000025,-0.269632542,-0.101213227,7.015969815,0.059395551,0.026574359,0.026906473,0.093337087,0.61850612,-0.059331257,-0.16788784,-0.178488321,-0.580002697,5.231495718
0.073179618,0.040036119,0.037742557,0.126754913,0.805800692,-0.240141938,-0.256561604,-0.302853707,-0.145819412,5.5426489,0.068059118,0.028136124,0.029053187,0.104426576,0.543242848,-0.141290541,-0.229736089,-0.218159283,-0.472095819,4.349030362
0.069750737,0.031326965,0.037845046,0.132012397,0.631615233,-0.33658065,-0.281542878,-0.281476387,-0.114410425,5.116126649,0.061945161,0.028899589,0.02478799,0.08650804,0.593321894,-0.126861795,-0.197753047,-0.188513465,-0.498869465,4.449807423
0.096477859,0.036870059,0.056471111,0.177413579,0.618577443,-0.114413181,-0.236749236,-0.151935999,-0.513943807,4.21334075,0.060529892,0.02526303,0.026177769,0.097900781,0.641559332,-0.14764292,-0.189472263,-0.242480207,-0.395530695,5.87711545
0.071817606,0.035535445,0.044484482,0.115764074,0.784506861,-0.384675193,-0.264490217,-0.301673702,-0.102432173,5.182940015,0.066736886,0.026101831,0.027802638,0.106669894,0.390966644,-0.205817841,-0.212405046,-0.203854202,-0.427846601,3.677624687
0.073552291,0.034274426,0.039522397,0.125554194,0.787251598,-0.230946145,-0.285525871,-0.261648164,-0.226797016,5.802604129,0.062594094,0.027578625,0.025586632,0.08928121,0.433054871,-0.203133863,-0.240331746,-0.21347372,-0.350879354,4.25337465
0.060862336,0.028196349,0.044124181,0.118836234,0.872498798,-0.270599694,-0.245016264,-0.294069418,-0.287937691,5.754342521,0.0738688,0.02702062,0.026664688,0.10913437,0.466777823,-0.024647924,-0.176829351,-0.132638031,-0.719437386,4.02045097
0.059936408,0.03060871,0.029255233,0.105786692,0.752379542,-0.302566569,-0.246594598,-0.265176617,-0.207099217,6.0562856,0.078047894,0.02720865,0.02629232,0.110085954,0.470017664,-0.111335324,-0.199036946,-0.175571714,-0.525017806,3.804600141
0.075464603,0.029647363,0.041335164,0.127850905,0.744930793,-0.157664926,-0.161246174,-0.217836787,-0.471196694,5.07507174,0.064614177,0.024826206,0.026078296,0.097405696,0.542543924,-0.206343641,-0.235076948,-0.176752179,-0.360376827,4.681938424
0.067129871,0.031565873,0.037674362,0.116651421,0.732386324,-0.232652507,-0.211169225,-0.293595792,-0.222110534,5.24074126,0.058482493,0.028782634,0.029184442,0.097784273,0.495877922,-0.223216385,-0.226833813,-0.262703975,-0.321125378,4.270550845
0.064986394,0.039732378,0.029402479,0.111389907,1.158811714,-0.249761801,-0.327895846,-0.239502275,-0.160186151,7.589569404,0.06877086,0.026447608,0.029348944,0.106454152,0.497534305,-0.203776223,-0.227361357,-0.214748259,-0.373451785,4.432284339
0.063553898,0.031281026,0.03726742,0.107231417,0.774802874,-0.184300308,-0.239075282,-0.28632391,-0.254743238,5.467797654,0.055007911,0.025020911,0.026640057,0.095014384,0.539787224,-0.144570271,-0.183862391,-0.175110746,-0.583747365,4.717195291
0.059626564,0.038545053,0.033527012,0.096013217,0.762871561,-0.238351887,-0.248206597,-0.231373901,-0.280469801,5.326261021,0.066905211,0.033595986,0.032359179,0.100917109,0.553031135,-0.282932167,-0.232583427,-0.223214758,-0.338851255,3.960934288
0.061565393,0.026724666,0.033200745,0.09417614,0.960416396,-0.118062324,-0.209766859,-0.214777962,-0.387534443,7.145321294,0.066163077,0.028342152,0.025053045,0.106188949,0.38519184,-0.207307401,-0.148519447,-0.220262664,-0.488533522,4.072393417
0.066100536,0.034741227,0.032437151,0.111539894,0.596281358,-0.279069279,-0.238495613,-0.249284336,-0.318675232,4.372568231,0.056064768,0.025668915,0.026185423,0.088190345,0.525487674,-0.13149812,-0.195877764,-0.222968363,-0.458827564,4.725177416
0.068232,0.038748587,0.03173556,0.111645891,0.594106039,-0.203927565,-0.234254652,-0.221047126,-0.347804653,4.797745038,0.056928945,0.027538694,0.02619448,0.095783092,0.475699834,-0.197746865,-0.156894294,-0.209932824,-0.388748284,4.162176333
0.076195773,0.036746298,0.032328899,0.123245713,0.682607151,-0.320997455,-0.296025564,-0.286030948,-0.038798051,5.755301555,0.061864682,0.029669186,0.027135959,0.100853571,0.455972995,-0.212600336,-0.217714837,-0.208241054,-0.42462026,4.232085542
0.077380259,0.03746838,0.038803427,0.144001308,0.887083169,-0.340565656,-0.283862827,-0.314397203,-0.068933144,5.53479642,0.076453354,0.031740161,0.031955637,0.126898271,0.493650533,-0.089031637,-0.145106063,-0.203329989,-0.562148581,3.93130117
0.06394642,0.03184456,0.033941297,0.104521027,0.952399139,-0.236793771,-0.25944367,-0.31288033,-0.140768501,6.008664544,0.054940502,0.021024261,0.02705768,0.087313662,0.56862667,-0.155232417,-0.2172826,-0.148000309,-0.464299997,4.705239765
0.064508348,0.034570981,0.029596748,0.116129495,0.740922886,-0.254998227,-0.250822899,-0.244398831,-0.256318063,5.049281766,0.058640998,0.026960804,0.027303778,0.092445911,0.549409048,-0.035363124,-0.166391887,-0.191814319,-0.601009401,4.656167437
0.070348332,0.031159927,0.033820353,0.12307704,0.668752327,-0.342930357,-0.327728041,-0.222815336,-0.102099506,5.39278552,0.063134001,0.02516269,0.02640713,0.090192292,0.501353706,-0.16604379,-0.225097174,-0.18137844,-0.468682135,4.40890055
0.062722168,0.03585912,0.031440394,0.105051041,0.504801577,-0.162609028,-0.233088727,-0.212710857,-0.36235447,4.890303009,0.06673481,0.027118489,0.029611677,0.108786763,0.411215653,-0.269219603,-0.224687105,-0.202661223,-0.370905169,3.52943296
0.072279362,0.037216116,0.036820045,0.135913473,0.610148245,-0.395266897,-0.314236602,-0.319536182,0.013190361,4.36862254,0.064839291,0.029735669,0.027217854,0.103423363,0.504771466,-0.14177792,-0.200037727,-0.163955861,-0.414761278,4.39107294
0.065153049,0.038621664,0.036251983,0.113405224,0.569878595,-0.191726784,-0.223478384,-0.248012621,-0.367025411,4.279212429,0.070856059,0.038785774,0.032564794,0.115738551,0.459278535,-0.350625249,-0.239837379,-0.246744035,-0.256822259,3.515690825
0.066882568,0.033655778,0.035497086,0.128221348,0.879421763,-0.259821302,-0.307832584,-0.23690084,-0.142713121,5.61585884,0.064095159,0.028090628,0.031425258,0.095669562,0.508708155,-0.086342239,-0.127963058,-0.202152166,-0.593640408,4.061650992
0.07397275,0.034359757,0.037481536,0.126061024,0.6823542,-0.262475813,-0.282850202,-0.241728304,-0.179509276,5.391204623,0.061322171,0.029898342,0.025757565,0.096856176,0.509749281,-0.139054873,-0.190894671,-0.207342882,-0.455577375,4.767513658
0.089898792,0.052764151,0.039523072,0.16970373,0.792561755,-0.29820646,-0.293396443,-0.255373432,-0.096975473,5.726614252,0.072580834,0.03384645,0.030813934,0.121600042,0.468745609,-0.181219858,-0.203834162,-0.228213425,-0.428660834,3.592413068
0.077074818,0.036125904,0.042505744,0.132586085,0.684952972,-0.302366582,-0.289188544,-0.271449582,-0.085618077,4.707450577,0.056188921,0.026876269,0.029130778,0.088627713,0.511129576,-0.127565284,-0.202169464,-0.186281281,-0.484444111,4.401078151
0.059140938,0.039319274,0.031318787,0.108121264,1.043360618,-0.235215525,-0.319227403,-0.278566889,-0.095987535,7.507392846,0.063500051,0.028077898,0.026119323,0.107441594,0.483839885,-0.14362625,-0.144400184,-0.21187807,-0.525380444,4.57685884
0.059874647,0.038320045,0.027127882,0.114378383,1.040137196,-0.263139287,-0.243117031,-0.263639052,-0.218138417,5.902811634,0.059709806,0.02536425,0.025952433,0.091229256,0.575010001,-0.124280989,-0.221403816,-0.169909524,-0.497092845,5.121570823
0.071584341,0.038087644,0.040256684,0.125589024,0.616660518,-0.341179898,-0.277908814,-0.248931332,-0.089676337,4.449563053,0.057026623,0.030793442,0.026849003,0.090546787,0.522001535,-0.135238249,-0.18946762,-0.185626365,-0.454461166,4.519686142
0.082239072,0.03059907,0.043567715,0.1444619,0.699408061,-0.32473276,-0.253936638,-0.288945043,-0.094479524,4.982526316,0.046990726,0.024033759,0.021400807,0.081387768,0.55418679,-0.114746854,-0.204467814,-0.169965789,-0.463239647,5.349279956
0.074805921,0.034447758,0.037867921,0.129456354,0.641929163,-0.20382881,-0.177206075,-0.274328701,-0.31648065,4.768921831,0.068407714,0.030012472,0.025591551,0.10800991,0.430971457,-0.102642473,-0.224063232,-0.176565439,-0.490400035,4.22025983
0.087518666,0.037855877,0.035911978,0.143543488,0.778082984,-0.285593169,-0.245507811,-0.227273242,-0.161957772,5.859392205,0.065616129,0.031522647,0.025050251,0.10736595,0.495094032,-0.112106618,-0.16996557,-0.204672337,-0.541650134,4.514368301
0.070040952,0.027455187,0.032872479,0.100517385,0.785248037,-0.312719717,-0.270120193,-0.266678063,-0.171257268,5.133062205,0.06452556,0.026267394,0.031662431,0.099314431,0.560027407,-0.119792728,-0.19058468,-0.197999686,-0.554536988,4.279369816
0.072064425,0.032854723,0.041283397,0.130147714,0.683336845,-0.242297416,-0.242163244,-0.238497714,-0.206347447,5.114901459,0.065914663,0.028356831,0.030123791,0.102071464,0.544342691,-0.164014941,-0.211303905,-0.175479406,-0.443204129,4.426394956
0.060674907,0.035946976,0.044491485,0.130284193,0.648695462,-0.216173268,-0.287355215,-0.204409755,-0.288486441,4.52342254,0.060607244,0.035693246,0.028318806,0.103326441,0.51517605,-0.14465464,-0.168794264,-0.246302461,-0.421011556,4.290407452
0.066406961,0.035842927,0.033900772,0.119771741,1.068709875,-0.245551048,-0.292195119,-0.255685618,-0.217876151,7.047017268,0.067503086,0.032712967,0.02945548,0.109775257,0.516875915,-0.243177976,-0.198846494,-0.247628399,-0.347969721,3.829697109
0.063624878,0.033955305,0.034287181,0.114531026,0.873177678,-0.251448423,-0.283867828,-0.208040387,-0.2150709,6.672871563,0.066545405,0.025385396,0.031740998,0.111936274,0.601582057,-0.171701791,-0.183038358,-0.180510418,-0.464801586,4.583640584
0.070125158,0.042415502,0.028977194,0.116313652,0.626798058,-0.174942579,-0.21678418,-0.241296445,-0.391698015,4.766863854,0.064943047,0.029642981,0.024662961,0.101758383,0.547556684,-0.26301742,-0.253251853,-0.215892446,-0.293645492,4.867001216
0.055788647,0.036414867,0.031472781,0.107891665,0.798978477,-0.255202291,-0.270464119,-0.309532378,-0.045420833,5.572884358,0.065085822,0.026491581,0.026911704,0.105004603,0.527202525,-0.049802681,-0.116687473,-0.188970194,-0.677199402,4.443185472
0.063204053,0.03487151,0.038887193,0.110025599,0.603530005,-0.254676802,-0.250455725,-0.251700101,-0.305335296,4.638415939,0.061789959,0.028024623,0.029972138,0.105111,0.453702464,-0.213837707,-0.20304198,-0.200044321,-0.419733492,3.676369966
0.071399023,0.029134268,0.03715462,0.126120386,0.671188348,-0.259324449,-0.199302576,-0.256990587,-0.196691882,5.03118278,0.05575012,0.024386931,0.030084019,0.094944765,0.661624152,-0.120627734,-0.156068798,-0.195038618,-0.594683727,4.717916661
0.068326509,0.041502312,0.033057967,0.115044891,0.676737505,-0.308959809,-0.289176834,-0.220105759,-0.238214564,5.127460474,0.069457587,0.027920742,0.029368338,0.110183607,0.511366314,-0.11818475,-0.19369626,-0.219700261,-0.48972106,4.369308721
0.073782936,0.035324188,0.040089992,0.126716155,0.768476703,-0.307248462,-0.325281802,-0.252923008,-0.124833764,6.016202458,0.06981628,0.031909054,0.027473057,0.110743469,0.465041116,-0.191072924,-0.166270028,-0.14654878,-0.552876048,4.029655281
0.057923703,0.030294885,0.029013701,0.107900961,1.16531196,-0.241085019,-0.291126619,-0.262062031,-0.147554811,8.154411757,0.054595456,0.025617287,0.024799642,0.091065714,0.587824664,-0.107062131,-0.213983909,-0.238463374,-0.414447794,5.586254948
0.065975073,0.039218356,0.037325843,0.116843944,0.611170364,-0.172605315,-0.210019135,-0.232304902,-0.435661675,4.933619579,0.067618063,0.03671354,0.029137093,0.109552793,0.386667338,-0.21976646,-0.207507958,-0.223020034,-0.377238495,3.247668586
0.063330138,0.037390824,0.034085042,0.10463121,0.668334601,-0.132713119,-0.222215823,-0.140856173,-0.496565602,4.313156582,0.057263894,0.029300885,0.029305365,0.096056828,0.526370055,-0.128009396,-0.22258082,-0.217897083,-0.50452696,4.553863789
0.063392589,0.038943072,0.033248181,0.111154233,0.777568025,-0.20854294,-0.209590096,-0.257028128,-0.348133267,5.349707881,0.060016203,0.026818474,0.026169446,0.098611582,0.507391766,-0.140941783,-0.205799896,-0.209383826,-0.469318066,4.55788068
0.063288524,0.039934692,0.033464555,0.110786901,0.556075391,-0.236219766,-0.200862925,-0.281723203,-0.329857331,4.355554054,0.057388893,0.022690422,0.023606946,0.091215523,0.458756534,-0.259560524,-0.228148078,-0.223219425,-0.278637046,4.318914948
0.063327227,0.031116342,0.035427419,0.104776441,0.762936625,-0.178994157,-0.223591869,-0.234608722,-0.35149987,4.529913354,0.053043535,0.025215731,0.025163858,0.079961341,0.74084785,0.003897803,-0.172727232,-0.134018725,-0.655890958,5.847067889
0.073855939,0.034541343,0.042250856,0.129820383,0.646779236,-0.165812517,-0.266471813,-0.188712113,-0.374642094,4.829064164,0.055352554,0.026452339,0.027306139,0.104436164,0.587041036,-0.211802849,-0.181438701,-0.18074757,-0.460035175,4.446001756
0.064010528,0.037743976,0.039139434,0.113462328,0.60652653,-0.150155142,-0.280800368,-0.233739941,-0.280660479,4.652049348,0.057887736,0.029395804,0.026774449,0.096744452,0.465280082,-0.097927017,-0.188071018,-0.193073461,-0.467707591,4.284796699
0.057852074,0.032299439,0.030384222,0.09643319,0.873393056,-0.116867145,-0.201292611,-0.219983308,-0.467757868,6.042449621,0.06378956,0.026812507,0.027128378,0.097386576,0.554595042,-0.134535088,-0.243313363,-0.221215804,-0.396509592,4.381315423
0.059558625,0.043778163,0.046243603,0.103590645,0.629661903,-0.16297646,-0.181366895,-0.26424581,-0.368508478,4.9571038,0.056973665,0.024550447,0.025018697,0.095288801,0.639966221,-0.102855069,-0.212753099,-0.170438473,-0.488300569,4.910003409
0.071295725,0.039292173,0.041701614,0.136484597,0.675766183,-0.221565229,-0.225789005,-0.293034973,-0.2421674,4.879439121,0.068268694,0.028105079,0.025806936,0.101362117,0.49851264,-0.150742467,-0.232333842,-0.18834901,-0.420491973,4.356440116
0.060548235,0.029575243,0.03676808,0.105516401,0.717907319,-0.146862837,-0.231065475,-0.231647642,-0.439674332,5.739727219,0.056815524,0.024851838,0.028201633,0.091972949,0.421284436,-0.19239137,-0.175304532,-0.221901079,-0.417260535,4.045473376
0.060919125,0.031187875,0.03140428,0.107114874,0.859265377,-0.230952116,-0.22303051,-0.265977982,-0.194389165,5.889428337,0.058549815,0.022776027,0.024884571,0.09324665,0.552357002,-0.113202002,-0.193327571,-0.171275507,-0.522015373,4.535684915
0.075585792,0.037784249,0.050461836,0.137534819,0.780655795,-0.308220376,-0.221488903,-0.32856653,-0.131930661,5.187625461,0.060029559,0.027770434,0.028959927,0.09921819,0.555290626,-0.063504314,-0.146483348,-0.202151537,-0.561628858,3.958564282
0.068544705,0.03396925,0.033722735,0.10747329,0.709818187,-0.141627927,-0.239534162,-0.210993938,-0.336599565,5.279925163,0.072837293,0.029382553,0.026609167,0.113918452,0.56491396,-0.205197756,-0.199805496,-0.216797678,-0.344241644,4.347449885
0.079620503,0.038286438,0.036885341,0.133372614,0.610781649,-0.177274945,-0.25867301,-0.25273252,-0.322218833,5.002731223,0.056457328,0.023832841,0.025480969,0.087540064,0.481575096,-0.194539806,-0.219383725,-0.174641857,-0.335136585,4.637138491
0.057447284,0.031957938,0.038560128,0.11582461,0.762165897,-0.218765831,-0.214610912,-0.235098163,-0.354676697,5.738499784,0.065350101,0.030987246,0.025935932,0.110228942,0.43637462,-0.295531076,-0.207886611,-0.254266959,-0.261387848,3.730712385
0.068289307,0.031670232,0.03880805,0.112530795,0.572782216,-0.150600576,-0.198309059,-0.237671874,-0.332658675,4.749284242,0.055843204,0.025964958,0.025171548,0.098579067,0.530932751,-0.149347733,-0.227611451,-0.207773112,-0.398068026,4.752821433
0.076500386,0.043137378,0.030102052,0.137800796,1.050982135,-0.416964434,-0.343228039,-0.312756657,0.103415662,6.518446201,0.07011055,0.028528887,0.036431971,0.095620293,0.525132078,-0.168676722,-0.204356706,-0.177950355,-0.51539963,3.834177085
0.07312738,0.037504717,0.03308691,0.126452874,0.597821522,-0.267470004,-0.243242157,-0.254856359,-0.246511489,4.808595059,0.063336033,0.027872701,0.0302506,0.11619321,0.500695248,-0.145022178,-0.270802424,-0.19382136,-0.322699759,4.782115248
0.060641042,0.034075104,0.036749442,0.113323506,0.621554678,-0.242888497,-0.242485457,-0.265062237,-0.231340101,4.798780631,0.064801443,0.029560079,0.024300513,0.101459906,0.470919821,-0.135418491,-0.232378211,-0.213044538,-0.439834348,4.304740448
0.067089117,0.039024533,0.028213096,0.113641078,0.728933469,-0.220917991,-0.210953379,-0.267076593,-0.296074654,5.403988184,0.061462202,0.023039732,0.022063934,0.092258634,0.511984658,-0.130608761,-0.186826708,-0.143299081,-0.505707152,4.389605136
0.064391514,0.041751379,0.03581837,0.126545391,0.780550245,-0.2675932,-0.291583195,-0.244445871,-0.175883298,5.428006612,0.063087318,0.026806984,0.02701822,0.093358786,0.455519905,-0.225211025,-0.241236176,-0.170858378,-0.512074679,3.782449939
0.064871744,0.033677406,0.0318323,0.117790791,0.8993332,-0.248093402,-0.308084486,-0.240293543,-0.127180895,6.340791714,0.054673398,0.025233822,0.025178509,0.087416401,0.513076939,-0.206812442,-0.219404094,-0.210284112,-0.342320196,4.700082464
0.065876406,0.033864931,0.036354866,0.120917892,0.867167421,-0.181884944,-0.232479384,-0.229210071,-0.311434966,5.687881345,0.065268676,0.030476429,0.025598241,0.10513378,0.512301829,-0.172904279,-0.235072796,-0.145993464,-0.490150769,4.172456357
0.062881306,0.037584242,0.042995466,0.121706933,0.769045992,-0.319764642,-0.267723701,-0.237546793,-0.147633462,5.022483533,0.071572627,0.027517583,0.029099835,0.117173139,0.506825062,-0.139439184,-0.161719721,-0.185890396,-0.621514021,3.670951187
0.068372739,0.035553318,0.033868566,0.116515897,0.611186282,-0.305727292,-0.211910961,-0.262735974,-0.175729762,5.021626933,0.05661384,0.028272245,0.026590441,0.09767284,0.517718597,0.019074717,-0.188625508,-0.169403151,-0.628259542,4.969662581
0.063323898,0.037153115,0.039403843,0.111942871,0.60517888,-0.305579545,-0.310334654,-0.209196764,-0.230203301,4.765781735,0.070631183,0.026047453,0.034550303,0.121027985,0.480453506,-0.216281458,-0.195290352,-0.245491192,-0.413918313,4.283232531
0.062515703,0.034984228,0.033137329,0.119557988,0.637862195,-0.173863624,-0.253508971,-0.23229807,-0.411529001,4.398381093,0.061161604,0.028304529,0.02692467,0.091938172,0.577004478,-0.212790237,-0.19661114,-0.178285596,-0.451137906,4.046921733
0.068604205,0.036806365,0.041264193,0.116939615,0.649586684,-0.269783864,-0.257673935,-0.266120558,-0.184100199,5.367063236,0.067986857,0.031441103,0.030942378,0.119505261,0.4424431,-0.040254305,-0.172195081,-0.127453357,-0.626673017,3.770493478
0.059616448,0.030452326,0.031456024,0.110282265,0.775818,-0.186929865,-0.242144844,-0.224095126,-0.332231391,5.377666761,0.057784731,0.025291419,0.025780679,0.102913921,0.633059543,-0.146277301,-0.17409054,-0.161185283,-0.554600366,4.269825641
0.068202816,0.032625433,0.030847663,0.117866031,0.770857203,-0.189499655,-0.242749772,-0.253296597,-0.315249119,5.139784659,0.058254134,0.033582033,0.022994297,0.098185959,0.591028818,-0.099364367,-0.174534464,-0.232140283,-0.472423321,4.678856925
0.064375636,0.038668122,0.032745823,0.116026437,0.529473782,-0.273806176,-0.232954978,-0.229346595,-0.337312577,4.036839347,0.062031901,0.024976558,0.028953896,0.105216478,0.497304631,-0.036795793,-0.168581975,-0.168323484,-0.613237135,4.796952149
0.059191712,0.036991807,0.028918873,0.110323812,1.29281938,-0.209639982,-0.284516384,-0.273510229,-0.307683374,7.891298726,0.070905468,0.029632528,0.037056766,0.120205963,0.539137785,-0.159000475,-0.212919789,-0.177163878,-0.483889985,4.466674917
0.077025228,0.037365912,0.042587085,0.140047257,0.79871484,-0.280756448,-0.320826565,-0.242818969,-0.154262452,4.497942842,0.060620551,0.030697729,0.029516323,0.106665419,0.425726268,-0.118857621,-0.138447806,-0.163305905,-0.677378616,3.438879965
0.061272127,0.036429418,0.034713847,0.122223153,0.723524453,-0.290918822,-0.281511813,-0.274839599,-0.157266592,5.719401058,0.067232769,0.024853924,0.02621384,0.110400863,0.548434546,-0.158909355,-0.208510341,-0.212708059,-0.424813044,4.523326193
0.07039971,0.035346694,0.034711062,0.12487581,0.619920238,-0.236541227,-0.237862367,-0.243489316,-0.363138908,4.766558654,0.059477258,0.025120589,0.027034351,0.095974346,0.483468145,-0.166314871,-0.223103456,-0.169891812,-0.392685617,4.904633873
