MCCL1,,,,,MCCL2,,,,,Naïve,,,,
beta0,beta1,beta2,beta3,phi,beta0,beta1,beta2,beta3,phi,beta0,beta1,beta2,beta3,phi
-0.222949892,-0.231405718,-0.30423892,-0.321244525,4.603780784,-0.26984523,-0.281540419,-0.27022366,-0.221630567,4.926107395,-0.258712996,-0.245277091,-0.250321611,-0.24895956,5.102671537
-0.213752634,-0.252528491,-0.222439416,-0.231523377,5.360334612,-0.228273813,-0.24496401,-0.253508385,-0.253239155,4.470627361,-0.292115347,-0.274102073,-0.244247987,-0.290859511,3.768031366
-0.323287433,-0.261271187,-0.287124382,-0.141767526,4.702401254,-0.211122587,-0.259092152,-0.254351752,-0.271897269,4.728444372,-0.21301225,-0.221238534,-0.232403615,-0.322851528,5.089426912
-0.260787662,-0.234068517,-0.22373635,-0.350042055,4.07378835,-0.279961211,-0.27421698,-0.250543071,-0.321158861,6.60618025,-0.142563447,-0.229772044,-0.23682635,-0.34256175,5.942782428
-0.229464781,-0.299910694,-0.202696369,-0.282521279,6.286606431,-0.270026057,-0.3140387,-0.202192287,-0.194705676,5.151670865,-0.114705457,-0.237045661,-0.204599947,-0.419877802,5.456077818
-0.339729821,-0.277326797,-0.231657263,-0.113215784,4.496670763,-0.112745719,-0.253920015,-0.218355469,-0.338641411,6.314264255,-0.204403819,-0.256070785,-0.226995715,-0.177588099,6.105486286
-0.313830848,-0.258577061,-0.26545084,-0.14941708,4.68775133,-0.215938448,-0.203230731,-0.229067885,-0.368585716,4.513666914,-0.211688859,-0.189078885,-0.218041449,-0.366452892,4.758649452
-0.249654203,-0.299183865,-0.247949266,-0.20886455,5.405862581,-0.256776909,-0.260213039,-0.267963356,-0.208875502,5.070090162,-0.182937164,-0.237621437,-0.256012473,-0.36088032,4.360842172
-0.219819935,-0.229147116,-0.224423643,-0.330324065,4.588923436,-0.298227583,-0.250432777,-0.284245771,-0.220365981,4.831058515,-0.262367577,-0.250857386,-0.299604048,-0.264635705,4.446694085
-0.113034013,-0.222881863,-0.22766925,-0.445846011,5.903006396,-0.26415153,-0.266484668,-0.260760407,-0.184513831,4.70254862,-0.285826114,-0.242609729,-0.242620637,-0.326501601,3.605044397
-0.258902748,-0.203160995,-0.265439398,-0.228477549,4.76826107,-0.265219959,-0.254089374,-0.256910807,-0.319877163,4.847974258,-0.27117024,-0.265152492,-0.240760935,-0.204659425,5.788450676
-0.391819028,-0.30794045,-0.268075604,-0.050608558,5.059827859,-0.203555785,-0.275779094,-0.267544619,-0.252096254,7.701987315,-0.278956338,-0.220291946,-0.246923104,-0.290460477,4.774273392
-0.251147282,-0.32264918,-0.210574021,-0.236892019,4.144667779,-0.165819921,-0.261169938,-0.218938982,-0.320383687,5.269465615,-0.269435054,-0.211240516,-0.26881273,-0.194980024,4.101202579
-0.203008844,-0.24030037,-0.218398025,-0.301664428,5.611902019,-0.381749107,-0.328149456,-0.375422655,0.223727948,5.031902205,-0.155430203,-0.250062034,-0.18228938,-0.427079705,4.662362708
-0.199246831,-0.221041177,-0.240275749,-0.324747479,5.079396997,-0.419996374,-0.293013824,-0.341943063,0.106710655,7.340921826,-0.285724829,-0.239251566,-0.260506188,-0.240726541,4.420634558
-0.242343731,-0.245324621,-0.25251484,-0.207595657,4.814749447,-0.201963477,-0.187503011,-0.244918424,-0.419641394,4.843134959,-0.275824416,-0.279083536,-0.283658796,-0.16709433,4.80753693
-0.246450964,-0.220226824,-0.289873646,-0.239466785,5.020788048,-0.227215741,-0.249290328,-0.209157044,-0.324484873,5.273410621,-0.161766208,-0.183194234,-0.211812769,-0.465141433,4.472163222
-0.25234712,-0.228750192,-0.277523168,-0.200585877,5.289399271,-0.202207903,-0.247216257,-0.200541893,-0.314554183,6.535053895,-0.163642294,-0.230383148,-0.21506683,-0.445229189,6.035615754
-0.297208586,-0.259938386,-0.302526143,-0.101599898,5.109924648,-0.270727128,-0.242523664,-0.293480246,-0.246761,5.538789606,-0.168418363,-0.224794007,-0.257488146,-0.324403141,6.409996988
-0.275923091,-0.288980038,-0.25723889,-0.179563442,5.342041819,-0.213355932,-0.219790778,-0.21719475,-0.376794837,4.285281842,-0.171073573,-0.257093134,-0.228535747,-0.3609213,5.148216707
-0.20656517,-0.277476394,-0.231207825,-0.214801736,4.333162685,-0.25129895,-0.238473027,-0.247707132,-0.192230211,5.715799452,-0.085059943,-0.248513421,-0.144233796,-0.542278793,5.202398841
-0.196876227,-0.245675175,-0.244191646,-0.325681264,5.841520261,-0.296098852,-0.18307045,-0.319354071,-0.185538747,4.210720441,-0.291543941,-0.240676208,-0.255260044,-0.226635593,5.361932811
-0.279858483,-0.246844746,-0.269400259,-0.192995042,6.190578364,-0.214057521,-0.260906164,-0.26878953,-0.329430326,5.167923515,-0.113027054,-0.199665722,-0.227992599,-0.464933755,5.452969422
-0.299919999,-0.264914623,-0.224552208,-0.205057984,4.792482687,-0.183688181,-0.236788215,-0.255160058,-0.278236234,6.628934716,-0.31856961,-0.292009914,-0.250184884,-0.229422177,4.897296021
-0.237970764,-0.254230451,-0.22272251,-0.269946851,6.175566962,-0.341299147,-0.317417767,-0.29231293,-0.006506631,5.665032558,-0.156429189,-0.2062907,-0.227497527,-0.347183456,5.254289783
-0.194981545,-0.262469927,-0.240288736,-0.270736812,5.662342412,-0.254792877,-0.271600861,-0.238033947,-0.184829428,5.258871158,-0.23106461,-0.219875888,-0.178149498,-0.429911833,4.675512687
-0.240855135,-0.222636397,-0.232125016,-0.30035168,6.406765556,-0.289041415,-0.25454702,-0.280943992,-0.213097533,5.165505677,-0.26572482,-0.212211476,-0.263607371,-0.251617048,4.81730634
-0.33732159,-0.277613595,-0.269506442,-0.025155803,6.079406541,-0.255195371,-0.269111551,-0.225291972,-0.240037172,6.035626028,-0.232367396,-0.184439778,-0.274642036,-0.278464348,4.787751721
-0.21419793,-0.235210342,-0.234776947,-0.250194868,5.371464415,-0.270560885,-0.293518975,-0.176101881,-0.243397899,5.007417752,-0.192518373,-0.196158749,-0.22621732,-0.394875659,4.849024297
-0.225471669,-0.214419064,-0.233800507,-0.324544444,4.335627871,-0.186873624,-0.277230608,-0.199056295,-0.390638504,5.297562686,-0.238177357,-0.239070614,-0.259278636,-0.284078633,3.907626495
-0.212574818,-0.231183407,-0.265710011,-0.358713121,5.750664832,-0.122327086,-0.261462705,-0.193869879,-0.49455329,4.539118506,-0.30582951,-0.294907803,-0.187136636,-0.245076949,5.198759687
-0.221640595,-0.222940264,-0.236946705,-0.278667734,6.541372515,-0.2869898,-0.217981107,-0.26154791,-0.245052013,5.251692303,-0.239726127,-0.236419434,-0.25118828,-0.216497548,4.644250389
-0.251832214,-0.230131451,-0.272931961,-0.17583974,5.998770307,-0.287691313,-0.289018443,-0.237067335,-0.159149136,4.198458248,-0.252810225,-0.205562944,-0.199844361,-0.335173753,4.388905758
-0.16967726,-0.180090258,-0.29155692,-0.328370764,5.505218613,-0.285820102,-0.217021716,-0.25353958,-0.221249253,4.341988701,-0.200305754,-0.240388259,-0.225892091,-0.345389964,4.904898006
-0.203924896,-0.251872279,-0.222826078,-0.329252204,5.799398538,-0.275819298,-0.284012342,-0.267261909,-0.113143118,7.084982293,-0.267771598,-0.235306243,-0.261131099,-0.279099165,3.828843258
-0.200345383,-0.210478796,-0.242272656,-0.304023697,6.096599031,-0.254270825,-0.313931955,-0.227067059,-0.176670526,5.912919653,-0.19399746,-0.198005928,-0.236351814,-0.337585712,5.908934987
-0.341654129,-0.288736652,-0.279253201,-0.026388246,4.607904399,-0.083854291,-0.204670744,-0.244856642,-0.393254677,5.592507513,-0.389465894,-0.292138397,-0.260988456,-0.030279702,4.198907322
-0.227428214,-0.279228119,-0.225238951,-0.234815012,5.908919419,-0.278371703,-0.298169503,-0.274857358,-0.150355963,6.439844924,-0.245119401,-0.210299984,-0.232250386,-0.392887899,3.563027601
-0.219003816,-0.257383054,-0.229875632,-0.255019092,6.002828822,-0.320924284,-0.293582049,-0.227114318,-0.274719968,4.769631494,-0.125527008,-0.200584384,-0.230104179,-0.395918553,5.041764004
-0.303574678,-0.260889004,-0.291103259,-0.173651714,6.224256933,-0.336935648,-0.231368882,-0.305853655,-0.173321036,5.191210839,-0.175037799,-0.199599693,-0.216751866,-0.453638974,4.784850822
-0.277203579,-0.247462319,-0.22237305,-0.304978126,4.570077181,-0.237057434,-0.260762511,-0.267200101,-0.196289897,4.940008364,-0.259374977,-0.22957388,-0.236047374,-0.287054546,4.664344933
-0.211855657,-0.221212669,-0.232832525,-0.334031843,4.742472563,-0.295219298,-0.264695739,-0.244157526,-0.26065383,4.10622273,-0.222040395,-0.271144929,-0.25061771,-0.259173771,4.784877364
-0.144023168,-0.189212584,-0.269013875,-0.346612294,6.050939133,-0.301823934,-0.208737925,-0.291570595,-0.209497222,5.620169601,-0.115493561,-0.206962404,-0.151379376,-0.444337282,5.559470446
-0.167693231,-0.245513197,-0.213867045,-0.343717609,5.555041244,-0.301646092,-0.324691482,-0.265006353,-0.079513486,5.401244651,-0.167895127,-0.190247616,-0.243852753,-0.368551392,4.851741917
-0.295715731,-0.276411282,-0.278957432,-0.115752029,5.254006283,-0.303493404,-0.268441626,-0.281150253,-0.059334582,5.645060883,-0.298983198,-0.262850579,-0.243264356,-0.23633487,4.848101402
-0.281637004,-0.280379029,-0.282780299,-0.11987373,4.66812937,-0.283867183,-0.194647554,-0.288045815,-0.192336875,5.815944454,-0.26281445,-0.227151827,-0.294274813,-0.188605598,4.947007293
-0.352953897,-0.245113637,-0.293875797,-0.099775183,4.826386809,-0.239780601,-0.277759439,-0.213351098,-0.246644171,5.400858494,-0.258344126,-0.244273504,-0.251305054,-0.291769085,5.149287044
-0.191527447,-0.229969488,-0.204869198,-0.402580731,5.095072631,-0.360415785,-0.255921387,-0.299490148,-0.049916472,5.170336624,-0.217194493,-0.191061911,-0.225849185,-0.360715218,5.223511259
-0.157276824,-0.225008695,-0.210935587,-0.359782512,4.895616256,-0.291570658,-0.230282058,-0.230670768,-0.331491505,5.110657802,-0.233266734,-0.262890219,-0.238219353,-0.294933951,5.589105964
-0.280380473,-0.284677249,-0.240403974,-0.185789221,5.167657895,-0.262567263,-0.23063453,-0.299575858,-0.137252697,6.214008645,-0.202582889,-0.232445302,-0.24115093,-0.259010342,6.874014065
-0.239443895,-0.229131932,-0.271894224,-0.242412764,4.823506002,-0.238612074,-0.266562131,-0.222286297,-0.231537275,4.745440502,-0.175430895,-0.270607588,-0.193841972,-0.328642216,5.533919198
-0.1916369,-0.238937858,-0.230948485,-0.355127483,5.791603527,-0.254630021,-0.234791376,-0.353497883,-0.104461913,5.707938923,-0.219630208,-0.200611337,-0.223559232,-0.382364532,4.974146211
-0.1863324,-0.268454301,-0.222505133,-0.333237286,5.528688512,-0.321324759,-0.295952226,-0.258398297,-0.151086217,4.838292229,-0.141303104,-0.247368089,-0.22654323,-0.390420194,6.11739609
-0.223698126,-0.200497804,-0.21277746,-0.370220346,4.921692136,-0.241580752,-0.240455461,-0.234465527,-0.248526375,3.967477064,-0.188493695,-0.22614588,-0.288468066,-0.272119414,4.726136248
-0.310978616,-0.288374141,-0.299730455,-0.156244831,5.222196452,-0.290027875,-0.203521134,-0.271628173,-0.229007154,4.37390491,-0.167233182,-0.225746692,-0.202275847,-0.413837695,5.250687935
-0.230474458,-0.234494616,-0.236343856,-0.274596369,5.175678036,-0.240041563,-0.249399855,-0.264688034,-0.164582909,5.572854853,-0.230099594,-0.24752223,-0.266574961,-0.245756788,5.380369447
-0.254687578,-0.256650943,-0.227197848,-0.221780193,5.934077753,-0.338305302,-0.278604922,-0.272123998,-0.153795069,4.264567147,-0.291418616,-0.238314072,-0.23230905,-0.214742124,4.803125611
-0.329913183,-0.247558798,-0.289652657,-0.141107343,4.96216882,-0.184299084,-0.210062283,-0.334268575,-0.233622102,6.596649495,-0.278034249,-0.248688895,-0.221532788,-0.263392008,3.729869345
-0.312147153,-0.246732602,-0.312073913,-0.004575897,5.493354606,-0.19258944,-0.280338004,-0.204414699,-0.29279497,6.103217143,-0.21747568,-0.239247252,-0.226114699,-0.306530865,4.793384583
-0.317766161,-0.248154348,-0.298684544,-0.147785135,5.921798682,-0.22327694,-0.245787397,-0.223562305,-0.311519762,3.825581571,-0.138869625,-0.233448465,-0.222427259,-0.460517959,5.652259763
-0.202472101,-0.16468346,-0.227157868,-0.397797493,4.994781163,-0.257094254,-0.192710147,-0.24711755,-0.278216842,3.813561028,-0.255965289,-0.243442287,-0.231835423,-0.252400902,4.39884847
-0.356572289,-0.211413067,-0.267692912,-0.171331089,4.424398019,-0.204908009,-0.274364021,-0.236695205,-0.308980843,5.217380235,-0.257761942,-0.264765063,-0.247778741,-0.285452476,4.7659465
-0.214884145,-0.223549797,-0.214804673,-0.3658116,4.916655184,-0.228914067,-0.210600105,-0.257237944,-0.27691434,5.632930184,-0.236901811,-0.23770025,-0.205027063,-0.32517219,4.328584633
-0.222266871,-0.255567774,-0.224794938,-0.271379928,5.150135843,-0.226453608,-0.261551166,-0.296586561,-0.194896288,5.478126738,-0.256413325,-0.238506864,-0.278029097,-0.193500975,4.451395891
-0.160147418,-0.283106785,-0.2371406,-0.317754692,5.85753277,-0.222595288,-0.272499994,-0.21931012,-0.251241806,6.248556657,-0.232187986,-0.238473605,-0.213845781,-0.376581068,3.924255162
-0.170074741,-0.235800897,-0.207673018,-0.351177293,5.235948132,-0.348127137,-0.28641636,-0.239520264,-0.160030534,4.268399297,-0.287176171,-0.279816093,-0.205845512,-0.297297689,5.697271866
-0.178193958,-0.239993797,-0.196261802,-0.469484737,5.414414816,-0.233220861,-0.25537021,-0.217326348,-0.335305952,5.546345382,-0.267501723,-0.298354845,-0.244027594,-0.10861958,5.332301357
-0.209416025,-0.243991941,-0.263404718,-0.233639369,6.267410362,-0.143431478,-0.213080557,-0.202196085,-0.431550361,5.033716106,-0.241011347,-0.253632555,-0.261729659,-0.222147807,4.883272903
-0.144425336,-0.223568221,-0.23568967,-0.411488621,5.778348486,-0.170055086,-0.287559138,-0.209856877,-0.246714075,4.670847631,-0.255937284,-0.208020166,-0.232379517,-0.304367894,4.629144527
-0.237554846,-0.225216243,-0.280786839,-0.314760211,4.815641707,-0.237612776,-0.214685721,-0.287687834,-0.226557868,5.318583031,-0.259353066,-0.273912523,-0.235916325,-0.214546274,4.133241313
-0.212801862,-0.273391119,-0.221948488,-0.355993368,4.884288262,-0.27548929,-0.22796858,-0.26924461,-0.107806322,5.340167816,-0.238370273,-0.247105129,-0.199838329,-0.386485204,4.233474699
-0.221465869,-0.244790374,-0.266339373,-0.283506548,5.169127419,-0.154435698,-0.188323321,-0.270473346,-0.389125787,5.296784925,-0.252805172,-0.225138184,-0.278846511,-0.274124811,3.865369646
-0.189575623,-0.251675021,-0.196596364,-0.332201423,5.399943789,-0.311194187,-0.273635048,-0.289162254,-0.188183081,5.472763983,-0.24378517,-0.211695578,-0.28185025,-0.244192227,5.268739358
-0.327904435,-0.283960485,-0.282991139,-0.132057644,5.845102652,-0.318403136,-0.317771486,-0.219848967,-0.106323554,5.672599678,-0.077720948,-0.233866749,-0.181015998,-0.489127668,4.480249208
-0.217286113,-0.241728209,-0.218681324,-0.342354673,5.043570206,-0.245212342,-0.282918671,-0.238194527,-0.136106635,6.01852093,-0.232518226,-0.185156877,-0.232345349,-0.305240633,4.318644237
-0.17402378,-0.268224581,-0.247118962,-0.340472853,6.515912629,-0.338892004,-0.249676944,-0.263066432,-0.098049001,4.057824388,-0.171430266,-0.199448476,-0.223912795,-0.393387027,5.46452903
-0.175359462,-0.186871876,-0.274184726,-0.325640476,6.54163338,-0.231372704,-0.257857561,-0.289783456,-0.188673248,6.543973998,-0.177312738,-0.193372336,-0.254453399,-0.453464834,5.184448702
-0.404166923,-0.293479099,-0.277650639,-0.030706927,5.879757254,-0.23080603,-0.270206726,-0.233696239,-0.280750549,5.417949071,-0.138913691,-0.22225324,-0.245954986,-0.31924503,5.32034989
-0.116752485,-0.236659798,-0.191464755,-0.466375842,5.646950033,-0.2867617,-0.269906047,-0.245092801,-0.241027115,4.479181834,-0.183257117,-0.208725362,-0.186430372,-0.429476101,4.481054221
-0.22673731,-0.277337541,-0.264652548,-0.222651557,5.058611586,-0.297989066,-0.282680443,-0.261466338,-0.304963824,4.306894924,-0.215453088,-0.201469414,-0.226843823,-0.334520475,4.430580384
-0.169658904,-0.240277775,-0.239329937,-0.359856577,5.438294939,-0.207859948,-0.230864402,-0.247812747,-0.281504709,4.676385704,-0.169446631,-0.256490428,-0.201174759,-0.366561157,5.017968598
-0.309383719,-0.232704521,-0.232347737,-0.205831061,4.103364067,-0.229001688,-0.211504973,-0.282705963,-0.215827285,7.415137257,-0.097360299,-0.218769942,-0.208227951,-0.478505135,5.94143652
-0.22143329,-0.285350865,-0.268179495,-0.165091787,5.892202011,-0.309621113,-0.291543269,-0.261634066,-0.047898271,7.005022086,-0.225069998,-0.23338325,-0.235187824,-0.320980892,5.542157748
-0.30000278,-0.260288566,-0.303274191,-0.168710548,5.063990229,-0.236038353,-0.268829241,-0.223804387,-0.257482514,5.254851652,-0.087250009,-0.190694023,-0.205633878,-0.438536388,5.574839305
-0.27545496,-0.23237734,-0.270561276,-0.318902585,4.428191667,-0.147499549,-0.1715763,-0.264301511,-0.385120873,5.255082874,-0.228149406,-0.276838514,-0.231553474,-0.300911213,4.448386503
-0.175236741,-0.229710733,-0.232187924,-0.292757819,5.772174752,-0.17855242,-0.181826979,-0.239607467,-0.440670985,4.530092118,-0.283013961,-0.193348167,-0.248780993,-0.318772129,5.069453996
-0.262215814,-0.264060147,-0.216810676,-0.306689589,4.630630387,-0.241207915,-0.245604252,-0.265322021,-0.272157496,5.414418503,-0.253025751,-0.195098482,-0.279571272,-0.238511696,4.79127363
-0.301291016,-0.286429106,-0.241019755,-0.15136072,6.016356253,-0.236054756,-0.311193568,-0.269035562,-0.167084005,5.334855404,-0.137149529,-0.230175636,-0.21465712,-0.406501441,5.086016969
-0.182240226,-0.248400403,-0.157917689,-0.405960227,5.838058167,-0.25595535,-0.260850658,-0.233310409,-0.266625684,4.872259021,-0.27731977,-0.247775287,-0.25917564,-0.254117447,5.230595941
-0.193541742,-0.24534646,-0.228311606,-0.225821362,6.449238636,-0.298298199,-0.256977913,-0.287452123,-0.233896463,5.416920119,-0.288241174,-0.239234505,-0.227909527,-0.253711883,4.556422105
-0.231790919,-0.286954469,-0.236462637,-0.155813852,6.744926493,-0.199392818,-0.255298051,-0.226397414,-0.262317884,6.018640854,-0.175744805,-0.225303597,-0.203326204,-0.38498083,5.031194711
-0.220479012,-0.238573751,-0.242649642,-0.205411524,4.998411819,-0.301707699,-0.29151547,-0.218212292,-0.179824991,5.086612077,-0.141917064,-0.242907875,-0.205995097,-0.397270665,5.018065765
-0.244966439,-0.232056653,-0.259891474,-0.192038347,5.136580642,-0.251471444,-0.28055962,-0.182204136,-0.330437085,4.601742524,-0.218691463,-0.218220598,-0.241599774,-0.31607268,4.363687511
-0.217808709,-0.248900099,-0.295663679,-0.188276715,5.663441642,-0.314735062,-0.270582799,-0.283337108,-0.075809149,4.78456056,-0.234263823,-0.221534323,-0.253022844,-0.301043138,4.414580586
-0.260402716,-0.298778111,-0.263531188,-0.180669712,5.201012385,-0.214144997,-0.242147241,-0.21947259,-0.323254419,4.38377116,-0.357723594,-0.254058559,-0.271777239,-0.119754612,4.748583138
-0.219251794,-0.269963249,-0.253142571,-0.180545483,4.968398254,-0.355637595,-0.246191145,-0.325861804,-0.101723498,5.004098016,-0.27713985,-0.220379156,-0.2782661,-0.190786903,5.001739177
-0.304424747,-0.259701158,-0.261175542,-0.142786214,4.6471928,-0.198769883,-0.257454827,-0.227591927,-0.318181205,4.688972814,-0.225472118,-0.243902482,-0.247977841,-0.250579003,5.787225646
-0.259151182,-0.221874007,-0.274765878,-0.2408436,4.734864198,-0.210826904,-0.220274617,-0.234455686,-0.347894705,5.894299232,-0.264025048,-0.250700635,-0.255624137,-0.251761519,4.970068489
-0.237239367,-0.215852815,-0.253831234,-0.189890901,5.508702131,-0.333273039,-0.227761514,-0.270019333,-0.172374067,4.624122643,-0.2346206,-0.234714827,-0.258855521,-0.306579134,4.433403245
-0.204571141,-0.235208949,-0.256848367,-0.323970855,6.885977279,-0.296979087,-0.281437511,-0.291889402,-0.108320721,7.3683042,-0.271368203,-0.212325576,-0.261338472,-0.289893643,4.470710614
-0.177746205,-0.194246812,-0.287945915,-0.314074326,5.6730778,-0.203046484,-0.324274947,-0.211472048,-0.245484412,6.944967706,-0.246818362,-0.270885231,-0.202614594,-0.297000617,5.748614019
-0.330523439,-0.292928617,-0.228498693,-0.205970911,4.684385644,-0.267622763,-0.290211733,-0.242097514,-0.144672925,5.81402279,-0.33868642,-0.259138015,-0.249236588,-0.073506333,5.765422474
-0.225168421,-0.249526342,-0.284513625,-0.236192634,5.418722152,-0.150171394,-0.269623,-0.21409635,-0.375206841,6.060393595,-0.258882317,-0.226437992,-0.243778529,-0.250886707,5.972772313
-0.206895665,-0.250942296,-0.223260598,-0.287604556,4.530495705,-0.257763221,-0.236192017,-0.242770296,-0.158139951,5.764568066,-0.176758962,-0.24459388,-0.185464577,-0.318485586,5.578231103
-0.225629454,-0.260080098,-0.268519369,-0.216145733,5.300892814,-0.358180486,-0.355185652,-0.26924697,-0.065353269,5.046425158,-0.184621441,-0.212085231,-0.239015903,-0.39576823,5.150629895
-0.303182448,-0.277348772,-0.276960837,-0.133247068,5.050921007,-0.205916234,-0.259368784,-0.297298921,-0.250622144,5.575557332,-0.178194409,-0.241218527,-0.234018535,-0.384693714,5.127259967
-0.119412925,-0.233521419,-0.213007649,-0.358548835,5.753363457,-0.102417354,-0.160304808,-0.247864653,-0.471056658,5.230482934,-0.14505835,-0.17594461,-0.239531597,-0.421004571,5.624179623
-0.3157745,-0.267834251,-0.271588431,-0.089594707,5.949257641,-0.346112087,-0.289009998,-0.271770908,-0.084236154,4.583679764,-0.173683954,-0.201288232,-0.234376811,-0.46620663,4.390834387
-0.255257871,-0.231354121,-0.304243473,-0.216758488,5.589407797,-0.258657598,-0.220418585,-0.253961151,-0.196553579,4.739451926,-0.212469896,-0.24237181,-0.230951271,-0.267015469,5.882664018
-0.158302995,-0.222841234,-0.19718208,-0.392521815,4.866004429,-0.272273048,-0.313942314,-0.271277829,-0.163886839,5.970023484,-0.220933423,-0.214409444,-0.226089297,-0.294180815,5.19174653
-0.194975717,-0.261685129,-0.211345597,-0.312012206,5.918974445,-0.214289661,-0.23639058,-0.229597881,-0.289073416,5.64144521,-0.015624803,-0.223367667,-0.156475847,-0.539757744,5.663367978
-0.22330342,-0.224945536,-0.249034208,-0.328647718,4.408747891,-0.264547137,-0.208501558,-0.24885642,-0.269675804,3.789840428,-0.214217627,-0.189180317,-0.241539004,-0.357034836,4.838029554
-0.305993596,-0.248517526,-0.294018243,-0.166758866,5.871146799,-0.35681409,-0.262862195,-0.272201326,-0.144324856,5.27765696,-0.157599371,-0.19847506,-0.219262793,-0.385689109,4.620634942
-0.259797516,-0.271518604,-0.296353084,-0.164986658,5.426754747,-0.174963062,-0.25536067,-0.156101602,-0.352366687,5.262413375,-0.385695896,-0.231521254,-0.290559557,-0.173175774,3.881161072
-0.126307604,-0.279533973,-0.216535917,-0.353527766,5.357828587,-0.3437129,-0.277512273,-0.300797334,-0.047034768,6.042820701,-0.359534629,-0.245733285,-0.219942794,-0.221885937,3.444958961
-0.196558402,-0.21389459,-0.215795421,-0.390948726,4.745191742,-0.179384008,-0.263954584,-0.215185234,-0.360982703,6.081270445,-0.284777111,-0.265724355,-0.194054915,-0.254023923,4.01834169
-0.285664101,-0.26392191,-0.22904657,-0.287113006,5.238589232,-0.344258155,-0.312189539,-0.277569031,-0.00974792,4.678529767,-0.090557617,-0.214167177,-0.235384883,-0.455706792,5.170173995
-0.244515222,-0.266780084,-0.199016341,-0.332467413,4.022402267,-0.192162096,-0.265107797,-0.257823891,-0.225882215,7.223747672,-0.234566077,-0.235463561,-0.218242473,-0.347189724,4.571013844
-0.298762477,-0.240281004,-0.271732113,-0.200606406,4.836774493,-0.221772152,-0.183435408,-0.255382454,-0.327345831,5.166582721,-0.243757579,-0.278177383,-0.240874864,-0.220526075,5.467343332
-0.212490213,-0.230944634,-0.216503916,-0.381853313,5.169844996,-0.19988941,-0.18808743,-0.250378579,-0.422845385,5.694316513,-0.293666748,-0.247174319,-0.258308736,-0.264293446,3.968405757
-0.372184294,-0.259219306,-0.286419322,-0.092731473,4.445096445,-0.286292582,-0.250629229,-0.251187269,-0.187986602,5.671933131,-0.18859589,-0.231360678,-0.187349999,-0.432234462,4.646224047
-0.214915097,-0.204326575,-0.224769357,-0.344714455,5.01591087,-0.234395983,-0.262045806,-0.28074177,-0.246783038,6.10825059,-0.329948244,-0.277665742,-0.275707812,-0.106426012,4.891904493
-0.293470026,-0.252338399,-0.247288563,-0.149835707,6.020785095,-0.375164921,-0.276343007,-0.271136582,-0.100171613,4.542103133,-0.240477607,-0.249655008,-0.22300887,-0.35873416,4.606795193
-0.287151516,-0.252013173,-0.294775131,-0.244610503,5.507214339,-0.129776097,-0.247405068,-0.143882809,-0.433801032,4.667461304,-0.159483782,-0.219248756,-0.252529054,-0.40710423,5.528242471
-0.25654561,-0.284120719,-0.292729857,-0.164251631,5.463954001,-0.296917035,-0.315301934,-0.245033658,-0.207434511,4.836023901,-0.286337865,-0.289594287,-0.253849102,-0.164201332,4.174923331
-0.281716174,-0.294881732,-0.242138472,-0.191094683,5.780325302,-0.284580776,-0.287353709,-0.267298762,-0.198798984,4.413605005,-0.252149992,-0.177162203,-0.278943123,-0.270472432,4.964277965
-0.175731855,-0.290904272,-0.260200539,-0.20025654,7.730441562,-0.174305803,-0.179587172,-0.246822578,-0.455176457,4.81389941,-0.200000491,-0.241794608,-0.207847995,-0.31406889,5.065751198
-0.237169889,-0.273200991,-0.275875037,-0.26249434,5.0880274,-0.315529482,-0.271555525,-0.25781712,-0.186186207,5.179384851,-0.267070502,-0.231310776,-0.315762878,-0.113871532,5.147816937
-0.372166333,-0.344520206,-0.237088439,0.077472303,5.318121528,-0.10893225,-0.208416998,-0.19694945,-0.493326844,4.253447091,-0.251549889,-0.188723448,-0.230385876,-0.292920927,4.48632943
-0.204099256,-0.231115294,-0.260641784,-0.364456255,5.120733051,-0.246295592,-0.264569811,-0.203705084,-0.337920261,4.669328267,-0.254879507,-0.27248476,-0.223730845,-0.248033257,4.72415864
-0.283123036,-0.289594386,-0.225779315,-0.14554577,5.739631938,-0.133218121,-0.235057276,-0.202202764,-0.348995564,6.305754298,-0.242588907,-0.183071034,-0.268519814,-0.274750515,5.109342208
-0.263595508,-0.234788869,-0.258585284,-0.222354295,5.592593875,-0.166972,-0.20350332,-0.208597666,-0.357117126,5.626854539,-0.263881641,-0.237660012,-0.239061135,-0.195467345,4.816448041
-0.225187715,-0.232647954,-0.279467635,-0.229856559,5.092863599,-0.262618424,-0.309674365,-0.272084377,-0.133268107,5.861718556,-0.250613172,-0.259313072,-0.1994292,-0.313914647,5.372506858
-0.390999051,-0.294013029,-0.296001583,0.055577572,6.552349624,-0.331833366,-0.233304789,-0.34286786,-0.082102604,5.237393303,-0.242812688,-0.228270681,-0.258087738,-0.294727681,4.999314293
-0.244712065,-0.273085176,-0.265373681,-0.198430339,5.265999948,-0.393428083,-0.288327865,-0.32135868,0.08843114,5.069890877,-0.18878198,-0.226431937,-0.204502868,-0.360671491,5.526254292
-0.323312157,-0.30792507,-0.258837178,-0.094069403,5.235840298,-0.335439743,-0.297539329,-0.237205221,-0.037013555,5.710093534,-0.163378204,-0.244707458,-0.227072304,-0.294417817,6.108650908
-0.253008806,-0.178349346,-0.227663259,-0.40919141,3.999643931,-0.325559147,-0.218268606,-0.267426241,-0.189010704,5.901494354,-0.18643831,-0.229012023,-0.26622485,-0.291734353,5.426098059
-0.357243282,-0.24818425,-0.288762833,-0.151109099,4.551116026,-0.151815291,-0.302868731,-0.242755319,-0.255716754,6.27833754,-0.296245684,-0.230257045,-0.199269205,-0.376616171,3.615379193
-0.284589092,-0.270136239,-0.234049747,-0.228233746,4.839566101,-0.269881342,-0.265334512,-0.31341633,-0.138748292,5.838722159,-0.221074586,-0.267045154,-0.205588925,-0.299331744,5.682021519
-0.248751713,-0.269547391,-0.299495691,-0.106271942,5.357433697,-0.325173542,-0.294328274,-0.262773872,-0.12214428,5.040541572,-0.30328496,-0.273848288,-0.222571211,-0.217899618,4.112623243
-0.293093942,-0.277490374,-0.196245939,-0.227302535,4.599781284,-0.313412968,-0.216489489,-0.288221279,-0.248484575,4.567799711,-0.13185652,-0.242744361,-0.202925475,-0.456745973,5.050584502
-0.323359519,-0.27424207,-0.275119288,-0.109683914,5.099009963,-0.233714734,-0.189665337,-0.281499763,-0.234370464,4.947839995,-0.366124661,-0.278735369,-0.279616208,-0.052823341,4.225172944
-0.259515112,-0.211733913,-0.234870423,-0.311861882,4.573914587,-0.232204536,-0.283960245,-0.26036394,-0.247707169,4.585055015,-0.250570221,-0.224919118,-0.249548904,-0.302626596,4.877987827
-0.260446618,-0.273511059,-0.232794033,-0.296830779,4.440159705,-0.299638216,-0.227409128,-0.261922797,-0.250478544,3.578133434,-0.158290454,-0.196618964,-0.193177114,-0.415009604,4.27614038
-0.273453822,-0.208141257,-0.23268878,-0.227745759,4.681148633,-0.266516372,-0.248066345,-0.260265099,-0.230215333,5.147814894,-0.292326769,-0.228245426,-0.296009647,-0.203276032,4.935415078
-0.216604538,-0.283408566,-0.239006621,-0.22900311,5.667597737,-0.345092976,-0.302538845,-0.216063885,-0.08817469,5.329803334,-0.253538014,-0.264041722,-0.240251415,-0.21393178,4.845163887
-0.13171995,-0.221861759,-0.192634111,-0.536966446,4.587107003,-0.250833375,-0.228074021,-0.284682441,-0.272783961,4.426795734,-0.323042414,-0.238647931,-0.242045375,-0.24977922,4.377224071
-0.264475454,-0.298505589,-0.24756533,-0.259713511,5.672658668,-0.303939283,-0.227228178,-0.253534678,-0.228908198,5.089236631,-0.23325372,-0.203426301,-0.248751692,-0.309109758,4.592376535
-0.376622336,-0.329987726,-0.282256288,0.064209278,4.926244734,-0.280248286,-0.203793674,-0.305575132,-0.282462438,4.798688559,-0.281076257,-0.231061734,-0.23595276,-0.233398991,4.510714614
-0.291338638,-0.261464979,-0.289086222,-0.184876641,4.762889286,-0.23684108,-0.289881535,-0.236068609,-0.218970175,6.49794437,-0.168078103,-0.206070317,-0.24009998,-0.429498563,5.290446344
-0.208510524,-0.230002062,-0.227867172,-0.367908032,4.816539276,-0.200619454,-0.309244298,-0.187657088,-0.2618505,5.669868726,-0.292569101,-0.249569922,-0.259186912,-0.253182031,4.592302984
-0.193224663,-0.249074967,-0.222481719,-0.342747686,5.477233552,-0.304922843,-0.277138055,-0.221175578,-0.139594359,6.203309928,-0.13895551,-0.215756559,-0.202787887,-0.430271882,5.18587671
-0.182419321,-0.232078834,-0.243137429,-0.379001977,5.225672908,-0.240312458,-0.224169218,-0.302822074,-0.250223391,5.1494296,-0.228978523,-0.183943496,-0.223873139,-0.344053726,5.293593157
-0.160688332,-0.185233113,-0.237746149,-0.497231855,4.847046068,-0.155262194,-0.242996592,-0.281743913,-0.27409141,6.20969829,-0.103184411,-0.171557202,-0.270446058,-0.456737299,5.686094908
-0.195710343,-0.206931908,-0.2135131,-0.397321051,5.320418099,-0.235343686,-0.256978397,-0.2262818,-0.228209633,5.922609711,-0.24646489,-0.232555466,-0.245882803,-0.297227366,4.495011655
-0.222797829,-0.248256424,-0.248877461,-0.176093225,6.17649907,-0.320656156,-0.245425263,-0.245656983,-0.211812166,4.022561683,-0.23492561,-0.239778031,-0.250218979,-0.261852338,4.547218567
-0.217519897,-0.242584405,-0.257081147,-0.281913272,6.704352363,-0.330140529,-0.221807779,-0.324140085,-0.141429546,4.463972217,-0.242617691,-0.242713322,-0.261296194,-0.220357096,5.205572893
-0.27500727,-0.25242921,-0.271123426,-0.150065843,5.480072911,-0.30182635,-0.316378836,-0.264190677,-0.132524717,4.721155126,-0.313766896,-0.293781833,-0.230472981,-0.158013258,4.862333097
-0.205529855,-0.229657009,-0.249459342,-0.363980829,4.575544348,-0.221465179,-0.222106823,-0.274910917,-0.344616672,6.311448842,-0.140500518,-0.169402419,-0.271583744,-0.429473929,5.290001296
-0.189358549,-0.225543543,-0.236305728,-0.27338317,5.312983193,-0.28859332,-0.268137702,-0.256409911,-0.241285526,4.7814543,-0.214144432,-0.247154907,-0.19731231,-0.310642382,5.212003766
-0.281720589,-0.238647887,-0.258435582,-0.251320333,4.898865098,-0.298197709,-0.316259121,-0.274508414,-0.170071508,6.12065337,-0.222526427,-0.230910135,-0.274601765,-0.151194905,5.540546523
-0.259877078,-0.230979693,-0.250142501,-0.21824987,4.938566405,-0.255435623,-0.232947476,-0.221236301,-0.325482971,4.34194033,-0.194742765,-0.209960423,-0.206845306,-0.409309232,4.153797424
-0.367089882,-0.273869864,-0.296214229,-0.046962963,5.054521358,-0.226808103,-0.299783379,-0.185132845,-0.234251187,7.083303545,-0.197927007,-0.264700477,-0.182626073,-0.281178136,5.246384272
-0.275385977,-0.253301277,-0.25429571,-0.237402452,3.953577347,-0.169155208,-0.217272336,-0.235707358,-0.305478412,5.902634811,-0.27558723,-0.245790692,-0.238654255,-0.209014495,4.933362837
-0.271974186,-0.263952906,-0.288686995,-0.110716402,5.390178087,-0.183089065,-0.230174488,-0.232687239,-0.308342594,6.435174003,-0.180316289,-0.274592935,-0.196407218,-0.323551792,4.786504715
-0.255492481,-0.255778257,-0.273335681,-0.251936304,5.245925823,-0.204065977,-0.194804484,-0.237958059,-0.315432611,4.951265953,-0.306288117,-0.314963851,-0.234421708,-0.165208498,5.661611487
-0.265571044,-0.264207752,-0.217325936,-0.294175162,5.317478669,-0.506390854,-0.299043826,-0.353343046,0.143614658,5.532786104,-0.137146736,-0.187413086,-0.231090862,-0.423760685,4.861799772
-0.247816685,-0.209540643,-0.268709112,-0.188497121,5.792397127,-0.273092476,-0.292688021,-0.24975735,-0.168107347,6.07195389,-0.165326803,-0.201169498,-0.21207374,-0.378934157,4.724681305
-0.342994008,-0.260030998,-0.275271702,-0.189190453,4.057875804,-0.267764342,-0.231986198,-0.239019422,-0.238050142,4.118476354,-0.090875532,-0.20964523,-0.198611706,-0.486385045,4.785512663
-0.285427864,-0.283868254,-0.310051229,-0.106674629,5.367353652,-0.167644275,-0.199799703,-0.203923521,-0.364408374,4.74357722,-0.20619112,-0.198504574,-0.238491806,-0.322660383,4.524518507
-0.286813402,-0.272863696,-0.268641298,-0.228464462,5.172313723,-0.323664569,-0.280063211,-0.272277387,-0.127425314,5.387652125,-0.333966835,-0.220068616,-0.301226888,-0.087640246,5.627779895
-0.290436704,-0.239707483,-0.272879015,-0.151059682,6.01104021,-0.271663672,-0.250695025,-0.24015522,-0.276911585,5.254578282,-0.313317221,-0.228015541,-0.264102226,-0.179613812,4.581793948
-0.193646394,-0.185079661,-0.275667049,-0.295600495,5.375596279,-0.240854813,-0.286624059,-0.206094645,-0.300565831,5.065090512,-0.210932364,-0.203923706,-0.232836149,-0.354520178,4.265900284
-0.316560199,-0.266958527,-0.258527697,-0.18657772,4.838342191,-0.235666109,-0.220310176,-0.294709499,-0.165362072,5.337473167,-0.296535442,-0.218538599,-0.269971637,-0.164683423,5.049670114
-0.327580438,-0.266953518,-0.22517109,-0.236389576,4.375011462,-0.311996322,-0.248568193,-0.254859448,-0.158858257,4.797710354,-0.328450798,-0.280710996,-0.23551798,-0.114049325,5.240568904
-0.260207136,-0.235143076,-0.245192144,-0.268267668,4.453539357,-0.313699821,-0.250344078,-0.230206008,-0.276344324,4.442159559,-0.255119313,-0.249920455,-0.236289498,-0.23309813,4.968584547
-0.372435195,-0.255619638,-0.263443689,-0.129547435,5.289366358,-0.402476217,-0.33368645,-0.274451005,0.027486233,4.751229722,-0.173036584,-0.250418916,-0.196313969,-0.353044176,5.593659564
-0.273562922,-0.260911463,-0.253693632,-0.208906737,5.05444021,-0.349464521,-0.284718521,-0.324787382,-0.110781245,4.730877377,-0.306324436,-0.282128855,-0.258115223,-0.137797499,5.225295717
-0.201127583,-0.224803798,-0.228239938,-0.335898042,5.45756777,-0.297822578,-0.270645407,-0.255308114,-0.246817004,5.632994263,-0.282192727,-0.258874472,-0.268636278,-0.278006778,4.418410796
-0.252979349,-0.267314998,-0.221398919,-0.333932935,5.177133526,-0.197807737,-0.229853786,-0.29103077,-0.299716209,5.063687002,-0.163381456,-0.188155677,-0.249469871,-0.460395431,3.90093947
-0.322407957,-0.27318238,-0.287700739,-0.090053438,4.677298152,-0.273127556,-0.232417542,-0.253435637,-0.335809136,4.372093349,-0.150979691,-0.199625512,-0.217705632,-0.406690991,4.265223703
-0.338295673,-0.226184707,-0.284976332,-0.13732969,4.475902011,-0.269718484,-0.249449361,-0.239812539,-0.185155045,6.476696828,-0.159003643,-0.251728194,-0.244978952,-0.303228943,5.694031697
-0.263513709,-0.262914768,-0.253854973,-0.208487928,5.176566652,-0.307180833,-0.27004156,-0.255890933,-0.188958718,5.529384534,-0.307517375,-0.251859419,-0.23016127,-0.282286972,4.726183996
-0.255256814,-0.227503773,-0.294458504,-0.256558254,6.315955328,-0.216468145,-0.204813702,-0.303110649,-0.246432765,5.003316062,-0.222480506,-0.206876359,-0.192506678,-0.394909846,4.474008281
-0.193808676,-0.226550854,-0.232387883,-0.355174515,4.804210206,-0.30251835,-0.269094951,-0.247082655,-0.226821543,5.162547156,-0.219337331,-0.207780582,-0.230492286,-0.343666755,4.275169389
-0.256572571,-0.24348581,-0.226986444,-0.211712126,5.662769169,-0.30766401,-0.291425178,-0.221242067,-0.254306661,4.563138493,-0.249557855,-0.245366325,-0.243028884,-0.32040898,4.401973534
-0.159782727,-0.194729143,-0.22167211,-0.406503106,4.9272293,-0.219848488,-0.256785569,-0.237346413,-0.273471657,4.962755212,-0.265383345,-0.254671959,-0.167832668,-0.218716936,5.556097696
-0.282619341,-0.245575455,-0.261230242,-0.179272349,5.078885077,-0.191934413,-0.242651682,-0.21095001,-0.321376619,5.18385437,-0.233975199,-0.192493288,-0.265156154,-0.296218915,5.702958728
-0.259256649,-0.236508462,-0.319529836,-0.099369669,7.18614341,-0.233087424,-0.26772789,-0.288750097,-0.19245144,7.01257994,-0.215336754,-0.225802442,-0.235995058,-0.338908974,5.073031965
-0.245545526,-0.242721364,-0.263007544,-0.27965818,5.090517626,-0.245468874,-0.259877388,-0.20615539,-0.354719941,4.455352154,-0.259585404,-0.258173689,-0.272192206,-0.222863555,5.578637585
-0.334363142,-0.287617555,-0.259370529,-0.106267502,5.286145349,-0.298066815,-0.249867244,-0.237164541,-0.191326221,4.330892296,-0.328746935,-0.270272011,-0.255657124,-0.143727906,4.673666657
-0.186712619,-0.282356917,-0.204310065,-0.213484434,5.892515609,-0.228906131,-0.282045229,-0.209595897,-0.345942861,4.881852164,-0.098331403,-0.247286602,-0.223995682,-0.315336493,7.076179385
-0.260017762,-0.267903164,-0.22105453,-0.244560353,4.898422395,-0.16120134,-0.236686022,-0.245120236,-0.364185006,5.237685763,-0.173206354,-0.171849028,-0.189714464,-0.427385331,4.790108242
-0.20609227,-0.258473621,-0.222547839,-0.286988389,5.511552363,-0.305393211,-0.304755281,-0.256948272,-0.211502051,5.028429346,-0.148053103,-0.197188807,-0.248653755,-0.356247827,5.81911621
-0.229257499,-0.214255959,-0.29147513,-0.310809791,4.952001917,-0.138530202,-0.234183787,-0.159743202,-0.451078084,4.494012906,-0.214486781,-0.225965103,-0.245812209,-0.291908696,5.152338829
-0.202175223,-0.246510989,-0.254263878,-0.248116958,5.639773406,-0.308957395,-0.210341419,-0.311710365,-0.152722005,6.346880303,-0.163303558,-0.213968818,-0.178683729,-0.454106519,4.720150233
-0.147864105,-0.23701401,-0.18450646,-0.437289847,6.515174777,-0.290288147,-0.269793811,-0.232988999,-0.239430728,4.913849887,-0.256067318,-0.244589795,-0.247500303,-0.240402544,4.728627059
-0.16926498,-0.24208123,-0.249875559,-0.26923657,5.203858644,-0.338906297,-0.272805017,-0.294961189,-0.111994398,5.646315757,-0.267286471,-0.26747427,-0.207722648,-0.339619473,4.086975183
-0.214870028,-0.266832711,-0.258732766,-0.218235395,6.535125173,-0.145810936,-0.250364858,-0.214596326,-0.410787821,5.097368932,-0.172352238,-0.221146977,-0.201975149,-0.468688026,4.448191104
-0.189065377,-0.234441128,-0.25825982,-0.309701877,5.881464169,-0.239985333,-0.222688318,-0.286038282,-0.259132496,6.652478046,-0.181488125,-0.229117538,-0.221461434,-0.336971828,5.374495548
-0.194431171,-0.239345967,-0.233579948,-0.345693918,5.845489654,-0.234478004,-0.233499318,-0.282863923,-0.196269893,5.913532979,-0.119374883,-0.194740507,-0.200299669,-0.483194152,5.503777602
-0.318990207,-0.306240981,-0.25359704,-0.096012511,5.917708205,-0.341084416,-0.221371796,-0.251896298,-0.235776375,4.923908094,-0.24647987,-0.239224172,-0.245574669,-0.296146617,5.212758951
-0.203871976,-0.231412844,-0.193662239,-0.364385958,4.509342528,-0.298072302,-0.221934354,-0.280550437,-0.184306672,5.183032663,-0.238937243,-0.27195469,-0.234036155,-0.358362518,4.517160501
-0.312150149,-0.242806467,-0.283687661,-0.188359694,4.803000192,-0.270174709,-0.242266201,-0.251637375,-0.216517985,5.310117292,-0.312065556,-0.255179064,-0.229013573,-0.252035424,3.699950697
-0.334137251,-0.245655709,-0.310560716,-0.118759873,5.208606812,-0.274424459,-0.264036232,-0.241188329,-0.242306023,3.96387573,-0.297606956,-0.253077584,-0.291486564,-0.11955534,4.629843409
-0.323144844,-0.233314098,-0.266518505,-0.208656739,4.536376569,-0.106229184,-0.238625265,-0.18680789,-0.431887058,5.030230353,-0.276491209,-0.259947027,-0.230294667,-0.188319816,4.862894786
-0.202685621,-0.223981473,-0.220196328,-0.373259365,4.604719503,-0.292498429,-0.236290881,-0.263221388,-0.240157871,4.270559832,-0.164996114,-0.230157748,-0.250536708,-0.326175781,6.039972395
-0.442117176,-0.304635931,-0.292190325,0.047968718,4.431885426,-0.380996436,-0.213927474,-0.340268625,-0.066676369,4.175083534,-0.185575521,-0.244212894,-0.245091227,-0.284278741,5.14836089
-0.188341812,-0.243993147,-0.262936141,-0.29437455,4.955329242,-0.185778325,-0.218854288,-0.269599944,-0.355338416,6.049436745,-0.342025106,-0.254542518,-0.271262331,-0.231367769,4.292394151
-0.261272973,-0.252045564,-0.270807282,-0.248631533,4.694765473,-0.302788121,-0.251727604,-0.248727888,-0.210025852,6.058306689,-0.137869372,-0.226880166,-0.203866156,-0.384384346,5.114993591
-0.125177483,-0.243293057,-0.240267541,-0.318661351,5.662947142,-0.348513345,-0.29671619,-0.253175209,-0.15674873,5.12256305,-0.259453967,-0.259404957,-0.235886546,-0.278498059,4.737565201
-0.294074784,-0.236879807,-0.278949445,-0.111540838,5.69227699,-0.366062968,-0.315647301,-0.291582686,-0.016668625,5.586607542,-0.205271439,-0.212967601,-0.229591421,-0.416902303,4.88046533
-0.293687984,-0.263585759,-0.306977474,-0.122871187,6.404398039,-0.292201263,-0.288469887,-0.254543386,-0.194161134,5.475528884,-0.062350767,-0.170723031,-0.216544788,-0.406799832,6.67892089
-0.259643641,-0.254223508,-0.267882299,-0.142929088,6.108816468,-0.248848122,-0.272102116,-0.245520887,-0.215849328,5.45605201,-0.131491077,-0.24476587,-0.183056465,-0.46040803,5.77840494
-0.281330144,-0.251186736,-0.25657121,-0.175442856,5.571567218,-0.255967905,-0.211672773,-0.236730872,-0.300340189,4.791152317,-0.211466155,-0.249851166,-0.215127904,-0.358062078,4.180389636
-0.21212971,-0.246775789,-0.254120479,-0.258288139,5.050678168,-0.094490672,-0.195885768,-0.200726196,-0.448248241,5.068590816,-0.287272237,-0.291218705,-0.232749204,-0.204540713,5.086310261
-0.237323003,-0.252229584,-0.278111697,-0.230573033,5.919560383,-0.24161241,-0.246938815,-0.262128126,-0.280291823,4.073510174,-0.234744806,-0.196796248,-0.233572713,-0.410343972,4.168181944
-0.232940472,-0.260189866,-0.333544954,-0.211036562,4.855433851,-0.179418326,-0.253827646,-0.207061744,-0.377023859,4.431987708,-0.333679701,-0.238809606,-0.225918953,-0.244473871,4.297719681
-0.109860617,-0.194660662,-0.204050214,-0.50334359,5.26673989,-0.282614948,-0.272768365,-0.204856511,-0.181347569,5.351552181,-0.277399767,-0.248623822,-0.229800578,-0.270406835,4.254859712
-0.354647495,-0.283406151,-0.278489032,-0.037696536,7.829709025,-0.172774654,-0.211405695,-0.216674904,-0.322728005,5.294274358,-0.273704937,-0.251967856,-0.253132838,-0.282450612,4.115267563
-0.285800958,-0.252938963,-0.27778817,-0.158608272,5.063739329,-0.179753377,-0.208923581,-0.288772587,-0.240452372,5.567210383,-0.213321178,-0.223463036,-0.265882175,-0.246097348,4.358591237
-0.239927503,-0.279158975,-0.248807861,-0.159208433,6.196383633,-0.26503791,-0.211498364,-0.258526723,-0.316664728,5.075757163,-0.165327891,-0.23517272,-0.186663773,-0.418211592,4.505741855
-0.261379145,-0.264238186,-0.222384419,-0.306928622,4.505461219,-0.268488187,-0.323108173,-0.196871129,-0.211943504,5.401525873,-0.259178877,-0.263792283,-0.221161814,-0.300100495,4.594770971
-0.25286727,-0.229948897,-0.255500536,-0.306502394,5.081325411,-0.184749757,-0.249986951,-0.238338908,-0.345149186,5.30155034,-0.271751399,-0.242777317,-0.260253908,-0.212101423,4.715973135
-0.250331131,-0.239270785,-0.230945411,-0.215365897,5.119270044,-0.212739779,-0.208017095,-0.264513289,-0.305340845,5.913480661,-0.245169084,-0.251526629,-0.252876258,-0.266758931,5.052417339
-0.24503148,-0.242358178,-0.238963354,-0.282642789,5.022257082,-0.228976215,-0.204729624,-0.305435801,-0.19390751,5.627404284,-0.356263499,-0.275293973,-0.279594067,-0.126760528,4.64194709
-0.121220564,-0.196079364,-0.27081389,-0.382935882,5.236202556,-0.260341077,-0.218105941,-0.232509439,-0.28859277,4.992961437,-0.193621745,-0.230571754,-0.249513368,-0.312435221,4.42293968
-0.266006297,-0.250778768,-0.263419227,-0.21586562,5.14931358,-0.275276887,-0.205022988,-0.25610564,-0.254790953,5.149319104,-0.302020505,-0.235294803,-0.290633405,-0.288122307,4.399759406
-0.265666398,-0.273231587,-0.259317177,-0.217150901,5.24145692,-0.257562243,-0.231305849,-0.293009495,-0.233920645,4.13127177,-0.297519001,-0.258331108,-0.224645384,-0.251866887,3.944434556
-0.261480528,-0.253800276,-0.262427493,-0.157399605,6.355074324,-0.173597399,-0.207786454,-0.250248432,-0.337033243,5.359910271,-0.212747126,-0.237231095,-0.250725419,-0.333748283,4.639200189
-0.139711985,-0.245318924,-0.211274669,-0.417625161,4.955448914,-0.193905626,-0.216334084,-0.26469949,-0.420276798,5.170370912,-0.225616415,-0.241327627,-0.234914458,-0.298799811,5.073571917
-0.306414446,-0.213854273,-0.271302252,-0.276573114,4.829240061,-0.236885,-0.265658052,-0.222005563,-0.409635542,3.981969338,-0.258287628,-0.238135831,-0.24358477,-0.310931074,5.296369753
-0.225041598,-0.243144635,-0.231183809,-0.359960485,5.284109211,-0.171191459,-0.244617755,-0.270821567,-0.338011444,5.802250683,-0.273622778,-0.272784547,-0.216442327,-0.226754514,4.234096484
-0.222172915,-0.246131409,-0.206986729,-0.293284616,5.122332996,-0.29012575,-0.284873101,-0.177846818,-0.338076432,4.086427439,-0.196897476,-0.242813508,-0.213949905,-0.289623099,4.61307585
-0.206293737,-0.218554745,-0.218275907,-0.360675525,4.843524404,-0.171194783,-0.220185074,-0.150633718,-0.560681609,4.465836695,-0.278947161,-0.223303982,-0.280711762,-0.179729874,4.62227653
-0.060341495,-0.21254563,-0.216378883,-0.442676382,6.211171225,-0.214579821,-0.238449747,-0.162806566,-0.358507883,4.475749967,-0.249854209,-0.2152655,-0.261756494,-0.288279207,4.710316168
-0.341365895,-0.281780043,-0.294362817,-0.0556641,4.697732671,-0.11322707,-0.222417682,-0.253218998,-0.396260299,6.831476739,-0.316578393,-0.278756597,-0.220877411,-0.203329478,4.406457929
-0.331631866,-0.26216178,-0.275141381,-0.167542104,5.469002624,-0.215939201,-0.331306268,-0.21366532,-0.23246868,6.651186112,-0.136359751,-0.190818273,-0.207051675,-0.443935258,5.459873857
-0.297739349,-0.302003253,-0.238423669,-0.167521575,5.154145814,-0.28579751,-0.288345776,-0.251580333,-0.202564589,6.236213217,-0.143810538,-0.207216248,-0.228015346,-0.399738557,5.23466151
-0.262677433,-0.25581893,-0.264340486,-0.258254369,5.678746036,-0.319621275,-0.254663157,-0.248314156,-0.116963931,5.012566576,-0.1880856,-0.194766355,-0.242536868,-0.387333913,4.6926199
-0.216057305,-0.266489276,-0.261614064,-0.324808242,4.181869429,-0.16752891,-0.257698838,-0.216922415,-0.360178143,4.331280588,-0.291481069,-0.254815224,-0.215502617,-0.198032127,4.865659187
-0.261579714,-0.273404698,-0.229885273,-0.21544818,5.025655309,-0.307229275,-0.308628305,-0.19434869,-0.273253613,4.201023746,-0.293285593,-0.226045789,-0.255296095,-0.265862378,4.685894782
-0.24757202,-0.233574814,-0.292520864,-0.180369512,5.824455329,-0.303338448,-0.264274204,-0.253487796,-0.189973943,6.296563235,-0.216345563,-0.233852997,-0.198798798,-0.338939491,5.530882507
-0.170484785,-0.219780947,-0.237086337,-0.36088206,5.793560531,-0.201116816,-0.17394059,-0.221204845,-0.479460542,5.078772576,-0.319867909,-0.19964729,-0.279062796,-0.210937879,3.965032223
-0.2359724,-0.242395246,-0.22535894,-0.188600778,5.497930813,-0.24496759,-0.243493929,-0.218091032,-0.217091171,5.615805263,-0.171226987,-0.2184045,-0.229865324,-0.374722169,5.593757269
-0.222501707,-0.24574017,-0.23549536,-0.316627735,5.408563414,-0.351801727,-0.312123905,-0.322341305,-0.028604772,6.890992278,-0.248613618,-0.211999818,-0.231245969,-0.325302273,4.137771026
-0.240771351,-0.229558597,-0.243356899,-0.250475197,4.966431211,-0.254107275,-0.293253718,-0.271891649,-0.115730232,6.731287833,-0.143747774,-0.17087536,-0.231882763,-0.432537535,4.71132284
-0.261633392,-0.275737564,-0.238415824,-0.179444353,4.578556111,-0.254181229,-0.226907713,-0.266085536,-0.390966847,4.329789238,-0.14663622,-0.178346112,-0.196634796,-0.475549356,4.126430675
-0.17288119,-0.279990882,-0.199951093,-0.299465853,5.995950302,-0.216691294,-0.247678649,-0.202719918,-0.352804178,4.980985875,-0.142005554,-0.257159267,-0.205890504,-0.340185319,5.65757208
-0.156017611,-0.275173809,-0.211640778,-0.35958825,5.331903076,-0.160212075,-0.212104287,-0.23913591,-0.303819034,5.947272658,-0.347187086,-0.277131671,-0.230892074,-0.144313417,4.235878409
-0.277558981,-0.286554048,-0.244986252,-0.161477819,5.602296236,-0.193426032,-0.241857644,-0.229623448,-0.317134102,4.880766509,-0.284855296,-0.208188246,-0.317325198,-0.176294302,4.403855954
-0.191457572,-0.204922079,-0.229579124,-0.341990262,5.325157115,-0.329421526,-0.258860792,-0.308896916,-0.07673538,5.681071516,-0.192271925,-0.219256357,-0.207467521,-0.425325089,5.337873984
-0.323270737,-0.267758389,-0.268246037,-0.188818194,5.538844289,-0.374130712,-0.248290644,-0.26520801,-0.152606759,4.178337181,-0.176641477,-0.242489345,-0.187577481,-0.381976986,5.200278088
-0.205813681,-0.245980802,-0.186449137,-0.392162004,4.464131175,-0.255417521,-0.206879452,-0.251036738,-0.335873541,5.430461259,-0.198975577,-0.23209894,-0.253763074,-0.326517603,4.493798325
-0.196845034,-0.257889704,-0.230133289,-0.303797614,4.745533643,-0.294627532,-0.282492817,-0.210596368,-0.209026539,4.936858714,-0.089119251,-0.171370285,-0.195247654,-0.551421751,5.042024097
-0.319242046,-0.189602286,-0.319961653,-0.164342171,4.362547257,-0.183941937,-0.200824786,-0.249004116,-0.384098725,4.877650941,-0.269039513,-0.265798733,-0.227339704,-0.163749784,5.871812186
-0.260645985,-0.262797665,-0.2268319,-0.208065981,5.251605552,-0.148744391,-0.222828189,-0.254896909,-0.4068399,5.832422729,-0.198602457,-0.166548842,-0.293476111,-0.350600484,4.189121019
-0.12433751,-0.230679342,-0.253423801,-0.337374947,5.606360714,-0.333224094,-0.245975085,-0.267623519,-0.111710493,4.491163507,-0.345010866,-0.272344749,-0.268673968,-0.119894564,4.268978205
-0.264183992,-0.25377618,-0.285100498,-0.142447748,4.256227561,-0.184438953,-0.232071349,-0.230965252,-0.373990764,5.22577866,-0.18376451,-0.198325329,-0.241358637,-0.451663179,5.17777689
-0.261361457,-0.253486195,-0.267834954,-0.112256691,5.284909791,-0.265566138,-0.243666787,-0.248170143,-0.261428871,4.811379573,-0.217812383,-0.220183191,-0.245361583,-0.251457714,5.794355445
-0.166551975,-0.230002305,-0.201112966,-0.329355851,6.425764481,-0.314647918,-0.281044225,-0.320035192,-0.078208025,6.852462678,-0.097720697,-0.218863857,-0.209798295,-0.42798254,5.680771328
-0.219255243,-0.253480549,-0.242568541,-0.208114247,5.35614322,-0.3275684,-0.326512761,-0.244761889,-0.129973587,5.237413531,-0.127457698,-0.269207438,-0.169140153,-0.453847366,4.78228229
-0.233268231,-0.255671542,-0.230951414,-0.263480767,5.440438575,-0.246560262,-0.165605434,-0.282925071,-0.331988843,4.759810105,-0.204579191,-0.203799316,-0.214888278,-0.352701792,4.470394287
-0.160132994,-0.19911727,-0.232394573,-0.401423467,5.628052568,-0.303828541,-0.347989881,-0.234822543,-0.111948672,4.923067032,-0.169047909,-0.198937568,-0.268947061,-0.389450225,4.906336773
-0.247162906,-0.261459091,-0.290079925,-0.224591207,4.90791964,-0.246318549,-0.241816401,-0.248585846,-0.256878065,5.564553193,-0.332119976,-0.23901947,-0.232427435,-0.200863556,4.028015589
-0.362971006,-0.32328937,-0.227262745,-0.075198573,5.354360435,-0.209279006,-0.214700551,-0.249050728,-0.347339592,4.843076069,-0.154163478,-0.219953098,-0.217469499,-0.377572054,4.393638352
-0.276636618,-0.289509703,-0.237460542,-0.254035195,3.764845861,-0.238065476,-0.272376125,-0.277586161,-0.147472977,5.221427225,-0.219186745,-0.208802678,-0.283519977,-0.253193173,5.453254458
-0.286575096,-0.244871735,-0.270886885,-0.202437255,5.402123263,-0.310275996,-0.234664661,-0.242350781,-0.187140335,4.732675952,-0.144977391,-0.254472062,-0.151696512,-0.40731592,6.247230551
-0.057380776,-0.202512646,-0.181242438,-0.506287008,5.247731676,-0.201733025,-0.235327833,-0.228609707,-0.420621898,4.017390713,-0.245104269,-0.240767478,-0.20906596,-0.3530851,4.035847539
-0.372009065,-0.235941857,-0.309531387,-0.074360672,4.77792198,-0.313598771,-0.275576764,-0.287528615,-0.191348201,4.950253671,-0.215224675,-0.181173512,-0.256106623,-0.335359762,4.837961762
-0.26652772,-0.22762887,-0.275601908,-0.186157058,5.08371095,-0.229666235,-0.274698131,-0.20159329,-0.276455286,5.296914964,-0.174452914,-0.195767298,-0.235329816,-0.422864858,4.530922458
-0.235672866,-0.221489522,-0.275053697,-0.303453617,4.775158533,-0.230154949,-0.24380248,-0.267060419,-0.290999726,5.928484892,-0.143334628,-0.219248862,-0.263082451,-0.401777112,4.843362924
-0.28392737,-0.25762774,-0.261427339,-0.149470725,5.867080347,-0.163298327,-0.209110048,-0.259581766,-0.38394633,5.64627239,-0.316702298,-0.301540487,-0.304031113,-0.014206572,4.637655317
-0.204972382,-0.200736818,-0.248313753,-0.299083039,5.69923491,-0.067961677,-0.117580726,-0.230900284,-0.660419287,4.083116805,-0.35607758,-0.254957405,-0.250061351,-0.191219866,4.964037306
-0.389387312,-0.261830028,-0.275965935,-0.10780742,4.475650614,-0.298560481,-0.286559381,-0.269541299,-0.195900517,5.155457192,-0.235877089,-0.2236825,-0.249549544,-0.303737767,4.808666028
-0.264106968,-0.248086781,-0.263099287,-0.189688809,5.06567556,-0.22638745,-0.263265169,-0.304930219,-0.189721138,7.002066795,-0.186115348,-0.203360335,-0.212076417,-0.378283394,4.565118098
-0.318462833,-0.270334919,-0.301159971,0.083455869,7.133422354,-0.116913778,-0.243086277,-0.193633083,-0.377151944,4.830226905,-0.205094244,-0.203671138,-0.302746072,-0.157901377,6.590862744
-0.251766323,-0.253033621,-0.227011843,-0.248252793,4.902215353,-0.215934949,-0.254798284,-0.231112877,-0.23406673,4.816652513,-0.173517551,-0.207069562,-0.237277673,-0.324856191,4.970569241
-0.33619235,-0.280211456,-0.233783818,-0.187830382,4.121956133,-0.203700817,-0.273455951,-0.200769754,-0.295215846,4.60887749,-0.16364568,-0.239142957,-0.234379013,-0.432292067,5.478300002
-0.170608905,-0.271542257,-0.222707858,-0.383898495,5.750748015,-0.193599225,-0.26649878,-0.235588652,-0.263551946,5.241395388,-0.210000777,-0.244096524,-0.238943506,-0.312432539,5.802445324
-0.201613737,-0.221530649,-0.264678527,-0.329325875,5.635392486,-0.217999831,-0.305940022,-0.213620932,-0.186935654,7.015429076,-0.253496134,-0.235490103,-0.277649493,-0.222976061,4.766597304
-0.189494348,-0.227899763,-0.219792831,-0.316134718,4.674823387,-0.334255056,-0.32174114,-0.251337252,0.00519999,5.522992721,-0.280344762,-0.239828273,-0.235283543,-0.253454467,4.687077256
-0.163772146,-0.284986225,-0.219955211,-0.372850265,5.650904313,-0.307656248,-0.236091345,-0.308146279,-0.12513349,5.366248905,-0.214832401,-0.244224391,-0.222128699,-0.336060651,4.694147204
-0.191098349,-0.198242907,-0.267442318,-0.304599192,5.367195806,-0.316737482,-0.258240549,-0.271814897,-0.220469856,4.680369069,-0.271891356,-0.241467428,-0.268445894,-0.247774553,4.963608063
-0.204058872,-0.291661829,-0.172541551,-0.326602076,5.202285555,-0.141712542,-0.212099125,-0.226036377,-0.437701504,5.623945432,-0.185264781,-0.233677948,-0.21369262,-0.39475301,4.930963263
-0.321618753,-0.274707997,-0.240652094,-0.107920156,5.222813716,-0.337811443,-0.276473522,-0.231811671,-0.195276234,4.648699379,-0.177395835,-0.240368801,-0.203501634,-0.310183484,4.893215099
-0.31817362,-0.263811942,-0.274506916,-0.191911631,4.484833002,-0.286207825,-0.264087118,-0.29239014,-0.143647087,5.336561817,-0.194420206,-0.210915695,-0.260098451,-0.294083899,4.794754587
-0.346014723,-0.279740537,-0.259998212,-0.118555239,4.989371307,-0.417518419,-0.319623051,-0.289265994,0.070687306,5.819886029,-0.149507304,-0.227878155,-0.172682378,-0.433048355,4.674647753
-0.192395427,-0.184802025,-0.269330651,-0.281458948,4.86212408,-0.230895765,-0.193685638,-0.280906855,-0.320801432,6.383841382,-0.159519608,-0.204288106,-0.252543299,-0.406602139,5.425455499
-0.241414521,-0.251319293,-0.213701195,-0.316767782,5.067602227,-0.19462173,-0.244894787,-0.263019058,-0.231435358,6.387823866,-0.067326388,-0.142869501,-0.155741227,-0.664706025,4.306622318
-0.19255176,-0.216132477,-0.299418394,-0.357768467,4.314853954,-0.3011911,-0.248397614,-0.307013319,-0.164128934,5.436945155,-0.236392604,-0.243078829,-0.22061494,-0.32357577,4.301299589
-0.206650563,-0.304062577,-0.207122343,-0.271237712,5.455957972,-0.329063844,-0.258374539,-0.289647158,-0.047078523,5.381494716,-0.136458537,-0.24077616,-0.211290698,-0.353250594,5.486116131
-0.15491605,-0.226635084,-0.208369451,-0.42528406,5.273259126,-0.270008154,-0.254852008,-0.2749739,-0.081453916,4.979159996,-0.196518363,-0.249634899,-0.209429091,-0.342189859,4.855649957
-0.249564594,-0.259185818,-0.288756513,-0.180264479,6.067557779,-0.322046987,-0.253504132,-0.296494361,-0.08721056,5.289780945,-0.186284781,-0.193713485,-0.258318074,-0.377576366,5.191951676
-0.243145802,-0.271439092,-0.225901442,-0.17052084,5.78822208,-0.20841357,-0.287606413,-0.258312545,-0.244203642,5.613132172,-0.1890686,-0.210199317,-0.26823768,-0.399152333,4.769996546
-0.267677524,-0.233190572,-0.258380187,-0.218387892,5.654979666,-0.224035247,-0.29362256,-0.251106123,-0.312702745,5.054576492,-0.308044015,-0.293975874,-0.235341527,-0.152600958,4.97338787
-0.199365079,-0.241953964,-0.254451701,-0.245567592,5.425378129,-0.292313892,-0.196730737,-0.298695085,-0.190813916,5.225979638,-0.228831715,-0.213252973,-0.230299655,-0.378527793,5.011881556
-0.237959968,-0.224606095,-0.230454288,-0.350650635,5.113250472,-0.306757101,-0.283884259,-0.25230482,-0.147742941,4.962488875,-0.358768087,-0.244007496,-0.236630021,-0.207473284,4.304246855
-0.189749055,-0.243534287,-0.185107364,-0.41767858,4.923649016,-0.250917952,-0.224253291,-0.280096807,-0.233643473,4.829220354,-0.246720058,-0.285717404,-0.254382967,-0.247457658,4.460267941
-0.167601706,-0.270408135,-0.220253807,-0.401591305,4.701372759,-0.299788008,-0.296087981,-0.24969275,-0.140028976,5.191001439,-0.280223677,-0.273203552,-0.246915378,-0.217576448,5.205762972
-0.211369827,-0.253709081,-0.237878111,-0.276744501,5.444181158,-0.192949031,-0.264526013,-0.245392399,-0.365614236,6.510446989,-0.18606837,-0.267770914,-0.176400835,-0.359187079,5.949718229
-0.126226031,-0.284335768,-0.209279648,-0.487807585,4.460643375,-0.167088472,-0.236693528,-0.234985269,-0.346091927,4.706890983,-0.137778875,-0.259873652,-0.199388532,-0.405360533,5.228231065
-0.148867504,-0.199507081,-0.200985755,-0.431649448,4.437464031,-0.239107219,-0.270906119,-0.232831046,-0.375289665,4.827385697,-0.270189534,-0.262441627,-0.217156097,-0.301422269,4.962271969
-0.159806945,-0.232436805,-0.188800793,-0.500141048,5.081062563,-0.182924504,-0.276822891,-0.253954297,-0.333777397,6.115531856,-0.212176299,-0.205444724,-0.224737932,-0.343323783,4.21820763
-0.234824353,-0.268323382,-0.19903839,-0.243716356,6.645790073,-0.28867672,-0.237593685,-0.193859353,-0.293464501,4.147903696,-0.222919211,-0.244541357,-0.260540213,-0.306329516,4.511930287
-0.13723631,-0.184741158,-0.267519564,-0.398612601,5.562584121,-0.264198644,-0.245385189,-0.231536767,-0.300067209,4.876833775,-0.184911381,-0.22633718,-0.233149871,-0.396062821,4.130098141
-0.335420321,-0.285855805,-0.253723315,-0.165665953,4.724843528,-0.292346515,-0.276371623,-0.247994094,-0.117751237,4.854044954,-0.1970284,-0.268182336,-0.197949297,-0.309454517,5.045205134
-0.253064008,-0.233195444,-0.272770943,-0.225758757,5.476570926,-0.180192824,-0.204283073,-0.253543675,-0.442860842,4.855116958,-0.166340272,-0.186885764,-0.207151508,-0.458833244,5.096191727
-0.218205056,-0.227059641,-0.194059909,-0.410782528,4.040874729,-0.267247851,-0.236201218,-0.282232724,-0.213046679,4.509318948,-0.362095178,-0.252472204,-0.264853965,-0.138664888,4.388045111
-0.33605409,-0.25023753,-0.278463815,-0.202192849,5.606960431,-0.271522238,-0.236357618,-0.243913456,-0.146097645,5.150978963,-0.262230891,-0.201148083,-0.28975877,-0.309512713,4.138118993
-0.300009991,-0.209517172,-0.283306582,-0.33306399,4.704834969,-0.33465228,-0.295198036,-0.268418698,-0.122674711,5.085955979,-0.192542643,-0.196100203,-0.232020666,-0.251036684,6.561210815
-0.178526472,-0.216366048,-0.244743147,-0.361647805,5.936539382,-0.232567099,-0.252539468,-0.275725177,-0.253207846,5.007000852,-0.246145299,-0.213964758,-0.241072405,-0.267163988,5.11047917
-0.260005708,-0.24215234,-0.282093635,-0.222720549,5.240029993,-0.151517074,-0.198696467,-0.273423808,-0.30994658,6.640876672,-0.253191342,-0.250572106,-0.191589015,-0.369592697,4.055657189
-0.266716719,-0.260823829,-0.254774845,-0.191353593,5.238069047,-0.181420885,-0.240604353,-0.209812178,-0.330387573,6.394070463,-0.092856127,-0.191892908,-0.239553057,-0.441849036,5.397382661
-0.307218815,-0.298716122,-0.267700409,-0.056457464,5.53073493,-0.240982704,-0.284712355,-0.241704949,-0.267246431,5.045197582,-0.22575719,-0.224906053,-0.249114655,-0.212619699,5.429540006
-0.344784121,-0.253542184,-0.283344572,-0.051015969,5.477161476,-0.122997186,-0.242401217,-0.165150121,-0.488286562,5.575247447,-0.241579232,-0.295987383,-0.230936135,-0.148069456,5.013183063
-0.294522441,-0.278835105,-0.285369038,-0.077302758,5.762615015,-0.193861103,-0.207959037,-0.205968515,-0.382533152,5.000298417,-0.129415537,-0.24940086,-0.223000128,-0.392390315,5.863310201
-0.20844273,-0.237847213,-0.310487078,-0.2038897,6.006556574,-0.252927958,-0.249424215,-0.230384896,-0.324299035,4.218249932,-0.151365875,-0.25891311,-0.252040942,-0.273060518,5.625718451
-0.23382829,-0.284898441,-0.240301235,-0.193702629,6.159798519,-0.226806924,-0.227293012,-0.256036854,-0.355657701,5.498128641,-0.139814195,-0.253171756,-0.172491782,-0.449565043,4.979131394
-0.105401333,-0.19251123,-0.201067012,-0.482718076,5.577733868,-0.17460741,-0.226886685,-0.271011142,-0.350138722,6.066356376,-0.283506236,-0.262809522,-0.181198782,-0.34428536,3.871327643
-0.231694319,-0.211410552,-0.256402445,-0.261806581,5.086847281,-0.273953866,-0.230118379,-0.252470216,-0.28240892,4.785256684,-0.280890408,-0.185734736,-0.273894414,-0.25252223,5.408937778
-0.225167647,-0.230214968,-0.224714588,-0.338054689,4.851089557,-0.198028771,-0.242654941,-0.220631521,-0.348398206,5.303873875,-0.338069891,-0.237564561,-0.265921312,-0.204515951,4.162893401
-0.130086748,-0.202155968,-0.270284409,-0.41593313,5.677320036,-0.398714528,-0.253745093,-0.27413331,0.036356591,6.002987331,-0.136735435,-0.164633489,-0.299959631,-0.441724177,4.85810665
-0.265158723,-0.277523009,-0.200511315,-0.234844752,5.031008185,-0.226710517,-0.255322058,-0.221780568,-0.259019269,5.951374451,-0.262246928,-0.270303305,-0.220598935,-0.264367811,4.501753344
-0.338044337,-0.315350579,-0.256391884,-0.105567452,3.958398452,-0.298382228,-0.270325214,-0.259651573,-0.21507911,4.69349792,-0.244661661,-0.271265963,-0.24183688,-0.273117788,4.907029146
-0.401026634,-0.310181045,-0.291839842,-0.101112528,3.505897709,-0.334244393,-0.279930045,-0.244458881,-0.176802232,5.109529029,-0.212226843,-0.224780008,-0.241714607,-0.29420993,4.367184726
-0.205171084,-0.23839399,-0.261747794,-0.207028731,6.440195894,-0.222867651,-0.269710776,-0.203125027,-0.241642341,4.285350508,-0.223491556,-0.209991875,-0.21705109,-0.388180579,4.514374024
-0.369848163,-0.266871679,-0.283878691,-0.062713171,5.545464265,-0.367737384,-0.268758455,-0.32068392,-0.093796209,4.972504041,-0.269501524,-0.239362003,-0.220935439,-0.302263444,4.453687855
-0.27345784,-0.273310421,-0.238797263,-0.231006187,4.720161802,-0.197853661,-0.266967299,-0.22275818,-0.162268682,7.167164644,-0.204004356,-0.269776185,-0.272147887,-0.316651935,4.489799362
-0.257592002,-0.282776751,-0.227222435,-0.212990827,4.346462495,-0.360945811,-0.293829051,-0.265545448,-0.089669276,4.803251824,-0.237917084,-0.2095659,-0.199833001,-0.493288143,4.24296293
-0.231238273,-0.265637376,-0.259541961,-0.14975809,5.605872853,-0.283216304,-0.253612368,-0.281660039,-0.198204795,4.735446612,-0.287871227,-0.244604819,-0.252380816,-0.353898791,4.157697422
-0.328080823,-0.234943526,-0.260967512,-0.268729296,4.262871333,-0.265832611,-0.268084529,-0.242651536,-0.220301042,4.837356525,-0.212202967,-0.207069964,-0.210274295,-0.451007942,4.428641003
-0.246754023,-0.224436489,-0.27722345,-0.315878004,4.482733205,-0.217009597,-0.25827305,-0.243415942,-0.254013266,5.097307042,-0.259923457,-0.286448551,-0.252627961,-0.239211447,5.037016692
-0.26528815,-0.281046153,-0.283456113,-0.183727041,5.557722945,-0.18107593,-0.259313589,-0.247070107,-0.354631434,5.219703816,-0.227101763,-0.234225945,-0.215569207,-0.297622616,4.607051964
-0.222538223,-0.219010069,-0.230465557,-0.324327193,4.540801803,-0.205945082,-0.231566258,-0.275717803,-0.357638747,4.99012283,-0.227332086,-0.250639238,-0.232915727,-0.26206112,4.218931605
-0.113784574,-0.205161246,-0.213795109,-0.399780049,5.483484089,-0.25123584,-0.233796913,-0.167065058,-0.407151502,3.839358952,-0.298482391,-0.238539533,-0.24450497,-0.245936478,4.348404174
-0.238068308,-0.202509969,-0.256345106,-0.257628274,5.253240578,-0.245715463,-0.157684342,-0.301585286,-0.291031767,4.614848271,-0.267621461,-0.236632558,-0.254241344,-0.249762512,4.925490267
-0.284047263,-0.237963922,-0.313742511,-0.215588522,4.853087389,-0.313517214,-0.30829761,-0.273772855,-0.116004335,4.950119248,-0.258089464,-0.251684715,-0.219112024,-0.292329604,4.277090883
-0.150384223,-0.187863299,-0.249724384,-0.438703886,5.681276532,-0.359589879,-0.248273751,-0.31303029,-0.152767281,4.618049529,-0.165707829,-0.210863345,-0.212013622,-0.344002395,4.775829746
-0.207621045,-0.260353242,-0.205835887,-0.317244143,5.52241352,-0.207417931,-0.265522988,-0.224600594,-0.20666517,5.303962941,-0.171086135,-0.242910279,-0.239829632,-0.410495101,4.866098983
-0.237302209,-0.244849994,-0.240070805,-0.323939744,5.327656349,-0.198399929,-0.307717308,-0.214867579,-0.276858792,5.632549951,-0.305940331,-0.261387242,-0.22848334,-0.226560808,4.253042405
-0.291343163,-0.272381181,-0.272146116,-0.185646877,5.360339239,-0.228899504,-0.295787956,-0.251672091,-0.227685032,5.13331321,-0.214116207,-0.213110918,-0.237587876,-0.336184921,5.074071766
-0.336461667,-0.257935789,-0.315246239,-0.102198002,4.444790603,-0.234622404,-0.195553601,-0.296344741,-0.299186653,4.236814662,-0.195551665,-0.248477781,-0.225848931,-0.335943555,4.997452633
-0.231109096,-0.208072458,-0.276779359,-0.262077197,5.330025735,-0.158681275,-0.200779185,-0.216073959,-0.498807079,3.591066946,-0.175337885,-0.160681733,-0.212884911,-0.563148653,4.270176784
-0.244270784,-0.236732133,-0.213718906,-0.343844087,4.774813341,-0.17443228,-0.236335966,-0.225327531,-0.393332662,4.173088543,-0.278846446,-0.224661532,-0.291143773,-0.240137192,4.767168363
-0.308888926,-0.253635362,-0.298783185,-0.085837868,5.93939339,-0.155697405,-0.260124615,-0.176548792,-0.399754971,5.693920809,-0.152820319,-0.228335459,-0.203988558,-0.436174002,4.749727013
-0.154395854,-0.224318723,-0.212999635,-0.377349459,5.038934361,-0.213661066,-0.253192125,-0.227356945,-0.282903242,7.209088203,-0.084971142,-0.206698786,-0.166667051,-0.575221815,4.962411659
-0.237629492,-0.30579472,-0.197351795,-0.336482022,5.417964254,-0.19635468,-0.251610628,-0.254572802,-0.283750161,5.582660317,-0.271022256,-0.274448437,-0.246613971,-0.141988121,5.563080678
-0.252523726,-0.283894781,-0.252174848,-0.166308886,6.417620441,-0.141968798,-0.21589613,-0.245806207,-0.401950691,5.411391181,-0.139277334,-0.222807088,-0.202372842,-0.467704385,5.544276711
-0.266760377,-0.223728142,-0.315275393,-0.135473915,6.004380202,-0.173132613,-0.239867533,-0.255422363,-0.318688703,5.426601792,-0.291507177,-0.311574502,-0.219567774,-0.160786857,5.207531103
-0.331134461,-0.213201094,-0.301280909,-0.141803457,5.327884645,-0.287516386,-0.285236594,-0.269724307,-0.088737653,5.518614393,-0.139305259,-0.195264953,-0.196593731,-0.466250277,4.173267685
-0.297876947,-0.256683794,-0.255962862,-0.184373034,5.036665121,-0.172125365,-0.216487665,-0.236385188,-0.40971683,5.475216786,-0.245263845,-0.249159344,-0.225355177,-0.281722859,4.644410619
-0.281393206,-0.282974781,-0.203899479,-0.186047156,5.354725249,-0.262832783,-0.257013276,-0.250459783,-0.240121102,5.489493028,-0.146352811,-0.197249935,-0.185053671,-0.431483532,4.192806198
-0.320815334,-0.254945379,-0.228474579,-0.271773258,5.414632638,-0.132923044,-0.25240962,-0.245101064,-0.40010513,5.499919579,-0.20721624,-0.211112922,-0.256391283,-0.211910609,4.964679816
-0.211636754,-0.253093269,-0.266040897,-0.253759319,5.680116944,-0.378991614,-0.326434426,-0.260913114,0.05906377,4.662600321,-0.314874937,-0.213589704,-0.277232705,-0.263826844,4.381181072
-0.30026553,-0.276629784,-0.263625903,-0.131079938,6.247326904,-0.346310839,-0.252499753,-0.303890468,-0.039476552,5.470249842,-0.175585095,-0.225237124,-0.257913709,-0.319319008,5.363218056
-0.333763674,-0.312957092,-0.284244394,-0.045502738,5.059996841,-0.217781675,-0.25666931,-0.251768886,-0.254539927,5.273951236,-0.156168393,-0.187970682,-0.215455846,-0.456034505,4.65809596
-0.361734996,-0.253670135,-0.322005053,-0.061545649,4.413928339,-0.247698309,-0.288915965,-0.254246543,-0.163755611,5.6800253,-0.23777589,-0.275844211,-0.198634535,-0.323063518,4.085211692
-0.276377609,-0.276579297,-0.267845942,-0.082405409,5.302799357,-0.241609971,-0.223564281,-0.265706993,-0.26394975,5.445580644,-0.297276056,-0.274604526,-0.234330409,-0.157641714,6.059967731
-0.280338265,-0.264821888,-0.215782498,-0.214743042,4.573109021,-0.30903145,-0.313284433,-0.267582054,-0.169622257,4.861524491,-0.196937322,-0.250060225,-0.221940614,-0.371501077,5.199398486
-0.268798646,-0.200109196,-0.276473683,-0.290419935,4.935559849,-0.250546736,-0.285457956,-0.243407041,-0.176048355,5.344710595,-0.248750979,-0.199634718,-0.246551338,-0.324632077,4.344811254
-0.296975761,-0.171414897,-0.270958728,-0.249960117,3.954865942,-0.383963047,-0.29392328,-0.272082741,-0.100053457,4.150403467,-0.208456057,-0.200805929,-0.216254214,-0.383571243,4.975194288
-0.162071401,-0.243934449,-0.231195719,-0.436908468,5.081143031,-0.183905899,-0.234348124,-0.259251549,-0.226786555,5.641498347,-0.266818335,-0.254676402,-0.244176724,-0.278523492,4.207819943
-0.345145924,-0.268003654,-0.245300486,-0.20587997,4.511080819,-0.441581787,-0.425130875,-0.27001269,0.168747073,5.895673545,-0.227976363,-0.219199598,-0.233610699,-0.268191139,4.860101303
-0.16837766,-0.223591726,-0.245044163,-0.266400968,5.86145514,-0.173221254,-0.218389215,-0.234714493,-0.342963606,4.453293564,-0.281339368,-0.215225766,-0.242559293,-0.335601075,4.372884232
-0.12317481,-0.229755541,-0.180966447,-0.386656975,5.221520275,-0.339006084,-0.270686055,-0.257374846,-0.037932386,5.532597865,-0.173298936,-0.251075992,-0.207165433,-0.343684629,5.295672032
-0.352059215,-0.297196032,-0.256464137,-0.174988274,4.76891588,-0.332408341,-0.210224736,-0.293523189,-0.171449106,5.672898693,-0.269622072,-0.191059632,-0.244818406,-0.389724288,3.852250076
-0.291370302,-0.295814895,-0.29877678,-0.085921829,5.471300803,-0.234515223,-0.193360952,-0.262411032,-0.351114333,4.79243659,-0.13544207,-0.200990133,-0.246097075,-0.361165247,5.936690434
-0.346780299,-0.264030948,-0.287710848,-0.068532744,4.767378449,-0.347072286,-0.232484632,-0.344552124,-0.154169017,4.521486117,-0.358759049,-0.225507705,-0.243432335,-0.196991557,4.437418121
-0.267741537,-0.252018054,-0.255060055,-0.245008792,5.307682272,-0.324404967,-0.283669765,-0.308941896,0.03115668,6.39176757,-0.134499119,-0.225778108,-0.232499077,-0.306955427,6.499950564
-0.229788981,-0.257850217,-0.305832632,-0.164725083,6.262660776,-0.254532666,-0.290267537,-0.23976669,-0.307747713,5.57373455,-0.099607745,-0.185219426,-0.226337245,-0.550150921,4.590474854
-0.195135199,-0.206759919,-0.27128569,-0.30023925,6.116152227,-0.251830698,-0.221094651,-0.255778578,-0.300432478,4.532586431,-0.275128773,-0.210429579,-0.254955,-0.308957781,4.230157104
-0.188759239,-0.218572985,-0.216723621,-0.358190045,4.025314892,-0.207043174,-0.221332579,-0.227254529,-0.29403914,6.115144707,-0.304483421,-0.255780039,-0.269912244,-0.220783086,4.660858348
-0.234493903,-0.236118193,-0.255913494,-0.306610701,5.41697262,-0.166519929,-0.274119372,-0.202225261,-0.350298192,4.716274194,-0.229658928,-0.22563397,-0.21927224,-0.28163069,4.283398977
-0.248137405,-0.298836147,-0.209288251,-0.24180447,6.048060501,-0.275951029,-0.294860048,-0.243551573,-0.091100159,5.987825302,-0.2473606,-0.280703291,-0.23533381,-0.18396735,6.285761503
-0.280785166,-0.247529681,-0.241765823,-0.239817617,4.554341846,-0.318498422,-0.262227868,-0.216156042,-0.263209814,4.583366916,-0.223418881,-0.291728329,-0.198482538,-0.267038357,4.329636406
-0.204892672,-0.268146698,-0.252253055,-0.264737562,5.244161929,-0.148055302,-0.242798491,-0.178670207,-0.432499047,5.29144367,-0.280429481,-0.275965508,-0.255071665,-0.212546938,5.080792827
-0.198786079,-0.212599805,-0.28911227,-0.282310392,4.861539968,-0.214673836,-0.22915709,-0.246991263,-0.380710164,4.436393356,-0.181924578,-0.220174275,-0.280024538,-0.309310376,5.966653902
-0.195868532,-0.18459564,-0.275683382,-0.339986768,4.310040931,-0.321288722,-0.283321958,-0.241226095,-0.201538976,4.83295669,-0.22860514,-0.261041354,-0.219892583,-0.329956843,5.050860615
-0.114438818,-0.156530826,-0.224718347,-0.511382561,5.287292774,-0.308759797,-0.286761541,-0.287661427,-0.106536488,4.99306216,-0.37360357,-0.272576854,-0.253846597,-0.140377918,4.439807286
-0.234519917,-0.258538678,-0.213247018,-0.27921759,5.616415771,-0.2560033,-0.318176322,-0.229963079,-0.220256654,6.196581406,-0.176160643,-0.227473733,-0.24456996,-0.362917125,5.079944813
-0.13457074,-0.25158335,-0.185788495,-0.426207523,4.404128007,-0.252235338,-0.319832484,-0.223981568,-0.25819645,4.583475037,-0.118568554,-0.174065667,-0.217029757,-0.451182478,4.297302269
-0.17825016,-0.25256901,-0.189700981,-0.429753076,5.108946692,-0.299124939,-0.299345832,-0.279875725,-0.050171631,6.452205415,-0.211999731,-0.195153109,-0.19946321,-0.377777598,4.791501188
-0.203322455,-0.193733984,-0.291051192,-0.295860644,5.330711752,-0.320792834,-0.29277797,-0.342195106,-0.019971756,5.92074892,-0.182211742,-0.226617967,-0.213334634,-0.417060533,4.302268459
-0.302074294,-0.287638502,-0.201654516,-0.202055875,5.084632154,-0.185092963,-0.161248033,-0.166659507,-0.532306043,4.355254192,-0.199216679,-0.265348548,-0.248386045,-0.262714349,5.393952934
-0.335775554,-0.234176385,-0.298535504,-0.240309162,4.496261514,-0.207523911,-0.23974719,-0.245081593,-0.360955357,5.258579774,-0.174644618,-0.262093113,-0.211910848,-0.402310426,4.396752088
-0.2467261,-0.242673871,-0.235067257,-0.271337963,4.440245116,-0.233805062,-0.187838886,-0.321027832,-0.208852198,5.937553447,-0.302353548,-0.250552627,-0.237858619,-0.25189246,4.105775637
-0.273968806,-0.280634732,-0.214940522,-0.179343331,5.621921634,-0.174843022,-0.258689181,-0.246582942,-0.405655565,4.595428516,-0.229881075,-0.208211315,-0.234926434,-0.31374139,5.012730117
-0.184971888,-0.208589036,-0.218237363,-0.46805383,4.725515638,-0.224931248,-0.229201054,-0.293168209,-0.305331291,5.496174336,-0.199085689,-0.267644381,-0.223744571,-0.280807007,5.821093108
-0.333602136,-0.25671541,-0.304320353,-0.180985327,4.363344509,-0.24200548,-0.283152629,-0.283317033,-0.222603138,5.379052854,-0.165899998,-0.220198449,-0.233817961,-0.427867037,4.946649609
-0.311299181,-0.25367026,-0.264410668,-0.226187404,3.958110249,-0.369011895,-0.281982927,-0.295034551,-0.042560859,5.553873038,-0.194248593,-0.246414585,-0.193119866,-0.397762108,4.205797241
-0.128185263,-0.23498676,-0.188470474,-0.448948594,4.927183931,-0.188273291,-0.237340222,-0.240874675,-0.299020746,5.91771507,-0.23112587,-0.25193063,-0.205220499,-0.379706759,4.81627551
-0.232361799,-0.262382335,-0.198857791,-0.250674916,5.395348344,-0.291215346,-0.312376634,-0.232320032,-0.136706288,5.432330338,-0.267730858,-0.234292199,-0.274255693,-0.179944153,6.054020958
-0.272962847,-0.25401671,-0.26667771,-0.08593793,6.531837093,-0.38929469,-0.351391782,-0.308477869,0.017343115,6.219213331,-0.180124329,-0.221469235,-0.240246606,-0.335096648,5.845076287
-0.299308456,-0.30794755,-0.283101847,-0.099457074,5.192325607,-0.299189283,-0.248068912,-0.23365839,-0.279435617,4.505269364,-0.286524159,-0.270876032,-0.244618315,-0.142348759,4.754866155
-0.324156568,-0.268639481,-0.302087432,-0.141244823,4.742076141,-0.240456119,-0.238942268,-0.304218553,-0.372513124,5.359245594,-0.307084925,-0.300702246,-0.261639316,-0.138390222,4.767574552
-0.297763072,-0.226168826,-0.2708436,-0.208007713,5.30830373,-0.37677025,-0.334325093,-0.279562927,0.007473215,5.238298709,-0.245242153,-0.286079464,-0.254237505,-0.173026438,4.964224791
-0.230164276,-0.234468123,-0.270802794,-0.292243005,4.66352987,-0.250875642,-0.266578949,-0.219258415,-0.252252426,4.20651471,-0.199968201,-0.229900525,-0.220129322,-0.358220282,4.605119762
-0.388621698,-0.285353049,-0.244553614,-0.049820503,3.939633165,-0.310131483,-0.22483141,-0.233769405,-0.392927279,3.655310395,-0.093029565,-0.209150301,-0.151590738,-0.534823392,4.872903557
-0.240615543,-0.235688379,-0.249943779,-0.388112997,4.539226917,-0.240945247,-0.244106319,-0.220723672,-0.345761591,4.501387313,-0.27514944,-0.267429941,-0.202836955,-0.302215424,4.205861842
-0.178452945,-0.267075792,-0.212326269,-0.318520731,4.394227651,-0.268281325,-0.206789102,-0.318404324,-0.224492718,5.281091865,-0.217658776,-0.206104501,-0.218653058,-0.304368452,4.541930744
-0.329047889,-0.271990609,-0.308182746,-0.232429721,4.286310467,-0.240450797,-0.258794342,-0.286371122,-0.224465648,6.585590804,-0.259805215,-0.234102793,-0.257201683,-0.259174446,4.993684145
-0.256043595,-0.246697611,-0.255035002,-0.226925754,4.553416171,-0.241018681,-0.288350446,-0.282135294,-0.176319854,5.744296076,-0.252495194,-0.225877582,-0.241585953,-0.237640867,4.107338735
-0.184154564,-0.219084507,-0.260888444,-0.367284206,5.095410835,-0.129035785,-0.224168722,-0.180275075,-0.466795711,5.026721662,-0.222792243,-0.212774139,-0.205425456,-0.426716683,4.836723055
-0.243234821,-0.243498572,-0.253257667,-0.204172004,5.573938126,-0.161939502,-0.242204822,-0.261851267,-0.357208348,5.55551638,-0.200419859,-0.235673574,-0.277078524,-0.279553342,4.380666852
-0.306860998,-0.225923754,-0.321306357,-0.154547671,5.204354547,-0.180898076,-0.252182065,-0.193994103,-0.248089139,5.976374304,-0.256802026,-0.254802316,-0.247835016,-0.15715894,5.357707229
-0.254686296,-0.247716931,-0.275266828,-0.167155527,5.726607419,-0.180852308,-0.217257104,-0.233595193,-0.408225579,4.75303709,-0.17188071,-0.239904076,-0.266939259,-0.293628329,6.031025372
-0.336245921,-0.2859021,-0.23139399,-0.173629934,6.295707069,-0.350327668,-0.245859158,-0.227288471,-0.268946992,4.696310291,-0.21021503,-0.236898225,-0.263745539,-0.246745542,5.709377196
-0.356062488,-0.265584445,-0.262943463,-0.065396311,5.092402841,-0.16475915,-0.234155662,-0.222649485,-0.333266884,5.399295015,-0.241098386,-0.270447575,-0.215470945,-0.273908457,4.055671161
-0.366929092,-0.306041295,-0.260495474,-0.049906838,5.218444281,-0.275369641,-0.209654158,-0.26410126,-0.275846859,5.379017603,-0.113162375,-0.184771403,-0.231695564,-0.444472854,4.243412395
-0.22061191,-0.23356663,-0.278317431,-0.308653658,6.232422524,-0.185591146,-0.226902177,-0.262807436,-0.265817985,5.83349132,-0.245144242,-0.253146591,-0.18157448,-0.335602795,5.138986083
-0.235065647,-0.246349131,-0.212482782,-0.310114603,4.672031355,-0.176854702,-0.190010238,-0.290698553,-0.251461496,5.271661084,-0.222590532,-0.257741108,-0.220531774,-0.346489799,4.223731852
-0.290702549,-0.256887698,-0.217730266,-0.244237859,4.387962246,-0.377156797,-0.269240918,-0.209206779,-0.14714716,4.620710067,-0.16252045,-0.211819981,-0.232603474,-0.405118236,5.550190562
-0.319666477,-0.281852096,-0.198696324,-0.212964875,4.062502966,-0.182074014,-0.235483025,-0.204918643,-0.416045129,5.491092391,-0.283496669,-0.21729917,-0.2103421,-0.312530022,5.116226285
-0.301038682,-0.265643109,-0.251723841,-0.232954285,4.805842216,-0.216397215,-0.265073154,-0.242135034,-0.231655468,6.022698498,-0.231311524,-0.238667374,-0.20499708,-0.20709113,5.055631235
-0.128812549,-0.189516703,-0.205520581,-0.458576468,5.629320264,-0.187214024,-0.220246185,-0.212277439,-0.468616119,5.329837658,-0.194938172,-0.186069921,-0.276805313,-0.34153551,4.864654173
-0.185694927,-0.255941338,-0.256656346,-0.272368172,5.551212766,-0.265560305,-0.243599857,-0.260087469,-0.172413915,6.06112216,-0.170094295,-0.245861598,-0.207576758,-0.422153034,4.611669105
-0.211450749,-0.236877561,-0.207478505,-0.320787375,4.489387055,-0.250707671,-0.271866917,-0.221176174,-0.307295913,5.191151554,-0.284490828,-0.207094831,-0.300584962,-0.143154452,4.919439133
-0.257116122,-0.224731243,-0.225521842,-0.235555553,4.613312475,-0.304454055,-0.333483979,-0.192081519,-0.212108648,4.481298575,-0.292728156,-0.255539129,-0.222544739,-0.245358591,4.558013061
-0.259088113,-0.301927954,-0.233936563,-0.278721716,5.149665555,-0.275548558,-0.281209413,-0.246930944,-0.218466608,5.031983317,-0.182990123,-0.223605529,-0.224824464,-0.404169802,5.055591856
-0.19315032,-0.243845031,-0.26781363,-0.316954687,5.289013513,-0.194272854,-0.210426652,-0.24592557,-0.339234528,5.234367729,-0.207336142,-0.243687553,-0.182493392,-0.436427741,4.787252337
-0.31576673,-0.22776554,-0.277469595,-0.183605141,4.251404556,-0.169150677,-0.191263048,-0.273069208,-0.307216143,5.205732926,-0.25634147,-0.23557896,-0.303625558,-0.164655819,4.614349189
-0.259655088,-0.25609664,-0.27300671,-0.204393892,6.716380059,-0.104672586,-0.192583676,-0.236633546,-0.512152392,5.545833075,-0.189241434,-0.245705692,-0.250748929,-0.252094929,4.912129857
-0.319143394,-0.280607634,-0.231587594,-0.223272869,4.533119562,-0.247703908,-0.231868217,-0.283784469,-0.284249602,3.942750345,-0.322809244,-0.252663701,-0.20700714,-0.221175632,4.323242042
-0.26857921,-0.229678996,-0.256053975,-0.245772821,4.422165554,-0.168409522,-0.225369474,-0.192838151,-0.451001296,3.928338596,-0.355766292,-0.229954929,-0.236929447,-0.211248108,5.244039387
-0.34199459,-0.273550445,-0.275670059,-0.075033407,5.357571344,-0.256361551,-0.315734336,-0.212599828,-0.103791213,6.782089186,-0.249652344,-0.221586258,-0.263277292,-0.319622795,4.655651544
-0.319179794,-0.239401898,-0.273761262,-0.08934522,5.347643841,-0.314580346,-0.282888128,-0.266578992,-0.099026845,5.397905032,-0.165807449,-0.244665794,-0.226759839,-0.30187315,4.862494904
-0.169950319,-0.224480465,-0.237420346,-0.390164491,4.463404051,-0.336340836,-0.304984309,-0.305201124,-0.01299036,5.416795431,-0.22528752,-0.247471186,-0.202315969,-0.316789522,4.772219416
-0.233561504,-0.272231333,-0.283341798,-0.215138974,4.999995883,-0.368331426,-0.287829874,-0.296588431,-0.042007245,5.662929361,-0.129813991,-0.197065409,-0.206335257,-0.368799342,5.112676687
-0.315147459,-0.263235367,-0.269751441,-0.173813,3.963256665,-0.224230256,-0.260872659,-0.252314115,-0.20641639,5.45442991,-0.212556311,-0.25869713,-0.239642697,-0.28909115,5.636188159
-0.171414766,-0.221086291,-0.268197705,-0.323782654,5.045628757,-0.33277516,-0.274355978,-0.266209812,-0.137910679,4.023450074,-0.101907426,-0.228533082,-0.186784413,-0.465866363,5.23052537
-0.314465157,-0.25234017,-0.294068829,-0.070822418,4.895716178,-0.272217955,-0.237698303,-0.29914839,-0.201013116,4.975366684,-0.209467821,-0.190817563,-0.248772289,-0.308305288,5.752329862
-0.162878998,-0.253941274,-0.242525715,-0.295489981,5.077655643,-0.184795109,-0.264177704,-0.160703262,-0.330585279,4.935412199,-0.207784455,-0.244154382,-0.285503707,-0.22265381,5.154030721
-0.310267988,-0.284835158,-0.252433993,-0.115858531,5.431460733,-0.200720327,-0.228162813,-0.239972285,-0.312279289,4.352943004,-0.157682783,-0.236075816,-0.217764074,-0.294708868,5.633561616
-0.279509901,-0.261980386,-0.26039363,-0.117411366,5.046215786,-0.253914099,-0.238051353,-0.262782325,-0.15414831,6.056565326,-0.239504454,-0.214272218,-0.216806688,-0.246195007,4.841417226
-0.255022362,-0.230572869,-0.283827443,-0.239755485,5.829173432,-0.183817111,-0.26448275,-0.235432423,-0.329907876,5.71757599,-0.23370916,-0.213043295,-0.266866072,-0.416955852,4.471324026
-0.146534147,-0.231556948,-0.17911205,-0.351333831,4.709286619,-0.177866555,-0.264727193,-0.244678504,-0.337458507,5.724492077,-0.183394143,-0.267981118,-0.227522404,-0.282336719,6.223380815
-0.26959116,-0.243093972,-0.278219867,-0.118582891,5.490440257,-0.129893789,-0.254444556,-0.169115297,-0.476143096,4.680241413,-0.166498689,-0.196788684,-0.226032298,-0.488693036,3.926896027
-0.186858636,-0.192104443,-0.215299214,-0.39768598,4.46317202,-0.326095648,-0.251596769,-0.32361372,-0.053279903,6.014427146,-0.276707554,-0.262050844,-0.231017665,-0.29946654,3.747962186
-0.256571379,-0.249104993,-0.235340421,-0.220321547,4.647029517,-0.32234446,-0.220247011,-0.284070281,-0.22142441,4.531189289,-0.28171693,-0.284900645,-0.228944592,-0.246192966,4.772427196
-0.098038032,-0.161510879,-0.244652679,-0.563583104,5.639338022,-0.282408696,-0.281835849,-0.277826495,-0.112979391,6.28767426,-0.190388045,-0.207614071,-0.260271027,-0.374822302,4.881966843
-0.232993396,-0.269242433,-0.258368208,-0.16765559,6.562558041,-0.303636741,-0.31698162,-0.215891547,-0.168883416,4.798656866,-0.271803173,-0.259388599,-0.256675618,-0.162182018,4.736300944
-0.299028159,-0.283875607,-0.220938334,-0.178968554,4.883318661,-0.170315276,-0.264155553,-0.169228825,-0.496498567,4.041023174,-0.218057807,-0.254089769,-0.218544461,-0.279312135,4.348559702
-0.303983494,-0.331796818,-0.246339596,-0.104456741,6.514585256,-0.287861338,-0.258164514,-0.258683469,-0.202238628,5.085109853,-0.181188034,-0.219961476,-0.251039657,-0.434953664,4.912868871
-0.328753994,-0.290205998,-0.32594143,-0.049152583,4.600253404,-0.194790666,-0.289485167,-0.197537579,-0.304422693,5.317277599,-0.25674099,-0.255966373,-0.311211425,-0.104192813,4.973828799
-0.156278641,-0.216889976,-0.221353828,-0.282727696,6.265525097,-0.31885924,-0.240252874,-0.292643619,-0.199157841,4.875307831,-0.164598007,-0.223430075,-0.194211683,-0.383208114,4.894677463
-0.207849579,-0.296865217,-0.251133545,-0.178152801,6.092537928,-0.171075527,-0.205215719,-0.257751166,-0.37637993,4.602894096,-0.166388442,-0.247664566,-0.21829964,-0.39795539,5.027089954
-0.341476295,-0.322589251,-0.267139721,-0.178057346,5.053902932,-0.227156543,-0.259657563,-0.25374938,-0.243859583,4.035148503,-0.324223229,-0.25839265,-0.262408432,-0.113126522,3.955099093
-0.221605759,-0.269953713,-0.246772562,-0.276854444,5.665970337,-0.200823344,-0.263683255,-0.244657684,-0.320807742,5.016163309,-0.199726456,-0.25633183,-0.243024521,-0.246130996,4.793751823
-0.339956618,-0.303778834,-0.283681464,-0.036346995,5.865747596,-0.216188173,-0.19563404,-0.288069432,-0.409269658,4.893262249,-0.231753526,-0.233821004,-0.247743431,-0.289388705,4.891772647
-0.227408519,-0.256043828,-0.222492162,-0.238400352,5.8258838,-0.137753504,-0.212047898,-0.22933399,-0.440005771,5.277576615,-0.253063139,-0.217815067,-0.246472545,-0.317418458,4.961707247
-0.23908552,-0.220029092,-0.270196423,-0.275306259,4.823146114,-0.271240081,-0.297229396,-0.228709738,-0.261793339,5.613129443,-0.243206031,-0.227148295,-0.212426712,-0.336686419,4.425683719
-0.329120964,-0.299698348,-0.240276742,-0.072293368,5.509264698,-0.382569066,-0.293340529,-0.283454415,-0.09218643,4.972314331,-0.296110184,-0.221013883,-0.294128442,-0.149702503,4.556255734
-0.287252371,-0.258857696,-0.258993014,-0.136430209,5.527012423,-0.213988028,-0.267863438,-0.232448431,-0.250067486,5.358663512,-0.099495987,-0.212575352,-0.194902938,-0.491384247,4.699908858
-0.215326018,-0.242523999,-0.258790277,-0.242053954,5.867453498,-0.22958885,-0.168451321,-0.252241527,-0.393356195,4.201997719,-0.244746276,-0.282162722,-0.269147428,-0.228341694,6.683498337
-0.30036103,-0.267570993,-0.293789955,-0.147656443,4.204665912,-0.222027671,-0.211521992,-0.263659667,-0.31419338,5.263059407,-0.276724638,-0.260788747,-0.225801834,-0.226401139,4.704866543
-0.241311394,-0.287101141,-0.205418619,-0.285866719,5.027609855,-0.240031464,-0.248901823,-0.295359016,-0.229596914,6.166888912,-0.14069068,-0.250019283,-0.183470708,-0.411070701,5.915431171
-0.260235216,-0.270794874,-0.264341527,-0.211484145,6.193036715,-0.23895419,-0.258284602,-0.206058706,-0.308529889,4.749273336,-0.221252696,-0.283703933,-0.210838382,-0.227178426,5.238997303
-0.152997465,-0.228092856,-0.245712816,-0.438698532,4.629574264,-0.287442665,-0.273108968,-0.233291418,-0.239787383,4.532077687,-0.159285455,-0.248102131,-0.192328635,-0.419849383,4.865081738
-0.292498829,-0.261423285,-0.259226445,-0.259517158,5.062979747,-0.204557565,-0.249383975,-0.20920846,-0.233577472,6.100352672,-0.207182962,-0.247197303,-0.172013763,-0.462890973,5.147527245
-0.157137844,-0.231974721,-0.242818728,-0.34070924,5.566968603,-0.151906477,-0.222990156,-0.20262262,-0.40194563,5.126813112,-0.206234313,-0.21477165,-0.272329011,-0.376465505,5.073297516
-0.239427149,-0.264149394,-0.240875802,-0.220840562,4.791633808,-0.230477875,-0.217013256,-0.243386807,-0.300247798,5.716403019,-0.156507095,-0.207175218,-0.255759633,-0.38231176,5.498330414
-0.11093105,-0.202604251,-0.222630488,-0.400591586,5.599302579,-0.252902565,-0.237780353,-0.238664386,-0.292197225,5.383929862,-0.186489013,-0.217710274,-0.241421047,-0.403547142,5.635549761
-0.207482799,-0.179624451,-0.2198194,-0.411072055,5.665382898,-0.291091229,-0.263936568,-0.258043029,-0.180700424,5.220490458,-0.263503563,-0.217461758,-0.264400899,-0.272433995,4.820588562
-0.332654365,-0.254354399,-0.236809631,-0.220706636,5.159458166,-0.157365197,-0.232938575,-0.23304074,-0.367298074,4.544112078,-0.124444316,-0.216609168,-0.205142218,-0.474848579,5.379713605
-0.348160392,-0.275968677,-0.301106549,-0.040199478,5.453576425,-0.287187071,-0.312376897,-0.261597614,-0.127695915,5.531148109,-0.342192963,-0.273233592,-0.315267242,-0.136325072,4.993298688
-0.308773804,-0.277785164,-0.320933302,-0.007371372,4.859771961,-0.217729362,-0.217670559,-0.298182471,-0.187713078,5.778555954,-0.229236796,-0.285991577,-0.230748451,-0.208187671,5.101751073
-0.340638165,-0.246257359,-0.303946041,-0.094474578,5.268299052,-0.2618715,-0.26437793,-0.223755533,-0.353749928,4.346080571,-0.185694583,-0.224703862,-0.234804249,-0.338633869,5.096713196
-0.260653332,-0.227698183,-0.22295885,-0.310436298,4.27416295,-0.175514506,-0.249589568,-0.210653975,-0.345831515,6.38527085,-0.261795663,-0.247736054,-0.24340008,-0.206737837,6.026576101
-0.216681024,-0.258361182,-0.266545436,-0.28610826,4.2108572,-0.276515365,-0.238839379,-0.250009415,-0.251072221,4.426578605,-0.172289091,-0.222807347,-0.225018098,-0.435124931,4.569725536
-0.314339351,-0.27247708,-0.23889286,-0.081631011,4.678234972,-0.223552689,-0.234879807,-0.267137374,-0.358854511,5.640125634,-0.22023005,-0.214692315,-0.233887331,-0.387731169,5.044666148
-0.246115122,-0.24580324,-0.257784052,-0.339584831,4.468601986,-0.268868546,-0.304322973,-0.244197353,-0.184942572,4.685410729,-0.253248199,-0.262876239,-0.256218284,-0.158506567,6.493957376
-0.351560639,-0.324915153,-0.254614939,-0.018172601,5.047679087,-0.186062172,-0.216085661,-0.227423312,-0.421997062,5.090175454,-0.238288676,-0.234660049,-0.262653874,-0.19824905,4.215256798
-0.230671485,-0.25344752,-0.232157928,-0.20462155,4.523578684,-0.3417828,-0.321761105,-0.27660569,-0.008653949,6.467961023,-0.246559299,-0.256786992,-0.250840996,-0.178420843,4.406188189
-0.214684664,-0.193369788,-0.239735471,-0.388867027,4.764777794,-0.256160748,-0.291967275,-0.236681501,-0.247399374,5.413132054,-0.204940216,-0.246702971,-0.217602184,-0.356156217,4.727650055
-0.226365259,-0.257661057,-0.225938075,-0.280537021,4.565891651,-0.127297162,-0.189406743,-0.211419363,-0.483724278,5.272374719,-0.191321917,-0.270177949,-0.22752023,-0.389756312,5.299872267
-0.249306916,-0.27108745,-0.221860875,-0.289359457,4.185402283,-0.370367271,-0.30301886,-0.268787517,-0.047582666,5.103919122,-0.136387021,-0.201895364,-0.244005332,-0.477052568,5.502048128
-0.352402986,-0.290360638,-0.273090871,-0.202789906,4.731443365,-0.2095268,-0.251291417,-0.183265439,-0.368459968,4.105881887,-0.200682088,-0.208127588,-0.252324542,-0.337846387,4.873349745
-0.317317564,-0.253454027,-0.320205718,-0.18855685,4.91159282,-0.227081532,-0.182560569,-0.229747452,-0.402358794,4.693328834,-0.182704666,-0.185950724,-0.215132662,-0.341318836,5.33060041
-0.200437205,-0.217661916,-0.263188265,-0.251744735,5.427272425,-0.20503521,-0.25991221,-0.203103662,-0.346471055,5.630877695,-0.226773948,-0.202277208,-0.200782608,-0.38496624,4.614491853
-0.180321331,-0.228546335,-0.271589416,-0.368231278,5.794070406,-0.21400242,-0.228435941,-0.247944028,-0.22757621,5.356265109,-0.261823689,-0.238720932,-0.247392157,-0.223823512,4.916220799
-0.220741559,-0.270576284,-0.227486918,-0.29897966,5.341724133,-0.174399883,-0.257460775,-0.255181292,-0.303384619,5.693502035,-0.368772405,-0.251968627,-0.264596921,-0.131415857,5.528376666
-0.31232534,-0.254951476,-0.317408347,-0.077855313,5.737469295,-0.241785887,-0.209458892,-0.284683068,-0.271883461,5.045202967,-0.227810075,-0.22326468,-0.200160589,-0.343649898,4.289215137
-0.321028082,-0.273388204,-0.265704468,-0.144726247,4.716950856,-0.152975927,-0.190280338,-0.265886802,-0.358567732,5.481152798,-0.308094289,-0.264820217,-0.259451384,-0.228017906,4.291194481
-0.299944857,-0.284152324,-0.272628735,-0.196764243,4.686355697,-0.18502579,-0.166905801,-0.228207217,-0.483219815,4.561675454,-0.210126337,-0.212995134,-0.239231497,-0.355583262,4.284146538
-0.136203478,-0.221437517,-0.269078596,-0.2823361,6.084954878,-0.26100664,-0.207715129,-0.257537317,-0.28003481,3.976613326,-0.108233662,-0.246259443,-0.186808809,-0.422347927,5.245922005
-0.27200886,-0.260392613,-0.245921551,-0.187180823,4.692802587,-0.136262793,-0.215862056,-0.199117812,-0.360941663,5.335524786,-0.266780105,-0.267912814,-0.21923514,-0.25586379,4.848809355
-0.322255493,-0.235167789,-0.310791013,-0.124536843,5.314906794,-0.245460097,-0.259869972,-0.255446981,-0.200986713,5.402145505,-0.217807735,-0.187239011,-0.261386092,-0.307588998,5.27872814
-0.305161082,-0.283969929,-0.283030684,-0.14171109,5.989166422,-0.149585008,-0.201913317,-0.224007114,-0.326129832,4.420751568,-0.175159532,-0.218129072,-0.217790578,-0.407415344,4.024975793
-0.318214982,-0.246851828,-0.282675005,-0.188218242,4.537663335,-0.183675968,-0.17814288,-0.259514532,-0.477311227,4.342822229,-0.146146509,-0.214589229,-0.218647968,-0.402278687,5.745850384
-0.134743358,-0.211722145,-0.251771925,-0.383175155,5.544059284,-0.18125648,-0.312325155,-0.262748634,-0.225646693,5.875073477,-0.191968115,-0.20789942,-0.1928193,-0.527866517,3.730996702
-0.271016109,-0.212939901,-0.286430168,-0.238006223,4.102620582,-0.239572818,-0.280508638,-0.210912536,-0.256442148,4.926655422,-0.243268824,-0.251922533,-0.225048039,-0.289879798,5.019130733
-0.251351913,-0.233449316,-0.268742588,-0.310611997,4.393840178,-0.222117852,-0.225093721,-0.227076914,-0.306476882,5.37712864,-0.268675437,-0.241470533,-0.275246479,-0.187110386,5.162409034
-0.148252341,-0.198883674,-0.262875653,-0.422295861,5.447750425,-0.243866631,-0.2977759,-0.242452441,-0.142795981,6.531186585,-0.219156446,-0.198768018,-0.25896244,-0.346189274,4.486999885
-0.260107839,-0.260226183,-0.238731437,-0.154210346,5.460830543,-0.213510249,-0.209265147,-0.246651825,-0.465737127,4.802345705,-0.21998787,-0.201082073,-0.22056133,-0.341026638,4.294578504
-0.238096739,-0.283109261,-0.23831432,-0.192300642,6.173558381,-0.25638049,-0.268042921,-0.289370483,-0.182523207,5.170782432,-0.215531817,-0.273521146,-0.230908986,-0.360416727,3.928774995
-0.245008507,-0.213113984,-0.252690433,-0.236781034,5.370170858,-0.146699454,-0.234276359,-0.229118279,-0.416429295,5.939437044,-0.140483288,-0.207326109,-0.224953897,-0.521652429,4.711653495
-0.291831943,-0.234386585,-0.306775555,-0.217616402,4.535543821,-0.307806993,-0.202677754,-0.253614904,-0.218694413,4.775468711,-0.199004772,-0.262663077,-0.254581506,-0.212833617,4.554091808
-0.189711411,-0.184425388,-0.236871552,-0.380112913,5.03358327,-0.252230257,-0.307161273,-0.288489767,-0.200675286,5.312624733,-0.200459417,-0.230145007,-0.227081582,-0.325488398,4.657406687
-0.26172695,-0.26334934,-0.23934691,-0.193861935,4.497677127,-0.258543481,-0.265024226,-0.270244696,-0.199425752,5.61326235,-0.179079024,-0.231807813,-0.242669464,-0.303500716,5.669047054
-0.274742574,-0.231085459,-0.25058546,-0.181699774,5.189862266,-0.248051066,-0.217125643,-0.27470242,-0.341802275,4.621107002,-0.218492636,-0.225835826,-0.228008995,-0.338682977,4.201143561
-0.185981102,-0.197710854,-0.258240899,-0.352133068,5.02267248,-0.173029219,-0.244034752,-0.303303071,-0.193498777,7.639548794,-0.249855891,-0.2548616,-0.256446283,-0.297071965,5.141778279
-0.273440304,-0.287737519,-0.298507945,-0.115317603,5.198776507,-0.180951577,-0.248254822,-0.254145082,-0.269132829,4.942622707,-0.257275208,-0.23201047,-0.216784911,-0.44182883,4.536277696
-0.299932926,-0.24703015,-0.209531017,-0.228860678,4.584991666,-0.277873994,-0.234619919,-0.258143154,-0.306141653,4.600793384,-0.103210427,-0.192972894,-0.207965434,-0.441921988,5.6962396
-0.354931014,-0.267450502,-0.304584808,-0.164640926,4.816823807,-0.282808748,-0.275165817,-0.233221345,-0.233619126,5.046361619,-0.200503764,-0.260889439,-0.195461945,-0.356699135,4.474930816
-0.289045989,-0.229953141,-0.25084351,-0.317640001,4.952590169,-0.240550575,-0.249626686,-0.315949685,-0.163645943,5.977044539,-0.186629846,-0.218258342,-0.230612226,-0.403638064,4.86039676
-0.194275612,-0.235669694,-0.293857586,-0.257032146,5.923853411,-0.239672549,-0.284737006,-0.241923556,-0.253719975,5.284141038,-0.20013382,-0.208108793,-0.258200809,-0.389459312,4.911372829
-0.241758692,-0.244015012,-0.242916372,-0.299640892,4.237748504,-0.27547302,-0.213474796,-0.275549639,-0.288003029,3.801038385,-0.165006862,-0.229248856,-0.220800732,-0.338700582,5.766332505
-0.277347826,-0.256828518,-0.281986135,-0.2775733,4.709028644,-0.221834901,-0.256502213,-0.221556985,-0.253887243,4.697640004,-0.307122771,-0.223769468,-0.292657756,-0.217872183,5.332871506
-0.199888715,-0.293926683,-0.243580313,-0.260376528,5.592845037,-0.358505075,-0.286851972,-0.251587935,-0.175617147,3.959870479,-0.232245774,-0.239292393,-0.1998669,-0.291185113,5.312812233
-0.257018527,-0.258850344,-0.285544875,-0.217455506,6.332727841,-0.203300724,-0.276615399,-0.203354662,-0.334785085,4.529397776,-0.237208248,-0.227447402,-0.239303661,-0.341152014,4.518956616
-0.308622267,-0.260832202,-0.247648864,-0.220769506,4.552773631,-0.203015432,-0.277735327,-0.214594656,-0.278399375,5.951016969,-0.261202591,-0.245193432,-0.242313934,-0.205225274,5.551026102
-0.259687557,-0.224907795,-0.284825574,-0.243599953,4.451722755,-0.348353504,-0.283246487,-0.261554269,-0.078402833,5.298996972,-0.291737036,-0.244580269,-0.232306722,-0.299564184,3.975075897
-0.261251126,-0.287985926,-0.222772905,-0.266592186,4.859755886,-0.224397206,-0.205464945,-0.197871904,-0.352817552,3.979937385,-0.268284369,-0.250803916,-0.228059829,-0.248377253,4.47518912
-0.305583168,-0.274752503,-0.270620246,-0.1667678,5.572379381,-0.254463484,-0.235567589,-0.295926533,-0.281446593,5.033343252,-0.193657762,-0.240449347,-0.259496298,-0.307721282,5.584578068
-0.172401422,-0.221260361,-0.227950506,-0.338004118,4.954300644,-0.136661148,-0.238521831,-0.240936605,-0.366228852,5.097868111,-0.183491724,-0.220299602,-0.195970631,-0.47201981,3.78954274
-0.288370848,-0.295382547,-0.259117081,-0.155902196,5.50086185,-0.365410561,-0.308013372,-0.325761067,0.147336205,5.950940951,-0.310875211,-0.232887801,-0.247925499,-0.259747401,4.572730883
-0.135579043,-0.230520072,-0.204396412,-0.390221594,5.074664544,-0.299538002,-0.28413278,-0.27997578,-0.197626451,6.291147391,-0.306425056,-0.228898067,-0.230247847,-0.220120077,4.442383306
-0.164432627,-0.22330361,-0.195940826,-0.531609666,5.124836824,-0.186311098,-0.21523808,-0.248173533,-0.263599206,6.574076172,-0.228988347,-0.235959077,-0.217794573,-0.270185896,4.642623812
-0.304053703,-0.209750486,-0.264108972,-0.199811755,5.821674078,-0.311017609,-0.206594455,-0.255653782,-0.215655092,4.504966219,-0.228666673,-0.23209467,-0.228810595,-0.267443718,5.638567987
-0.215102733,-0.216145313,-0.286839846,-0.299121572,4.602155179,-0.307797094,-0.26469422,-0.199032654,-0.288517489,4.150286128,-0.257255624,-0.251785382,-0.25820361,-0.233104502,5.350841497
-0.279065821,-0.276049564,-0.267758666,-0.204893045,4.355544796,-0.3178909,-0.292290246,-0.210315578,-0.143405863,4.724345735,-0.308150396,-0.243223254,-0.238560936,-0.298624282,3.90197614
-0.268703298,-0.203649354,-0.316783583,-0.139381217,5.328699989,-0.323020882,-0.278428438,-0.286054119,-0.086562436,5.528967919,-0.259535673,-0.296629276,-0.230318599,-0.261954355,5.366238814
-0.244246648,-0.240633382,-0.268270176,-0.236055815,6.185077676,-0.226315077,-0.168214911,-0.265871682,-0.335402481,4.367184878,-0.237110521,-0.237778795,-0.226465144,-0.302571905,4.994163548
-0.354540487,-0.302929591,-0.267576062,-0.080086822,5.28687648,-0.272793118,-0.253870071,-0.265356698,-0.162097668,6.227735359,-0.2630633,-0.212860951,-0.240793871,-0.29955103,4.322870792
-0.263064579,-0.248471931,-0.277705924,-0.290346418,4.590538218,-0.360445481,-0.289843475,-0.276375635,-0.153800509,4.26738743,-0.163305909,-0.18007475,-0.228837057,-0.405638521,5.186818356
-0.267003471,-0.19369618,-0.267034521,-0.321765706,4.659836101,-0.318428387,-0.256322402,-0.24928694,-0.213814973,4.371117824,-0.325818562,-0.235562745,-0.280529836,-0.168101242,5.189108407
-0.190127715,-0.272546534,-0.197394201,-0.373331181,5.562033244,-0.234494122,-0.248394888,-0.31455293,-0.273581307,5.411320496,-0.219186517,-0.19443183,-0.266884385,-0.288100534,4.791205387
-0.284610964,-0.290093748,-0.224105751,-0.222266883,4.342650049,-0.230238121,-0.194771301,-0.292076556,-0.428908952,4.410030025,-0.253374079,-0.279042944,-0.271413503,-0.206522854,5.701757119
-0.202673591,-0.242409233,-0.252631457,-0.259898351,4.921466185,-0.352324899,-0.269025524,-0.259697533,-0.070662374,5.969259008,-0.270896885,-0.307749452,-0.234175437,-0.190754403,5.023748098
-0.198537799,-0.228215098,-0.251977048,-0.315373062,5.477898271,-0.243264269,-0.262072952,-0.269566241,-0.216316665,5.214352522,-0.162599747,-0.239643708,-0.23476431,-0.297296737,5.279755578
-0.258857226,-0.310322647,-0.249618507,-0.14633645,5.663228847,-0.250572625,-0.218547242,-0.277099017,-0.28338671,4.390897117,-0.371170869,-0.269906786,-0.265896792,-0.085388154,5.054238905
-0.218343143,-0.300189866,-0.239002707,-0.192441419,5.121830473,-0.352999775,-0.310059949,-0.254052767,-0.15834853,4.436886383,-0.119701608,-0.2438085,-0.214091774,-0.348974057,6.902260061
-0.254461522,-0.254194695,-0.244775646,-0.247851118,5.658106961,-0.106981206,-0.207955571,-0.20203937,-0.448175457,7.18945087,-0.159814529,-0.164316118,-0.272227736,-0.473617965,4.921437816
-0.201101104,-0.255115883,-0.225755168,-0.342691601,5.970974667,-0.190910298,-0.206933564,-0.31498928,-0.299971074,5.637382499,-0.279793839,-0.263392243,-0.252778585,-0.204865632,5.390786114
-0.453356406,-0.269282336,-0.348711212,0.026429284,4.819666668,-0.240991648,-0.26222885,-0.253012378,-0.191093855,5.409920578,-0.254882925,-0.266407402,-0.222113927,-0.213653792,4.30002214
-0.256495161,-0.276315694,-0.257397412,-0.140745054,5.235972155,-0.206327666,-0.263549586,-0.199202506,-0.429512273,4.02758499,-0.141878513,-0.206676773,-0.229373374,-0.399501539,4.883963635
-0.175489281,-0.187482625,-0.211258554,-0.421388744,4.612882364,-0.251348298,-0.243249252,-0.256701555,-0.23427174,5.802309755,-0.172479171,-0.270850475,-0.196980547,-0.383034596,4.725029297
-0.258787124,-0.228403114,-0.281407293,-0.277237194,4.858571363,-0.16366033,-0.239718141,-0.221117326,-0.314184884,5.441710615,-0.194477305,-0.22203701,-0.215714684,-0.391270465,4.674227462
-0.262557865,-0.217132866,-0.280048218,-0.374548455,4.894124005,-0.267422081,-0.253915178,-0.208437492,-0.304176685,4.839317752,-0.165794271,-0.254273089,-0.160346023,-0.478697873,4.672458012
-0.318019983,-0.271337188,-0.24838731,-0.178077779,4.581687475,-0.250179087,-0.274731324,-0.216693082,-0.29142336,4.729678794,-0.198562812,-0.246038973,-0.216976149,-0.335105634,4.453388419
-0.133996883,-0.22681058,-0.245160351,-0.348086203,6.155899957,-0.292539498,-0.223643453,-0.285669155,-0.222363588,6.212054102,-0.153536626,-0.184172957,-0.251611527,-0.38455487,5.847413202
-0.330184242,-0.275000878,-0.277017509,-0.096102887,4.699963288,-0.220210759,-0.253003699,-0.268003658,-0.305831081,5.702563758,-0.237024667,-0.269252023,-0.242511301,-0.204498603,4.933797465
-0.236956559,-0.250925212,-0.253003061,-0.312906544,4.707866683,-0.327861642,-0.227640198,-0.227018963,-0.208347702,4.462060607,-0.283287484,-0.280415008,-0.262745329,-0.220461714,4.320336097
-0.269438676,-0.256495044,-0.247287858,-0.23366119,4.660804828,-0.250159143,-0.248943386,-0.275015512,-0.197106928,4.472544835,-0.179914759,-0.195762176,-0.256989296,-0.403420161,3.921021928
-0.254275277,-0.225773668,-0.291944567,-0.188812523,5.291033939,-0.248678987,-0.285165771,-0.230279125,-0.333773477,5.453732126,-0.129101724,-0.211341925,-0.206208175,-0.458791381,5.300633221
-0.246266471,-0.264927867,-0.259613255,-0.266757319,5.37113803,-0.249110119,-0.235053177,-0.237784661,-0.346393146,5.125651527,-0.336132653,-0.241860042,-0.259432398,-0.162498484,4.477161185
-0.267864002,-0.274959487,-0.266423208,-0.236753646,4.321816156,-0.132380851,-0.205713495,-0.191111866,-0.514755863,4.385199437,-0.217936813,-0.244484512,-0.207115862,-0.374897249,3.963070746
-0.24208866,-0.229470899,-0.234746118,-0.340132308,4.252595933,-0.233932204,-0.286208991,-0.240014292,-0.155558215,5.050957927,-0.260076861,-0.265064252,-0.234436448,-0.258429293,4.345360031
-0.264644558,-0.295299445,-0.247983736,-0.242823304,5.476568334,-0.144083556,-0.190756499,-0.285904254,-0.35195119,6.824601024,-0.212526825,-0.234523208,-0.198662286,-0.390307492,4.886330896
-0.264517496,-0.242367585,-0.28672672,-0.234526179,4.022079678,-0.324270532,-0.262014562,-0.293854681,-0.127464126,5.342333729,-0.268491765,-0.277243464,-0.236740908,-0.220416406,4.613117459
-0.253138961,-0.243016041,-0.246303886,-0.247536529,4.65866278,-0.181241286,-0.275693475,-0.236149231,-0.342453178,5.283038442,-0.268946826,-0.24094161,-0.310974076,-0.252330387,4.23819252
-0.354543879,-0.234723406,-0.322076354,-0.179830087,4.615316038,-0.267043762,-0.228297677,-0.268382912,-0.16273439,5.867472887,-0.221135561,-0.255853672,-0.279284967,-0.256148435,4.874974715
-0.256346594,-0.260917937,-0.226115047,-0.268323811,5.47871193,-0.068274808,-0.168013374,-0.235476969,-0.432914953,5.245128389,-0.127912176,-0.180615583,-0.201020112,-0.440773745,4.257802113
-0.356438099,-0.251764133,-0.303437576,-0.095999698,4.992020321,-0.383696074,-0.339810784,-0.29598615,-0.002240319,4.914604772,-0.200031882,-0.240756177,-0.232288124,-0.27943648,5.252368411
-0.231175261,-0.252986265,-0.243000426,-0.204142012,4.987372279,-0.217611828,-0.218700443,-0.284523739,-0.291569144,5.634650501,-0.240779054,-0.222066762,-0.20580952,-0.361677353,4.037406134
-0.18357084,-0.25482861,-0.216707518,-0.219813148,5.71190299,-0.289473788,-0.240085117,-0.290548151,-0.23883057,4.693477526,-0.127295783,-0.161485919,-0.192819153,-0.508212083,5.735294085
-0.311769512,-0.25314478,-0.291139558,-0.184083027,5.151100871,-0.260178491,-0.309059169,-0.221875624,-0.198514132,5.291096183,-0.348255758,-0.301844077,-0.26858918,-0.123521834,4.633871752
-0.234059246,-0.262820149,-0.257603626,-0.199578456,4.884241979,-0.35279601,-0.267525074,-0.296210774,-0.032988165,5.809992628,-0.221340322,-0.255303029,-0.265202396,-0.242161018,4.936325326
-0.299357254,-0.32659799,-0.217806265,-0.165951374,5.430388444,-0.307342665,-0.258545094,-0.27191559,-0.163910654,4.4284476,-0.14691821,-0.208687269,-0.230013664,-0.32979413,5.126889189
-0.27377076,-0.272561312,-0.260036339,-0.149458815,5.004791439,-0.194923444,-0.251748909,-0.209745968,-0.300835984,4.520262758,-0.064426809,-0.201060973,-0.179229924,-0.582345566,4.619992586
-0.236697377,-0.258456548,-0.239250122,-0.235873875,5.74737575,-0.253854343,-0.270364495,-0.217566344,-0.23038866,5.120187896,-0.211033861,-0.196783374,-0.229059382,-0.315073109,4.500248239
-0.183918188,-0.225190083,-0.260677261,-0.416856423,4.118454271,-0.383051886,-0.281074839,-0.229305433,-0.113836549,4.329978209,-0.260083548,-0.288875233,-0.27570991,-0.250976474,4.903979497
-0.253710141,-0.219499916,-0.269222423,-0.25115468,5.327268582,-0.239410678,-0.260241572,-0.236993359,-0.191564238,4.972743975,-0.294896365,-0.23901809,-0.241016975,-0.273765484,3.611029845
-0.347269478,-0.31120681,-0.286120977,0.028030416,7.028907843,-0.236678311,-0.261088576,-0.248861307,-0.217082412,4.975987884,-0.217404091,-0.262107846,-0.195110008,-0.378117968,5.394578761
-0.311097135,-0.301725648,-0.215740706,-0.217759805,5.381173268,-0.237632657,-0.305484874,-0.197115283,-0.18702969,5.75139696,-0.140338416,-0.204704867,-0.275992282,-0.367017275,5.410715434
-0.280738849,-0.249131129,-0.243189941,-0.196889101,4.676014891,-0.337453089,-0.237363136,-0.255478573,-0.179624748,5.263864854,-0.192324033,-0.225612051,-0.25043504,-0.346457879,4.715611751
-0.260603549,-0.263789264,-0.219308887,-0.210552552,5.50750226,-0.187737812,-0.198777558,-0.276079538,-0.393176434,4.615790125,-0.250169615,-0.258599344,-0.308864904,-0.105610624,5.459927099
-0.241406023,-0.226954448,-0.278202842,-0.205637641,5.462436947,-0.316981566,-0.267936591,-0.289257076,0.009472319,5.308021992,-0.210716001,-0.181374048,-0.227307996,-0.403815566,5.215158049
-0.123775847,-0.228199672,-0.218645059,-0.444514417,4.366589449,-0.221662572,-0.248613568,-0.205744257,-0.351720138,4.54571573,-0.310594566,-0.220457201,-0.259385791,-0.243735793,4.332368421
-0.326125096,-0.277893551,-0.306057057,-0.159242101,4.997341234,-0.342890945,-0.345625023,-0.202889335,-0.12298758,5.331169581,-0.229700311,-0.255659385,-0.231461815,-0.304763649,4.496373195
-0.343661314,-0.318051616,-0.301362289,-0.052655122,5.604756856,-0.383914252,-0.28751102,-0.281486994,-0.089025648,5.383847187,-0.14713257,-0.167174169,-0.289900944,-0.3834774,5.72120928
-0.225405072,-0.24973623,-0.230912663,-0.248170553,4.686071658,-0.196011529,-0.27163368,-0.209185061,-0.295311587,6.140799198,-0.137118288,-0.222792651,-0.206365346,-0.426183988,5.909880567
-0.334392542,-0.284854185,-0.24394583,-0.156464173,4.953161055,-0.198306887,-0.282346093,-0.234029064,-0.233078601,6.288858585,-0.185754932,-0.246166451,-0.161637815,-0.464292048,4.775854368
-0.200193837,-0.196481933,-0.254651125,-0.374542249,5.01265003,-0.219170831,-0.256542741,-0.220929668,-0.302640606,4.087529328,-0.203700269,-0.243798187,-0.223707621,-0.268061248,6.444962064
-0.253360248,-0.27664927,-0.260320412,-0.144857986,6.006441731,-0.248726786,-0.281096603,-0.228215133,-0.295272731,5.019696602,-0.045755977,-0.145945062,-0.199048574,-0.595985055,5.508887654
-0.164782033,-0.234911413,-0.240829145,-0.372104662,5.050410128,-0.314792659,-0.31597322,-0.204115656,-0.141174785,5.115105705,-0.081816105,-0.183862631,-0.212646888,-0.535364954,5.508412039
-0.144436394,-0.231710523,-0.215189189,-0.37456359,6.182053072,-0.269777397,-0.271306776,-0.270170375,-0.171364875,5.685908333,-0.215978245,-0.213473109,-0.250479689,-0.298700445,4.628158819
-0.229087956,-0.240577095,-0.240077302,-0.284930745,5.102595661,-0.215740155,-0.238974134,-0.283651946,-0.318229997,6.225474005,-0.219706422,-0.248800704,-0.207102953,-0.292320511,5.077218999
-0.246489817,-0.280244074,-0.266455562,-0.143158651,5.999467414,-0.271472713,-0.258042794,-0.277756404,-0.259155288,5.394987022,-0.325541404,-0.238691918,-0.233282784,-0.221303078,5.168967445
-0.124437096,-0.238494916,-0.251362599,-0.375554721,5.566771512,-0.284294198,-0.213214609,-0.312399662,-0.154546342,5.438111775,-0.300851118,-0.224871909,-0.296163635,-0.179814121,5.326785244
-0.334354576,-0.285726739,-0.294096847,-0.118310661,5.281880901,-0.206979086,-0.30571157,-0.200295109,-0.260509757,5.950858202,-0.211755849,-0.251118308,-0.228284324,-0.225780406,4.318302999
-0.092362899,-0.219029349,-0.207311123,-0.47061842,4.611306048,-0.163066936,-0.236786506,-0.17982286,-0.506168415,4.78172987,-0.236495285,-0.196405412,-0.235843599,-0.29361908,4.746859005
-0.196507518,-0.243060995,-0.247302329,-0.289899526,5.631671646,-0.165947369,-0.242870844,-0.242820533,-0.317057787,8.008936938,-0.217061612,-0.241353456,-0.228829469,-0.283205357,5.69125852
-0.188604086,-0.245024889,-0.24088378,-0.243929728,5.981332084,-0.297340864,-0.314768408,-0.266676681,-0.156204986,6.115490909,-0.218659587,-0.242663595,-0.207081268,-0.33013798,4.903426796
-0.248551527,-0.213693654,-0.272865007,-0.265185677,4.754892371,-0.233812493,-0.297269453,-0.229526357,-0.304056473,5.09413516,-0.253124753,-0.248056859,-0.207586943,-0.297288399,4.532578123
-0.211982163,-0.213426071,-0.235660842,-0.292864273,5.788697526,-0.346978771,-0.220792966,-0.325980217,-0.078240085,6.110136107,-0.145141401,-0.239314724,-0.193088422,-0.413011935,5.424599734
-0.267217812,-0.292998221,-0.27093367,-0.208983099,5.061170258,-0.267484634,-0.242463155,-0.260400497,-0.262292291,4.615709106,-0.270107851,-0.233555137,-0.252381299,-0.256392937,4.740160468
-0.217003134,-0.238242259,-0.263770796,-0.240475994,5.473730442,-0.273539439,-0.244858296,-0.231938364,-0.305653615,4.989181246,-0.15387916,-0.234736156,-0.193843601,-0.328789353,6.082743368
-0.263313277,-0.303998637,-0.246847508,-0.199471908,5.148228437,-0.280131628,-0.246466336,-0.2640274,-0.140414327,6.547547895,-0.298033011,-0.279060475,-0.222774752,-0.217690798,4.435462127
-0.212355501,-0.243244323,-0.219734408,-0.28210416,5.421762036,-0.263550887,-0.274797356,-0.260226488,-0.221328471,5.075329964,-0.207613732,-0.219241113,-0.247059597,-0.299275642,5.03106703
-0.335806993,-0.268394813,-0.304472338,-0.07054655,5.276718032,-0.281450697,-0.24675943,-0.286622341,-0.114889946,6.281696595,-0.298672099,-0.235064298,-0.266582907,-0.102857825,5.445673734
-0.116268646,-0.206460178,-0.225907953,-0.454736149,4.540075433,-0.255320399,-0.238304701,-0.298766442,-0.166356228,5.346022773,-0.146588016,-0.209698367,-0.206639396,-0.450931304,5.192754277
-0.171580262,-0.240873973,-0.206269166,-0.35500432,6.068116545,-0.183451866,-0.296778641,-0.153314672,-0.382005757,4.831030474,-0.26405904,-0.257217841,-0.210553643,-0.368796817,3.949464353
-0.292290137,-0.245000448,-0.288912197,-0.122635377,5.143088234,-0.246481189,-0.251246781,-0.206796269,-0.273832328,4.742866463,-0.153991124,-0.205089089,-0.243767211,-0.399105397,6.013487196
-0.311697373,-0.277168835,-0.317617386,-0.091015116,5.088218451,-0.232395632,-0.281490842,-0.215158043,-0.219599994,5.482209127,-0.220500979,-0.216867336,-0.265008461,-0.28543187,5.65268963
-0.317340473,-0.291705479,-0.27618993,-0.081244967,5.455502034,-0.17870268,-0.231176693,-0.187941874,-0.414962448,4.417212729,-0.279295441,-0.224963927,-0.251212728,-0.264593643,4.167518004
-0.320437253,-0.306169444,-0.218500416,-0.151833858,6.154700371,-0.232015179,-0.30422193,-0.254020716,-0.214022666,5.75848395,-0.152080766,-0.207887429,-0.262366911,-0.396318279,5.221825368
-0.207745489,-0.259473567,-0.22161887,-0.359190603,4.830235814,-0.22367617,-0.231434448,-0.253591152,-0.231590839,5.149232464,-0.207249532,-0.232290615,-0.246713975,-0.282688406,5.403315347
-0.225469159,-0.248872573,-0.249856494,-0.300019131,5.564685207,-0.285059283,-0.253357679,-0.243375046,-0.234557545,4.396234119,-0.209745681,-0.196269665,-0.250147784,-0.300268392,4.702759194
-0.183154992,-0.278987775,-0.23284306,-0.336050581,5.391636411,-0.296608196,-0.24653505,-0.258563234,-0.22211448,4.269338475,-0.182951976,-0.197686978,-0.228541286,-0.339607655,4.6933184
-0.221341506,-0.231865901,-0.205462573,-0.37432046,4.660979599,-0.192686578,-0.245643274,-0.29090411,-0.280128136,5.215962921,-0.1184481,-0.240023006,-0.179082788,-0.478242952,4.292849001
-0.312471408,-0.242349994,-0.251402417,-0.128252649,4.771916994,-0.282031898,-0.262455953,-0.245330824,-0.270026958,4.054744434,-0.276526181,-0.204924058,-0.241425037,-0.232484891,4.675509815
-0.221131246,-0.30750743,-0.284749249,-0.232678464,5.427631441,-0.228627078,-0.21878736,-0.202221098,-0.41860848,4.51689294,-0.300312082,-0.247007736,-0.242469724,-0.29700853,4.187627051
-0.283890935,-0.206898412,-0.319464352,-0.192041727,5.151749119,-0.266527726,-0.262831988,-0.301279699,-0.147751173,5.672135415,-0.105008682,-0.219124488,-0.231173548,-0.406587813,4.948971118
-0.324605448,-0.268039408,-0.238704589,-0.168584274,4.406840469,-0.229490059,-0.203562336,-0.257411977,-0.367747828,3.816904442,-0.229504248,-0.291122604,-0.214778852,-0.233508053,5.076891545
-0.24220838,-0.259613104,-0.260389831,-0.200143891,4.930367302,-0.258281367,-0.295147569,-0.223515129,-0.243909824,5.071069549,-0.264605853,-0.203813443,-0.261512258,-0.303670991,5.025173715
-0.227998793,-0.230304866,-0.218449586,-0.300869975,6.234316156,-0.273187796,-0.317497156,-0.233957245,-0.223693817,5.463933974,-0.140653347,-0.251560414,-0.223580062,-0.43595151,4.713775946
-0.353032684,-0.280696761,-0.299935515,-0.035163878,4.615998232,-0.170924674,-0.24817977,-0.238228765,-0.313889821,5.342888727,-0.239117204,-0.226629643,-0.251852414,-0.234034501,4.937125829
-0.239877796,-0.255020708,-0.248055464,-0.277036359,4.880685771,-0.4444435,-0.290931259,-0.321499762,-0.00404207,4.509596884,-0.182631536,-0.241347604,-0.244611488,-0.465752976,5.116510431
-0.29778617,-0.289478609,-0.284716358,-0.091898331,6.330328715,-0.253524128,-0.24412561,-0.240070588,-0.195423873,5.750913846,-0.250472097,-0.252322222,-0.252356476,-0.193133523,5.150365528
-0.315669585,-0.269400184,-0.196145632,-0.204343953,4.258892146,-0.375500205,-0.308149283,-0.294196561,0.095018226,5.866695791,-0.1500444,-0.207011362,-0.242888173,-0.382576383,4.949029865
-0.259261222,-0.242934547,-0.269108404,-0.273069187,4.572786142,-0.318048028,-0.331674373,-0.244304407,-0.141104475,5.280499543,-0.128249072,-0.214349767,-0.199054281,-0.449840974,5.309450501
-0.195201529,-0.17470297,-0.278276256,-0.294587118,4.370260205,-0.279404249,-0.211864651,-0.336070157,-0.018297081,5.847420524,-0.097171524,-0.204031762,-0.235128819,-0.421201482,5.030496072
-0.311718567,-0.222772511,-0.358673406,-0.142930795,5.28771937,-0.09566812,-0.18772139,-0.17621187,-0.549626635,4.836404114,-0.270418628,-0.276714911,-0.254359543,-0.19058782,5.105390803
-0.326473721,-0.236810082,-0.241938734,-0.274464866,4.003392729,-0.357756822,-0.271309758,-0.29428755,-0.12619346,4.08347819,-0.187715003,-0.269622053,-0.24343322,-0.28874271,6.022269478
-0.224158335,-0.233965552,-0.252258574,-0.315431466,4.980224925,-0.142771028,-0.294935207,-0.18226761,-0.356471378,6.158107546,-0.232485339,-0.232770936,-0.255189094,-0.259593402,5.819314008
-0.251774042,-0.279788124,-0.24000653,-0.205216364,5.82357311,-0.220237596,-0.242324022,-0.294484129,-0.27595898,5.716058532,-0.28759265,-0.276867131,-0.216895625,-0.156141632,4.193222485
-0.344444717,-0.21837916,-0.33083589,-0.182407805,4.243567671,-0.155770108,-0.254936286,-0.179507567,-0.42174791,4.415167061,-0.093461573,-0.222818568,-0.178843301,-0.501096965,5.344905273
-0.269120438,-0.319416669,-0.233465355,-0.269926618,5.821181181,-0.418898916,-0.235205539,-0.27426796,-0.123187864,4.424166235,-0.261461504,-0.229329716,-0.294547434,-0.232719861,4.301466153
-0.316424142,-0.279311752,-0.259699298,-0.168608614,5.123764486,-0.229044537,-0.270435059,-0.208304076,-0.313362886,5.240221696,-0.217825723,-0.237833808,-0.270956939,-0.272045849,5.008832785
-0.194443705,-0.264537337,-0.204360406,-0.491594007,5.678497163,-0.202225664,-0.229757674,-0.224977372,-0.289847844,4.519848021,-0.16445224,-0.227484141,-0.233909751,-0.451701564,5.337065081
-0.279991394,-0.240230373,-0.254941892,-0.177016063,5.801319654,-0.277656043,-0.284481431,-0.258914266,-0.257231934,5.119629703,-0.146003322,-0.223977258,-0.168847706,-0.516332051,5.192627347
-0.3179485,-0.281241034,-0.235750959,-0.158682002,4.741528404,-0.387210481,-0.300689819,-0.390829178,0.033308806,5.705750093,-0.318588838,-0.288000377,-0.234592396,-0.167045354,4.529662036
-0.267858115,-0.271551201,-0.291413076,-0.202347317,6.569602174,-0.30027295,-0.256213371,-0.268386434,-0.138878036,6.302016246,-0.171977872,-0.221500694,-0.246784399,-0.355216453,5.030656712
-0.337601708,-0.27468443,-0.226980581,-0.216362388,4.91109253,-0.258354869,-0.252003155,-0.24810459,-0.261572298,5.719557101,-0.264603764,-0.259342299,-0.20845594,-0.243130345,5.346950053
-0.211308068,-0.254986382,-0.214288546,-0.340750227,4.939902275,-0.292278984,-0.263382715,-0.292854666,-0.127630078,5.584040571,-0.342816628,-0.224881677,-0.285808547,-0.246183993,4.531470218
-0.217696959,-0.22922015,-0.244460699,-0.345042732,4.522963824,-0.36840577,-0.315686148,-0.293839444,-0.01136796,4.42970038,-0.164262194,-0.242802598,-0.224194076,-0.340084267,5.830329539
-0.198603465,-0.30591216,-0.227874685,-0.219017747,6.324970254,-0.302413754,-0.170434074,-0.347943217,-0.194040735,5.435685786,-0.271832977,-0.253633309,-0.236488337,-0.177211056,4.435973427
-0.16455288,-0.215168439,-0.271911275,-0.319579353,5.058096033,-0.258089013,-0.259202438,-0.247621936,-0.260571699,5.232389787,-0.195668963,-0.220636277,-0.221908104,-0.371310411,5.463186846
-0.42512842,-0.330686531,-0.306789598,0.000353519,4.714849182,-0.245137823,-0.203215911,-0.266894434,-0.293891026,4.830784718,-0.386374481,-0.263527117,-0.253974429,-0.169864085,3.26277958
-0.333594707,-0.19611439,-0.233440863,-0.269919739,4.007744641,-0.236342891,-0.188651567,-0.27121125,-0.30278888,5.048104852,-0.26202374,-0.250951359,-0.245042561,-0.275471325,4.63844723
-0.15571049,-0.238299748,-0.250970707,-0.348060922,5.059403298,-0.236835924,-0.223693566,-0.205724063,-0.27965335,4.939035852,-0.243032991,-0.214660718,-0.203154247,-0.341027418,4.831168286
-0.229430044,-0.237256405,-0.225817088,-0.2757966,5.433752517,-0.301621735,-0.20929816,-0.270425433,-0.195335503,5.259946123,-0.186698928,-0.222196878,-0.231639979,-0.38775065,4.205856592
-0.126175919,-0.210268031,-0.21606446,-0.445668769,4.965252495,-0.341202919,-0.322567817,-0.296730713,-0.024029135,4.836762979,-0.288002067,-0.252982189,-0.242551509,-0.235146248,3.984616925
-0.353269748,-0.266209534,-0.291206104,-0.075660659,4.84369905,-0.237502116,-0.185651393,-0.237212894,-0.354691628,4.945183108,-0.177432389,-0.213006329,-0.219218883,-0.397859995,5.235087636
-0.159717394,-0.182299021,-0.259493505,-0.384036838,5.725318543,-0.355346231,-0.249840837,-0.297362768,-0.08451974,5.654571853,-0.280081945,-0.250311462,-0.263736475,-0.163846785,4.570596264
-0.210038966,-0.238609396,-0.264596208,-0.276310479,4.615570843,-0.232780656,-0.206230044,-0.241941608,-0.315066214,4.562008046,-0.206768234,-0.265602475,-0.241993797,-0.239336194,6.43207417
-0.408747573,-0.285846431,-0.307554853,0.062203066,5.720664682,-0.227030583,-0.182296302,-0.242959551,-0.304721931,3.948748317,-0.206310591,-0.249026673,-0.237879294,-0.259608835,4.481297837
-0.268369051,-0.236946414,-0.282258468,-0.188915284,4.730605856,-0.126421441,-0.214708452,-0.181620392,-0.417858328,5.759356673,-0.213497506,-0.244135899,-0.162517098,-0.395240016,4.962927589
-0.323501509,-0.26007218,-0.261727061,-0.06296048,4.871300446,-0.200517914,-0.221645231,-0.230111074,-0.334518053,5.241258447,-0.302008602,-0.254501645,-0.229059508,-0.234973316,4.76062459
-0.304333038,-0.215659762,-0.29654578,-0.094206237,5.428809903,-0.237056662,-0.244859798,-0.226331507,-0.226599108,5.013752853,-0.242333655,-0.255864407,-0.179409884,-0.265276199,4.800888848
-0.293048285,-0.258574907,-0.236374694,-0.191587919,4.445362704,-0.191046976,-0.219834222,-0.233134528,-0.367566365,5.977945485,-0.266752248,-0.270670156,-0.227510334,-0.169955613,4.956297823
-0.26208277,-0.261942515,-0.235170891,-0.238920943,5.580135381,-0.23404658,-0.264577604,-0.256427692,-0.302107183,4.958154784,-0.199543006,-0.243823527,-0.234517799,-0.356101586,5.448961771
-0.283341967,-0.282028694,-0.26993502,-0.144548869,4.758757384,-0.353236819,-0.325707435,-0.22903439,-0.085136465,4.642431219,-0.193204077,-0.199272407,-0.24157658,-0.404079929,5.173353413
-0.33420663,-0.222444406,-0.305087874,-0.04208514,5.508718834,-0.265200243,-0.262022007,-0.238471131,-0.279104464,5.385169656,-0.121569382,-0.174045763,-0.252441633,-0.446423445,5.94827821
-0.199661179,-0.223113019,-0.245090417,-0.350725734,5.255088019,-0.282213247,-0.294648098,-0.23007942,-0.148144584,6.0032313,-0.23562368,-0.20303875,-0.249408926,-0.279916983,4.76894049
-0.292948678,-0.272251209,-0.291346362,-0.099678508,5.602874781,-0.228589178,-0.169020454,-0.250692573,-0.32372412,4.827443876,-0.191857678,-0.250474824,-0.207244706,-0.317356656,5.225850836
-0.178354852,-0.196362816,-0.26996908,-0.312116511,5.038054214,-0.267857603,-0.235493413,-0.220528852,-0.136839134,6.097095593,-0.115224523,-0.236784985,-0.220283198,-0.465013336,5.839018479
-0.30284947,-0.271723819,-0.260346262,-0.163899379,5.063886588,-0.270104261,-0.272522236,-0.289532757,-0.20216027,4.821099221,-0.292316663,-0.264748102,-0.228108386,-0.236271082,3.790687263
-0.284758905,-0.242887894,-0.279022562,-0.182669518,5.750381924,-0.329418378,-0.274486848,-0.232715882,-0.126457469,4.906400852,-0.208198616,-0.246193726,-0.194129287,-0.307227671,5.340530013
-0.140361813,-0.188239438,-0.222852914,-0.491254045,6.047008254,-0.274376312,-0.29931763,-0.305878981,-0.133734323,6.667784427,-0.210065629,-0.232063114,-0.229123693,-0.349215533,5.063824845
-0.36630008,-0.306313573,-0.246126886,-0.051705326,4.688294891,-0.286111357,-0.223003712,-0.239949481,-0.257259069,4.949967333,-0.218916666,-0.214202329,-0.233549501,-0.329811151,5.004054044
-0.26331428,-0.293618607,-0.224128639,-0.148692422,5.050167671,-0.226361841,-0.243143954,-0.244669047,-0.404797539,4.370127886,-0.241636808,-0.244964695,-0.259730354,-0.241553726,5.27560506
-0.275574645,-0.270371493,-0.27674654,-0.15421661,5.624138909,-0.176738061,-0.273814939,-0.214907134,-0.327262881,6.299445172,-0.229591195,-0.253377956,-0.268667655,-0.223930143,5.029008476
-0.247579204,-0.261224397,-0.232545866,-0.316407111,5.650429146,-0.382111371,-0.334178674,-0.26126539,-0.01315106,5.037125529,-0.293716176,-0.292587023,-0.236971748,-0.15521517,5.002918147
-0.260745151,-0.24663354,-0.241993918,-0.323506205,4.512322617,-0.328927266,-0.247713575,-0.304843249,-0.077296402,5.933360589,-0.296577791,-0.268895729,-0.247983355,-0.187419786,4.985008609
-0.310762188,-0.229417532,-0.337977797,-0.167626764,4.478538931,-0.177593808,-0.222813859,-0.199586736,-0.458600066,4.53495345,-0.169537665,-0.20724506,-0.222782668,-0.437940085,4.139949556
-0.250141874,-0.237172272,-0.222584081,-0.395679055,4.070819957,-0.28291262,-0.211256317,-0.241371832,-0.336800311,4.641337839,-0.331519796,-0.250620734,-0.28174693,-0.128132772,4.873202583
-0.261322958,-0.25918298,-0.266834157,-0.16901715,5.95723743,-0.230301032,-0.260685823,-0.243594412,-0.270328714,4.742673391,-0.262027563,-0.249822834,-0.205466949,-0.296909905,4.586888778
-0.245080985,-0.209142434,-0.222186886,-0.334527881,4.48617153,-0.250726247,-0.258582768,-0.230347971,-0.256842378,5.145402193,-0.163884892,-0.225023677,-0.216467457,-0.378354937,5.147246703
-0.101735351,-0.219055964,-0.206385644,-0.541520883,5.431818376,-0.352359553,-0.309243035,-0.337502863,0.051897392,4.587990193,-0.243020032,-0.202304496,-0.249952184,-0.243140573,4.887036916
-0.23993122,-0.228068012,-0.276953159,-0.277396534,5.251683012,-0.244502517,-0.197490432,-0.262929,-0.38296918,4.409689697,-0.056589348,-0.190645029,-0.204658036,-0.557094592,5.640140543
-0.324749447,-0.304467601,-0.256125459,-0.106969054,4.984340295,-0.187112543,-0.245807664,-0.260806613,-0.233540075,6.80713861,-0.269709415,-0.25211438,-0.231225033,-0.245735941,4.175792311
-0.251038727,-0.20041406,-0.27953016,-0.250632284,4.811053641,-0.229068781,-0.217880295,-0.263735414,-0.259086334,4.427500867,-0.240352383,-0.242876367,-0.210588088,-0.260143923,4.799607414
-0.177017551,-0.263045295,-0.273445516,-0.226421557,5.104692853,-0.242515395,-0.263383166,-0.21985228,-0.252307264,5.384420065,-0.100056354,-0.203835819,-0.212135617,-0.522278082,4.380071797
-0.332562891,-0.255495939,-0.252224803,-0.166595976,5.98956596,-0.263854143,-0.215373422,-0.281781725,-0.207817264,5.660359947,-0.245114317,-0.244764834,-0.247723985,-0.21814063,4.960480673
-0.216674533,-0.264248597,-0.215822215,-0.278361529,5.455868783,-0.110892442,-0.19260899,-0.171936456,-0.465909938,5.364833091,-0.193351912,-0.198215655,-0.219700011,-0.491983854,3.786517313
-0.237420541,-0.23539897,-0.25729765,-0.28836609,5.383850945,-0.213577953,-0.275261336,-0.238780725,-0.279574184,6.21391868,-0.130975249,-0.211701856,-0.2095341,-0.416476264,4.687933704
-0.244341873,-0.294732681,-0.199336147,-0.367013356,4.505338713,-0.240077456,-0.210933507,-0.217029101,-0.335691103,5.220468102,-0.120132283,-0.228263426,-0.184591287,-0.546457338,5.060204573
-0.278766942,-0.260777814,-0.278117725,-0.179797862,5.483760741,-0.291197992,-0.327123157,-0.236274144,-0.15843747,7.091912866,-0.199797688,-0.175646419,-0.261060469,-0.337974289,4.950117014
-0.279592913,-0.244800286,-0.223280836,-0.229704013,5.316550537,-0.193688199,-0.243196407,-0.231695111,-0.357305104,5.169612641,-0.18375539,-0.216531478,-0.266167402,-0.338350734,5.091924654
-0.226363681,-0.243522231,-0.287676888,-0.301705904,5.428276953,-0.223798195,-0.23046032,-0.270628796,-0.254037171,4.936564535,-0.187330626,-0.222958533,-0.243015214,-0.312084493,5.109330487
-0.271144179,-0.174256329,-0.301952853,-0.224891555,4.483184472,-0.285329366,-0.264713462,-0.24780658,-0.111074309,4.903635509,-0.261315673,-0.239295508,-0.243002577,-0.242814978,5.147914298
-0.23232159,-0.276457157,-0.270308439,-0.305287309,4.793758271,-0.212646444,-0.20024976,-0.242294813,-0.383129684,4.611052762,-0.299546714,-0.26605031,-0.237410083,-0.209519025,4.743675009
-0.205535401,-0.255351584,-0.264892907,-0.26045667,5.774424904,-0.269261957,-0.247721285,-0.217306214,-0.309515417,4.19712185,-0.287143344,-0.308861068,-0.195755306,-0.267974414,4.371937958
-0.203480557,-0.22849811,-0.266871071,-0.221228835,6.018464788,-0.262270921,-0.292065209,-0.227334933,-0.269315396,5.591929971,-0.059509843,-0.164333432,-0.218506684,-0.631009698,5.477051027
-0.324797438,-0.291045642,-0.264925374,-0.181884317,4.47350136,-0.250202643,-0.235553919,-0.245607309,-0.280613458,5.538541856,-0.074498499,-0.226645936,-0.216239886,-0.477718139,5.547109563
-0.183142984,-0.241449167,-0.274016234,-0.234882708,6.10158678,-0.184351476,-0.243102443,-0.191410657,-0.348527453,4.593326997,-0.146954376,-0.224813693,-0.253346056,-0.371588133,5.154778324
-0.380704204,-0.294041966,-0.278852482,-0.026030557,4.799781728,-0.226059049,-0.276170281,-0.228043731,-0.244668434,5.777899669,-0.259101095,-0.237390259,-0.238185444,-0.314340206,4.481144162
-0.261060674,-0.188269477,-0.338733455,-0.171374878,5.294578447,-0.33785424,-0.302722459,-0.225321325,-0.119909311,5.869285842,-0.252233772,-0.216868848,-0.288934781,-0.262950211,5.391257932
-0.290149794,-0.250652992,-0.279607175,-0.162672923,4.497810896,-0.268207269,-0.267908227,-0.175321521,-0.27694774,4.082975621,-0.245079936,-0.20273037,-0.247246015,-0.22534468,5.210922205
-0.245312309,-0.211724957,-0.241365753,-0.270237556,5.759447481,-0.316658482,-0.241053949,-0.316212104,-0.178280896,5.498736831,-0.110158845,-0.166846086,-0.210244691,-0.462722271,4.946521655
-0.216071585,-0.24254491,-0.228687608,-0.340873475,5.538192484,-0.283688375,-0.264774896,-0.253871138,-0.192975905,4.672385475,-0.219783125,-0.245653859,-0.28046158,-0.283744601,4.13966464
-0.263202246,-0.24562341,-0.220213452,-0.325357922,4.626727509,-0.224890107,-0.24279505,-0.233129586,-0.352091204,4.974152234,-0.153833385,-0.186436373,-0.274270637,-0.353507805,4.522427515
-0.279760929,-0.238860693,-0.243426769,-0.252545157,5.083188182,-0.343600719,-0.336597283,-0.277027253,0.001790649,5.547416324,-0.227022813,-0.256178653,-0.256209326,-0.243577893,5.34265936
-0.371129488,-0.235734769,-0.267519889,-0.235131956,4.55788281,-0.286380756,-0.276807184,-0.213863767,-0.203655656,4.785120003,-0.119571467,-0.220626556,-0.197647047,-0.482472971,5.266162518
-0.255164752,-0.258671457,-0.28594303,-0.193446101,5.518894125,-0.213605126,-0.251997857,-0.219159936,-0.310577693,5.501325702,-0.354492318,-0.311799912,-0.230531736,-0.14332127,5.011460302
-0.298435624,-0.306997325,-0.257094572,-0.182532726,5.040738216,-0.233974603,-0.216760868,-0.269334494,-0.304546214,4.440726732,-0.247609734,-0.266974112,-0.20395345,-0.262871266,4.74197451
-0.254682583,-0.304942355,-0.221650658,-0.270467548,5.065446771,-0.230718231,-0.225969174,-0.269735766,-0.250105281,5.501896638,-0.281925057,-0.228490991,-0.264376651,-0.261256954,4.698981211
-0.313192625,-0.242193163,-0.261030248,-0.246314204,3.9340457,-0.262597204,-0.210420388,-0.265134199,-0.311779652,4.673666523,-0.234050415,-0.26310293,-0.244316447,-0.233616845,5.189819232
-0.155356751,-0.245169189,-0.259406312,-0.315889426,5.980243344,-0.197966145,-0.226343096,-0.235094024,-0.267707369,5.557771201,-0.258150067,-0.265312332,-0.261004969,-0.194404663,5.378611796
-0.238789197,-0.247408272,-0.294044786,-0.230458324,6.060935133,-0.233562438,-0.274899064,-0.229815046,-0.121418098,6.345083237,-0.196467692,-0.24368805,-0.194656676,-0.350265593,4.51285339
-0.208392327,-0.207172319,-0.265264451,-0.395931388,4.101489441,-0.265906685,-0.257983071,-0.281565533,-0.123235112,6.896876523,-0.152278237,-0.244424514,-0.206011826,-0.42942597,5.017909255
-0.328950288,-0.274877835,-0.231050989,-0.146682007,4.637341549,-0.112608866,-0.209551716,-0.202472715,-0.529001373,5.207568534,-0.25908237,-0.26704404,-0.235215554,-0.241353429,4.414432269
-0.213682992,-0.182212381,-0.284734108,-0.369966656,5.904884095,-0.293003727,-0.220472382,-0.278111053,-0.243282032,4.789196151,-0.164194854,-0.201467574,-0.195966619,-0.447409886,4.312278057
-0.365297535,-0.236442095,-0.262940644,-0.197196617,4.283831906,-0.359400737,-0.293396355,-0.30087751,0.021726868,4.613483837,-0.156669391,-0.208266202,-0.220532254,-0.342757589,4.487146828
-0.219153314,-0.235085936,-0.255102592,-0.198247446,5.790910051,-0.234898212,-0.261435845,-0.234967199,-0.268331144,4.677665796,-0.110521194,-0.233673333,-0.248423981,-0.427279244,4.679852307
-0.309883081,-0.289716247,-0.254821337,-0.147572256,4.681781745,-0.217338418,-0.300876953,-0.242503583,-0.168067332,5.959742995,-0.134598742,-0.146889472,-0.235012552,-0.573343428,4.531110633
-0.319989173,-0.26159304,-0.246419838,-0.135250095,4.876800077,-0.161415015,-0.21024698,-0.233647484,-0.353409506,6.320900835,-0.276859116,-0.25283256,-0.29073371,-0.169709098,4.315249348
-0.253224262,-0.249940916,-0.241801393,-0.296478872,4.1166786,-0.29885715,-0.239460926,-0.264109706,-0.22471807,5.246990562,-0.222974345,-0.198242251,-0.260516661,-0.293412312,6.335351217
-0.264708195,-0.223399621,-0.249980652,-0.200135648,4.453175889,-0.258503606,-0.225522821,-0.312838556,-0.182536762,5.356005308,-0.250977854,-0.244035018,-0.248814045,-0.224091677,4.474954499
-0.382491571,-0.324662024,-0.272969868,0.030243272,4.625777271,-0.214269988,-0.30314722,-0.227260468,-0.247178407,5.473382592,-0.308898515,-0.265967,-0.273709128,-0.147686606,5.035218178
-0.16598212,-0.246175081,-0.225218846,-0.411236757,5.243257228,-0.234097135,-0.241019527,-0.305369987,-0.122519426,6.530907268,-0.252113493,-0.25145019,-0.252721942,-0.296274432,4.589180376
-0.290683958,-0.276524747,-0.229588702,-0.281311531,5.552000468,-0.236564502,-0.252459527,-0.226050122,-0.34145655,4.183283548,-0.272898111,-0.262182637,-0.231061895,-0.250195378,4.274170062
-0.221711521,-0.257425675,-0.202331512,-0.368557666,4.954975552,-0.294100799,-0.21228956,-0.312026628,-0.203060332,5.259057783,-0.30623666,-0.276291427,-0.253061654,-0.18571521,4.303771401
-0.208132292,-0.268634721,-0.280949656,-0.200847522,5.091127518,-0.176956835,-0.157748053,-0.222625885,-0.428947484,4.270512868,-0.195755457,-0.236651018,-0.227429761,-0.375654565,4.41613563
-0.139032307,-0.231874567,-0.221607191,-0.430588645,5.98424937,-0.369218571,-0.266898477,-0.241418992,-0.12377037,4.835887918,-0.248124558,-0.246248608,-0.211397157,-0.390997136,4.109203669
-0.26585025,-0.29791795,-0.22163451,-0.250823314,5.552916278,-0.187784297,-0.239528458,-0.233911136,-0.3287891,5.142473797,-0.144441231,-0.189437647,-0.222165673,-0.428925954,4.319807635
-0.291985103,-0.247354179,-0.248566432,-0.208650865,5.82376891,-0.319776165,-0.299102582,-0.276403183,-0.042472174,5.139434363,-0.071645193,-0.184866467,-0.184599513,-0.599736083,4.800852366
-0.096087508,-0.256140843,-0.205445479,-0.43069299,5.021016234,-0.321867068,-0.256412526,-0.266320198,-0.14311948,4.221383211,-0.131647262,-0.216182512,-0.235293206,-0.502888081,5.169836974
-0.384204716,-0.261882001,-0.266240358,-0.205155953,4.30130396,-0.282792573,-0.331089901,-0.224172136,-0.177794083,5.489586706,-0.280262226,-0.269141034,-0.229170307,-0.247208283,4.145158721
-0.273148643,-0.242256312,-0.285643568,-0.197745045,5.266226859,-0.225584455,-0.213893808,-0.214032901,-0.39609657,4.437895124,-0.289504312,-0.256019555,-0.246907288,-0.156656903,4.254634453
-0.318676391,-0.253625312,-0.270441573,-0.152270794,5.587258526,-0.244842685,-0.244305579,-0.272179762,-0.293091425,5.450889647,-0.300860273,-0.216355162,-0.234023691,-0.253984345,5.545981434
-0.244652535,-0.257176371,-0.288227567,-0.251175757,6.616787919,-0.254649746,-0.233705559,-0.24824264,-0.339251944,4.476640446,-0.204236999,-0.232459546,-0.213384182,-0.377226735,4.335045627
-0.223980538,-0.26187151,-0.223211293,-0.240190973,6.758713227,-0.16919779,-0.253611771,-0.217441817,-0.337731325,4.744547147,-0.289460043,-0.222670551,-0.258916563,-0.206377525,5.478065947
-0.261241663,-0.269586553,-0.22802887,-0.154826412,6.99016931,-0.30973326,-0.25794221,-0.28103489,-0.131071694,4.518608728,-0.240575903,-0.223800246,-0.211529827,-0.34910171,4.880831681
-0.173503639,-0.219357953,-0.242144886,-0.293650714,6.881196567,-0.293143302,-0.27632392,-0.321069255,-0.11118797,5.944142591,-0.242918591,-0.203320177,-0.249568341,-0.38804935,4.467436724
-0.301108263,-0.315595548,-0.249711706,-0.097118758,5.373266582,-0.1976789,-0.285896332,-0.196398034,-0.342016712,5.970093111,-0.259984973,-0.189737209,-0.276861191,-0.231140478,5.352884035
-0.208346819,-0.257692178,-0.23206397,-0.228513796,5.62220991,-0.218304026,-0.285309559,-0.25633696,-0.192134882,5.275251005,-0.257038352,-0.235936457,-0.260026989,-0.20348398,4.282542488
-0.328523629,-0.214398239,-0.253802413,-0.150066622,4.203189581,-0.208534065,-0.260593158,-0.256299447,-0.255340417,6.609332386,-0.193283227,-0.211123101,-0.231088649,-0.356320452,4.395288496
-0.22302402,-0.265491376,-0.261137751,-0.211394725,5.07262097,-0.194894022,-0.299991391,-0.145362002,-0.321330113,4.736507209,-0.179441797,-0.218383736,-0.276357539,-0.319693437,4.796615848
-0.193456161,-0.190004317,-0.300449756,-0.331798726,5.345390266,-0.199144059,-0.224334713,-0.251964031,-0.345235336,5.944407824,-0.185308408,-0.238621211,-0.247599804,-0.332329811,4.462657035
-0.185578113,-0.233859598,-0.252469701,-0.349926364,5.31192621,-0.211641661,-0.235870249,-0.239622674,-0.35287367,4.45017274,-0.264561756,-0.248848596,-0.229945405,-0.224536732,5.511634609
-0.261879204,-0.321911249,-0.216470822,-0.232217354,4.939682846,-0.346043396,-0.254157837,-0.257054341,-0.089082528,7.156797956,-0.274170228,-0.218074466,-0.22375126,-0.239848801,4.835830488
-0.208798438,-0.229494249,-0.233360245,-0.247183959,5.160189324,-0.263659885,-0.269499991,-0.217878475,-0.230192808,6.083493416,-0.198574959,-0.252820128,-0.224668475,-0.434099852,5.006167612
-0.217781205,-0.218804757,-0.275173883,-0.219743618,6.246083329,-0.320197972,-0.253710462,-0.302142608,-0.094288128,5.028065328,-0.287852019,-0.266544462,-0.267344083,-0.198183624,4.463490998
-0.195881989,-0.258147496,-0.240884967,-0.278181636,6.924553316,-0.250662052,-0.30183092,-0.236061629,-0.210584646,5.573167767,-0.250872199,-0.266402602,-0.210529807,-0.314104361,3.980181969
-0.152876402,-0.277293039,-0.225930728,-0.33589615,6.612831357,-0.262352532,-0.293877977,-0.295759324,-0.127468281,5.604525666,-0.281250769,-0.228633009,-0.261425036,-0.279749969,3.867450109
-0.286231678,-0.26880075,-0.249682685,-0.228796362,4.862471597,-0.198180179,-0.226642788,-0.238365075,-0.411539101,4.298270698,-0.24385513,-0.214855289,-0.260576472,-0.285170134,5.24159019
-0.239471364,-0.205228392,-0.273655345,-0.223541791,5.679892635,-0.316695424,-0.319037718,-0.270185825,-0.056782407,5.737128479,-0.25687982,-0.255219132,-0.246779863,-0.255229419,4.515117806
-0.234496851,-0.182105022,-0.274272863,-0.314010103,5.369596867,-0.234400096,-0.292423478,-0.236371967,-0.234892652,4.60757482,-0.200780064,-0.178912196,-0.22012003,-0.477900443,4.345688832
-0.247756973,-0.195040002,-0.299234202,-0.269230808,4.73822509,-0.259387981,-0.206474886,-0.256522278,-0.320742131,4.487063075,-0.227948581,-0.234262848,-0.245716176,-0.331186099,4.608897175
-0.321591149,-0.290863243,-0.237255869,-0.125099667,5.806863869,-0.216147014,-0.235350277,-0.217786518,-0.303482378,5.580752454,-0.208126181,-0.196110815,-0.252324611,-0.360524111,5.226338778
-0.273268677,-0.228547131,-0.245261978,-0.260752353,5.187983918,-0.244828619,-0.21240173,-0.259743443,-0.331891259,4.261276856,-0.3262959,-0.258707064,-0.262614369,-0.156700926,4.740392468
-0.232690503,-0.253916907,-0.25659979,-0.229874893,5.486926623,-0.308632276,-0.26107327,-0.307023208,-0.108341056,5.718598665,-0.27126906,-0.23815874,-0.275440178,-0.174794341,4.92005187
-0.36692776,-0.241926309,-0.276171766,-0.146202843,3.605026072,-0.311733904,-0.270929771,-0.283944216,-0.204435407,4.830890384,-0.191674391,-0.210402837,-0.251864645,-0.340005104,6.001506888
-0.206234091,-0.197795584,-0.206169913,-0.390907608,5.205187867,-0.346480511,-0.236738359,-0.2571352,-0.166567961,4.421437479,-0.233463604,-0.243483603,-0.238650101,-0.317094793,4.434294829
-0.252031503,-0.20525336,-0.269966189,-0.297438928,5.301869984,-0.238125288,-0.269557386,-0.255615066,-0.221430688,5.13568034,-0.178965949,-0.270531876,-0.179457367,-0.349438105,4.695614001
-0.221249183,-0.221933556,-0.242387016,-0.314613041,4.616229939,-0.313283782,-0.246078939,-0.272373069,-0.23026597,4.448885157,-0.2180786,-0.205315938,-0.248062252,-0.363265242,4.072166855
-0.281150841,-0.260893425,-0.244091497,-0.235069401,4.70490551,-0.24843696,-0.24097777,-0.248226544,-0.212773558,5.06281836,-0.212983503,-0.214001582,-0.211925317,-0.307007122,5.499975821
-0.306134719,-0.240116338,-0.303452597,-0.248974626,5.830764537,-0.272023699,-0.226294356,-0.250110659,-0.282038579,5.435635701,-0.273865273,-0.288318912,-0.212311017,-0.282866558,4.138666777
-0.289088819,-0.260737915,-0.290366737,-0.271638702,4.771692817,-0.257836406,-0.261739386,-0.238746473,-0.170593131,6.403373451,-0.310775757,-0.226663074,-0.249507835,-0.279015938,4.31820249
-0.195956391,-0.245861041,-0.250887851,-0.317262629,5.225093137,-0.205007105,-0.223128449,-0.24403188,-0.252760803,4.975540303,-0.180697278,-0.233688651,-0.248945306,-0.40230487,5.057152935
-0.228551264,-0.212289623,-0.235706855,-0.304132061,5.754220963,-0.251008701,-0.248218982,-0.19622246,-0.285896868,4.239062885,-0.216174536,-0.228986826,-0.227334009,-0.239463732,4.874252761
-0.273238809,-0.260971638,-0.239282728,-0.248467479,4.456551708,-0.27806723,-0.230039391,-0.324923852,-0.164058247,4.92787976,-0.197205344,-0.280220566,-0.206728691,-0.374840824,4.238930215
-0.225275567,-0.241090071,-0.282040168,-0.244248898,6.296970661,-0.378187319,-0.263157351,-0.330070649,0.006649413,5.434872176,-0.248540779,-0.205918633,-0.264944137,-0.195523033,4.837529956
-0.336796674,-0.276859556,-0.259555294,-0.163378959,4.379755117,-0.380407922,-0.304260502,-0.285301759,0.063977621,4.672054524,-0.203940141,-0.220233981,-0.214489832,-0.344273324,5.247651709
-0.275559652,-0.201543653,-0.279176322,-0.248452967,4.494103045,-0.243660425,-0.170675174,-0.239154396,-0.355955982,4.813494011,-0.150434402,-0.194392707,-0.267159844,-0.439532068,4.756833204
-0.19646303,-0.23739357,-0.211697934,-0.363206993,4.631382656,-0.184701552,-0.282319548,-0.214960348,-0.388839623,5.761456768,-0.158424378,-0.235043672,-0.200720559,-0.455074095,4.381010889
-0.239266429,-0.247098301,-0.231043163,-0.284164217,6.423985362,-0.317588231,-0.287352394,-0.204782654,-0.146516515,5.478529886,-0.235171125,-0.243485092,-0.24285456,-0.344477414,4.480673022
-0.20093734,-0.290273207,-0.185364129,-0.299098616,5.536202608,-0.155176821,-0.252168483,-0.205806393,-0.328561274,5.452601784,-0.245017106,-0.220860556,-0.218558015,-0.25542708,3.889086546
-0.279798124,-0.286751598,-0.228503537,-0.243815265,5.580826906,-0.25477849,-0.213494001,-0.235688583,-0.266686028,4.826735725,-0.130164992,-0.257329848,-0.227996625,-0.358049525,5.738321848
-0.284322468,-0.245083983,-0.255770502,-0.209904156,5.257334842,-0.344381007,-0.273427973,-0.275564677,-0.120201789,4.603482602,-0.135105495,-0.224244454,-0.181374328,-0.472387842,4.690305066
-0.166488845,-0.209462676,-0.216090925,-0.468447167,3.807124856,-0.201281222,-0.215145182,-0.248419685,-0.359865046,4.603288579,-0.255414385,-0.231352704,-0.224937704,-0.284506389,4.805811518
-0.231947856,-0.288530914,-0.219981511,-0.161106406,5.5952393,-0.225533784,-0.247929885,-0.256143472,-0.325301648,5.03416982,-0.092800917,-0.217798381,-0.180409521,-0.552338357,5.961679902
-0.211058365,-0.273074175,-0.268680516,-0.279018041,6.087404954,-0.174167492,-0.186941037,-0.204641125,-0.372218932,4.553887899,-0.190375527,-0.23289283,-0.204097498,-0.316280836,5.281757537
-0.210350278,-0.249359907,-0.229547666,-0.350207163,5.439690824,-0.348280293,-0.218666599,-0.271909319,-0.132628604,4.672427517,-0.235520758,-0.234039636,-0.26619783,-0.259511543,5.342870599
-0.153591055,-0.201848894,-0.28216205,-0.353753148,6.955809739,-0.187721833,-0.24509322,-0.228208753,-0.307238232,5.890041435,-0.403173937,-0.300516209,-0.281595232,-0.012159549,5.03618163
-0.282934389,-0.252584601,-0.253184336,-0.196272515,5.47819633,-0.273717521,-0.223464452,-0.272389324,-0.206094929,4.922615237,-0.163492098,-0.238932426,-0.235295513,-0.367757366,5.455285775
-0.222448935,-0.225927415,-0.258860925,-0.220111369,4.24437195,-0.306069923,-0.30126829,-0.245511631,-0.128849145,5.594625083,-0.241695089,-0.222081039,-0.254298045,-0.279328539,4.720082169
-0.295214387,-0.243481765,-0.298764321,-0.123514001,5.656934998,-0.109938222,-0.191517739,-0.281309407,-0.3102392,6.000990209,-0.169698094,-0.221208323,-0.234392107,-0.321239534,5.113967751
-0.218181454,-0.285782049,-0.230016349,-0.103198275,6.573587662,-0.213304024,-0.23218214,-0.22436963,-0.338492968,6.177940389,-0.146545828,-0.22858028,-0.210434845,-0.450193113,4.843484853
-0.301059112,-0.24556551,-0.215840573,-0.205509822,5.531255131,-0.462569805,-0.372320265,-0.32116411,0.107818001,5.866514921,-0.234089336,-0.218908696,-0.249245861,-0.418664955,4.461433587
-0.33235128,-0.299225273,-0.254343422,-0.208095386,4.80911482,-0.223527736,-0.19921414,-0.218757064,-0.334235901,5.008071075,-0.259420655,-0.216316166,-0.302965091,-0.261478204,5.213235137
-0.237994926,-0.229234582,-0.225168396,-0.286997793,4.945961462,-0.208368345,-0.223613217,-0.167536935,-0.382623902,5.773474018,-0.2532318,-0.247908292,-0.21674473,-0.285841334,4.928365794
-0.271010926,-0.278922443,-0.238365847,-0.228911139,4.695964789,-0.283291428,-0.27563187,-0.25516966,-0.256078604,5.093716899,-0.213218268,-0.234285478,-0.235294231,-0.339813139,4.869462463
-0.097558614,-0.207521643,-0.209229972,-0.484450851,5.500924386,-0.117037111,-0.243174943,-0.187959713,-0.397500346,5.586491748,-0.225031838,-0.235239492,-0.245393887,-0.316992041,4.39124765
-0.232299745,-0.297352515,-0.215357385,-0.309266449,5.763635022,-0.303934433,-0.312645679,-0.219904492,-0.143235915,4.870758583,-0.239241918,-0.257832004,-0.268772437,-0.174218456,6.391177529
-0.182737453,-0.205806798,-0.263214096,-0.301503175,5.454142136,-0.328052139,-0.345949013,-0.256334621,-0.058730912,5.368806498,-0.223979747,-0.237278801,-0.226360268,-0.308607888,4.736252107
-0.31056474,-0.235849873,-0.337369455,-0.110817441,5.715253965,-0.29609217,-0.198730754,-0.226965323,-0.331379101,4.605883244,-0.225612289,-0.219256948,-0.238823826,-0.413038719,4.375082536
-0.281011695,-0.228294882,-0.230013097,-0.21100384,4.826930491,-0.287407605,-0.2607597,-0.335892974,-0.120271083,6.303429599,-0.22865313,-0.247540231,-0.236098957,-0.301150716,4.648763486
-0.247444795,-0.271246974,-0.235775005,-0.233956348,5.209502462,-0.296230733,-0.288616238,-0.309743299,-0.058045742,6.803554556,-0.308104965,-0.26895351,-0.231403887,-0.188801367,5.289936117
-0.152710695,-0.223210114,-0.265464166,-0.295563184,5.843089515,-0.245317118,-0.270654035,-0.267163899,-0.186745124,6.408658516,-0.256690805,-0.234649449,-0.245510943,-0.275894122,5.213674226
-0.18617791,-0.229619405,-0.268614893,-0.274917101,5.203327416,-0.279879388,-0.251769909,-0.250246872,-0.211500614,4.391501113,-0.252848488,-0.241846512,-0.276484576,-0.285686967,4.973440029
-0.303947015,-0.240100606,-0.267698892,-0.151297652,5.10413101,-0.118753089,-0.221286778,-0.216705704,-0.402604304,4.636525781,-0.207082271,-0.234547266,-0.219334581,-0.274259777,5.329676716
-0.292520822,-0.279302913,-0.266264652,-0.210320689,5.118381158,-0.367080195,-0.276108981,-0.317013557,-0.063017534,4.54609831,-0.27753269,-0.245006706,-0.258925728,-0.205587951,5.670838185
-0.276395313,-0.258677116,-0.251144027,-0.199896579,4.551040289,-0.247974197,-0.227493034,-0.317691932,-0.156441324,6.456400672,-0.217978853,-0.25861048,-0.20926378,-0.305008501,7.06329902
-0.176613912,-0.190297375,-0.290581274,-0.294697164,5.624280726,-0.268869907,-0.297811116,-0.24164805,-0.215939156,6.196138896,-0.231070833,-0.224384446,-0.262265179,-0.213586714,5.033208188
-0.298929819,-0.278185977,-0.281962782,-0.09055569,5.329452951,-0.244446753,-0.287026091,-0.290963881,-0.069678655,6.065430277,-0.363077669,-0.243736453,-0.280223555,-0.089258135,3.655785364
-0.146130548,-0.249556046,-0.221314501,-0.370742392,4.750285422,-0.346471742,-0.219615138,-0.283197269,-0.174271596,4.349935769,-0.240266646,-0.234671036,-0.255939452,-0.280674965,4.702445355
-0.177805686,-0.245343145,-0.214084635,-0.302899442,5.661026797,-0.179490184,-0.265653336,-0.198838917,-0.294358274,4.232866318,-0.278883102,-0.247598369,-0.267758197,-0.173358422,5.441177165
-0.230707562,-0.237636156,-0.269193048,-0.349210795,4.835493551,-0.281925989,-0.289853854,-0.344140555,-0.03726426,5.443696631,-0.23460494,-0.192782679,-0.239619749,-0.350543427,4.070509633
-0.28333655,-0.289027921,-0.257950065,-0.152216577,5.684159298,-0.237053558,-0.257724079,-0.237391798,-0.27827546,4.998367995,-0.223817192,-0.244774636,-0.216118593,-0.321279358,5.262636126
-0.268673304,-0.258930578,-0.218272744,-0.270501341,3.753742652,-0.290891622,-0.263538615,-0.248614193,-0.291502464,5.012869271,-0.208072142,-0.248377937,-0.245066107,-0.281405825,5.171514327
-0.136769239,-0.214837431,-0.206493534,-0.446038655,5.611833949,-0.334807099,-0.308068157,-0.246721877,-0.056228524,6.085606799,-0.358293888,-0.281617081,-0.251481582,-0.099392102,5.202262698
-0.196579701,-0.200245694,-0.26668357,-0.345862723,5.269439527,-0.262005287,-0.273914233,-0.309708294,-0.143636927,5.604729335,-0.184732497,-0.247631511,-0.217716904,-0.348892866,4.52974306
-0.107087412,-0.232689299,-0.199139709,-0.471600902,6.402592996,-0.218688569,-0.255093534,-0.220623985,-0.271925111,5.480009348,-0.106692043,-0.2076791,-0.20337503,-0.37819602,6.289848963
-0.328332294,-0.249931451,-0.282801365,-0.108079586,5.2646411,-0.223915737,-0.23831648,-0.228984274,-0.240190417,5.751739659,-0.225928792,-0.239793788,-0.226593279,-0.323333662,5.197785639
-0.237696536,-0.265556835,-0.233193094,-0.264859186,5.445466533,-0.238043128,-0.238398591,-0.260035923,-0.218163437,4.867683852,-0.327298536,-0.322691198,-0.259235329,-0.137861274,4.653021926
-0.300080011,-0.268772856,-0.267892764,-0.252394466,4.369844633,-0.148127695,-0.201515774,-0.207013063,-0.516140556,5.259254235,-0.226617496,-0.27840489,-0.234254355,-0.292816005,5.238376673
-0.196210371,-0.267587663,-0.23873885,-0.199768239,6.682746167,-0.218780076,-0.229110159,-0.190413705,-0.439574804,3.684007253,-0.231429176,-0.247491503,-0.263732367,-0.163566536,5.37326889
-0.344009321,-0.23617411,-0.286561711,-0.137097433,3.954654574,-0.247152041,-0.268020615,-0.221506681,-0.2108419,5.834740493,-0.200238603,-0.21558929,-0.215847422,-0.397646911,4.77443137
-0.282794063,-0.207038401,-0.254247299,-0.275605608,4.64338991,-0.340925081,-0.249392056,-0.367151892,-0.058975601,5.988976852,-0.252425196,-0.177744201,-0.223943414,-0.341389032,3.739659885
-0.194664793,-0.252869631,-0.238159341,-0.272167017,6.240275645,-0.22919113,-0.264178392,-0.258965738,-0.248090732,5.68212822,-0.242338059,-0.252110042,-0.228903026,-0.205653043,6.006440712
-0.219196459,-0.264688551,-0.189478078,-0.385995049,3.739735036,-0.233659632,-0.230276842,-0.263912608,-0.303638907,4.816981103,-0.276511478,-0.223294254,-0.247517022,-0.293834312,4.645632538
-0.254191103,-0.253880278,-0.263001183,-0.229005959,5.524993849,-0.17645031,-0.247835091,-0.193337109,-0.363999071,4.729034104,-0.186529422,-0.202170987,-0.240512738,-0.320265476,4.951510728
-0.26545938,-0.25724619,-0.283280046,-0.211689505,5.746841657,-0.111328398,-0.228718223,-0.207228054,-0.43950413,5.797456428,-0.277233877,-0.262467919,-0.275022282,-0.172192314,4.499077215
-0.305783076,-0.26515114,-0.278525995,-0.097034798,5.367342678,-0.189913074,-0.172649188,-0.259466993,-0.322388424,4.81402308,-0.295057231,-0.228763938,-0.221485127,-0.224188352,4.46225214
-0.205084185,-0.243868466,-0.237555271,-0.231569037,6.588260836,-0.309302851,-0.267162651,-0.314172819,-0.129447579,5.150696267,-0.252199938,-0.263128539,-0.217244724,-0.279557441,5.006739063
-0.315307684,-0.251798122,-0.235067473,-0.172463664,5.175199701,-0.260779668,-0.27181389,-0.257951482,-0.125490927,7.232060492,-0.216215446,-0.265652038,-0.188297869,-0.373527975,4.820248053
-0.27377807,-0.17620055,-0.26401344,-0.351193221,4.411438174,-0.268367854,-0.242689957,-0.24276444,-0.199093709,5.209656578,-0.311057789,-0.240289082,-0.264303089,-0.173485563,4.352143914
-0.2924737,-0.30509062,-0.281550466,-0.092398258,5.56067115,-0.199159357,-0.244670806,-0.200678227,-0.270402514,5.680804143,-0.321208875,-0.275467323,-0.159860881,-0.205005346,4.263027723
-0.3386288,-0.254159206,-0.306245493,-0.112520221,4.196045757,-0.276393137,-0.250767366,-0.212287518,-0.327397881,4.481075558,-0.198837835,-0.245950493,-0.254109053,-0.303998184,4.58358836
-0.30079525,-0.221644408,-0.299448564,-0.198335635,4.856364048,-0.157736647,-0.267624493,-0.192548828,-0.436932084,5.165274645,-0.216339738,-0.229833172,-0.213444424,-0.425575133,4.297234846
-0.296965953,-0.308604021,-0.253014778,-0.063516712,4.33962866,-0.193726386,-0.22243632,-0.226398202,-0.301184591,4.924655266,-0.228503894,-0.215672844,-0.225888887,-0.340469199,4.720559146
-0.34729297,-0.276218632,-0.259369921,-0.183831971,4.676042061,-0.25648724,-0.221469494,-0.269107412,-0.316540804,4.886700693,-0.361119304,-0.263098412,-0.302915298,-0.172329464,3.443526388
-0.222941383,-0.242298158,-0.207698187,-0.396080024,5.104299418,-0.275967873,-0.215392486,-0.271395601,-0.206997325,4.673155355,-0.350849252,-0.258024127,-0.274485408,-0.112490826,4.613162341
-0.278618982,-0.295625985,-0.211947307,-0.18284556,4.684302552,-0.129680716,-0.243116767,-0.213654862,-0.443518365,5.00654096,-0.186460532,-0.225837918,-0.211534996,-0.416673236,4.446915848
-0.263631654,-0.233328715,-0.249585814,-0.205082334,5.046756133,-0.39458576,-0.222689086,-0.371223892,0.036992068,5.972758571,-0.274913639,-0.249470402,-0.302604866,-0.146182672,5.5116018
-0.283353802,-0.26977701,-0.265479574,-0.218054573,4.822517887,-0.258303566,-0.239866659,-0.28899112,-0.172621862,5.245237675,-0.313603044,-0.243806882,-0.295278277,-0.071161838,5.590727011
-0.311609877,-0.255021496,-0.244948329,-0.211106427,4.637582881,-0.275178936,-0.254428657,-0.257395108,-0.190689158,4.822874629,-0.142118474,-0.23600897,-0.235962015,-0.331958361,5.461363342
-0.168421457,-0.243809402,-0.235630474,-0.364968908,5.175550862,-0.292746588,-0.220208021,-0.269790482,-0.220070573,4.636418711,-0.211009022,-0.269192288,-0.204710185,-0.384226928,4.420167596
-0.289997643,-0.209289517,-0.303408541,-0.144359846,5.075627924,-0.206251427,-0.259337347,-0.283499082,-0.229415621,5.885285534,-0.165310322,-0.230550246,-0.23616022,-0.32048266,5.165966934
-0.239559663,-0.244766862,-0.268732003,-0.218134564,5.771648757,-0.237052148,-0.240119289,-0.254776719,-0.335944241,4.769871181,-0.343945116,-0.245802832,-0.269606122,-0.141960301,4.202683586
-0.241464066,-0.218649913,-0.219611431,-0.411801012,5.820180066,-0.306011322,-0.267570235,-0.289876946,-0.019052001,5.92302646,-0.211807294,-0.208807155,-0.215888919,-0.32339434,5.750205933
-0.317353531,-0.294209021,-0.274576106,-0.126838286,5.000370068,-0.491311449,-0.352078151,-0.349346586,0.183157559,4.920911893,-0.290136088,-0.308156156,-0.266925565,-0.057142561,4.800977417
-0.210095687,-0.2650493,-0.260585907,-0.212666155,5.912589282,-0.244918545,-0.218958381,-0.255811709,-0.290966343,4.719720834,-0.163157793,-0.166967438,-0.239451092,-0.423590772,5.391884919
-0.287372036,-0.273549914,-0.25337499,-0.175388321,4.871628463,-0.207317051,-0.310887403,-0.2362141,-0.139862907,6.444197683,-0.176913792,-0.214102021,-0.227893373,-0.400891264,5.162410263
-0.333601061,-0.256649038,-0.326987382,-0.046843567,5.484987882,-0.208263624,-0.271688935,-0.215032596,-0.337644215,5.466929422,-0.175717782,-0.197061086,-0.224056782,-0.433511052,5.115689187
-0.295265184,-0.292584055,-0.255757459,-0.202891367,5.10070148,-0.243955823,-0.298803689,-0.23452595,-0.219625272,4.86063645,-0.197584007,-0.228217112,-0.247727635,-0.265428159,4.927756785
-0.322561042,-0.246579029,-0.290548015,-0.079879028,5.775918003,-0.29109239,-0.233835413,-0.293428581,-0.146128606,5.053463055,-0.297345985,-0.20545443,-0.237905949,-0.26337582,4.059225351
-0.302554036,-0.22389415,-0.255942189,-0.257435805,4.374456353,-0.338267439,-0.277691775,-0.296363921,-0.133686121,5.222042509,-0.202037208,-0.196276199,-0.232495654,-0.356132965,4.43637023
-0.219229905,-0.257367786,-0.254138737,-0.27138113,4.734258042,-0.30999861,-0.250596047,-0.291771579,-0.122543425,6.198487107,-0.165705328,-0.206384842,-0.186131887,-0.468010322,4.410284845
-0.261108247,-0.258915614,-0.252917194,-0.204995146,5.756796965,-0.181201575,-0.256864353,-0.256834603,-0.296599667,5.556530997,-0.298958421,-0.246124425,-0.232142729,-0.241333799,5.668929601
-0.249131634,-0.241627498,-0.289258115,-0.209589436,5.274662575,-0.364684995,-0.319382598,-0.238439321,-0.015954792,5.404064495,-0.235185028,-0.241263753,-0.254853096,-0.252353282,4.852561042
-0.364864088,-0.245199065,-0.289670536,-0.061014828,5.486689501,-0.127494214,-0.1721099,-0.221148759,-0.404014647,5.083036308,-0.198664138,-0.255128733,-0.251130059,-0.405525612,4.958927457
-0.299195618,-0.211703925,-0.289222302,-0.208213065,5.566399278,-0.204903163,-0.234263167,-0.265614767,-0.260097435,5.50626239,-0.222873403,-0.281780055,-0.188521495,-0.36429232,4.358156252
-0.225424832,-0.171299911,-0.246567129,-0.35539604,4.487226411,-0.184344321,-0.279366103,-0.213701989,-0.281607011,5.451050244,-0.177335827,-0.223566397,-0.256894151,-0.358808102,4.040701956
-0.22123933,-0.274390296,-0.231182434,-0.295201503,5.013598779,-0.226274384,-0.249195891,-0.261938968,-0.266466485,6.142424405,-0.19410267,-0.22159556,-0.221160851,-0.352267387,4.952427628
-0.247516563,-0.247999413,-0.252545354,-0.198959526,5.142293623,-0.244995636,-0.254197433,-0.252496881,-0.181002423,6.846210069,-0.269283689,-0.252456168,-0.291789762,-0.201777716,4.333064098
-0.23992499,-0.204501849,-0.312282651,-0.221509696,4.863962807,-0.249206363,-0.279524482,-0.271602634,-0.269995527,5.364425295,-0.24709231,-0.249487868,-0.257879285,-0.190527573,5.583747709
-0.34786703,-0.313221711,-0.24751266,-0.121179518,4.550105663,-0.123213219,-0.204700759,-0.189470626,-0.514134564,5.185268263,-0.26782676,-0.296855602,-0.233440003,-0.171093354,4.800894361
-0.144209452,-0.219636832,-0.215059718,-0.431298507,6.007383672,-0.311038246,-0.305794181,-0.278951882,-0.049852176,4.542153499,-0.378504607,-0.215939936,-0.281811338,-0.139252608,4.24250276
-0.217239288,-0.239470996,-0.251105767,-0.319750332,5.71243304,-0.269289918,-0.234294508,-0.230003012,-0.175485035,4.815070388,-0.338563949,-0.26488649,-0.254949293,-0.20443232,4.655255276
-0.191425412,-0.223517465,-0.217329496,-0.325909083,5.509822861,-0.30453106,-0.269895602,-0.226218348,-0.234268549,5.632062418,-0.215551557,-0.258546516,-0.193875422,-0.30820982,5.767873941
-0.261617077,-0.252343721,-0.289731748,-0.172193727,4.861918886,-0.168502521,-0.25277261,-0.198322018,-0.340787592,5.330631124,-0.148696097,-0.202707366,-0.235355138,-0.432509539,5.031911075
-0.270952148,-0.236894023,-0.269491428,-0.129710198,6.70288601,-0.234448933,-0.25059373,-0.234334278,-0.334429561,4.682311979,-0.084769277,-0.218373182,-0.175726761,-0.576224388,5.24197036
-0.238656116,-0.215881066,-0.273442964,-0.223043218,4.96897982,-0.315639578,-0.186408832,-0.310214434,-0.192813528,5.553806311,-0.165505258,-0.247989572,-0.230563064,-0.390759657,5.00948209
-0.176659503,-0.299928692,-0.200425846,-0.333811833,5.108849827,-0.240524589,-0.245158039,-0.23576175,-0.304836291,4.723277112,-0.228576805,-0.245664545,-0.254469826,-0.223215026,5.234217805
-0.231925607,-0.262803567,-0.259225809,-0.313373828,5.075685014,-0.141929634,-0.249508704,-0.22550932,-0.286969983,6.424963907,-0.236806906,-0.248382912,-0.261523048,-0.223060391,5.378312018
-0.128027267,-0.283095607,-0.215889817,-0.408362201,6.522659091,-0.235569669,-0.204439469,-0.212061855,-0.356692034,4.58872709,-0.190042239,-0.196451851,-0.272925682,-0.38243737,4.88104539
-0.392525988,-0.244598591,-0.293597225,-0.083812435,4.440053173,-0.247470822,-0.282798133,-0.27976144,-0.117471297,5.818219239,-0.254358575,-0.221229329,-0.216455524,-0.292846873,4.611889011
-0.195168887,-0.211482501,-0.25997138,-0.251473621,6.012138406,-0.264264837,-0.350370511,-0.210770488,-0.083214529,7.28682766,-0.177552268,-0.225510061,-0.21778286,-0.352084866,5.176078135
-0.302539388,-0.270115908,-0.245275928,-0.185557344,5.36284824,-0.209086181,-0.199416109,-0.217744888,-0.47398919,4.833373665,-0.114588368,-0.208436241,-0.233961965,-0.508396735,4.160885698
-0.287988765,-0.256106002,-0.262642197,-0.226993296,4.562935883,-0.371571616,-0.297116448,-0.288487748,-0.026038067,4.996467567,-0.226923548,-0.213553456,-0.215205589,-0.286455298,4.265151103
-0.31417526,-0.293699792,-0.286489979,-0.194262081,5.412667138,-0.263436151,-0.24925607,-0.285541983,-0.289886283,4.488151187,-0.18512226,-0.214981224,-0.254485272,-0.328179177,5.674872981
-0.249930424,-0.28338283,-0.285612385,-0.184974676,4.834793164,-0.286377857,-0.32398031,-0.218289672,-0.09831669,5.378897118,-0.300150492,-0.230119541,-0.258510634,-0.3054532,3.472322345
-0.198366724,-0.192478622,-0.244066906,-0.337280866,4.375170489,-0.158102042,-0.24081166,-0.177554109,-0.481175773,4.67730089,-0.245675384,-0.249509716,-0.264372299,-0.173063027,5.249965905
-0.233390947,-0.212667504,-0.297533186,-0.29081846,5.684939464,-0.366221863,-0.287766592,-0.243927538,-0.123495396,4.728741877,-0.307729447,-0.250413629,-0.23565372,-0.234615238,5.833222742
-0.366261731,-0.274540832,-0.275570904,-0.154899652,4.61697739,-0.237243207,-0.164373268,-0.309437645,-0.259224926,4.613577258,-0.359431177,-0.238155717,-0.277961131,-0.125581204,4.385120392
-0.228280151,-0.215448815,-0.274372792,-0.249496626,5.164768574,-0.254497322,-0.290211605,-0.246800702,-0.138378119,6.167699356,-0.226926629,-0.223892001,-0.234727665,-0.322412537,4.88935263
-0.34608525,-0.32206048,-0.236034606,-0.157327834,5.098248269,-0.196995514,-0.250451043,-0.253764688,-0.222535331,5.567058568,-0.184923667,-0.239418209,-0.233026025,-0.261188254,5.932462079
-0.227573607,-0.208756512,-0.272906272,-0.292718396,5.395379855,-0.149697573,-0.269149039,-0.207352434,-0.341087044,4.766573607,-0.238724308,-0.225263411,-0.225870174,-0.308333426,5.75555683
-0.234234381,-0.271073807,-0.226835696,-0.253326716,5.134828014,-0.213744945,-0.248102902,-0.23305101,-0.3747062,4.430457882,-0.241034059,-0.239767181,-0.246170067,-0.253421695,4.481442074
-0.180806386,-0.234089077,-0.205030238,-0.299599069,6.099132623,-0.109663662,-0.167838928,-0.260934094,-0.477723393,4.331167788,-0.241724993,-0.202170262,-0.274581461,-0.293931251,4.821322113
-0.307320427,-0.271555908,-0.256303897,-0.152134427,4.188184114,-0.130631432,-0.213327417,-0.271482214,-0.330475593,5.7106423,-0.326690679,-0.262575921,-0.206030027,-0.162714357,4.952155124
-0.289986841,-0.276473692,-0.290118576,-0.200187908,4.887234277,-0.300704526,-0.268062349,-0.287252782,-0.059501803,6.122560753,-0.233689686,-0.285719062,-0.19643111,-0.254971295,5.453926368
-0.290042243,-0.312966451,-0.256460056,-0.03637779,4.664654795,-0.224486742,-0.210030723,-0.278215565,-0.172084348,5.76183098,-0.190663813,-0.248179899,-0.254615169,-0.274974731,5.514787814
-0.16154941,-0.20949734,-0.263472594,-0.402044591,5.521755483,-0.328634169,-0.314568483,-0.25827677,-0.156796997,5.452305727,-0.189619511,-0.2168217,-0.270087948,-0.36896373,5.308484161
-0.336009057,-0.306136495,-0.253723503,-0.166798531,4.290916095,-0.344195041,-0.253460316,-0.266725984,-0.198614266,4.011693839,-0.290334154,-0.242392616,-0.26705146,-0.207733199,4.912399036
-0.320493707,-0.237835357,-0.276803616,-0.225346904,4.912906135,-0.341962136,-0.266405217,-0.27217191,-0.187819925,5.59832584,-0.287730111,-0.229592428,-0.258302966,-0.288517659,4.068120292
-0.232848996,-0.216706138,-0.258519903,-0.377201061,4.94872017,-0.206118329,-0.194357189,-0.29042463,-0.293465461,5.681600659,-0.222826354,-0.271348711,-0.226949322,-0.244168799,4.731561089
-0.13008377,-0.232852832,-0.228299408,-0.329792942,5.581242959,-0.275548937,-0.251318425,-0.232406483,-0.245350725,5.145871287,-0.260196148,-0.222413204,-0.249900507,-0.239544017,4.312832008
-0.366767204,-0.355384589,-0.195115585,-0.091483904,5.35579949,-0.264142051,-0.218573431,-0.305904749,-0.286623656,4.811835419,-0.215415337,-0.258138281,-0.249670774,-0.258998709,5.803879547
-0.292154359,-0.283853409,-0.269935059,-0.136485198,6.038812356,-0.406588417,-0.251500464,-0.301378795,-0.038844074,4.762607023,-0.26401275,-0.257419492,-0.243656779,-0.240031052,4.047146395
-0.316287274,-0.284976113,-0.268800983,-0.05342766,4.907874408,-0.346623793,-0.289945722,-0.282013512,-0.071916575,6.25777572,-0.153553063,-0.252536018,-0.184552174,-0.513489001,4.236339865
-0.244053465,-0.27864801,-0.230056123,-0.276763198,4.91952028,-0.231804396,-0.257085232,-0.259225739,-0.286248719,5.600246532,-0.224501687,-0.281106292,-0.205247988,-0.332347715,4.246818601
-0.229904663,-0.207046463,-0.286037607,-0.290859441,5.146444715,-0.337570967,-0.283580161,-0.319896646,-0.0046958,5.271521346,-0.266240645,-0.260285333,-0.268967923,-0.16760414,5.17268515
-0.209303585,-0.208985012,-0.240726965,-0.303388302,5.167627829,-0.260376839,-0.232858229,-0.266290088,-0.242278117,4.843452134,-0.279985224,-0.247477119,-0.278675696,-0.22107442,5.873048108
-0.350684157,-0.277201167,-0.291469998,-0.052617945,6.636367344,-0.219245178,-0.22269455,-0.266676786,-0.253732609,5.173869343,-0.316791294,-0.259409575,-0.248615358,-0.213674228,5.917141781
-0.264822778,-0.183708491,-0.262154385,-0.244454053,5.323282645,-0.116684293,-0.247268319,-0.224809817,-0.394573936,5.267044723,-0.157150354,-0.215868342,-0.217925829,-0.374678424,4.895186155
-0.2938753,-0.247570189,-0.270049052,-0.168524512,5.494761824,-0.360227411,-0.271977551,-0.27413834,0.015231769,5.564995582,-0.189401978,-0.198847111,-0.239698481,-0.374769541,5.05258945
-0.321695153,-0.249732177,-0.250890521,-0.201721063,4.241543175,-0.325722704,-0.281789702,-0.213167941,-0.208297396,4.912485484,-0.264528268,-0.225242817,-0.241496578,-0.243608842,5.067626891
-0.173365678,-0.220763458,-0.272740846,-0.325598338,5.694719905,-0.185976585,-0.201395716,-0.208820006,-0.433594091,5.155407541,-0.187285757,-0.2417702,-0.218235831,-0.346178584,4.979159183
-0.282351555,-0.233283069,-0.263201357,-0.201604946,4.030431148,-0.224628028,-0.269090437,-0.227177853,-0.26636402,6.066634224,-0.285722345,-0.25742216,-0.208275075,-0.286843063,4.037391032
-0.203034391,-0.240703119,-0.245270816,-0.243631055,4.542938682,-0.263607678,-0.249322036,-0.261086598,-0.179930549,4.748966389,-0.174762235,-0.251669902,-0.248186923,-0.317606305,4.734553174
-0.331852121,-0.267139817,-0.272039628,-0.079452517,5.627665753,-0.328798901,-0.192406895,-0.320767635,-0.202805289,4.514404291,-0.18621735,-0.243925764,-0.236914301,-0.287958209,5.756115259
-0.160329471,-0.238103942,-0.231721881,-0.37686991,5.245971804,-0.221404403,-0.220090045,-0.253035165,-0.424570613,4.349414897,-0.334509645,-0.249008756,-0.270775717,-0.228986163,5.136098701
-0.345756271,-0.283110498,-0.222330165,-0.168788083,4.436324588,-0.193746672,-0.218963006,-0.283754184,-0.395878187,4.858530568,-0.24080483,-0.192132968,-0.269413772,-0.302682189,4.332881487
-0.338230168,-0.248876449,-0.231138348,-0.149377488,4.710919975,-0.293523548,-0.309290424,-0.232394779,-0.145991226,5.493223139,-0.293211056,-0.227118075,-0.226132422,-0.270863918,4.015883027
-0.142600784,-0.210314143,-0.267690477,-0.322130365,5.639299786,-0.18815187,-0.268275462,-0.219097493,-0.290726733,5.463802732,-0.251009132,-0.2253467,-0.268789194,-0.189267581,4.673264553
-0.20780182,-0.255006466,-0.260193331,-0.354495037,5.363122317,-0.271391462,-0.230683812,-0.250894816,-0.276299799,4.761012307,-0.16340086,-0.206128955,-0.210199713,-0.383551885,5.755121845
-0.243380052,-0.254417561,-0.268328863,-0.228214965,5.05883883,-0.310422528,-0.266588452,-0.270535075,-0.123178002,6.031634749,-0.252172206,-0.211726646,-0.209636988,-0.331606493,4.674836872
-0.277178867,-0.252067633,-0.24381592,-0.263326094,4.918759466,-0.248835756,-0.27693186,-0.275348469,-0.261609122,4.455186218,-0.274361004,-0.293312477,-0.212333156,-0.250994516,4.805999187
-0.172251218,-0.219612655,-0.289445388,-0.312081433,5.746514738,-0.203793129,-0.245398242,-0.244993378,-0.330437962,4.609980444,-0.273153226,-0.241008985,-0.266529287,-0.215882426,5.919996224
-0.298405666,-0.255560246,-0.239614928,-0.215819599,4.557055372,-0.171183143,-0.196167027,-0.198607495,-0.500695604,4.581630596,-0.24830408,-0.223239152,-0.192391608,-0.396735965,3.339036751
-0.305302204,-0.238293422,-0.299678811,-0.083016116,6.123835677,-0.257249206,-0.253593999,-0.235617211,-0.261777103,5.174993324,-0.158802855,-0.190065205,-0.229355353,-0.36284366,6.153963611
-0.296795107,-0.269584228,-0.210895654,-0.334548751,3.972025875,-0.310972494,-0.256141618,-0.273751201,-0.20927484,5.158987271,-0.237240044,-0.254788493,-0.232061743,-0.239989566,4.607356256
-0.278148417,-0.225372496,-0.275266069,-0.212334828,4.820732123,-0.275062197,-0.267182957,-0.309332826,-0.080390044,4.744556016,-0.196207134,-0.229726202,-0.27402436,-0.312658096,5.328566874
-0.228646992,-0.215303792,-0.250311482,-0.243982916,5.374106459,-0.190406299,-0.210702067,-0.225238049,-0.35717517,4.753378271,-0.224104558,-0.23698807,-0.234280469,-0.279486362,5.244036143
-0.223102059,-0.226492187,-0.258728744,-0.261179391,5.720949048,-0.325351889,-0.241033509,-0.283505267,-0.166335066,4.330646328,-0.277938883,-0.316439387,-0.233375913,-0.239532393,4.81443765
-0.280061875,-0.274625472,-0.229598972,-0.199873818,6.545385457,-0.30134004,-0.256315774,-0.276520548,-0.061469616,5.384997874,-0.20722908,-0.268603515,-0.196129203,-0.311709763,4.101783082
-0.244130409,-0.270164154,-0.222506474,-0.329678714,5.361486227,-0.191012119,-0.309339976,-0.202023722,-0.322408103,5.500913763,-0.248718425,-0.24842849,-0.264486066,-0.278367709,4.730580262
-0.253882822,-0.229800268,-0.236934453,-0.242454467,5.359230987,-0.373443955,-0.280653951,-0.247754328,-0.105494963,4.764528695,-0.226745571,-0.27015799,-0.187254628,-0.333505808,5.29059875
-0.22945537,-0.25772584,-0.252095676,-0.19574003,5.749809634,-0.208204686,-0.211334161,-0.250882231,-0.308737702,4.250188824,-0.203497877,-0.286739052,-0.232381256,-0.277204635,4.406207968
-0.327129947,-0.337833236,-0.253173892,-0.079874476,6.293160984,-0.146608139,-0.221386567,-0.150458671,-0.483881361,4.558366585,-0.213514907,-0.237724805,-0.260289943,-0.325751932,5.088714698
-0.297181823,-0.27438337,-0.249530049,-0.141772225,5.315947987,-0.244402945,-0.240150238,-0.248564323,-0.25633884,5.566985069,-0.246024607,-0.248418958,-0.248560836,-0.234908817,4.510172327
-0.212124175,-0.27060564,-0.237806846,-0.287650771,5.867595755,-0.239887319,-0.22499309,-0.250565256,-0.246294685,5.229755218,-0.200358608,-0.213338486,-0.210631941,-0.470881302,3.85329815
-0.089003633,-0.236163409,-0.180698877,-0.44422679,5.960799974,-0.289502122,-0.212585013,-0.313219894,-0.226910389,5.215498233,-0.249516205,-0.204954851,-0.273588985,-0.203472428,5.045435719
-0.270453482,-0.289473277,-0.260931368,-0.166447731,5.590543865,-0.167439024,-0.239094422,-0.201677783,-0.386610168,4.900896514,-0.274476045,-0.209473261,-0.272100474,-0.232117458,4.75289011
-0.262772526,-0.266785146,-0.22783018,-0.213191936,5.072307208,-0.321746401,-0.284365853,-0.192902593,-0.126611739,6.237121147,-0.286580444,-0.266434356,-0.235704753,-0.2140584,3.974283284
-0.232827214,-0.232105134,-0.258770205,-0.200418476,5.075443037,-0.218941742,-0.215883444,-0.250628768,-0.295058712,5.163574047,-0.274816585,-0.28879949,-0.241834846,-0.194247422,4.590146399
-0.278823742,-0.26149247,-0.256905773,-0.188167669,5.03486485,-0.098888343,-0.188910747,-0.225223121,-0.515689342,4.88832783,-0.20865855,-0.238502606,-0.235836585,-0.299186261,5.493095649
-0.180516368,-0.249663702,-0.217866849,-0.315008078,5.003820637,-0.263715626,-0.29482135,-0.224812963,-0.272885115,4.874381833,-0.069008568,-0.202689214,-0.19023531,-0.508661314,5.247208853
-0.194358754,-0.235507509,-0.225510766,-0.316509772,5.740537084,-0.130918058,-0.232050273,-0.234586523,-0.335480339,5.782986256,-0.192759029,-0.237223002,-0.246196444,-0.28701581,5.271108911
-0.231502834,-0.258460546,-0.241964347,-0.235404513,4.87376419,-0.267745016,-0.254866556,-0.213280712,-0.282320584,3.955578897,-0.164196133,-0.223314285,-0.242510145,-0.375670579,5.494193297
-0.189917993,-0.248644542,-0.207524898,-0.362896671,5.150316908,-0.219113939,-0.271920722,-0.282105265,-0.203414145,6.835834825,-0.207151687,-0.243437147,-0.255175494,-0.293006117,4.64350744
-0.206660852,-0.202708788,-0.252047419,-0.316377453,6.350327162,-0.183404711,-0.265632894,-0.219346882,-0.311895713,5.697649911,-0.348898928,-0.242361196,-0.337792935,-0.035032905,5.384682903
-0.260032219,-0.284208313,-0.273951105,-0.166788757,5.380757645,-0.190057482,-0.215246347,-0.228609875,-0.39695887,4.287191187,-0.136752664,-0.201643985,-0.18179291,-0.49374801,5.187210107
-0.249859645,-0.293948488,-0.244330256,-0.258730847,5.052910482,-0.381488686,-0.257447186,-0.279961541,-0.077596166,4.624838442,-0.190432558,-0.205882933,-0.207050794,-0.382561857,5.774516452
-0.331719415,-0.274358577,-0.272903893,-0.106134578,6.075282506,-0.234824689,-0.247583027,-0.266328699,-0.202794296,5.94631812,-0.27877034,-0.239838224,-0.221437209,-0.263348844,3.82040544
-0.230170244,-0.238460444,-0.273866225,-0.324739805,4.637867459,-0.220259866,-0.311221871,-0.187085292,-0.335068674,4.757157613,-0.210206596,-0.190497713,-0.257133536,-0.41083747,4.516809177
-0.244501456,-0.17076229,-0.283875016,-0.244104385,4.868254841,-0.260838546,-0.243664314,-0.252312001,-0.199724599,4.848495054,-0.307373124,-0.290195456,-0.21610895,-0.257872944,3.649982107
-0.217054618,-0.224049806,-0.252768958,-0.296531121,5.396938538,-0.32364347,-0.289871867,-0.189407889,-0.164664806,4.842520265,-0.280952321,-0.266732493,-0.264457967,-0.192346088,4.990839974
-0.268746083,-0.212882684,-0.233386031,-0.340694153,4.815646541,-0.336116197,-0.224688028,-0.270345542,-0.134502166,4.32909517,-0.170662449,-0.20400908,-0.213127992,-0.376148369,6.094412717
-0.258103026,-0.223443251,-0.279622973,-0.207374506,5.112498753,-0.219211499,-0.219819669,-0.22958076,-0.342090397,4.945991651,-0.230191767,-0.236084503,-0.273794789,-0.243352782,5.326264738
-0.386099715,-0.312522413,-0.249775292,0.017838725,5.555240108,-0.316299902,-0.265347617,-0.353063617,-0.052076823,5.134890963,-0.259075921,-0.247488104,-0.218168215,-0.336618911,4.41101985
-0.233133823,-0.230619805,-0.248646295,-0.308766341,5.119016055,-0.246371539,-0.300501126,-0.23718204,-0.221219368,6.202095363,-0.267498951,-0.257143795,-0.232520941,-0.255115056,4.772328424
-0.157247197,-0.268407986,-0.192729859,-0.314653817,6.230039045,-0.296222706,-0.22541373,-0.246173722,-0.247124715,5.121789992,-0.130099618,-0.183430976,-0.21404706,-0.484492409,4.210877421
-0.209245724,-0.304234646,-0.221968463,-0.21108765,5.74055907,-0.26440917,-0.258234124,-0.229158186,-0.35023125,4.637423033,-0.087389644,-0.262206863,-0.216512534,-0.387701851,5.998266757
-0.291379535,-0.248388226,-0.240159512,-0.155488813,5.558763853,-0.232473554,-0.230853299,-0.22534957,-0.393678184,3.893412229,-0.27349444,-0.222099807,-0.256686185,-0.20415222,4.72559371
-0.29975208,-0.224442745,-0.276921715,-0.198027665,4.88787693,-0.199200381,-0.194355002,-0.205427868,-0.481198811,3.327658719,-0.116820571,-0.207862066,-0.214567197,-0.482094598,5.074365886
-0.283136904,-0.207089468,-0.275634872,-0.212049332,4.495805599,-0.256973161,-0.24583303,-0.289362352,-0.167144981,5.673710212,-0.190709584,-0.226512346,-0.223643415,-0.348665825,5.339728845
-0.25871873,-0.263479988,-0.303340746,-0.064454325,6.006457552,-0.226085156,-0.263460364,-0.247062583,-0.298953366,5.673365194,-0.155581391,-0.195385637,-0.231638037,-0.398205057,5.104213909
-0.197235005,-0.18409567,-0.231046468,-0.455186828,4.287362573,-0.119606748,-0.197802191,-0.261589781,-0.41106979,6.572296925,-0.307494002,-0.242522001,-0.236702064,-0.239762297,4.053593978
-0.198704527,-0.238503259,-0.224316377,-0.338603737,5.743884485,-0.26678217,-0.21453584,-0.32535554,-0.181091451,5.190982201,-0.112815002,-0.238612668,-0.151858611,-0.592556438,4.910530896
-0.109482327,-0.15806304,-0.200222512,-0.498231103,4.472071258,-0.224503128,-0.22030838,-0.248422843,-0.308011471,6.834046868,-0.156601741,-0.179278519,-0.182954639,-0.527890492,4.950917459
-0.250733976,-0.255473749,-0.261508687,-0.273671953,6.111467999,-0.289628099,-0.252280576,-0.269379566,-0.236216724,5.036487528,-0.242531059,-0.249132406,-0.214411959,-0.320426171,4.129380197
-0.26875095,-0.260969215,-0.263095988,-0.168903297,4.793996891,-0.402041904,-0.326057359,-0.251008581,-0.024535349,5.623014608,-0.262777494,-0.208526286,-0.216994359,-0.404545736,4.774584536
-0.183096171,-0.278983248,-0.238399981,-0.298977867,6.185611831,-0.211770411,-0.277535387,-0.213771729,-0.309394096,5.544120261,-0.228288561,-0.231249392,-0.224861122,-0.315132867,4.528827807
-0.027205902,-0.219340465,-0.172872616,-0.583469869,5.23506494,-0.191960995,-0.262364748,-0.260029987,-0.360297407,4.645237926,-0.182456549,-0.241903276,-0.213944415,-0.345515847,5.83859479
-0.323303753,-0.262099913,-0.2494253,-0.069316726,4.724870239,-0.25524104,-0.253836804,-0.247912085,-0.287932215,4.771217682,-0.344275614,-0.251739673,-0.23876141,-0.198667105,3.596926291
-0.274723984,-0.203939461,-0.309894821,-0.159252164,4.733094907,-0.364689543,-0.29224642,-0.270889758,-0.123322463,4.324632696,-0.175838216,-0.253765684,-0.211458207,-0.366638145,5.697295502
-0.165028356,-0.235513124,-0.209702714,-0.40612215,5.570478755,-0.350330961,-0.270995881,-0.238252207,-0.15784811,4.799421155,-0.190096754,-0.188840528,-0.194742581,-0.43714683,4.535725327
-0.238492014,-0.221300584,-0.246861499,-0.275935942,4.283045284,-0.33816642,-0.269010876,-0.297456356,-0.078684834,5.166590808,-0.191894508,-0.222393089,-0.245248631,-0.335544801,5.387222206
-0.209273305,-0.236960671,-0.242307065,-0.255996619,5.816015016,-0.168702964,-0.27559493,-0.190429581,-0.371278169,4.96118858,-0.219384443,-0.211769731,-0.241374242,-0.28358781,5.591045347
-0.218258525,-0.246828701,-0.259906814,-0.276469527,5.726219274,-0.292367675,-0.278786021,-0.24102318,-0.145778094,5.692172815,-0.372899676,-0.225730852,-0.2766866,-0.19615444,3.974988403
-0.181225734,-0.255088509,-0.223268518,-0.313343125,5.365151109,-0.194123371,-0.288963442,-0.20648954,-0.28874042,5.500827933,-0.237223997,-0.18037999,-0.25417203,-0.356624666,4.639452533
-0.289908717,-0.254758492,-0.242004952,-0.246591011,5.209256449,-0.198456642,-0.246645552,-0.293097589,-0.201176275,5.94240197,-0.27841662,-0.258791745,-0.244110535,-0.182220617,5.535754336
-0.341227192,-0.30087723,-0.242296501,-0.15516405,4.454630269,-0.339700808,-0.188496882,-0.332494701,-0.218762859,5.365704888,-0.166330963,-0.234772938,-0.25506389,-0.290245456,6.23691248
-0.33545577,-0.279762734,-0.274067187,-0.072647618,5.486652499,-0.195842058,-0.28934355,-0.226177494,-0.297449354,5.934145718,-0.230948007,-0.212990354,-0.25032309,-0.360141759,5.185953595
-0.175334624,-0.236742811,-0.248942811,-0.300767912,6.605854716,-0.228274147,-0.22563594,-0.256954247,-0.286920233,5.166328552,-0.173404644,-0.202389423,-0.231609202,-0.355308318,6.058225109
-0.274528288,-0.223836808,-0.268967441,-0.159344118,4.842561461,-0.313716986,-0.231591036,-0.337458376,-0.022736855,6.430504294,-0.143331462,-0.23325553,-0.196364224,-0.457927622,4.900943432
-0.175911982,-0.254036968,-0.23283856,-0.296290272,5.645589254,-0.221060815,-0.29675183,-0.183743952,-0.312399926,4.949203544,-0.27420499,-0.22879698,-0.20762012,-0.316661195,4.380598202
-0.283572807,-0.239365036,-0.231545453,-0.242956315,4.841199583,-0.226384029,-0.224295181,-0.259583831,-0.222295095,4.789831274,-0.195060656,-0.243155469,-0.213284348,-0.353909639,5.339594434
-0.273437816,-0.25514689,-0.230177275,-0.235578566,4.768080091,-0.139093917,-0.144073545,-0.197026949,-0.560480985,3.859882341,-0.176361126,-0.219205825,-0.217752502,-0.370420285,5.400436616
-0.271544715,-0.247801642,-0.26969371,-0.202044967,5.089261315,-0.340672398,-0.259884647,-0.241771432,-0.151947034,5.210638277,-0.201615196,-0.224233083,-0.250549748,-0.284906816,4.922339926
-0.339127516,-0.274011817,-0.260555976,-0.153238963,4.013609625,-0.273579652,-0.236759984,-0.341635056,-0.065189039,6.413842215,-0.217364941,-0.234104066,-0.261579465,-0.273732015,5.649358332
-0.317652665,-0.260661103,-0.242072825,-0.149042706,4.825304703,-0.227209515,-0.229246248,-0.218290499,-0.393487827,4.564442641,-0.264627199,-0.229689859,-0.23016847,-0.261539444,4.522994229
-0.311405539,-0.26669275,-0.277522986,-0.202379161,5.645417913,-0.227492256,-0.241684417,-0.247993557,-0.204171038,5.763785417,-0.183054296,-0.228114959,-0.20934729,-0.334164393,5.103359181
-0.258345844,-0.266103054,-0.182918028,-0.212766765,5.37640878,-0.224321444,-0.229121651,-0.240557842,-0.352279652,4.634475425,-0.216120575,-0.219551412,-0.241528922,-0.334242305,5.131578578
-0.205461178,-0.206406768,-0.257756804,-0.256539597,5.258063421,-0.193043092,-0.191451927,-0.260866819,-0.35647808,5.680812655,-0.239361739,-0.254135839,-0.261983276,-0.270026941,4.474048823
-0.193442848,-0.239538896,-0.282077592,-0.279703408,5.474693856,-0.136132678,-0.241491813,-0.225358653,-0.372150416,5.932620003,-0.214469864,-0.296767463,-0.238457188,-0.310993081,5.488516445
-0.19568203,-0.211692249,-0.232131427,-0.388963586,5.816635295,-0.415657035,-0.346971652,-0.221902904,-0.017234093,4.550412627,-0.332813557,-0.246031016,-0.273675337,-0.227947466,4.279210685
-0.252762631,-0.229661449,-0.264270099,-0.230747299,4.814797513,-0.281186503,-0.264032359,-0.288458384,-0.197289901,5.018102933,-0.190048096,-0.211253829,-0.226538922,-0.366746102,6.024768974
-0.307878064,-0.240084694,-0.285833547,-0.1961554,4.975493366,-0.225794505,-0.273869367,-0.202434055,-0.376084371,3.637313478,-0.234899116,-0.275393937,-0.238277715,-0.317644432,4.889460702
-0.246047502,-0.276018102,-0.276051495,-0.190196264,5.973509869,-0.293220462,-0.316986895,-0.249017572,-0.122417007,5.63371677,-0.177194543,-0.254408914,-0.215039377,-0.312629712,4.898863698
-0.3517111,-0.268815544,-0.286225159,-0.170045993,4.157536725,-0.322835954,-0.20432462,-0.31840552,-0.22912618,4.283793355,-0.135313777,-0.218964236,-0.235471005,-0.39517034,5.09549436
-0.179755531,-0.160471683,-0.297014522,-0.337543488,5.833529736,-0.224733793,-0.229859396,-0.225157458,-0.451806616,4.366665627,-0.199645683,-0.212343232,-0.259063503,-0.337106018,5.135189912
-0.309381435,-0.245186956,-0.2861102,-0.103873976,5.694288329,-0.170370446,-0.222089361,-0.241304248,-0.463121734,5.310709616,-0.244983377,-0.207380162,-0.234098667,-0.303178427,3.460060458
-0.316623734,-0.292500549,-0.202838813,-0.238491916,4.360446984,-0.266370092,-0.245843782,-0.236948801,-0.224943622,5.821227407,-0.26787931,-0.219606083,-0.251872922,-0.279132479,5.014457615
-0.151058012,-0.22277507,-0.276692182,-0.383940921,5.692145225,-0.328323374,-0.251746721,-0.280458187,-0.117845868,4.348744974,-0.161947149,-0.22318109,-0.238815228,-0.363468224,5.669061542
-0.24641159,-0.270485887,-0.275927187,-0.136356693,5.425536227,-0.168789978,-0.245754134,-0.237495643,-0.345590631,5.362317307,-0.173600075,-0.255909016,-0.222683722,-0.239267006,5.079609221
-0.137978596,-0.224779146,-0.19784373,-0.427191145,5.95594347,-0.287442084,-0.217962977,-0.27428162,-0.237216035,4.831584349,-0.272172714,-0.288802551,-0.236387774,-0.245136517,5.020930596
-0.281598435,-0.256888333,-0.299266373,-0.126897847,6.454035339,-0.175339925,-0.217610854,-0.224971381,-0.424170456,4.705727391,-0.207496519,-0.21438939,-0.249792857,-0.285724669,5.423081128
-0.259209374,-0.269442524,-0.258682378,-0.218388497,5.381872325,-0.235187361,-0.287992063,-0.241227134,-0.31540007,4.557251544,-0.214085354,-0.24326912,-0.209372885,-0.316338106,4.938535697
-0.353238871,-0.221483093,-0.26468942,-0.139601469,3.81252461,-0.271512545,-0.239493733,-0.263351131,-0.231296043,4.92160405,-0.150641461,-0.194831082,-0.25942511,-0.378409736,5.829674291
-0.271373523,-0.251924567,-0.273975172,-0.197437345,4.878799252,-0.189373824,-0.248054293,-0.201921141,-0.411989642,6.146642704,-0.269997428,-0.273728189,-0.247477891,-0.221458219,4.87720866
-0.173478437,-0.227937082,-0.193067577,-0.344770929,5.315958782,-0.275501456,-0.217678647,-0.283064535,-0.209285079,5.358887488,-0.202566296,-0.275829494,-0.256283873,-0.256363196,5.747517491
-0.256445336,-0.269233588,-0.210931546,-0.245597146,5.858586241,-0.327447622,-0.275303867,-0.29914339,-0.082651489,6.11107166,-0.27476463,-0.259672772,-0.246278271,-0.19326502,5.73354814
-0.296195659,-0.262745514,-0.273720277,-0.24380537,5.040807953,-0.236446568,-0.219802236,-0.275067004,-0.256539592,5.568980038,-0.242172674,-0.263809887,-0.228305392,-0.177801831,5.695650307
-0.375337727,-0.285907479,-0.292936175,0.007686457,5.44509337,-0.310263411,-0.310037732,-0.23507206,-0.198236568,4.35455567,-0.188451542,-0.249596854,-0.206283207,-0.303670914,5.898221361
-0.363962812,-0.270277158,-0.236935126,-0.145796966,5.06682984,-0.27158449,-0.226012683,-0.322392033,-0.115732483,5.55723223,-0.213248514,-0.272632625,-0.215652952,-0.351652306,5.165215057
-0.358482473,-0.258889222,-0.305975727,-0.093142904,6.309865014,-0.460334381,-0.349167728,-0.264428749,0.065352811,4.616289368,-0.100631012,-0.229666655,-0.215962844,-0.534010414,4.596472963
-0.228544219,-0.242662209,-0.24703777,-0.350501217,4.715831857,-0.369519503,-0.292095201,-0.274224285,-0.049346228,5.066578428,-0.305875936,-0.279852588,-0.244723378,-0.227726581,4.867030411
-0.225099378,-0.248242548,-0.289279004,-0.282672959,4.467949526,-0.219047986,-0.211508724,-0.265894891,-0.302507141,4.791779117,-0.19944067,-0.204797559,-0.267239616,-0.210153708,5.003166296
-0.28205755,-0.25860266,-0.312538211,-0.148205118,6.452736611,-0.28409124,-0.235228284,-0.276693714,-0.164747578,6.056421032,-0.214530182,-0.2009089,-0.194355263,-0.432527788,3.846877195
-0.288646336,-0.280151545,-0.234222455,-0.218940669,5.303642474,-0.259871672,-0.253984489,-0.253823428,-0.266684502,4.808275509,-0.216220195,-0.23386761,-0.227024849,-0.28755687,4.864458413
-0.235394382,-0.246809049,-0.235112689,-0.292505813,5.693591522,-0.266045731,-0.245571023,-0.234125981,-0.221626974,5.277201507,-0.18961817,-0.227227776,-0.187088579,-0.432571216,4.582871698
-0.10992452,-0.202199031,-0.224449282,-0.457038302,5.735634832,-0.274744884,-0.31379253,-0.215140494,-0.203866542,4.364162643,-0.209529708,-0.243603103,-0.267974979,-0.268091647,4.806269649
-0.191061401,-0.2790681,-0.221179382,-0.309787403,5.143113335,-0.229493181,-0.211647976,-0.287001711,-0.216111878,6.802319104,-0.284655842,-0.26402826,-0.283266189,-0.110240635,5.99386897
-0.338154979,-0.280644328,-0.233653788,-0.169248502,4.283899192,-0.254463969,-0.276384486,-0.241468158,-0.224673553,4.899917707,-0.223347258,-0.230141717,-0.263393349,-0.353438212,4.588653685
-0.207290405,-0.21994307,-0.254541647,-0.28523527,5.459492402,-0.153014567,-0.158507489,-0.294253214,-0.361088725,4.752195736,-0.233050694,-0.222121537,-0.246549259,-0.278737829,6.104581007
-0.264767723,-0.230584962,-0.225744164,-0.237935659,5.046516711,-0.244410254,-0.245668679,-0.203974556,-0.31033515,5.628530827,-0.186625861,-0.249237337,-0.230328807,-0.32779774,5.177369748
-0.265745517,-0.27093827,-0.240317015,-0.229850167,5.051155216,-0.341895499,-0.305262819,-0.261033505,-0.012667192,5.459676437,-0.180074964,-0.253808704,-0.247784387,-0.273895711,5.033762143
-0.184166508,-0.25229752,-0.196552963,-0.34596376,5.232625676,-0.382149147,-0.264870269,-0.243491181,-0.103238656,4.100047698,-0.228983771,-0.211810806,-0.230616515,-0.337135131,4.918138022
-0.237614283,-0.27927489,-0.248010566,-0.282259356,5.812326425,-0.366513602,-0.331705119,-0.228821389,-0.070329126,5.657020926,-0.242805738,-0.223682151,-0.238234392,-0.372194691,5.078800166
-0.266470465,-0.27414835,-0.22432373,-0.157243599,5.654814897,-0.339302874,-0.281530598,-0.23713095,-0.153135575,4.541031487,-0.199352674,-0.249188636,-0.245153329,-0.333120763,4.356615598
-0.275949364,-0.203561303,-0.246400932,-0.289738606,4.591530753,-0.208801966,-0.259377927,-0.244275107,-0.318875507,6.478315045,-0.193968236,-0.243850017,-0.238406554,-0.313058275,5.39404362
-0.25896297,-0.224732409,-0.264496812,-0.275231128,5.482336446,-0.265519153,-0.271840677,-0.224818723,-0.23986444,4.701470936,-0.2138219,-0.231616477,-0.220962411,-0.355834812,6.277769269
-0.239052422,-0.278285646,-0.210505306,-0.268366438,4.885255979,-0.257962365,-0.222920525,-0.263442199,-0.155078781,6.153651324,-0.301345863,-0.268822228,-0.255559452,-0.14981654,5.090424571
-0.213614033,-0.277279056,-0.234802776,-0.247191389,5.565913877,-0.196358089,-0.191000622,-0.278371707,-0.341290312,4.588913892,-0.280512499,-0.267550068,-0.223431112,-0.223250013,4.74256551
-0.175811115,-0.209925745,-0.21453425,-0.417566425,4.71282726,-0.313218618,-0.2872571,-0.287743921,-0.16881941,5.549772098,-0.208215149,-0.236318849,-0.228170304,-0.307117989,4.964237359
-0.268229922,-0.234944704,-0.238694282,-0.221214805,4.973275653,-0.180080863,-0.264253773,-0.25743539,-0.302645809,5.432600912,-0.304438071,-0.288866157,-0.258431501,-0.100924897,5.382335669
-0.21142283,-0.247485889,-0.228544125,-0.3567305,5.344071505,-0.115085218,-0.257508864,-0.210059961,-0.409353237,5.580574288,-0.197064952,-0.243688534,-0.273400313,-0.287340158,5.554365809
-0.277992401,-0.25491122,-0.253848989,-0.217120667,5.676553594,-0.207770167,-0.259682667,-0.276870516,-0.301935402,5.067035855,-0.256083923,-0.253065257,-0.262536309,-0.216111901,4.560755025
-0.20297897,-0.215387208,-0.282515333,-0.341075303,5.618766371,-0.216325094,-0.294248548,-0.231465745,-0.218280923,6.449697749,-0.085456746,-0.203710138,-0.21791613,-0.398784502,5.852055312
-0.285208287,-0.287178355,-0.211747134,-0.30412436,4.990305895,-0.284342915,-0.279725588,-0.222997228,-0.179962697,5.531076089,-0.174867887,-0.224846635,-0.195782956,-0.428212736,4.913341807
-0.222945461,-0.233228009,-0.274436198,-0.246106396,5.400102235,-0.286441492,-0.265035204,-0.237637871,-0.181469318,5.129646648,-0.220062524,-0.23815776,-0.240225783,-0.342490167,4.904645733
