MCCL,,,,,,,,,,Naive,,,,,,,,,
hat_sd,,,,,sd,,,,,hat_sd,,,,,sd,,,,
beta0,beta1,beta2,beta3,phi,beta0,beta1,beta2,beta3,phi,beta0,beta1,beta2,beta3,phi,beta0,beta1,beta2,beta3,phi
0.171120583280328,0.0960109057589442,0.0760136600309071,0.274845348683059,0.660584890728645,-0.482946613,-0.281503304,-0.376531412,0.120304107438847,4.95575639181244,0.134250050470003,0.064175924242254,0.0499626242529296,0.26538634574189,0.609360497790971,-0.08815525,-0.186321069,-0.193099194,-0.525760252,5.36109626747992
0.100095036329615,0.0718676598236545,0.0676601401670945,0.165656950957289,0.587466274194978,0.0475241116369467,-0.08562793,-0.185929209,-0.483829657,5.26506599443012,0.145204780067481,0.0664019864130018,0.0630783256413496,0.214835940281677,0.582557781156905,-0.379890412,-0.315258836,-0.296258424,-0.012829304,5.29822621488991
0.18925764244663,0.0867059945022445,0.0798656627175591,0.293123277449826,0.65241373833015,-0.516418373,-0.369567846,-0.307298949,-0.049773121,5.58654912349162,0.128430907330314,0.0620471804484244,0.0667523980275027,0.25690258976922,0.56243114209356,-0.155706242,-0.304749507,-0.109012197,-0.523334454,5.4224893221044
0.166100897010329,0.0776211407782613,0.0746610140255241,0.267827844166258,0.560018118159333,-0.446486305,-0.218896079,-0.388525575,-0.018221169,4.69574749579399,0.115913801708058,0.0485832037392671,0.0683213721467731,0.208668185999083,0.714194088487153,-0.448383973,-0.249560852,-0.310270165,0.0859942512476761,6.62505736038393
0.186128307208358,0.072317380308138,0.0950558009222012,0.252667669573391,0.719212281169745,-0.600815707,-0.371848456,-0.3042097,0.207964853614029,5.45420969515546,0.130987209578019,0.0704331739148191,0.0573905601554898,0.236427479619088,0.540457117526321,-0.139561046,-0.221644267,-0.184379272,-0.527387438,4.39458120834197
0.190983058062616,0.0898233237764796,0.0804561959331982,0.290476252310725,0.544830031044607,-0.268204019,-0.240724085,-0.208347472,-0.039170075,5.06781162732489,0.145764178998137,0.0505714810292054,0.0628075219323307,0.230140371484881,0.573045677866315,-0.268634115,-0.189079653,-0.177783017,-0.330529092,4.91372426023126
0.196255706070131,0.0840372172850858,0.0793274192175675,0.277523667307579,0.740158317394052,-0.555004026,-0.356640354,-0.403667819,0.425960530603225,5.18751080304951,0.140837340079297,0.07425336112814,0.0767056410853948,0.246580725863933,0.579354424999053,-0.117270191,-0.111531647,-0.23289246,-0.649302381,5.05350388979996
0.174800139391534,0.0942223817053145,0.0643407586707292,0.318634427869225,0.644179750050074,-0.220659472,-0.20303404,-0.255249478,-0.834043316,5.81316279903156,0.154888179348027,0.0741665125223471,0.0726874690112223,0.262468183230133,0.504354095333938,-0.202762893,-0.215106155,-0.1186484,-0.530600411,5.02349615086582
0.150990497005146,0.066973733946515,0.0637758773937491,0.232675754567373,0.568947754754333,-0.268780258,-0.307057979,-0.279775406,-0.120215869,4.94182787469651,0.117653929123814,0.0647292028283758,0.0573220421752203,0.219395348619009,0.54766612016108,0.099596333364996,-0.105527486,-0.15376125,-0.803775105,4.95873539604303
0.170311140005851,0.0611601450090232,0.107792082927849,0.244983978968889,0.726201173684375,-0.126632137,-0.039416192,-0.295845228,-0.545562931,5.87053692781686,0.107472969804389,0.0479635504990613,0.0584064460809115,0.185621174078582,0.653393793222863,-0.091379299,-0.253929538,-0.056612251,-0.524432604,5.88338523997546
0.1518265207612,0.0739302973770577,0.0710551247520737,0.251707260084173,0.577154113775928,-0.272425187,-0.30268384,-0.267560543,-0.016988481,4.3629666216779,0.149889810062334,0.0646926667023437,0.0637626149854355,0.21131870189429,0.596709645269157,-0.447447172,-0.313180913,-0.246451754,-0.099263307,5.21767467650869
0.192353402002119,0.101066730188497,0.0918027082643561,0.3009843069271,0.526212773060658,-0.278954763,-0.343132035,-0.165627512,-0.275234715,4.94041323830874,0.130584731938532,0.064199895228291,0.055037694654259,0.234547058128427,0.619041370534169,-0.19219079,-0.206200327,-0.168110977,-0.358900853,5.03488214470007
0.160617075646323,0.0826951284847113,0.0755510811932983,0.244901695268401,0.647173505383312,-0.323660681,-0.24704218,-0.192255693,-0.23335396,5.61125037888394,0.131162789436356,0.0609483712519807,0.0582296631083289,0.225774822235648,0.568397085822489,-0.064813419,-0.160298627,-0.178981536,-0.452352479,4.63819515713151
0.136341166448471,0.0764606021188463,0.0866644487580948,0.238533383984981,0.639073845429136,-0.242351277,-0.21983101,-0.223271598,-0.270520842,5.75009231797365,0.140753272266771,0.0550446311248257,0.060130847091743,0.242002031262329,0.61981704820142,-0.293565308,-0.27801611,-0.189492362,-0.422787692,5.1070273020885
0.199777277951456,0.0913469421965144,0.0837662950547952,0.314540450930277,0.602431960130588,-0.263960262,-0.315884724,-0.250618605,-0.168620989,4.97577746742684,0.109999771078187,0.0568916104151452,0.0445662978420208,0.162635478453129,0.61736477889284,-0.288997371,-0.265668475,-0.170234622,-0.225833053,6.00489900592803
0.157526726940694,0.0715575856601607,0.082847288843527,0.236222277816118,0.502851922642773,-0.132216001,-0.247688442,-0.116405695,-0.208443533,4.04761842202471,0.126775554810779,0.0551705743588094,0.0577305886197395,0.233657065483972,0.769092874627854,0.011654921227015,-0.052866903,-0.230987598,-0.90887459,6.22900113092294
0.171409655112679,0.0729718318784007,0.0700187673274998,0.265980905877921,0.597076959428084,-0.303983312,-0.220937957,-0.319264521,-0.163088341,4.97626390578343,0.124324842639633,0.0501971816292355,0.0553307983697345,0.221335008429096,0.514127090977216,-0.048991251,-0.180376987,-0.179212016,-0.464349977,4.42694908209144
0.158710632686126,0.0625768044910271,0.0926326665025315,0.231626981368309,0.733489431310282,-0.407561408,-0.258013291,-0.258703638,-0.284159874,6.08027380802438,0.130672116393353,0.0553689582691985,0.0666412980875124,0.253012618267193,0.502049197589133,-0.131800442,-0.113948032,-0.264532814,-0.724693277,4.88790917878278
0.148588021642386,0.0719307083815167,0.0842361786039009,0.298882266196324,0.574640029740758,-0.142236382,-0.115659707,-0.285881285,-0.818690718,5.51216554561585,0.141626533294489,0.0536094422454079,0.0524238791842982,0.206997338769711,0.722057355721181,-0.333912457,-0.19168962,-0.346975087,-0.230685578,5.8193002072405
0.21380408643098,0.164055431494081,0.104278663964457,0.28566173525473,0.766223778047084,-0.45433271,-0.54389057,-0.146520525,-0.052836813,5.85761017758976,0.136018647763026,0.0553344274560085,0.0624750962203916,0.253951761969222,0.503971888311534,-0.012671105,-0.216510054,-0.222458505,-0.378485325,4.35230476047695
0.185850146034708,0.110236453629173,0.087218281135592,0.368068915542531,0.675917333792454,-0.516583448,-0.390921468,-0.199246324,-0.420983315,5.88154003912662,0.141457416125355,0.0554197812062049,0.0598493245161752,0.222376440576381,0.498579463880441,-0.214874302,-0.193439474,-0.298011605,-0.385928595,4.49316630224315
0.135135754624168,0.082985115647988,0.0736232022527191,0.243021633915705,0.545012691999743,-0.387694502,-0.394189094,-0.240513289,-0.022060326,5.62195403131481,0.132549561940474,0.0573167440959293,0.0581054955914072,0.222711783939612,0.531073434650234,0.000365232688380374,-0.23715895,-0.173728154,-0.617022987,4.7907534122473
0.194872865252776,0.0936679478078531,0.0604233812018269,0.278849044523927,0.697200512355748,-0.484279834,-0.367481844,-0.274861328,-0.043455294,5.74019600153646,0.135378002052098,0.0580367712725402,0.0661410996067,0.202001643714009,0.520220359405556,-0.232629794,-0.244944576,-0.222522229,-0.211014502,5.0967871078213
0.150400905501129,0.0790980565070761,0.0602231596427989,0.220974034625999,0.630970480794401,-0.20221886,-0.252164695,-0.264765365,-0.189756964,5.0803015243571,0.128470517647953,0.0601724671841861,0.0511944634869603,0.189191281432165,0.681273633242852,-0.23998241,-0.199491289,-0.251584096,-0.220287396,5.76613790411726
0.182188538590244,0.0874714047861509,0.084143533393197,0.307188426655446,0.649695638648391,-0.353925852,-0.232326025,-0.269742714,-0.402890723,5.58937705649346,0.167426805472206,0.0714401036499955,0.078581281055864,0.246728585289401,0.558909084128496,-0.194965199,-0.236784125,-0.200696753,-0.477928005,4.56003808455051
0.16910251977251,0.0895581749970824,0.0777229032286417,0.271125450171459,0.541401206544482,-0.235782051,-0.351650197,-0.181531796,-0.03469286,4.76400125478799,0.128553495949283,0.0650969642384265,0.0610532971073505,0.209275757804396,0.593393253025286,-0.254703378,-0.323669404,-0.098348853,-0.270576601,5.59737402960636
0.147843341693041,0.0708603262345481,0.0892684110585028,0.261368237857104,0.64720851362687,-0.419383138,-0.242741997,-0.359655562,0.00447728232131393,6.12978910053529,0.122030515848521,0.0672374948892243,0.0564810273852082,0.237658678429166,0.692241219137354,-0.169570389,-0.235226945,-0.12937296,-0.629227032,5.75056157048394
0.160001610341229,0.0628117432376364,0.0863639738621316,0.289713406014579,0.637378718858416,-0.17107438,-0.146759544,-0.218271863,-0.367911136,5.6770345181458,0.123928197172439,0.0580794880309609,0.0505028234175784,0.2163450073927,0.530295756018781,-0.067605191,-0.196208456,-0.1803747,-0.580460061,4.4010478733231
0.178879618376706,0.0772698230984069,0.0813511120021019,0.243493343695763,0.642275748273115,-0.316787968,-0.263484976,-0.248576898,-0.191539203,5.31888521427846,0.140476528467133,0.0642916266668692,0.0553235211797742,0.273093096233972,0.551494348459195,-0.350310671,-0.297995546,-0.173202806,-0.405923138,4.9366409139846
0.148441224454969,0.0707758117505936,0.0790230851548685,0.2505063491427,0.566646004064615,-0.318751109,-0.308059262,-0.202187874,-0.021327142,5.01462769486862,0.12759269818388,0.044910590077981,0.0650405322544813,0.216605214458433,0.561776463816436,-0.160825525,-0.234270197,-0.233348571,-0.4546893,5.30893568350195
0.13397959113945,0.0742442713712612,0.0879634139070475,0.232086849139349,0.57095204616343,-0.296095393,-0.187712599,-0.283607192,-0.02554404,4.85015518670912,0.154693656930763,0.065635545150014,0.0646615503474746,0.246714040486858,0.479048584337591,-0.399636331,-0.248992986,-0.354371211,-0.010067966,4.73600206894707
0.153146533869676,0.0713021139157292,0.0822952419333262,0.266506159956411,0.696304287410053,-0.280136988,-0.315298408,-0.321573765,-0.215949033,5.87273542954582,0.149238172256984,0.0782553606980385,0.0569315453736385,0.237694954336358,0.595247771030034,-0.304550077,-0.2771607,-0.171638477,0.0462694353420099,4.89876370617335
0.186555661511062,0.0816953329749902,0.0786377298527234,0.307853772916371,0.610202611420438,-0.366251403,-0.236914018,-0.309626719,-0.379501969,4.51884688435133,0.167963301781464,0.0646327359751137,0.0628426578973052,0.245009654686025,0.596831726880347,-0.542352946,-0.305009784,-0.265042169,-0.120565311,5.72125380274226
0.142308012733081,0.0839257292422077,0.0562934458844051,0.234595020584519,0.587157727115138,-0.164392635,-0.301151475,-0.106166304,-0.366747727,4.62297810218459,0.118829629837102,0.0564626048871104,0.0522739564099173,0.223972772453851,0.49357911079963,-0.274722504,-0.205757741,-0.332542639,-0.250366943,4.90575211537032
0.13701205008918,0.0548449912095841,0.0679262470604616,0.21371150884783,0.606603238706192,-0.140141436,-0.242039582,-0.198628319,-0.38349005,4.7753932410765,0.131127655858364,0.0593851736984802,0.0535514066190454,0.244531262445519,0.667515975129252,-0.300910757,-0.21949112,-0.279292568,-0.090820424,6.23903878740516
0.208567279242576,0.144317423301631,0.0908132662957577,0.367220749695065,0.6120149217119,-0.295340602,-0.422281904,-0.186452785,-0.155704723,5.53217534744224,0.147283449215592,0.0668812979031413,0.070911057993409,0.276129033581777,0.665368502332992,-0.236749812,-0.162191586,-0.167886039,-0.779265418,5.39345694798707
0.137408306222761,0.0855847639384222,0.0733487523038045,0.209688506770167,0.535108489768287,-0.175110231,-0.126871759,-0.319783888,-0.293098537,5.17371904790194,0.128928124728412,0.0619192212957072,0.0572614628205923,0.225202738776087,0.497270726961867,-0.055804529,-0.131594922,-0.225427687,-0.466360162,4.77064867262435
0.188289671643914,0.0639299814364726,0.100787103163049,0.310977421225801,0.64314075336265,-0.544406201,-0.314394283,-0.257861032,0.106086756311135,5.61735684985723,0.146206280437181,0.0634323398863886,0.0590284313620733,0.219086815482876,0.55915322088185,0.00589138076848101,-0.163445502,-0.188242009,-0.427327325,4.18396897542053
0.168241562902177,0.0973566243318369,0.0719906094322552,0.274402144549952,0.694329657420846,-0.077851687,-0.36635445,-0.075368633,-0.59906518,4.2346227497641,0.129223968651275,0.0602251220139876,0.0618725160943795,0.234597470485346,0.478506012073117,-0.076663242,-0.190266524,-0.146732452,-0.592027446,4.42849430747184
0.169942331581408,0.0715437252674214,0.101127326579163,0.268167870866871,0.544030859294679,-0.452233553,-0.208714712,-0.298574974,0.0423158495531954,4.93850056916256,0.131657798062797,0.0530035499732655,0.0505440782591597,0.204754011570462,0.503304610732584,-0.052966053,-0.221638234,-0.137482722,-0.41477125,4.79908508784854
0.129129894095086,0.0834046123623175,0.0558427125688398,0.251876443797219,0.704296788419584,-0.170435718,-0.21101624,-0.268616776,-0.768774497,5.94022145410197,0.12867171785478,0.0478183186697193,0.0581569652694497,0.226353010920887,0.570254284380088,0.11493769480649,-0.135300691,-0.150345503,-0.831760004,5.32914927313555
0.212511153425406,0.0873972591313333,0.0882826465229525,0.293759585162107,0.696133961090897,-0.376265833,-0.364001974,-0.320850202,0.0585557519522398,5.40681674324393,0.115333471855434,0.056387773131391,0.0494877236589115,0.204969591933765,0.675903664159753,-0.109713519,-0.265447864,-0.253698787,-0.406866629,4.69371647252675
0.164308152325733,0.0822808512419627,0.075219836958569,0.262919892800325,0.65429921893384,-0.123373297,-0.120264629,-0.319412909,-0.190280269,4.66233171765014,0.144006143599298,0.05496271588053,0.0711264694389414,0.223653640519757,0.615378118113109,-0.445365663,-0.211420332,-0.425891833,-0.071378866,5.51770794458695
0.175380693278698,0.072151598433832,0.0806526758398749,0.264478530521707,0.510769821666844,-0.140210464,-0.249916262,-0.167981127,-0.302458203,4.32770503103746,0.130245329457522,0.0542141914862566,0.0681829877742694,0.238014445329827,0.583453933092396,-0.202765721,-0.191112765,-0.198048218,-0.530465202,5.70929491322027
0.134817188937168,0.0560106843915698,0.0813674784082603,0.26479368392501,0.520091325318714,-0.466774352,-0.311962187,-0.286582938,-0.117221348,4.81466341834589,0.112802176661214,0.0558328759573567,0.0538807056883043,0.185608255342077,0.617172255177162,-0.411148066,-0.259993793,-0.127572286,-0.046703013,6.22703670631814
0.253557735932513,0.117532954750294,0.0786927143194081,0.454559595493438,0.47360558121911,-0.375231083,-0.301193703,-0.273583713,-0.118688041,4.42370012260576,0.119447669095326,0.0586020200384063,0.058466476181085,0.238372803372255,0.624364241188914,-0.279751795,-0.244262794,-0.236648665,-0.450397155,5.43593170262158
0.130028594283358,0.0715927912688461,0.0747905951426,0.223202520992369,0.595383260122759,0.00932376595136476,-0.25323991,-0.002498852,-0.522183428,5.26046942673368,0.133471095719755,0.0649898020750743,0.0658899452591033,0.304342232464953,0.710272247657073,-0.203706462,-0.27531382,-0.179439871,-0.720912828,4.64336711522309
0.215275619435022,0.0930721679273989,0.12398523126289,0.357903997844595,0.752414004312306,-0.418533595,-0.318267135,-0.320416638,-0.251420809,5.49565092951063,0.138834500542545,0.051291906349694,0.0603370470610943,0.246033362530022,0.654651896871194,-0.173643665,-0.134575749,-0.241127021,-0.588693516,5.79915643883946
0.149457994754218,0.0655399528062144,0.071499712441489,0.243922352113635,0.700513159107207,-0.253174844,-0.266289665,-0.217148475,-0.253256445,5.61123351065799,0.126990782212051,0.0603823360061099,0.0507890929881294,0.220028463645194,0.658045822524759,-0.218439168,-0.142516533,-0.239267276,-0.204182217,5.15345847481191
0.156089395249002,0.079995812020666,0.0631787049013812,0.325001388480258,0.558261001966334,-0.218095304,-0.299741655,-0.144827918,-0.418769967,5.01373344701671,0.148389892850697,0.0595003287944653,0.065584789574481,0.264673630984454,0.499754897241284,-0.158015484,-0.263679079,-0.159539987,-0.368385427,4.42645664323321
0.213556594744815,0.0794617466324564,0.0780304564113477,0.296289914464185,0.76919640769511,-0.286809728,-0.227570279,-0.309068819,-0.181817675,5.73564688535108,0.134021159911405,0.0679087449930789,0.0457917613112362,0.211769335897316,0.48691580329107,0.0606655193749662,-0.173542342,-0.094025844,-0.380917365,4.32142368280294
0.203561682374475,0.0963192943237337,0.0884115926757682,0.334356582862363,0.621174118471218,-0.28212529,-0.230491348,-0.301688544,-0.228340161,4.45473921211978,0.123595531209412,0.0578734178702683,0.0572144389686029,0.222160969158079,0.636045197587559,0.0168269120606785,-0.121596446,-0.264987683,-0.718884415,5.42093813207147
0.183695177168562,0.0961881110235454,0.0637123755738058,0.30741743864806,0.686778933706367,-0.33731825,-0.349411937,-0.172888488,-0.532709158,5.2419242758809,0.121470225384911,0.0595962675519042,0.0533741765136944,0.231795508580854,0.50686821230038,0.0923426854963022,-0.076875571,-0.219176326,-0.589562429,4.52645881782347
0.152942883537545,0.0815682800927102,0.0724134401788041,0.254541811620832,0.617380011378121,-0.343108761,-0.236495025,-0.224126712,-0.423115805,6.53746681510465,0.134160343396031,0.0619847112562434,0.0637676647480903,0.239210191258108,0.546189156985222,-0.272229541,-0.189968847,-0.256140373,-0.588556566,5.18559706443424
0.163968797408741,0.106104730221916,0.0798758819184916,0.276968598502667,0.505089061845436,-0.109103655,-0.262205164,-0.245408095,-0.140781901,4.37047084200382,0.117518532322768,0.0464495135544986,0.0492404057501696,0.183732303871112,0.562121761220486,-0.267964767,-0.288509491,-0.221220115,-0.120938551,5.22571535039986
0.186895770612834,0.0931498725124525,0.0794039281933757,0.321567281264132,0.515599556940778,-0.046177966,-0.111214974,-0.196555933,-0.475791839,4.67634857978118,0.134334088958003,0.0502273151156763,0.0520946422544527,0.234769882268075,0.606253786860681,-0.223411725,-0.180965312,-0.209914807,-0.31600309,5.35605922729534
0.155143049273587,0.0791342079298181,0.0812543642979213,0.248640082369004,0.439119087740857,0.0580670984097367,-0.12461553,-0.270477392,-0.297599891,3.97950874398703,0.135107266045627,0.0503704529410775,0.07342656653296,0.233822439542328,0.702862299787017,-0.115469252,-0.111921008,-0.286110955,-0.58871837,5.10032869805604
0.161248211382974,0.0839469517732356,0.0763098880931632,0.280695708283065,0.582750880103715,-0.313970722,-0.343617254,-0.197269012,-0.253290985,5.82418363606241,0.152874539010036,0.0688141388971823,0.0647379450473941,0.2752804015236,0.493708357532651,-0.046143957,-0.23835595,-0.106977167,-0.323575623,4.01834202798552
0.189116619993949,0.115246505525469,0.0687434491820466,0.242080403231451,0.680521793584528,-0.524032429,-0.462437243,-0.261107007,0.212083480589553,5.32500532166202,0.12538811135278,0.0667310561596209,0.0471322621376398,0.20278160914498,0.534930950549229,0.0749599647905066,-0.093867945,-0.166025015,-0.743528266,4.94619826036505
0.126672773199264,0.0786336695797735,0.0496290102685067,0.236236853771797,0.695714685943238,-0.166195416,-0.152123392,-0.230501484,-0.489056977,5.54294652413868,0.124157374169677,0.0516358877144157,0.0678727706671336,0.232397072473334,0.467703465143744,0.178150240997054,-0.101445739,-0.092756492,-0.804333924,4.27868851312868
0.148858217875719,0.0754796884774405,0.0605641046585255,0.206213632077502,0.608770298986804,-0.3586543,-0.313844004,-0.373706053,0.108000274531559,5.11932446867077,0.138320194943261,0.0665888200088933,0.0473960116291766,0.233072184603021,0.552987792707652,-0.162141707,-0.269267244,-0.109955489,-0.291000306,4.6949312056852
0.136967214076864,0.0611762393180779,0.0840056809892482,0.258908496292979,0.606017698347443,-0.02102378,-0.12945974,-0.198932933,-0.608172873,5.1213194253024,0.118085747173525,0.0571098840036224,0.0553333644627346,0.232189240760531,0.635209233205947,0.0682269095220361,-0.059579593,-0.177947064,-0.778107168,4.90323830537621
0.129288208362971,0.0730262267423045,0.0793118010512882,0.232170222606183,0.564014272775943,-0.294227649,-0.229881967,-0.222993423,-0.139861769,5.33810232476814,0.126385595096866,0.0507237516010419,0.0563576565661017,0.224289674638202,0.597235723894655,-0.12806369,-0.224592953,-0.213780836,-0.27513619,5.16207159750854
0.135082690039696,0.0707655949080591,0.0707661581808284,0.23909299564289,0.824411652353431,-0.228347237,-0.290663727,-0.279909661,-0.672278607,6.51946042658415,0.177334226572775,0.0623332053674563,0.0831473796654465,0.276313983509309,0.461499716226583,-0.261526684,-0.214419058,-0.265902403,-0.292219325,4.23504848727996
0.134878695348448,0.0610543536825654,0.063952171634565,0.212170896556928,0.490210475905929,-0.173049356,-0.121041749,-0.294909778,-0.311406052,4.8672024036788,0.124823533450197,0.0536063832452844,0.0485305120731792,0.205255917204766,0.628355283704725,-0.443990878,-0.357498444,-0.162235711,0.0419229109813428,5.75346228142758
0.188276233225418,0.101433409116171,0.0921015029582039,0.3108609085704,0.69157631483397,-0.469931101,-0.289932175,-0.390423997,-0.078868061,5.59804997344404,0.146194568246006,0.0707121072055352,0.0740983643931579,0.236974303327081,0.461226895599591,0.0172130234177153,-0.167466792,-0.155566315,-0.544517041,4.26814349289324
0.174762700129613,0.0771320987309355,0.079326388385261,0.240301979934606,0.587390444779227,-0.394023798,-0.333815614,-0.305056064,-0.088285757,4.87169378865133,0.139264645809062,0.0538302288807145,0.0588350456804369,0.255425095553025,0.617089492053926,-0.366804171,-0.289926006,-0.175868717,-0.211420634,4.84822593250961
0.213297098096396,0.0988002445240797,0.0988848285855631,0.31102037830365,0.829244846158212,-0.502182806,-0.330088877,-0.292932111,-0.526945954,6.93885449662082,0.150427256587889,0.0728094211089268,0.0622883635441605,0.253400167548766,0.583068823825783,-0.021311347,-0.102917257,-0.184269845,-0.99659913,5.22151249884969
0.157039976551735,0.0854503439607813,0.10338745266806,0.230117709095928,0.465184595283796,-0.113119788,-0.308877264,-0.20742317,-0.407750655,4.47025058663324,0.176022367481696,0.0812738468552092,0.0756005569465469,0.290131579893973,0.641097416696315,-0.094680804,-0.16225609,-0.185372363,-0.773525603,4.87919852961216
0.157030591647675,0.0783928457903924,0.0719922618013282,0.336438237206616,0.707942903942975,-0.040011706,-0.064901776,-0.31872078,-0.89103802,5.88821638735382,0.132361555860665,0.0614589464213434,0.0695154651579352,0.261145734924884,0.673292303394705,-0.182781331,-0.189827505,-0.136233015,-0.43761005,5.27007815777336
0.21400596678392,0.0949194004321356,0.0869707450212513,0.356970785319548,0.559519677296692,-0.34933406,-0.257300387,-0.275212008,-0.237861431,5.4733838768065,0.14809026220045,0.0649385340402937,0.0752214748858396,0.25197351085128,0.543428854923938,-0.28687674,-0.25877455,-0.168453435,-0.464757605,4.69319763506003
0.161946386523244,0.0888555663943156,0.0664971056276786,0.23903995995205,0.641851826276633,-0.186343371,-0.187519539,-0.225511182,-0.244316275,5.01917027973788,0.106907884565748,0.0526205015199413,0.0584076038168969,0.199527610864961,0.593626765910611,0.0336651906250892,-0.30313825,-0.118441235,-0.659948865,5.04913554061014
0.145232077918769,0.0759314182995145,0.0587001507825216,0.236462792193698,0.483435603162892,-0.196508338,-0.287927928,-0.247591539,-0.172624535,4.09176671616949,0.140681694313219,0.059916089693102,0.0574179889891829,0.209056875958521,0.552341418355783,-0.144102182,-0.225088938,-0.105966521,-0.372367584,4.74262404892222
0.233036808143855,0.0910950632229558,0.121564322181534,0.38959881898656,0.634918731576882,-0.28038593,-0.33960675,-0.159327939,-0.215452836,4.96525701800771,0.139108701515787,0.0644346068484166,0.0557593305788269,0.250103182343373,0.620653998345898,-0.470639648,-0.271422089,-0.287772452,-0.163523221,5.78218678131803
0.163380965019312,0.0710510824840369,0.0825616207549966,0.2973449489618,0.626147680038048,-0.408814461,-0.318915177,-0.356749517,-0.133020352,5.35725181451066,0.130447092897284,0.0648129366057302,0.0588542827208399,0.205278352525242,0.550802000584341,-0.162337196,-0.273936991,-0.158930413,-0.168748908,4.66710723981466
0.149239850263406,0.0652062070853937,0.0749163610963796,0.234976669147302,0.626537815719802,-0.115125984,-0.127554117,-0.264041755,-0.752356057,5.07695890789128,0.135797384128434,0.0572256592162415,0.0603136840614649,0.221202677182302,0.446464694602775,-0.154683631,-0.165099479,-0.267578263,-0.234827217,3.99023715748715
0.14531086183918,0.0819972652427285,0.0888479771511988,0.261375960085313,0.658933070103144,-0.138307433,-0.276489897,-0.187509456,-0.408665094,4.80745322586748,0.157138761259132,0.0671494486495997,0.0616027912475076,0.299929426810635,0.543639489112451,-0.098351077,-0.183896755,-0.251265836,-0.336637808,4.08659950077474
0.141726190083586,0.0826368399206509,0.0865272261566951,0.246589379787207,0.714328423558347,-0.384218396,-0.305590993,-0.189084835,-0.307925955,5.9160621799874,0.107435143792072,0.0494429683112237,0.0603471778196744,0.216861911491878,0.680912610331306,0.0773472654883808,-0.107136854,-0.134669623,-0.837668051,5.66287314426931
0.148442467636627,0.0654806843631446,0.0929244427595286,0.237059834464199,0.555139428198547,-0.235314921,-0.249161344,-0.284054059,0.080749418911218,4.81649007230641,0.14143523001192,0.0562160227942048,0.0610305006184462,0.226495751384672,0.673066617831422,-0.297467109,-0.245360868,-0.210717217,-0.309065861,5.42337813193183
0.144299278719595,0.069383360567855,0.0791131209443831,0.222439985180818,0.506143016486396,-0.118977166,-0.152803472,-0.270725531,-0.370666462,4.30904801093404,0.135802461891577,0.0769934249032988,0.0730024968354191,0.256432316181221,0.470755206155462,-0.1043746,-0.131352621,-0.156741793,-0.629604416,4.51337784530361
0.214436049215488,0.0886608956783411,0.142488558050727,0.306384151345003,0.738348023971512,-0.561262011,-0.217054912,-0.457217268,0.109589561700774,6.13725620550937,0.12431103649885,0.0528724860649583,0.0429412170170537,0.223965751663811,0.563591656370954,-0.162426009,-0.305289959,-0.151154134,-0.694194167,5.38187251494654
0.151118723768663,0.0793644345571539,0.0776372849992458,0.238644100855027,0.562153968860626,-0.228328727,-0.326337062,-0.303014666,-0.024130255,4.64826318908927,0.142152358336935,0.0573636221861348,0.046808925378805,0.216294311121922,0.628375592423527,-0.22236849,-0.288971689,-0.144961843,-0.316406249,4.91557595730711
0.162196381602573,0.0847799029231527,0.0729754819870713,0.290732195022247,0.622334318773043,-0.223049408,-0.294153142,-0.142237028,-0.648891813,5.23855532661092,0.134437751172434,0.0619954990194318,0.0607576273333213,0.207653286218305,0.519048757886936,-0.206784956,-0.249139647,-0.20218757,-0.31109555,4.8248791038718
0.232439965990319,0.0967680487219156,0.0703539784933914,0.318569886029799,0.578556384852171,-0.599798022,-0.448906052,-0.286103977,0.215796302582812,4.32702577137937,0.13468940745394,0.0713538752469914,0.0559323949768431,0.206015434986371,0.604453866886411,-0.194626,-0.229800112,-0.179029154,-0.160928799,5.57081770739539
0.161282446134108,0.0708144936004968,0.0930702219768535,0.205856510716596,0.585085324216455,-0.396882963,-0.328305241,-0.317700855,0.178066052028747,4.98321369134382,0.141176706246624,0.0663627944442795,0.0708666972879671,0.214329610147943,0.629377459355883,-0.294558608,-0.401451487,-0.240742052,-0.021012234,5.20407225881322
0.152027680171279,0.0618170025744874,0.0657796153233614,0.24387612954088,0.599345847077486,-0.153228323,-0.200966161,-0.290148103,-0.108898941,5.38769635825802,0.114713791089575,0.0453691554454327,0.0665136132154005,0.229403810215835,0.610859763167453,-0.029656373,-0.19010683,-0.137055425,-0.714096236,5.11013991515829
0.17779111678142,0.0923471783490409,0.0785761452054712,0.320450805268855,0.763192033964594,-0.19998849,-0.177125593,-0.18787467,-0.23856049,5.90161390614132,0.150011923616087,0.0602252967452049,0.0665191591706298,0.215813372082565,0.565272785676546,-0.316361623,-0.36468088,-0.072503043,-0.494805895,5.35792039058124
0.131244638855629,0.0750014456275128,0.0854888170538803,0.208733704479157,0.74304078178702,-0.117060277,-0.071643028,-0.32606714,-0.654704011,5.3752228688056,0.105452540621706,0.0555590849679032,0.0546920246431377,0.230663703243105,0.633568843555907,-0.22554434,-0.130101621,-0.230815243,-0.673171284,6.33185041173735
0.202307240955422,0.0885775211804501,0.0971384178614443,0.324534409868437,0.603970222381977,-0.330293686,-0.30897347,-0.240045703,-0.124799746,5.34001274293691,0.134395225904803,0.0605323711933025,0.0627507630122732,0.218959868605026,0.591713357338224,-0.276372554,-0.286236229,-0.172648256,-0.263413708,5.50019437249716
0.186032814320845,0.106096324568998,0.0693938704085925,0.283437544008045,0.526791856299816,-0.268145794,-0.227815672,-0.201928169,-0.147937152,4.21851851721628,0.112951074635265,0.0401999231838461,0.0574886061324749,0.201295246036512,0.510653563815382,0.0970158444128553,-0.183015041,-0.182946886,-0.592128514,4.44835652911459
0.177256982877637,0.0696405195631782,0.0924561925264539,0.277939562612494,0.508871767169421,-0.192018265,-0.221632266,-0.224876785,-0.098440057,4.81881677705485,0.122551223471448,0.0573188176085493,0.0593047395550849,0.210697079049885,0.623856402026196,-0.242740695,-0.097449949,-0.358503928,-0.078821736,5.05362951830413
0.149682689344441,0.0804519836058178,0.0919897634205664,0.226668712641578,0.685752594302366,-0.434298963,-0.345859133,-0.270002142,-0.297954647,5.82673591484964,0.114972082101778,0.0487161435995875,0.0554045858007977,0.211198632926719,0.592748065151445,-0.228728485,-0.262979776,-0.168005008,-0.399995567,5.32509385215084
0.208252736958226,0.0866178240476378,0.103170276766964,0.338124909621005,0.648353755252211,-0.259828815,-0.243766406,-0.351051688,-0.334334732,6.19272649155168,0.147993308797546,0.0751807191827463,0.0727382365029973,0.263764987796934,0.527446805764239,-0.158957947,-0.222597839,-0.180486007,-0.762475812,4.72003592117276
0.180693670318913,0.0994430713731875,0.0688257534675769,0.244548207327948,0.489535212990109,-0.376227526,-0.33871603,-0.266008676,-0.207185477,4.88224101497659,0.127623591680829,0.0496165880478154,0.0576484692678788,0.234707483624913,0.561455833359977,-0.227053328,-0.202823018,-0.217073559,-0.287362871,4.93846738437618
0.159503449011578,0.0644740048070467,0.0810113483363582,0.27020785997307,0.639646608671046,-0.192779217,-0.133200224,-0.303725102,-0.478826578,5.00587396687167,0.124055102076402,0.0681311491366739,0.0638338103260936,0.233678014837516,0.570096267279388,-0.228531663,-0.152264091,-0.223233516,-0.561094992,5.34089653686986
0.148993263808556,0.0569374521394616,0.0797234182066379,0.238392922452462,0.551131015825354,-0.25624915,-0.286392875,-0.274253331,-0.013128914,5.16468639502606,0.127086344269809,0.060261580838078,0.0529973074397542,0.216863429079064,0.608316278058102,-0.134965828,-0.12914344,-0.238084912,-0.499345783,5.46946355349806
0.164031189464516,0.0956863127459343,0.078289219610651,0.260069663491232,0.509796626299342,-0.139979568,-0.231569792,-0.124637806,-0.232616936,4.68773152138803,0.153458608547905,0.0596262444811611,0.0620405336044315,0.281824323883081,0.591309772164826,-0.166579853,-0.222819344,-0.124167318,-0.74595841,5.33976319232916
0.20577165566513,0.0896931982660935,0.101579677415951,0.33054752006374,0.664754199558772,-0.646633497,-0.402890764,-0.347179208,-0.11306334,5.95996028063571,0.111622695702491,0.0512310254734342,0.06220920828579,0.235892089411655,0.615354630329448,-0.06837888,-0.217247118,-0.221289227,-0.657869813,4.80552798269053
0.186013192528038,0.103540900913383,0.0851912183785843,0.331149725322477,0.665189596705922,-0.190478682,-0.160074205,-0.195152096,-0.685392964,4.97875442776891,0.119999042985574,0.0570099036263613,0.061792464418524,0.18458906415513,0.565899940730318,-0.136344614,-0.20486226,-0.254079413,-0.450494654,4.80685366456972
0.282423218532432,0.126920616387673,0.1032714335095,0.439464766887972,0.562760782199676,-0.468347595,-0.372872607,-0.324035582,0.29921683308556,4.23545770445305,0.123925355920383,0.0574462536965223,0.061099983939212,0.196221420929402,0.462853056502395,-0.00815376,-0.125819027,-0.202341974,-0.541909807,4.08529022376918
0.140385601537384,0.0632508971038252,0.0645056688009423,0.231717380783715,0.621613912825326,-0.09739533,-0.227521046,-0.140503882,-0.567739471,4.67602440632155,0.115148637810524,0.0503793000263078,0.0567945878776561,0.211832275510945,0.623733299470256,0.0593911206201782,-0.129686028,-0.129841516,-0.44495862,5.33459740545363
0.176920732067546,0.0809876152136223,0.0736065208521307,0.25958702357894,0.494399232521941,-0.430279168,-0.338991778,-0.385097344,0.382057546850147,4.21594673665709,0.139968227664297,0.0581323654325067,0.0579391846672327,0.248792397688108,0.491106738795831,-0.011484894,-0.148212141,-0.149243349,-0.650759851,4.28506759389515
0.149542028593116,0.065942735435334,0.0681442859787755,0.265094490733406,0.630853254288398,-0.269953034,-0.305872051,-0.209344322,-0.120478844,5.54267145094195,0.121493846791693,0.0700382762586496,0.0579594290606954,0.246654276456257,0.498998119503153,-0.08607448,-0.336039044,-0.075579491,-0.628694391,4.65515333972957
0.234839873284763,0.112505740248619,0.126044175109417,0.397385209461441,0.62956229067523,-0.423803671,-0.256164582,-0.282783558,-0.172172314,5.32754499295845,0.127660441407604,0.0661385019711142,0.0478950483683497,0.220785099216323,0.719060614592391,-0.132955082,-0.130298399,-0.217774416,-0.586844011,5.43428737680125
0.185882216617548,0.0716809905515221,0.0818494490579539,0.245920406746703,0.586927998769256,-0.480923212,-0.177721191,-0.399992931,-0.293868977,5.49123535827344,0.148101226622324,0.0665468861589229,0.0727869731835154,0.253743526790382,0.479604048029689,-0.121386839,-0.09988596,-0.277326745,-0.494644256,4.41955675083018
0.137772194188663,0.0694393629119172,0.069915901815655,0.207112668532734,0.756915554994099,-0.320136034,-0.264425854,-0.309058343,-0.263201281,5.81891605382896,0.159600845862432,0.0647849067190353,0.0629832793418058,0.250112436055988,0.433074773050136,-0.335894876,-0.323717102,-0.169401134,0.0287904071544658,4.20607552122725
0.143170086350141,0.0846562636744004,0.0792618177034846,0.247643895819028,0.581749335400358,-0.116860827,-0.163536838,-0.239570709,-0.410914044,4.9434718488403,0.154629191886819,0.0646822227389729,0.0617522539360241,0.255373848548134,0.600551438857673,-0.162900209,-0.248861105,-0.222042234,-0.516518893,4.98825284938284
0.17211441394857,0.0860740407528896,0.0847089704061173,0.289248674996173,0.68983417253417,-0.256395365,-0.297873314,-0.112028698,-0.207494669,5.99616459595063,0.120995646674395,0.0547806998708412,0.0577939186553224,0.227034307648874,0.614478442658908,0.0380374469878986,-0.094555834,-0.163616942,-0.781519506,5.30981121944369
0.158814703610247,0.0792315821680386,0.0604424165662663,0.282588565622976,0.623285118514464,-0.182352992,-0.210059909,-0.237082723,-0.514896378,5.33001138621791,0.171903586266387,0.0502153015870826,0.10131872183056,0.241479028490242,0.619378006866585,-0.292412905,-0.110622351,-0.385309527,-0.480292332,5.05288591357384
0.214465127618689,0.0928268839544591,0.076883172655798,0.324873096673351,0.675920052650564,-0.665739845,-0.429849224,-0.331100544,0.405236369822287,5.73316652950088,0.14434912355854,0.0627645862606755,0.0631046558265531,0.250410856063668,0.619944748196783,-0.324943251,-0.251494253,-0.224791002,-0.198423474,5.4762525969204
0.173005926313381,0.0678402089899091,0.111698633918592,0.241805999656288,0.776434210399197,-0.231976274,-0.211815934,-0.253466215,-0.437955422,5.95735721759767,0.161381282437895,0.0544786783268151,0.0761359120787525,0.260331991718032,0.470813919577009,-0.182637154,-0.307097816,-0.109543467,-0.286542483,4.73213416626424
0.160202993949549,0.0638158450163996,0.0805183787948831,0.255434733866419,0.540521527300854,-0.338699249,-0.276991899,-0.245455844,-0.277016409,5.04382547468778,0.142424033817292,0.060927708631053,0.069047621910366,0.252282031168035,0.618713258280409,-0.108659571,-0.19884947,-0.279742653,-0.769976404,5.55023689373339
0.18704824278764,0.125163529340226,0.071754761637022,0.2805828253565,0.764010656694802,-0.279538524,-0.273504196,-0.325927881,-0.115101586,6.07387238154543,0.135420768191038,0.0659641292729049,0.0636124690303324,0.237288524935339,0.553653112482322,0.00684522675749085,-0.132233781,-0.123588419,-0.616783836,4.57073046683689
0.206134362795142,0.0972185591668611,0.104403803428415,0.294320712117426,0.555946018210408,-0.450665153,-0.284388361,-0.377089441,0.0549817963026998,4.52800812991337,0.137447639140363,0.0480579753640056,0.0602652377529287,0.246504880917088,0.687157565497629,-0.314015214,-0.192522043,-0.301850066,-0.005458258,6.178469954
0.139723378870582,0.0888201400837786,0.0945208373138208,0.25810779278316,0.532091074577927,-0.071100644,-0.264537648,-0.173240047,-0.642490763,4.86224898096896,0.12385676801474,0.0626141346546238,0.0558094981348504,0.217741351313089,0.525855273470331,0.0422802037168244,-0.124139562,-0.122357226,-0.669160506,5.5424650050491
0.163954795971986,0.0799678312449814,0.0846181987173359,0.277281665533365,0.709893930695609,-0.53991834,-0.357211876,-0.293794217,-0.144966414,6.15140002409653,0.117800066026664,0.0507534107216211,0.0541818167707057,0.209891536211527,0.559305447938477,-0.137780077,-0.209927972,-0.223072592,-0.285877214,4.85844129972362
0.131813234924987,0.0701238836867724,0.0607048672881055,0.216184767548221,0.747475750190388,-0.187014761,-0.17518497,-0.296064513,-0.276220277,5.77203071411555,0.142882275352136,0.0556118805652501,0.0521684470963753,0.21421961547992,0.574438977748656,-0.360784989,-0.251774348,-0.317750006,0.0194865793138988,4.7146613421139
0.208419911862578,0.0775249070523165,0.0850422075740442,0.287027187582346,0.602135675172794,-0.451399568,-0.282011107,-0.301277283,0.201404496644797,5.53845455193223,0.121288431451978,0.0502330180157158,0.0556394289959639,0.199062294435051,0.537881189293624,-0.002803344,-0.165518668,-0.136816457,-0.326171226,5.03186173511978
0.159599787450297,0.0990240145737778,0.0850998998630254,0.309144483396851,0.513021610554568,-0.133139015,-0.144249303,-0.295877489,-0.439781097,4.31121940653422,0.130264280128994,0.0636979079761863,0.058102639447124,0.286620353213304,0.607278736846369,-0.032963855,-0.225840627,-0.093623594,-0.680820306,4.68724158079884
0.14910238902258,0.0697247064190044,0.0617889087569806,0.217995228266031,0.521737434273821,-0.320733876,-0.450096907,-0.184025786,0.129136097850752,4.27973502993785,0.123231314590266,0.0562269048232338,0.0508357795077037,0.222876510690557,0.58452888688489,-0.062005754,-0.219309901,-0.223140487,-0.533970497,5.75643205186241
0.15642423572911,0.0920818981737974,0.0773358339927134,0.264880055399118,0.722646806932312,-0.131939006,-0.156715629,-0.236587753,-0.478697844,5.95737667724121,0.119959168014214,0.050783829357382,0.0498630181116277,0.190313791064241,0.741963352249351,-0.368800312,-0.293989377,-0.224957987,-0.202440635,6.36617206654377
0.183146745807203,0.0920405242771335,0.0881080102836176,0.287191543992422,0.585164475484497,-0.359844494,-0.221489871,-0.281978347,-0.076594658,5.36914103986613,0.127802591323289,0.0603672816221745,0.0538333447758622,0.242428423358445,0.615023210266856,-0.341638193,-0.21363713,-0.235388768,-0.275161324,5.25917214938262
0.192020001918673,0.0612198826515959,0.100941794544752,0.25242795018807,0.804543710871659,-0.640464665,-0.309696909,-0.374023333,0.0409183979808667,6.52843412140869,0.107393538950398,0.0546278676009077,0.0606581508949674,0.209630637367477,0.66991734971184,-0.194333577,-0.107732312,-0.253666017,-0.377757471,6.30246323090669
0.140850366210877,0.0576079405635744,0.0887203618778505,0.242352777094027,0.733899561517185,-0.152489332,-0.174312986,-0.157589079,-0.656913774,6.35524986206051,0.130520949368907,0.0671313325853829,0.0536162403624779,0.229262770501938,0.548976661483379,-0.056546231,-0.096140851,-0.199904,-0.533775142,4.81684235403044
0.156460690708707,0.0883581271884804,0.0791393900814554,0.26262238232662,0.623548300527353,-0.019772754,-0.168214739,-0.166103032,-0.659189365,5.26690067363883,0.141076854976477,0.053195500698159,0.0663454931142637,0.210837025210959,0.581224201069476,-0.442888836,-0.299136142,-0.317405804,-0.21730672,4.79826165178503
0.222412700548271,0.0804198972791557,0.095722786978561,0.306614406999213,0.657689420803949,-0.557157866,-0.349296508,-0.358537424,0.48597678155288,4.9306320229808,0.1386299970989,0.0616765830606718,0.0477798398737626,0.207836132350596,0.582222266837685,-0.021628396,-0.213671723,-0.126230404,-0.572607933,5.00610142053744
0.186509909432579,0.0821280555228624,0.103394625791417,0.352517922391104,0.55329251290402,-0.281255589,-0.347908534,-0.241690685,-0.195113398,4.98918417043066,0.1560049579149,0.0666422771909631,0.071668226403587,0.243894119270715,0.529355198444069,-0.314564354,-0.274242504,-0.250284032,-0.090803907,4.25820068330075
0.133536292193767,0.0884747522600468,0.0824041783481692,0.1978672311461,0.697455245133094,-0.332244574,-0.330713636,-0.209312049,-0.14387552,5.9202409356902,0.131200224670494,0.0532574746462102,0.0586869124659706,0.214189300551253,0.584858115223803,-0.235250856,-0.209013434,-0.148709391,-0.338620195,5.55919466918332
0.135394765594875,0.0693973462979023,0.0910329862033318,0.310478658377709,0.532263444616462,-0.004032385,-0.163634061,-0.109771469,-0.858781143,4.65354587217138,0.154922393538944,0.0636593271415082,0.0736743882477573,0.248907221851774,0.5188408606412,-0.200268342,-0.223317789,-0.13199318,-0.456823939,4.73244242758538
0.14880915131331,0.0850496987794722,0.0927647579177307,0.281399275514461,0.527013368163424,-0.104757327,-0.096318031,-0.244849676,-0.636047864,4.44916032997168,0.173849364018704,0.0737062668405037,0.0558122444151357,0.278551383452954,0.468758457608995,-0.365237273,-0.338110211,-0.256447974,0.144365502537488,4.21506519881536
0.185794007729621,0.0879341900740118,0.120977119264605,0.308650210827573,0.598184706968317,-0.370157248,-0.305797239,-0.300990807,-0.165520253,5.03314336778495,0.1091220792825,0.0564021460158953,0.056487448953128,0.219864344899074,0.710799019237589,-0.124511284,-0.231385211,-0.16318607,-0.398830565,6.12716598884045
0.137237531682893,0.0717413248049948,0.0783717919063002,0.248795924393202,0.712660843189398,-0.165645195,-0.175752745,-0.312063388,-0.420591328,5.19841464370005,0.122927219512557,0.0886905697362943,0.0596338544868176,0.200565090707811,0.540543120693672,-0.301158563,-0.246738071,-0.154930499,-0.250568377,5.21991884006838
0.165318491479368,0.073838828265388,0.0637928243800603,0.292530381369274,0.600852905540637,0.0123391476457438,-0.142727,-0.277533646,-0.527483772,5.33052328309191,0.13003379239381,0.0538273887606001,0.0540795476674257,0.194974542171927,0.511555800381919,-0.09710208,-0.173715352,-0.238075426,-0.380269537,4.74471996383467
0.198820262429711,0.0696171935828536,0.0720815331320765,0.291473143521193,0.617265023529825,-0.434870589,-0.149385328,-0.34745134,0.0810522447997611,5.02049072685972,0.113429370107291,0.0665747386491911,0.0552524455847769,0.193320823112594,0.621201698235817,-0.400226344,-0.277617465,-0.221643181,-0.223020252,5.48891255484753
0.147667015805609,0.0772721089071806,0.0657810908156686,0.256183550777077,0.490313414090509,-0.159460091,-0.158553485,-0.292223826,-0.400531337,4.5638487593459,0.117923992805559,0.0578004819262695,0.0654392947783349,0.304275951696332,0.560337874330098,-0.105385307,-0.201653486,-0.203062272,-0.847566028,5.17237199563755
0.201501239523735,0.10307913633461,0.102915471881632,0.347982970818895,0.547271642470394,-0.14156297,-0.112238928,-0.237616171,-0.438748121,4.34952361703178,0.122270431464967,0.0589858131286027,0.0501509791272229,0.249578745468894,0.510993576247948,-0.093076946,-0.213293475,-0.136179602,-0.673224339,4.67897750231028
0.143969264060603,0.0915453099357002,0.0661693297106541,0.24888493631831,0.608352013061531,0.0599482580485753,-0.082384949,-0.093822008,-0.644817739,5.00411045747364,0.139701652770532,0.0585957360948231,0.0635649208597814,0.21247053103975,0.50218837550727,-0.196094973,-0.222965156,-0.245762723,-0.09782361,4.44983531239049
0.150833240209116,0.0714634584774787,0.0607677823153341,0.222584119336972,0.598266149761198,-0.249028121,-0.258802203,-0.278818779,-0.1058645,4.72824726035433,0.140574131755075,0.0706176239726285,0.0591850736786021,0.261140148801977,0.592328557968382,-0.059743944,-0.114793977,-0.182779678,-0.658150755,4.69141303620885
0.326570002180628,0.118247280314048,0.147424596719054,0.461682074438753,0.777894481137876,-0.608380132,-0.361755741,-0.461035579,0.381607831134334,5.23592692779568,0.116049357945542,0.0559214418369086,0.0683919011786234,0.232434318403999,0.677157457488235,-0.24126933,-0.16064319,-0.271386812,-0.578555725,6.26394419910709
0.173511144714879,0.0748964353789396,0.0808546121474461,0.304708991174587,0.723332995016993,-0.374917292,-0.245728692,-0.287810724,-0.32059533,5.92821906708876,0.133534494970687,0.0621690142487637,0.0581182996672051,0.224829122268661,0.470604481105749,-0.059460252,-0.139061888,-0.240314378,-0.382206406,3.82039523724026
0.188066582651213,0.0718644824856869,0.0795491771832635,0.275110930901121,0.722847799938457,-0.28694693,-0.279151811,-0.235883235,-0.111054189,5.41323224804726,0.13562272661849,0.0614279647088766,0.0653271075459019,0.212961141614167,0.652777774177163,-0.211014156,-0.223494238,-0.21261541,-0.206548695,5.38607136818788
0.153640843421264,0.0732462750135497,0.0829773125025392,0.299678252774844,0.701083471328074,-0.42717239,-0.246092969,-0.347365061,-0.338183283,5.34149932774701,0.130156786147663,0.0587648167899975,0.06557719674064,0.204770972468018,0.493599423474298,-0.217744657,-0.196837953,-0.238427786,-0.154499221,4.48220403901277
0.17486568233757,0.0701408041914196,0.0994303682287532,0.226213944794996,0.746092071886854,-0.428224686,-0.222789575,-0.444411201,-0.022205015,5.78082457314769,0.126448272552345,0.056102853561037,0.0519874465944476,0.204922565195237,0.567144267411752,-0.492258772,-0.28084318,-0.272092631,-0.029344309,5.29664238883296
0.203120338480772,0.108616855423812,0.0854421829843025,0.284295522303746,0.647241540776721,-0.342978383,-0.334514229,-0.307365468,0.254504260652398,4.71557104594323,0.12186118490974,0.0450600871708241,0.0613882953404721,0.222256820439099,0.459766716976255,-0.162911612,-0.193273882,-0.080132491,-0.274554582,4.75640575581849
0.213178397722364,0.0841025808035953,0.110597702776161,0.32914880996798,0.696711322863607,-0.6022742,-0.324073145,-0.345505492,0.0508988062405054,5.87267316437919,0.119609804420106,0.0546028833205081,0.0600644889447999,0.221104192343635,0.645534861296609,-0.207729407,-0.228261761,-0.175962,-0.880220427,6.38654042852135
0.168369887595199,0.0913638342217527,0.095036761441508,0.313113074883432,0.564490597544427,-0.272800266,-0.275840503,-0.20808217,-0.259374825,4.65897307507204,0.126660087509496,0.0624739199687323,0.0477608060547827,0.243057012984802,0.576018701542311,0.026922125522808,-0.134317268,-0.084386258,-0.855036578,5.15332277958433
0.202649927986864,0.0706825204932992,0.111514571955707,0.308416284185634,0.70537245479147,-0.537857971,-0.232802075,-0.432276753,0.220179976606704,6.04216046152971,0.141451197284717,0.0549778472260848,0.055275003894068,0.27713192769056,0.524128298357096,-0.195985287,-0.234627648,-0.207561513,-0.541830714,4.68442731747551
0.152618915719525,0.0818670972994483,0.101274461391241,0.262721400861104,0.532110805237069,-0.281450498,-0.139428292,-0.317958667,-0.227197623,4.2826630569797,0.138598648718252,0.0688551350468381,0.0631996044461213,0.230111230725511,0.493604265613794,0.0280230518415033,-0.210947828,-0.099923876,-0.673917779,4.21935076856555
0.148822200381558,0.0982569404771437,0.0571352618543514,0.22907053102951,0.773879667999032,-0.411260117,-0.374198873,-0.243869545,-0.059421113,6.85823006222589,0.155607124385215,0.0642455324830409,0.0772240936761397,0.243334081094667,0.631438657776137,-0.03584529,-0.260600748,-0.170551112,-0.604983393,5.21927050247577
0.155810504492261,0.0733370877375262,0.0687842482667806,0.245283023804203,0.582115435190153,-0.114891764,-0.196420724,-0.191031445,-0.420091101,5.06224645536465,0.14171170997987,0.0629332878254001,0.0571451450512997,0.21775408983162,0.58424060484227,-0.105025887,-0.232558249,-0.188558463,-0.484194178,4.89535560381314
0.153528323277998,0.0957595956072606,0.0788119688588909,0.239884363233294,0.693687013564622,-0.352441053,-0.248547817,-0.22138818,-0.355199125,6.16428616893671,0.123569386543441,0.0567845830818786,0.0504639238473754,0.230862809977704,0.65530806365115,-0.227948703,-0.231008922,-0.186429146,-0.399812351,5.77621594089153
0.164517191789289,0.0729887037118593,0.0745166245363889,0.310351048337379,0.540171781606487,-0.339485877,-0.398766007,-0.227062317,-0.14606495,4.74068545369552,0.127951776155237,0.0592226970958681,0.0663734442323282,0.217879220090253,0.549713746122962,-0.226049596,-0.217646443,-0.179489051,-0.490825146,5.14335925717817
0.120497544818517,0.049362896877074,0.0825784728300561,0.232266335104614,0.503648101736641,-0.07530097,-0.17393066,-0.188270028,-0.438437942,4.57362857288133,0.120891722673712,0.0538319953543059,0.0552551996415422,0.183368635753118,0.520805436598533,-0.137277976,-0.232406139,-0.138119602,-0.090841039,4.60281473539689
0.153397704537585,0.0842196860801714,0.0664535886259845,0.251944048771946,0.606106349125292,-0.252540738,-0.2006902,-0.280008673,-0.322407322,5.78852203004903,0.124796576091536,0.057663608157336,0.0661746963240566,0.229727265648756,0.503323473613131,-0.096043478,-0.156184282,-0.230814278,-0.303780337,4.32420872629288
0.14891575527631,0.0742222222137342,0.080931171368221,0.236789499773664,0.515185007041713,-0.055347077,-0.157369316,-0.270914366,-0.512111548,4.19016642817225,0.154080472590052,0.0712415262922276,0.0589257381277929,0.238756060061925,0.504358216478558,-0.275092589,-0.234228609,-0.229812449,-0.195017939,4.54187475957888
0.142439886259687,0.071214956613047,0.0763536527269532,0.271892764765993,0.742397824007414,-0.260704743,-0.391029816,-0.100239921,-0.169711485,6.0580688294157,0.132697436201369,0.0578384567951894,0.0562177734766866,0.20282260657336,0.673986176672402,-0.323687059,-0.200004495,-0.24509326,-0.085867387,5.57068341622713
0.212808682960946,0.088885681453937,0.0971244824100346,0.313201161981165,0.651275476429969,-0.271456659,-0.277166239,-0.29641923,-0.212703297,4.88425353052997,0.130408927746569,0.0525723026322137,0.0642314136340151,0.234058212680021,0.431947042571055,-0.064885633,-0.240140939,-0.177527251,-0.47190989,4.10907546863495
0.173393897282556,0.0662180785118595,0.0807719640691719,0.285957271418184,0.531847787968281,-0.052916005,-0.087978982,-0.337313855,-0.241005309,4.35257660076368,0.120221491273541,0.0594613491330164,0.0567624021316134,0.221727277586653,0.584685418439272,0.000629971260504601,-0.106464569,-0.167309545,-0.715345673,5.51567657858902
0.179971992331326,0.0820951685591211,0.112321750713051,0.283908238635177,0.755002522507806,-0.517200534,-0.407104508,-0.309657416,0.092858204489018,5.17606153583999,0.137417684709207,0.0532522279447591,0.0573838109206325,0.225598247668258,0.567955383297392,-0.211512501,-0.131897406,-0.215931008,-0.34050475,5.09107515370724
0.187966320427367,0.0832949350732864,0.0894717374128855,0.304499674506909,0.672681635291989,-0.336336428,-0.267729997,-0.240407908,-0.461107178,5.47662698974739,0.142308561253258,0.0682825569194976,0.0675841418548627,0.266279481463028,0.522295031086781,-0.053219952,-0.207706402,-0.082217652,-0.610291394,4.41207295485235
0.148422373002571,0.0760394264433184,0.075357732007253,0.231709643966179,0.673757836925341,-0.53477296,-0.332510882,-0.291576923,0.0707615976112179,5.91230577174635,0.126716248276483,0.0552102380448243,0.0606196883173903,0.185909880911603,0.617051532604488,-0.318417918,-0.272483461,-0.179854666,-0.349656096,5.65487002121884
0.136939144090345,0.0573436380040112,0.0764478170718894,0.226408921512159,0.679442202369991,-0.215401376,-0.302928551,-0.227805109,-0.328542295,5.64589280489247,0.130709626846047,0.0555689234920696,0.0455741379086737,0.212571789701513,0.842896593691367,-0.429717793,-0.247258981,-0.209170516,-0.203397302,7.26570057539625
0.151026003209533,0.083380392146044,0.071126431638521,0.242891161579752,0.7055398284587,-0.260176251,-0.338607697,-0.227612698,-0.171836617,5.50143471924085,0.124429959071527,0.0547562889607884,0.0474180352174965,0.218134017153481,0.687917473216476,-0.231345712,-0.225834303,-0.23493106,-0.810778984,6.89297423676841
0.157313835746774,0.0945850135198274,0.0645467587511707,0.256664225403601,0.749644625399849,-0.275867357,-0.146770554,-0.290489829,-0.361955732,6.21918116721737,0.188567439205332,0.0803007288796272,0.0797657544115969,0.299836786871989,0.626926546073571,-0.252817282,-0.15721311,-0.238868727,-0.33977422,4.99673986320012
0.155385390106424,0.0875698543645473,0.0643319697348351,0.276930863935575,0.520265246604745,-0.135816816,-0.166487714,-0.258730229,-0.534858867,5.24714942388605,0.156555949711183,0.0578053805297047,0.0678070785573842,0.241608210429447,0.649952351792939,-0.323926097,-0.336322784,-0.189472298,-0.370138043,5.19979406575168
0.124507673218443,0.0722072636828657,0.0725868369630301,0.23188640296415,0.587481950289728,-0.209025026,-0.264891859,-0.185384744,-0.480862328,5.33357275504965,0.157003340372342,0.076312004798196,0.0574113152064317,0.253256177815193,0.598700396112645,-0.073575146,-0.258439144,-0.081260496,-0.611893381,5.80667075435433
0.156717300306408,0.0768332098428101,0.0716536688998964,0.273778537188749,0.651320880841934,-0.071577114,-0.123906863,-0.268163975,-0.555759597,5.29870474453516,0.135785393081037,0.0542870404117464,0.0598115218105815,0.234124525440858,0.612188888606007,-0.26848611,-0.218444142,-0.270941846,-0.14838703,5.01212434654312
0.157083661926304,0.0639184964787139,0.0643791870716334,0.221303041017688,0.682809009224274,-0.290384603,-0.322219482,-0.176861589,-0.258378175,5.20554491358916,0.121106699865288,0.0514518696201366,0.0470789403504821,0.223912388953967,0.571725393088561,-0.188279763,-0.168691472,-0.281417653,-0.719464581,5.71621584322031
0.169544541854325,0.0822961078894564,0.0684799152582909,0.28441173815778,0.655736031782832,-0.316194339,-0.193044139,-0.384287718,-0.306644557,5.79784949712926,0.146641684591805,0.0632627785618354,0.0654551739940614,0.267372328007028,0.596016257369029,-0.241747029,-0.189233839,-0.177538694,-0.293127075,4.99745489229923
0.167738461718328,0.0884204505579723,0.0791547147309193,0.257802898337915,0.465352207682989,-0.284044542,-0.179268728,-0.297357896,0.0618789841433026,3.7113905633235,0.134169637583846,0.0593609290572224,0.0624404041461916,0.248526083750959,0.528371589926774,-0.083166098,-0.162140056,-0.211258038,-0.579821102,4.88673956899809
0.156247620130801,0.0638681027033838,0.079837660270306,0.311371991463624,0.565206123128167,-0.380246954,-0.24246695,-0.371400211,-0.052499664,4.9879803058588,0.109922185235378,0.0565537838186391,0.0500705717630056,0.212561350251886,0.631944483907631,-0.044070815,-0.087857669,-0.224630236,-0.794722176,5.83962142580731
0.15007666792184,0.0798675160764362,0.0782694094251729,0.289172528692603,0.55784649891892,-0.338956493,-0.256112825,-0.25203334,-0.064023064,5.20147619822238,0.131221551819554,0.0509176542434736,0.0601022644742326,0.264547876783379,0.523625561214468,0.0116224511856624,-0.154410227,-0.132513585,-0.53741948,4.6065687488339
0.127774015395766,0.0692477960149147,0.0660277992388723,0.226420288651569,0.628073637900565,-0.070051599,-0.252997646,-0.151579073,-0.660768635,5.40201918841768,0.130824202107842,0.0505123895295449,0.0474920121619509,0.199554993794237,0.490634736817517,-0.20415093,-0.238376722,-0.261479544,0.0179208078804296,4.20300763310141
0.166448412101624,0.0825382671871874,0.0870040425199546,0.253210175467527,0.594652211712176,-0.223326277,-0.201509377,-0.228108194,-0.550199825,5.1626281861461,0.156766797280375,0.0666813435473605,0.0578027629694083,0.24845197219493,0.47536971796766,-0.384726246,-0.272612686,-0.256452359,-0.040936692,4.29822837178502
0.206767302772018,0.0854130465862491,0.127486185086449,0.332501265333286,0.521801747437987,-0.170884377,-0.266993012,-0.152922809,-0.365644023,4.5716551239037,0.103140685267419,0.0493369027703184,0.0501568191735842,0.19373440144854,0.611488196508928,-0.054810585,-0.151491062,-0.23361339,-0.471193566,5.2059392109294
0.161908208611222,0.0587909668844267,0.0584193873383898,0.257298076526263,0.533209062763185,-0.150870444,-0.264737817,-0.239554719,-0.331534578,4.9916271929804,0.131069681008585,0.060701770066697,0.0556948249861481,0.241929983616169,0.530745402192779,-0.132691853,-0.202968817,-0.132906346,-0.463312661,4.73265618519771
0.157234521399251,0.0871208905500666,0.0805809124592197,0.235641123686673,0.550157953644119,-0.148443147,-0.378815731,-0.200706207,-0.339935173,4.85210122345648,0.138775784552301,0.0656748935960337,0.0698157661682813,0.239033036670228,0.586961408618013,-0.156945073,-0.165582244,-0.28364447,-0.418955925,4.85917039150337
0.170927672795712,0.0804598927828393,0.0795259405963511,0.266675929632098,0.540638275567203,-0.013669492,-0.131525804,-0.274180892,-0.639278721,4.70937414588872,0.127197020649573,0.0524918371324925,0.0584125297212929,0.22247640705753,0.6191326292388,-0.165457846,-0.174612474,-0.211997672,-0.30518017,5.07265615791912
0.151452391031064,0.0779958154675728,0.0800809208621669,0.221010712186349,0.612309689591265,-0.122679018,-0.279283291,-0.236459679,-0.303956645,4.74936166121886,0.128292315010092,0.0622746315622272,0.0662146369119282,0.223922370749816,0.508074241880492,-0.129871427,-0.264598272,-0.142350402,-0.578548427,4.89443285258037
0.203296833544828,0.0979500349037813,0.0653650997278143,0.319745125874183,0.619771594190861,-0.495045339,-0.237532945,-0.357581805,0.142394443811584,5.27017636806412,0.146935278423163,0.0626444488495296,0.0709416498519732,0.242670945558453,0.449935849510075,-0.10679719,-0.258439934,-0.163726681,-0.475959723,4.11278649246247
0.154714597974399,0.0628952889784026,0.072395128680169,0.254894179504838,0.592184976374435,-0.220465935,-0.233409524,-0.226310997,-0.162499865,4.87865780790399,0.153258362501041,0.0549873144680958,0.0685194239732304,0.248827770682041,0.578305437711328,-0.250374553,-0.275706027,-0.247553701,-0.38824645,5.2739356537825
0.150616129007545,0.063252096918479,0.0744389395817454,0.304059250239076,0.627180904240865,-0.458361937,-0.226185248,-0.347618833,-0.479406659,5.94885775697929,0.188883409518198,0.0760121440203987,0.0608124834301611,0.336349876907851,0.640788771384015,-0.228172316,-0.187764347,-0.169285161,-0.318722346,5.01590457526286
0.130207155950227,0.0753308952563118,0.0716748544653795,0.252682959234011,0.568626544306192,-0.067298745,-0.174648601,-0.260141658,-0.345678678,4.7806998673565,0.138443053703082,0.0557197905464027,0.0698079657206069,0.216322243789695,0.483673308502019,0.0205415131261635,-0.127644111,-0.168397268,-0.372967742,4.45127711593968
0.165752337545556,0.0818070409486825,0.089580543075804,0.278227725910616,0.612388729601675,-0.292987646,-0.26658759,-0.327422088,-0.209066388,5.48199357844445,0.127451880690778,0.0460002613918943,0.0517813611756526,0.22651255559647,0.47531052510228,-0.025768388,-0.218834557,-0.16619903,-0.439700374,4.64934582994068
0.174936416203306,0.135451158849336,0.133311798373537,0.257693287502618,0.603867463128443,-0.345854434,-0.212064494,-0.276676854,-0.088715473,5.1123425568082,0.153829801849201,0.0564171837996036,0.0722548395095823,0.221457862258985,0.673123534575358,-0.274062406,-0.274571978,-0.149180828,-0.177845226,4.82187654534643
0.1533093207379,0.0897279885872003,0.0935952194214988,0.266419155613647,0.634331072671763,-0.404534661,-0.339664672,-0.284074083,-0.235109145,5.47242039037498,0.115797273949266,0.0535708782316492,0.0559700937006217,0.211292312935919,0.569726569823448,-0.11727713,-0.192819149,-0.19068783,-0.319288323,4.9069659626342
0.234430970600507,0.111385708814996,0.0799264496487258,0.357831074945882,0.646492763233593,-0.341675728,-0.319213312,-0.283177334,-0.328714152,5.08061464771051,0.123517840603323,0.0558099936282725,0.0599579164524884,0.219388609285572,0.516981971688115,-0.189255573,-0.200467886,-0.262073409,-0.321853818,4.61744572883715
0.21234434480937,0.0858505745926091,0.0905896980624188,0.337376815847994,0.719387188299722,-0.227172389,-0.215325031,-0.195300442,-0.385056143,5.14491487409948,0.104922463846688,0.0421870422274112,0.053931412577974,0.233299136954676,0.67497052370701,-0.334943686,-0.173314641,-0.275123432,-0.443647118,6.24926191867414
0.140455989785453,0.106303667015065,0.0976607253252087,0.282520079706948,0.582102674720777,-0.084017742,-0.179635729,-0.123785506,-0.812256825,5.39883587025402,0.119675699437744,0.0513050068186559,0.0631105736359636,0.204742836866511,0.61626908795236,-0.050975336,-0.14928597,-0.227881159,-0.477926675,5.52332580180464
0.173136344534541,0.0844378059734141,0.0830401452798495,0.311214419688807,0.540782412894963,0.0454797040240692,0.0439134267329691,-0.267468718,-0.799778779,4.03530913149607,0.146364117460036,0.0637777009212348,0.0609753730188855,0.23821519384047,0.534161992820949,-0.327469922,-0.263355213,-0.369922702,-0.048864127,4.97820845405074
0.15648118152772,0.0671104612189095,0.0677681888261523,0.275368924149045,0.749789834026558,-0.466413185,-0.224471728,-0.330415776,-0.086216609,6.02616766215738,0.143178474587579,0.0774754672753564,0.0678672555003152,0.246464315518641,0.450176760032264,-0.254577476,-0.176726695,-0.25888639,-0.152199166,4.14844338543995
0.132108178567609,0.0565142491609875,0.0640873125051912,0.220636554105831,0.558523034645802,-0.135341,-0.322651479,-0.128400501,-0.223422042,4.97168296323417,0.127666932091376,0.045302550339802,0.0526160878158139,0.21744707880899,0.652323764081847,-0.397113055,-0.317268294,-0.185479607,-0.225187207,5.57081109411029
0.110858203811954,0.0542667677863494,0.0627381920225164,0.206175561693807,0.621027723785159,-0.370139734,-0.194996127,-0.344682336,-0.07990286,5.16756428736622,0.135526535411409,0.0502561250401695,0.0581071425651883,0.222965879178695,0.590573515629173,-0.052441747,-0.215228848,-0.125702969,-0.527567322,4.93502462569294
0.148900667569675,0.0899074573697428,0.0851239651234052,0.278477005314164,0.637843315106316,-0.146757798,-0.206556793,-0.177386184,-0.574210977,5.58403650553787,0.127106021565047,0.0660671061887299,0.0607484162152236,0.220998671522072,0.673961733284853,-0.134226004,-0.177194973,-0.183788858,-0.495840096,5.8863935079067
0.120705876382131,0.0574481247179317,0.0719724062110283,0.20813817603301,0.636718315670165,-0.043536213,-0.155063008,-0.160716868,-0.437855535,5.2510689105013,0.13850638536403,0.0516490778916823,0.0569855010049691,0.260091284541783,0.557717296637175,-0.258577964,-0.151710596,-0.304574692,-0.31333366,5.07745407787251
0.201931809940237,0.126758693385733,0.0715737520627292,0.25680303194712,0.722894438904542,-0.481485688,-0.335875349,-0.276721104,0.0601445234585219,6.00248161358443,0.17186200162532,0.0740020528034055,0.0622894202680876,0.278945403181918,0.43209125813803,-0.255529732,-0.245736326,-0.309782361,-0.254404711,4.38180812933094
0.176766457990219,0.063470174135252,0.0973624926772722,0.302696589412785,0.55689560860927,-0.167405996,-0.234138666,-0.202606153,-0.371287766,4.90071122880641,0.138003901167291,0.0537529550124417,0.053773226626374,0.211417406051234,0.576145620988159,-0.110385954,-0.168839864,-0.242297038,-0.32342445,4.90765381657399
0.171898562565631,0.0733918671521715,0.0738560425605927,0.251342502619799,0.688131962002637,-0.110969337,-0.201227632,-0.328786367,-0.422677136,5.10666246544082,0.145477011041217,0.0633825294888981,0.0697604190006144,0.236658537371897,0.653383454350614,-0.339771409,-0.305617527,-0.23077209,-0.233589356,5.82880397840928
0.154312197191885,0.0617583306379603,0.0816273978976552,0.262089444784971,0.797772168825159,-0.552402732,-0.369958549,-0.333223468,-0.290937917,6.77342799944133,0.138431652206598,0.0548825158925658,0.0632327911575361,0.212453497111537,0.559256509113824,-0.201079238,-0.216550473,-0.181490406,-0.427316332,5.20740802986977
0.120144002542142,0.0728082069396158,0.0583346303143662,0.204009744479881,0.615570166038312,-0.189822402,-0.318789747,-0.156216229,-0.389950977,5.87456599265164,0.151814637901482,0.0680723437572006,0.0612909945943097,0.269764263972945,0.589929430591838,-0.242905175,-0.132802194,-0.194203507,-0.46960201,5.46535888032573
0.1239582667041,0.0777367686649556,0.0799063340021125,0.209525071667302,0.706725686909813,-0.248992551,-0.322061874,-0.163687074,-0.326731062,5.97996007480817,0.145175977260174,0.0598968533181078,0.0619173952879552,0.250354853946677,0.496353890386867,-0.35167823,-0.218510562,-0.217007486,-0.018247383,4.75200229673894
0.174350055662885,0.0825023874647747,0.0785726461107791,0.283595783168414,0.666598822305619,-0.280370992,-0.305852344,-0.147829263,-0.522660172,5.78846774349848,0.141950449339375,0.0603078778431718,0.0679470462152733,0.233938569378546,0.442221727966586,0.0120736176816354,-0.182865243,-0.187940341,-0.463320063,4.31768394943153
0.173649273563721,0.0643440670538985,0.080899028625955,0.270516945448588,0.60828645371703,-0.329390944,-0.25875757,-0.347672297,-0.078227689,5.05272213430105,0.111974811015071,0.0530553695231612,0.0576157449368836,0.215984967756459,0.706067605633229,-0.127178742,-0.156690299,-0.186824375,-0.637494552,5.96898116234711
0.175020132785527,0.0792741511989059,0.112620489398923,0.288390998446654,0.585538370335804,0.0426968782161841,-0.166972738,-0.207763882,-0.807357451,4.82921438247739,0.136070753919383,0.0635545929628724,0.0621619476437554,0.234312959490376,0.544150775115864,-0.204862931,-0.233062565,-0.171488278,-0.322049615,4.97398345175297
0.164110509510313,0.0686628264509003,0.0863208465782451,0.253011300945253,0.554488346856551,0.0825231387446028,-0.177660426,-0.146336391,-0.639645665,4.55295046355904,0.155696036050302,0.0913727067504348,0.0615010922619448,0.257092865112462,0.541365995844926,-0.19850398,-0.304415092,-0.115534632,-0.224535891,4.71984221705748
0.173373977141444,0.0764587190392511,0.0834549193204034,0.319448890515714,0.529610720397787,-0.278569497,-0.226950637,-0.278262618,-0.33652688,4.87823475115223,0.133223816612544,0.0584730744282472,0.0629349850165229,0.199120921987281,0.544713092675218,-0.110369285,-0.254720063,-0.230407495,-0.429702767,4.11383345730987
0.129663872267171,0.076141853958232,0.0669162388755117,0.212433696571674,0.605530637966574,-0.328336259,-0.30336186,-0.221091731,0.0300672848676985,5.25588851495887,0.160202081784684,0.0792401995162661,0.0596582811220395,0.250461468315759,0.580630759267336,-0.389305108,-0.182546596,-0.219006756,-0.102580859,5.20842867447127
0.170318186919402,0.0800674483794547,0.0785525600953176,0.301297169534262,0.624599742830536,-0.230431242,-0.311213722,-0.302848261,-0.380842842,4.59859944370848,0.136374024175166,0.0701563097444416,0.063550996623326,0.221977218179435,0.51103066407862,-0.205438132,-0.354572434,-0.135105217,-0.174862965,4.28519798746056
0.173238628556525,0.0821188423652579,0.0789657688177312,0.286956319909747,0.653157101562338,-0.461575657,-0.302264149,-0.282765191,-0.20972912,5.90653985135667,0.133974166837239,0.0651803180509888,0.0606812088815479,0.28147614977353,0.50796016022904,-0.230058204,-0.219716402,-0.225345656,-0.601791899,4.57423744271825
0.126562488418852,0.0632944380756165,0.0680156090744016,0.227422461447201,0.49207619349142,-0.164348272,-0.203498959,-0.204728555,-0.253999584,4.95942921864284,0.115300181568036,0.0650039473421207,0.0483232824802718,0.202527979125265,0.770386320142141,-0.13518937,-0.167908499,-0.221138926,-0.553862087,6.67753330421528
0.167728784088312,0.0734252706026483,0.0743810918925734,0.270204687137982,0.610183744065619,-0.108691136,-0.177722756,-0.220530501,-0.11676502,4.24941782567335,0.117601834688867,0.0670198040687627,0.0481992738203124,0.254439177288415,0.640002983277871,0.0966950217325309,-0.030731849,-0.123872472,-0.989209796,5.00515158132843
0.140777432765691,0.0689360472719425,0.081290027069912,0.228052104412831,0.665751071651047,-0.207424952,-0.178529532,-0.297951911,-0.362570865,5.23678671619522,0.114842035184849,0.0504087874493079,0.0456428162976021,0.254179879864361,0.548623561285572,-0.16444553,-0.183804304,-0.189077718,-0.620498189,5.12973493966154
0.136956822115712,0.0739222420939803,0.0600151024188718,0.280944105109574,0.564438155171867,-0.109775541,-0.177777671,-0.266928897,-0.478726007,5.04426768561984,0.17054018335465,0.0532204734784021,0.0921636570719953,0.231190023166373,0.570089886334357,-0.411695135,-0.222186012,-0.300992233,-0.023056478,4.65739104908905
0.148230605619844,0.0782476818823093,0.0660227847920001,0.230607091781673,0.66742501522845,-0.162826806,-0.33746781,-0.138193575,-0.173700717,5.02002269059267,0.122308892972826,0.0518874510422318,0.0629488575580969,0.222272308909162,0.560719883300897,0.066295982544273,-0.135701016,-0.11013667,-0.756027624,5.19858204984866
0.159257883260234,0.0732485767140599,0.0538126201439439,0.25560239737179,0.7789068191561,-0.3622724,-0.265531384,-0.27133656,-0.352512886,6.07323123272908,0.139710973488576,0.0569518409169771,0.0545188489025411,0.214528895116712,0.603219122831829,-0.312193707,-0.242955439,-0.208473158,-0.12153962,5.31387496544941
0.164473963200043,0.077007852083527,0.0697095230808067,0.304023708591982,0.451741913437838,-0.059130734,-0.165573741,-0.274182637,-0.646382161,3.98045242526007,0.116890655262455,0.0516183004537534,0.0600547430115724,0.227347061322483,0.635157091635127,-0.085840213,-0.164199536,-0.170041014,-0.510307641,5.67264820301995
0.148376977042397,0.0779169631942962,0.0709569188399558,0.272466403601111,0.467349975900857,0.0960886069450293,-0.15685591,-0.212712568,-0.509880457,3.77218587150297,0.127696078177494,0.0566483403513306,0.0640204404434902,0.218448032423275,0.534980966000315,0.00287530411373425,-0.199261604,-0.140801704,-0.600227896,4.76787823709983
0.137625038451397,0.0600165178384854,0.0770409721393011,0.214375320651809,0.604553178813577,0.0522627048265021,-0.102678465,-0.27824978,-0.637695427,4.77304547695735,0.155880974205169,0.0545687609785263,0.0519952228380085,0.267459974286011,0.67608076027078,-0.296851233,-0.197731024,-0.248336072,-0.215674613,5.13644687199129
0.14298992683258,0.0838530232788488,0.0507646263274473,0.238793064655705,0.759209649754138,-0.50157818,-0.285393618,-0.370394221,0.243425415791303,6.08994518736428,0.127414527100622,0.0664267305524715,0.0579442053530813,0.250557718035338,0.524998505046824,0.0249199981476005,-0.174696033,-0.068138521,-0.710694493,4.814619063
0.147472965499712,0.0738650225352753,0.0609021982922085,0.27595109683344,0.696995816783645,-0.159357653,-0.216657278,-0.211885558,-0.139023409,4.82330831955844,0.138230581673508,0.0574793270103147,0.058339982280959,0.231112184365231,0.742425853982106,-0.646310193,-0.332596642,-0.36314503,-0.02907584,6.48829749029743
0.176141416535353,0.0857473845189149,0.0874460538090253,0.300197958881501,0.722857907009551,-0.437665614,-0.168595964,-0.408175925,-0.129189901,6.24215013269961,0.14346799814397,0.0796696609878248,0.0556734076729991,0.211133372674096,0.571315800375811,-0.34102724,-0.234552979,-0.316035544,0.0497620558655671,4.86629095195832
0.166536112826288,0.0668629471927053,0.0924748885879073,0.255675689918327,0.569255795391111,-0.284829413,-0.340776186,-0.167509743,-0.04387338,4.94074917956815,0.135275946185758,0.0652839628662461,0.0587696962934258,0.242338338655343,0.686188775582572,-0.178181599,-0.235590063,-0.114903206,-0.379422582,4.82792557216361
0.150638002207655,0.108108529315414,0.101341829597295,0.255804958628616,0.577153990366433,-0.2621823,-0.259915266,-0.272233266,-0.320210244,4.27061640301231,0.142733970411574,0.0469205079042912,0.0556421903346058,0.23001378058235,0.699354936957173,-0.289486287,-0.158278776,-0.300915428,-0.258514538,5.98633978907014
0.175668116423669,0.0858737239688043,0.0753219391239589,0.261447739858451,0.682049215384317,-0.321470856,-0.351116507,-0.224373015,0.0119055163250986,5.43224327420584,0.131230600047631,0.0523064686266541,0.0595789226281179,0.23212255014791,0.652561387494703,-0.022854317,-0.179682092,-0.174309768,-0.451192073,5.09748586109246
0.148670256076552,0.0937195939220446,0.0799187725582138,0.307025276683179,0.700498448263148,-0.118204794,-0.22299361,-0.190091298,-0.763874614,5.75949587214471,0.148965489435157,0.064015172819427,0.0772228494669787,0.283728517399238,0.519013126267491,-0.378433883,-0.320266973,-0.199521066,-0.276001354,4.30726905191272
0.127060002830142,0.0864506960029854,0.0646229185455272,0.229693360012212,0.635217961783562,0.119001495925468,-0.101688553,-0.148387624,-0.995189903,5.04041039167419,0.111553245886607,0.0726334379514134,0.0589506715569001,0.209055958563919,0.64031445874573,-0.028842777,-0.14615602,-0.156971194,-0.584688349,5.52697350311272
0.148056068733343,0.0827575667164558,0.0834676888330387,0.277373884165591,0.475840775516246,0.0999490540696959,-0.146424015,-0.111072735,-0.632612897,4.26700720638922,0.150247233321539,0.0795101009001925,0.063362073974392,0.250457234320152,0.45516079547202,-0.318097387,-0.164190399,-0.333863178,-0.120203836,4.40922086008136
0.163367398301195,0.0774765330701282,0.0858653433627083,0.254888440179106,0.614592334544972,-0.644940437,-0.302178126,-0.455466606,0.246619161732431,6.03935581596318,0.160576555790972,0.0681401001075922,0.0630571395175191,0.242131508082021,0.440947579225855,-0.123018072,-0.170016219,-0.259120348,-0.150077848,3.96919286523026
0.255948361609629,0.128775554274125,0.103336501805999,0.319078271053962,0.721079850604263,-0.714705935,-0.510251451,-0.255532007,-0.036272225,5.90998921243094,0.145207430754183,0.0622734960910451,0.0614378419936543,0.2483006088873,0.485343934521805,-0.28847816,-0.222375852,-0.2358497,-0.232165676,4.43350099860312
0.164111726134562,0.0694095367638669,0.0790161741556428,0.225133604497635,0.656951453072119,-0.424280114,-0.298287814,-0.366176042,0.106512684668275,5.75637719889631,0.126759047343965,0.0523155198284439,0.055213460876016,0.221541704802636,0.517384981224294,-0.287487173,-0.294686163,-0.283987653,-0.130018897,4.69828250253425
0.178387903171356,0.0771629274447803,0.0787585667044403,0.287559441157294,0.727239280437675,-0.257383943,-0.222802637,-0.31071633,-0.308126308,5.70657456075014,0.117733654627238,0.0559553650389485,0.0518767592944066,0.191084123851355,0.507668516158299,0.0727126847661867,-0.123052049,-0.221723485,-0.648872191,5.04540470906477
0.181497367394882,0.0799380092229894,0.0640429660633979,0.269672854437672,0.581050704494693,-0.592095825,-0.320714682,-0.352683159,0.337442091495946,5.25311173205944,0.162203434559447,0.0728587143332739,0.0859834189502886,0.285017516169654,0.570072968890365,-5.10E-05,-0.183390578,-0.096824927,-0.721692536,4.57443552031977
0.120274630558948,0.0646181422464275,0.0803181277922983,0.263530971173436,0.670735300749328,-0.087765221,-0.229317467,-0.13322564,-0.682760514,5.56371723227736,0.14469815480878,0.0653660730217687,0.0570109135338164,0.227829208744585,0.596304826858706,-0.335114704,-0.290236285,-0.26082219,-0.167576215,5.37056762997742
0.141508346844635,0.0771493522907699,0.0780977339888029,0.246715351457777,0.796904361654357,-0.175998205,-0.258430131,-0.182690828,-0.532391767,6.46430456085136,0.152415448319802,0.0673561052152864,0.0669793097687225,0.250468412764652,0.500924082043709,-0.346219464,-0.281987132,-0.21015044,-0.056323033,4.58454492074992
0.181182663362362,0.0732743135335771,0.0950877256303786,0.297685891468662,0.618858622840563,-0.160882459,-0.13992654,-0.289681306,-0.273808548,5.66289330969657,0.126367660981875,0.0544036218818261,0.067120468893682,0.183681619507827,0.484438625048299,0.0208775658813117,-0.161503991,-0.166434109,-0.451915982,4.22736328707297
0.159132761145307,0.0774286277784361,0.0844668556188712,0.271759669615965,0.651359104785856,-0.165212463,-0.210563799,-0.143188021,-0.36565226,5.79422975393176,0.132974815029378,0.068292198454575,0.0606325162094051,0.224788799963476,0.574168254990094,0.00439518208295263,-0.137827989,-0.192642256,-0.49160121,5.23148620688949
0.165989195041904,0.0863749475698349,0.0696885791915693,0.249429263477576,0.722824909908258,-0.392319411,-0.303416649,-0.307863349,-0.05725325,5.74817251608652,0.13635231154287,0.0567600411478948,0.0593376564423017,0.231924062293068,0.578414226249229,-0.050263535,-0.15384873,-0.242625626,-0.746684231,4.77265569146891
0.184983502422364,0.0735100806424211,0.069874173744965,0.252412561712793,0.596562280410357,-0.457937636,-0.279657244,-0.328508288,-0.15518337,5.47133004381208,0.129137726229502,0.0704376708492314,0.0614806720229899,0.220830225088181,0.509856527635785,-0.071403015,-0.115805879,-0.154806446,-0.430866509,4.30159980744025
0.18578627366919,0.0911209698625848,0.089339224833425,0.26306377913091,0.634401976560988,-0.362558973,-0.327296552,-0.225436023,-0.324981767,5.87170142006069,0.143747501907539,0.0682624749481502,0.0690248355879061,0.268602910878895,0.631365018088709,-0.038774714,-0.130116482,-0.098930881,-0.642991899,5.28048569493765
0.133587770289925,0.0691807261452237,0.086237966040835,0.267353923357682,0.618153554078828,-0.259761062,-0.135189031,-0.314832353,-0.369538566,5.2622539950595,0.110232014078427,0.0454235754001881,0.0533732215982425,0.199700306060277,0.861025302946801,-0.074299368,-0.202404596,-0.172625292,-0.619129452,6.34415663774125
0.168142577683248,0.073204742202495,0.0790807572395835,0.288458116785307,0.646413871806536,-0.202977615,-0.234162327,-0.201477553,-0.295437122,5.26864843924162,0.128434697291835,0.0694872747387491,0.0578874849735083,0.227257540967077,0.445760945455191,0.154385025666843,-0.202652866,-0.089978195,-0.929776197,3.71919770445406
0.194716455572032,0.0980049446060399,0.0716571952344256,0.270019716007338,0.699088601926325,-0.705395522,-0.393132645,-0.406533341,0.560983471244827,5.50627550982492,0.140874843030465,0.0598595637863366,0.0575478540096711,0.244547048531778,0.473776074912215,-0.043731984,-0.218363791,-0.100999316,-0.502811349,3.92404431326699
0.160501249687666,0.0834245933653496,0.0898265950867958,0.308141693027808,0.555884873045337,-0.139243198,-0.298701035,-0.120684053,-0.689664177,5.2113857585626,0.140535346070304,0.0793519578004259,0.0631514218956585,0.249861851487405,0.493447499684964,-0.172204995,-0.234705498,-0.117362236,-0.495361503,4.64353463973602
0.152379035865802,0.101433787566588,0.074933835006429,0.288311548428207,0.510530579283886,0.0132539685183841,-0.218799745,-0.195057553,-0.555602758,4.38308659265267,0.123001682178659,0.0519868585869565,0.0458436057763047,0.180964794328688,0.603095595999914,-0.22304781,-0.297144484,-0.200641265,-0.115375832,4.78473793888338
0.160926832098538,0.072402448776423,0.0746147846214414,0.231809057249872,0.871938985681183,-0.445825372,-0.295352134,-0.339238106,0.128944872694696,6.2895951474325,0.139447231100489,0.0686059530513606,0.0581576214158354,0.208961016430176,0.642852685578659,-0.062320947,-0.160951811,-0.18201211,-0.506434333,5.43819673722864
0.240726249779197,0.1475784600985,0.104812192445023,0.366591035840488,0.739265914816593,-0.477374158,-0.322618156,-0.447553775,0.366358946013774,5.58963594030643,0.123999648499797,0.0542480065519501,0.058746146289776,0.223318452233484,0.627555791293086,-0.002182418,-0.213513757,-0.15533735,-0.768605316,5.19193598571213
0.165134079733519,0.0883142186887343,0.0878766142706611,0.278193537004506,0.650350360664826,-0.270967218,-0.211851077,-0.404942677,-0.271861272,5.13621330521555,0.157885511121757,0.0665896493351979,0.06544958900452,0.221362355115002,0.578198191523812,-0.371282415,-0.32161945,-0.235277248,-0.137144327,4.63317248303289
0.159922250085687,0.092390707307424,0.0660555374452892,0.225385771363061,0.619856195941566,-0.370274922,-0.312882289,-0.196781156,0.0662411142950213,5.55404983740636,0.118457834788206,0.0461645832081667,0.050121056656469,0.206618573293539,0.501023634373096,-0.02695752,-0.130121293,-0.250347644,-0.411558567,4.39296114473305
0.157581766442468,0.102903043499595,0.091633965467859,0.267452968870614,0.600806240440267,-0.383033687,-0.385217657,-0.264102777,-0.111878726,5.37599012318627,0.126700205213494,0.0578167860520482,0.0575269979338572,0.221631592971711,0.547250681442993,0.016595389000232,-0.210922463,-0.071638758,-0.648337782,4.46120381965449
0.150594073390565,0.0817794880383351,0.0693403041972081,0.254526032664141,0.707559503262002,-0.177908829,-0.230728473,-0.100653878,-0.41113812,5.84666441506714,0.128115831464537,0.049969022307851,0.0561383841890902,0.235029942555143,0.564819271288827,-0.392464056,-0.216483606,-0.296633781,-0.2498812,5.1523559597482
0.157464287386864,0.0641397027981614,0.0920246437493205,0.318645242109327,0.8753629630998,-0.54893223,-0.288601007,-0.321231766,0.0788613908838782,6.92734033315572,0.116365607350495,0.0529383830293617,0.0640068964928934,0.240708442172859,0.534939693851296,-0.122278429,-0.228564283,-0.163046284,-0.504970447,4.54675945344995
0.214608148269449,0.100002814046659,0.0998543385976319,0.294849453006005,0.575510669101658,-0.491596686,-0.288389799,-0.370487752,0.0644306322090188,4.63937126216818,0.133203868447114,0.0581354968806889,0.0520270131634894,0.244578464864279,0.656420622843072,-0.280529221,-0.143372644,-0.216548995,-0.479574563,5.40035696271352
0.254754003778581,0.0890666843357497,0.10108333381753,0.343038071699432,0.782094339686438,-0.700826806,-0.297515108,-0.415224148,0.15950960819506,6.27137153317753,0.131330694081768,0.0490798745343164,0.0616447454206251,0.239149421672771,0.472092051531155,-0.20664798,-0.25321296,-0.129805658,-0.445140052,4.52077336048298
0.131674654512043,0.0621756398454854,0.0577226948647926,0.241144778738899,0.602227690647714,-0.253149636,-0.281143321,-0.351569049,-0.203199933,5.4079858869589,0.139057087657907,0.0606008227897223,0.0541321717064824,0.257578803508231,0.523862998025206,-0.312135801,-0.285371418,-0.217584475,-0.164547841,4.84731752815777
0.166392098625408,0.0828811071336153,0.0820781945554734,0.296636176136656,0.563185503768816,-0.164781459,-0.164839497,-0.204185915,-0.394149115,5.03328212816595,0.139047885594951,0.0612964384403776,0.0639878830625708,0.222003755742997,0.510348713484557,-0.26282182,-0.210561511,-0.223318064,-0.314844889,4.67546700891976
0.133715893132603,0.0636969031845459,0.0899397264843168,0.242503541043729,0.659271294743803,-0.163397826,-0.244176261,-0.272519196,-0.442329555,6.21913137276026,0.131840827102752,0.0581509852184664,0.0585120853940082,0.231222442383756,0.571627579955571,-0.0887816,-0.148088792,-0.210571874,-0.526663647,5.23522575721615
0.166704737459536,0.0719343123357876,0.0956634000552646,0.274422656778837,0.627501033899993,-0.07262948,-0.1116091,-0.197126885,-0.753779097,5.25268666655996,0.122072554876866,0.0526289614236979,0.0550086594704265,0.20422296573379,0.718724834572139,-0.356918616,-0.158632697,-0.388534601,-0.454569394,6.52029489621964
0.189585819507195,0.0852238122666136,0.100949898733922,0.307830860702011,0.730763893712695,-0.435956606,-0.328531863,-0.38010007,0.004878831271129,6.20738934370422,0.129605951435407,0.0499038244723405,0.0630560170346728,0.187743998238689,0.602776971453501,-0.368678913,-0.195732902,-0.25977618,-0.234551876,5.25849275164005
0.120594157490105,0.0725125982711249,0.0880843601121316,0.227057526622228,0.671423307143862,-0.227154251,-0.092531886,-0.29178906,-0.304266543,5.8724946870422,0.122817409920421,0.0536816355804982,0.0515786628013408,0.204096903633135,0.724514651720889,-0.286768963,-0.231509702,-0.264828007,-0.235153362,5.08568952390198
0.19006466736822,0.076323083242668,0.0984486453514229,0.340243039521612,0.617280386575221,-0.070589032,-0.260268304,-0.08497987,-0.617067121,4.73558785320614,0.12696769532725,0.0595113342535734,0.0541072065957635,0.184704465523548,0.48372206326582,-0.149798272,-0.269087176,-0.230200293,-0.215472271,4.09025866968767
0.389203891056392,0.182029545991476,0.113579136435235,0.362933909840003,0.767559689878119,-0.701292424,-0.507649954,-0.427346881,0.244147354164924,4.87096762513852,0.13273750534652,0.0684676388355444,0.0704997453537149,0.248411757023008,0.631570813810655,-0.035174944,-0.13908224,-0.167869497,-0.799002127,5.26593160436867
0.187433919838275,0.0697895816494395,0.0852716152386906,0.294272268342509,0.536188661572112,0.00786441043029104,-0.135159704,-0.23343986,-0.268603545,4.18497723357407,0.130842641883496,0.0503472177532046,0.0669966342529851,0.218619837210661,0.683016699234462,-0.270199175,-0.212999069,-0.237536488,-0.111612429,5.60213056518559
0.176218183664452,0.0696783618119757,0.068748561177993,0.249230248969181,0.836641301433431,-0.620677831,-0.33542683,-0.341003571,0.14397204565803,6.34774310385145,0.132737143836896,0.0583155960973805,0.0450444546601926,0.210347581450226,0.715363750994849,-0.284319972,-0.174289841,-0.235030097,-0.249343594,5.99695006273119
0.164736135228617,0.0588052923006401,0.0766506356778031,0.284862631277683,0.616708461583114,-0.074052465,-0.201646371,-0.198492079,-0.308488782,4.71245724703623,0.154432676050983,0.0759812614395508,0.059088600198455,0.231559077734078,0.57300113094519,-0.32466597,-0.369081223,-0.15742663,-0.149706384,4.27016237447769
0.158884167856617,0.0963673745895083,0.135411935873212,0.286765536441777,0.508100970728785,0.0284576185632571,-0.029043032,-0.273601743,-0.527414447,3.95097873033265,0.147920575080221,0.0620170669457434,0.0734807488256811,0.212241706346738,0.584057404374808,-0.135987294,-0.148829486,-0.263630389,-0.445319814,4.81891851911901
0.189795741561937,0.102109144293092,0.0826820586966819,0.312264056016722,0.671124651072705,-0.214569139,-0.175752264,-0.314422137,-0.44069918,5.15132375016395,0.136479583867714,0.0666349242985411,0.0659937151555664,0.227536163414395,0.516145860989663,-0.056688224,-0.217265667,-0.184632171,-0.116177924,4.51105292842012
0.154028569641805,0.0703210698845182,0.075699952938992,0.257191220651702,0.568442612616743,-0.155315083,-0.255824541,-0.234656207,-0.384307742,4.33745745898766,0.112186462218319,0.0602331467374656,0.057564125738922,0.241104454077863,0.43457125883637,0.163493861976236,-0.057972607,-0.172693464,-1.004359711,4.43502073866925
0.152448627578568,0.0682172977789172,0.0740714478960049,0.308423607673338,0.54033049161039,0.00513097509294714,-0.172537787,-0.11199634,-0.621493577,4.71494075003768,0.136342978548308,0.0557658146272635,0.0545751073859492,0.183723435682893,0.546561637541498,-0.367524415,-0.285556235,-0.224327531,-0.004314642,4.8793121825811
0.164729054586245,0.070772055184975,0.0865285089988194,0.237218002702617,0.598004266197988,-0.34297899,-0.267532119,-0.31449119,-0.00470445,5.25385163772783,0.140193086702643,0.0609007998294472,0.0720766428088943,0.220380679114949,0.482007402586003,-0.320602925,-0.291933652,-0.196499206,-0.001573842,4.5487548065502
0.166418223719186,0.0793881332775703,0.0717615330572356,0.355574568048174,0.746750355455707,-0.284745915,-0.311862048,-0.20861652,-0.827146752,6.32934660555373,0.128289528116996,0.0638598676906158,0.0445786168787279,0.2011405469624,0.504356868327166,-0.183536845,-0.253577108,-0.195677048,-0.159010264,4.55908530027269
0.159321610009071,0.064289423018517,0.0716697067362768,0.238748544996271,0.571804489385132,-0.222855323,-0.299621126,-0.177445524,-0.287174835,5.04187106238111,0.123501820942954,0.04972900017588,0.0646513844402791,0.220869470389828,0.574348711572224,-0.102076578,-0.194859367,-0.146035611,-0.519353155,5.09762849522977
0.124461823662179,0.0576601650063111,0.0654573859244346,0.201981673578911,0.673739873709233,-0.119228131,-0.085816381,-0.214021013,-0.522213656,5.83905035112127,0.154683775149251,0.0681980067098505,0.0618939527238894,0.272651855179111,0.451261369587221,-0.076532051,-0.220164877,-0.180160113,-0.443422408,3.98344581394059
0.137274564107143,0.0754042867332851,0.0573657714870798,0.220425469656129,0.730017341384653,-0.198683083,-0.272284815,-0.295028651,-0.260024633,6.05815929858754,0.135703974549735,0.0548029405307585,0.0654918028287515,0.220353712532939,0.54642834972389,-0.180903731,-0.14684394,-0.319886712,-0.389252653,4.60385621647249
0.221662321160602,0.0836493352115693,0.109852127730727,0.272676664713027,0.547982737639796,-0.559783411,-0.350735394,-0.480016987,0.179643890517964,4.71921746284638,0.126141695849079,0.0627645641022194,0.0666083892009996,0.222045302773432,0.546285494896436,-0.176867297,-0.257283849,-0.177999798,-0.424647851,4.87215041734746
0.235036092407498,0.121856972200726,0.0787618206513693,0.365303498754971,0.570609272034069,-0.526964159,-0.376563198,-0.204705989,0.0293219410225416,4.99876313982539,0.103397649139555,0.0505258171907313,0.0520473102782844,0.195785501239917,0.688564367675019,-0.112153697,-0.139996377,-0.265700114,-0.458066821,6.56078490708432
0.134669213368962,0.0804035359621238,0.0777744396002858,0.246427686406547,0.645341521438729,-0.098754164,-0.279983983,-0.161895247,-0.559074057,5.14753298902251,0.144596516800693,0.0548411395724517,0.0725530080654998,0.218899267149702,0.435471648005534,-0.120697858,-0.166914704,-0.265885989,-0.246910767,3.75635386971096
0.246476669794324,0.108113185340094,0.117786295043263,0.362329707650716,0.617126505818338,-0.576693217,-0.345360193,-0.356052185,0.188633795320615,4.91970991819316,0.158955576916523,0.0708371202819949,0.0695841429824438,0.27943045801791,0.517631836737543,-0.042373518,-0.172463004,-0.180706406,-0.549071078,4.46816821107883
0.133496263052904,0.0920125302140297,0.0740415465135854,0.2503530920532,0.657632379818514,-0.239916949,-0.044804913,-0.377120994,-0.502701971,6.01099564601016,0.142236307796697,0.0567344330481551,0.0584214038802876,0.209351716166379,0.76927442271655,-0.127364747,-0.246459785,-0.15139547,-0.659449093,5.54273674210305
0.123331593932019,0.0701523574075451,0.073385686572716,0.237771276648194,0.712097823698186,-0.133602302,-0.115718928,-0.224452948,-0.552784944,5.44515554103698,0.137983153337562,0.0559534256870547,0.0692874065652285,0.207210952899634,0.623823495197609,-0.417352913,-0.359309682,-0.253807223,-0.345939469,5.42475957319581
0.184302148843297,0.0728751588236269,0.0804233783183991,0.332720178855588,0.516369074283008,-0.528619142,-0.427934739,-0.278517291,0.198997869011191,4.39068978552004,0.135704532967253,0.0573893119577886,0.0592730453689547,0.193292218821014,0.462653455254127,-0.047520191,-0.202241627,-0.186862884,-0.282918773,3.98801587148064
0.163421695880092,0.0641183067703045,0.0736279991389877,0.26291855655727,0.51733886025994,-0.103437177,-0.153993394,-0.213557663,-0.611149727,4.72013436999842,0.145298400012296,0.0610967340814578,0.056316701595805,0.262938209923434,0.71674035951066,-0.142909376,-0.185011932,-0.180964578,-0.795361981,5.65311261751708
0.179060702944916,0.0518723538521036,0.0932452018576441,0.259564170109786,0.7614071829758,-0.373376469,-0.263565607,-0.297853499,-0.13597564,6.0627452249207,0.124399050452447,0.0452949709795108,0.0512337621648777,0.217674922350164,0.656622721525467,-0.011746084,-0.26863193,-0.133168896,-0.549732831,5.7782287951132
0.195737349382498,0.0807885477211822,0.0876176722589007,0.347654191719717,0.519945482929056,-0.146652732,-0.213712772,-0.239168555,-0.375188951,4.87331547113003,0.119632470069318,0.0628528093409998,0.0623638586237095,0.186114756919845,0.69713380610315,-0.246024616,-0.15344612,-0.232199209,-0.214807996,6.12124557426318
0.15471648041658,0.0618378218634108,0.0701233571652459,0.231843566047418,0.701414712863917,-0.292501769,-0.255257595,-0.296138404,-0.367490497,5.30715458979751,0.139329587854436,0.0570117136790303,0.0610369473084583,0.209788399476533,0.575767876952756,-0.075754135,-0.188050979,-0.189166549,-0.52991346,5.41440096551231
0.18454344132741,0.0742587421141103,0.0965341435948311,0.286420076191981,0.601392330861475,-0.293660574,-0.32348169,-0.309355046,-0.001685412,4.43339726953742,0.131749527502313,0.0543531212335418,0.0459547247047708,0.212149540442683,0.696655046526574,-0.29222389,-0.283456557,-0.261182593,-0.312250044,5.9818906655403
0.216514222116793,0.0933904410672717,0.100672761867972,0.331502366367536,0.580128107627833,-0.378680158,-0.335373382,-0.28092896,-0.1797855,4.4117598697882,0.142178133178266,0.0571495240363888,0.0700961254453283,0.257191546742078,0.546389149994346,0.0516267862523365,-0.196845744,-0.081410076,-0.506714615,4.34172609025892
0.157978165979718,0.0662428716820521,0.0827172967340968,0.279535882981987,0.690973371456725,-0.406637364,-0.21962585,-0.355550499,0.201843726614267,5.47970915151353,0.119720222814887,0.0592147268876594,0.0596298603515076,0.202120791934992,0.464614613494076,0.0359048860786269,-0.113981748,-0.151657661,-0.637759565,4.4501311118686
0.171592594837322,0.0729514626749793,0.0572495612887129,0.300855854005952,0.461459815634117,-0.285607274,-0.279312871,-0.30292083,-0.075302679,3.98095321250443,0.109298825203501,0.0445435363091829,0.0482523939057887,0.214109187212511,0.680592420695375,-0.162512043,-0.203189794,-0.177618985,-0.569674847,6.39303747041007
0.131834904288203,0.0597002479702152,0.0724958351363176,0.213206527052718,0.528871421415828,0.155077583816068,-0.157377902,-0.090377021,-0.698789527,4.2622196508497,0.132915550844824,0.0662651659134371,0.069221480228025,0.240335813257141,0.657236183333007,-0.346958389,-0.19220506,-0.286224429,-0.321429365,5.96810619674408
0.139967613200664,0.0615738499307285,0.0615122794370227,0.262111152948028,0.623513529841037,-0.243138874,-0.378890972,-0.150446576,-0.190551427,5.04130494788256,0.129282826698072,0.0582473435811552,0.0642739925067923,0.260596799419708,0.539730753078909,0.0416566287343071,-0.099712223,-0.171261006,-1.037649046,4.83140348300267
0.205229135018336,0.085356740337708,0.0968406224046814,0.337413461172749,0.912678515983885,-0.528547915,-0.362881459,-0.348583555,-0.201300605,6.80840054779864,0.12357683611309,0.0515258310490468,0.0522730732126654,0.206481476445905,0.510992487099805,-0.083486276,-0.169197952,-0.211483775,-0.4655346,4.6451260112311
0.163885855687567,0.0771315431781596,0.0655222313294202,0.253253344927432,0.749689408790276,-0.134352966,-0.279630373,-0.097977513,-0.492938963,6.42621940357278,0.133670181465045,0.0634555362176796,0.0548574273451534,0.215502693034036,0.637321030116547,-0.206036644,-0.305601597,-0.14594942,-0.446775227,5.43710180092792
0.136253126583322,0.067778685829467,0.0856010729771741,0.233684287670556,0.547876733005349,-0.115870624,-0.120164481,-0.336604753,-0.376122304,4.52749674459836,0.13767329337602,0.0606227504817068,0.0509534671117567,0.215293437292779,0.562666769300451,-0.273675058,-0.253064375,-0.226748866,-0.179052395,5.41967391785438
0.152918892722997,0.0849831761821051,0.0593943947092359,0.282094026160983,0.607686250375387,-0.09306195,-0.228924816,-0.211096014,-0.513777566,5.82551285999966,0.117310060465379,0.0521054987873517,0.0476632732012189,0.268513169792336,0.613650421419375,-0.092940544,-0.194059707,-0.181792486,-0.844749053,5.56423205367169
0.154137531207849,0.0682660977511174,0.0649435241477015,0.278149687653677,0.49675214478055,0.302216624963365,-0.067057812,-0.040122521,-1.004351594,4.44022640015044,0.130285796378593,0.0495613290486692,0.0681861277614085,0.189324255857446,0.565997807292987,-0.249137317,-0.299278703,-0.09395642,-0.201386635,5.2627675349967
0.202865297141733,0.0960222545631741,0.0678861980871959,0.3002149938014,0.820554405632025,-0.603049042,-0.354765837,-0.297210741,0.139567436721136,6.43105539365439,0.123742215577973,0.0515820862814409,0.0514026512937671,0.208430239611148,0.443959801886518,-0.035767211,-0.186709993,-0.168559056,-0.344144731,4.35648087924373
0.143104863025415,0.0733919568627268,0.0544153862171082,0.227783249549714,0.481629027145563,-0.153949473,-0.330842322,-0.082365231,-0.192518475,4.56407480061749,0.188028162756078,0.0720708617277166,0.071867261661968,0.2712059262534,0.591722873708481,-0.475557264,-0.352987578,-0.272712602,-0.042277795,4.97203275230493
0.150655813032273,0.0811587623305402,0.0814530219576564,0.243719535196033,0.494397346669089,-0.29310937,-0.310199987,-0.204933373,-0.224345178,5.11063620480965,0.129865427070789,0.0571957374804898,0.055903124609243,0.214698081444239,0.680477606333464,-0.293069498,-0.275358679,-0.199538281,-0.411667137,5.88450271391576
0.154807452510246,0.0811270550735274,0.0944057862359363,0.27509994491585,0.585074360526765,0.0497491527656201,-0.106207495,-0.134448421,-0.789905967,5.35309393155139,0.1067133100545,0.0380738285774379,0.0479537062745592,0.188588048202731,0.647540160936642,-0.191881793,-0.183227265,-0.22662033,-0.357104576,5.83947069971648
0.144862773869472,0.0697020085980271,0.0941325554683263,0.250434296348485,0.62805467258275,-0.229857642,-0.197299436,-0.289955687,-0.152025182,5.40195435473365,0.117398676931144,0.0490775837086821,0.051356580135121,0.190088974323268,0.586907449741831,-0.251966098,-0.223604318,-0.16219302,-0.227872326,5.11921806944051
0.168831857228887,0.120513337088927,0.0914326783027598,0.279201024230808,0.602244722018047,-0.23688148,-0.304043882,-0.250093841,-0.153574661,4.74308819569648,0.116251702786098,0.0636655762686485,0.0562233289833787,0.241033829684857,0.616485950450851,-0.229653407,-0.168749478,-0.221692996,-0.519795544,5.25210850520378
0.134514491357213,0.0657833095883388,0.0525769984638406,0.229180874734409,0.754552063838169,-0.144406932,-0.287440798,-0.117374542,-0.284900629,6.01594191162033,0.111006717144573,0.0546239060382804,0.0483761087595907,0.201356235093043,0.633065301399084,-0.255479921,-0.158315817,-0.143866515,-0.400767165,6.27226366948998
0.167183639789406,0.0799921577187953,0.0734587906618148,0.257568648557954,0.555767358878866,-0.299086942,-0.373417938,-0.289132427,-0.220131413,4.58151483424094,0.136042993137169,0.0606322874750524,0.0565882552944785,0.221954583456934,0.574231348327599,-0.002145824,-0.256050419,-0.10916418,-0.620187813,4.60731019269762
0.199453704709572,0.0747123287231676,0.09104418788786,0.317427430748874,0.606810668662353,-0.482041122,-0.310487146,-0.347873974,-0.11251068,5.68652411956534,0.129427201849018,0.0569976435939612,0.0562847524729478,0.226265139882323,0.568342081471737,-0.073478396,-0.176937711,-0.259672418,-0.387907649,5.33741165639107
0.189534056321173,0.0864794387496354,0.0762690193182407,0.296139319288388,0.615993027243852,-0.189403485,-0.266235792,-0.28976142,-0.313837883,4.53263767017347,0.116605812115528,0.0606185355545172,0.053502204704142,0.193152587796508,0.498885641268083,0.11248671808205,-0.111784863,-0.075498042,-0.507068812,4.62363853821367
0.191932279714848,0.0844273299672439,0.0768739025106535,0.298997709515669,0.526297151502641,-0.407247592,-0.331063719,-0.328922466,0.140417421843122,4.49589478423451,0.139323217221954,0.0541443126421513,0.0703856088870119,0.206494310057536,0.543202638713158,-0.248378025,-0.242122214,-0.128545273,-0.273740483,4.92183072352063
0.141685348711307,0.0717786775423825,0.0843343631341453,0.237214474743926,0.435021979438801,0.0703223503819415,-0.222900046,-0.058451991,-0.561753172,4.18931064614364,0.11584905811331,0.0584109260845115,0.0579247926990584,0.239606065640224,0.538344252972646,-0.157566931,-0.168679114,-0.245606725,-0.334560011,4.82330632421864
0.138716699115753,0.0731048024113667,0.0585839560132138,0.221139337387708,0.612947093587505,-0.278441989,-0.245187641,-0.244255429,-0.05886531,5.53583287293282,0.127651744120919,0.0545854727671206,0.0560444837211755,0.212811188688524,0.697135047676417,-0.212515429,-0.131358998,-0.177024589,-0.348479819,6.1602913119826
0.16981100701101,0.0873482499486813,0.0975150688592899,0.306326964879664,0.614273102080897,-0.361104044,-0.336675536,-0.210921371,-0.488952948,5.70715078034482,0.122176114035919,0.047914439343101,0.0493128514377778,0.2323650549367,0.583778703914571,-0.060347493,-0.146559143,-0.187360567,-0.703729701,4.80191054894953
0.148217654396837,0.0918394482876089,0.0834415316190693,0.241578601594334,0.657459478753501,-0.240132164,-0.201739713,-0.342341786,-0.041389072,5.09913972316392,0.147839409932172,0.0632662738383,0.0670814156084901,0.231789725044285,0.507803183014667,-0.15659323,-0.214869345,-0.21587457,-0.285729224,4.29680899761385
0.13707134829605,0.0736735102598001,0.0619471281005038,0.226940059191879,0.675421769324698,-0.287619453,-0.287730611,-0.203337031,-0.227278391,5.9139721574379,0.161638677939975,0.0582763096545842,0.0678487925118043,0.249431630969752,0.514482826540334,-0.275540302,-0.215344104,-0.342938789,-0.383444785,4.87809203377642
0.161620697393516,0.0802500995163911,0.0722382232259178,0.272738974537248,0.960825903548722,-0.427303161,-0.290858189,-0.243024235,-0.228726063,6.50669796094381,0.132464812615143,0.0538418783941038,0.0546069408127751,0.223742936401197,0.541209072916526,-0.454892139,-0.311536192,-0.257884433,0.168966648370948,5.40863082470134
0.229190503028362,0.0782933166503581,0.123744037765549,0.355867273682378,0.537943095184376,-0.32774948,-0.2185196,-0.296122066,-0.037706896,4.59625196162127,0.128478818236768,0.0530172649408603,0.0685550099472872,0.238887435469195,0.546017387385652,-0.203229615,-0.223818778,-0.134765551,-0.397005279,4.78498274257596
0.163973301306126,0.0807310851144633,0.0689188954971535,0.274964272164615,0.49090061474138,-0.262612195,-0.249428848,-0.280313206,0.0382529701209216,4.17464581712645,0.119139754367945,0.0613999510300309,0.0551690106792022,0.203090933195234,0.495264427597181,0.0214173156821658,-0.150310722,-0.189107472,-0.516712792,4.29530340219688
0.162396663677184,0.0782818374877698,0.0810534764852263,0.233609411037532,0.512387502023784,-0.066201097,-0.150329111,-0.250351199,-0.283954932,4.17286285033488,0.14496210102678,0.0701156709350666,0.0536030508261353,0.222129773293993,0.596658511019333,-0.427234169,-0.261063009,-0.196092218,-0.049936494,4.7950930983527
0.174228714052893,0.10026459669449,0.0712832404089059,0.299315717769411,0.475511342731869,-0.126587802,-0.350459858,-0.186392884,-0.262107485,4.34837041661134,0.161609940626438,0.0610733174030135,0.0689983930543192,0.268309090491238,0.566992046895621,-0.340372442,-0.261185068,-0.253654633,-0.263529826,5.04372092626315
0.145568781358342,0.0608930121050194,0.076967815715144,0.257866268047753,0.597960639539744,-0.347586538,-0.340428649,-0.203652141,-0.253765972,5.86225042627756,0.126348694165659,0.065654054431535,0.0556450186203791,0.189220347926063,0.565970372661487,-0.076999285,-0.322871349,-0.142769128,-0.270519865,5.32778383320953
0.163151552513766,0.0727000100132182,0.0886463388606998,0.327307630407793,0.578219451492992,-0.172733482,-0.162221315,-0.326596768,-0.751466121,5.58061334847312,0.144200396331565,0.0786940633079769,0.0663974423507602,0.221371018508801,0.500503582183252,-0.141977948,-0.15337846,-0.334788117,-0.290788548,3.76225511337121
0.149814796297406,0.0769237458143557,0.0646435080984815,0.238664711326678,0.447290839098732,-0.046712176,-0.209466625,-0.293370614,-0.152184895,4.22540392935787,0.15114520999238,0.0574259094826965,0.0539230914429775,0.261833151638593,0.502877026936006,-0.320394107,-0.290510765,-0.210299271,-0.362409423,4.75223037176447
0.203307347287178,0.0842656210631228,0.101689246401293,0.288949641810969,0.583155440462522,-0.219125945,-0.236080336,-0.264221394,-0.498223015,4.93922115942313,0.121991772251446,0.0636915708971562,0.0529505402170611,0.224545963329507,0.481379559296013,-0.152703079,-0.169595745,-0.268278859,-0.43981643,4.6106412015057
0.152753743650965,0.0849438216887858,0.078286499181429,0.299692899711203,0.622943902725751,-0.238822733,-0.244177265,-0.193789694,-0.447767922,5.74971502199474,0.131161513218264,0.0603545426632584,0.0642285370781727,0.215559167804259,0.495010640219365,-0.066017924,-0.127082824,-0.222160877,-0.532411544,4.94231487030061
0.219209206648104,0.118490583446588,0.0645672472632157,0.301604482903168,0.670476036442711,-0.443293588,-0.389423309,-0.224461644,-0.195370748,5.35018834844322,0.144383921840635,0.0582278308161319,0.0676779515236038,0.236657543660081,0.631055825086553,-0.095561917,-0.131914224,-0.205780472,-0.779127967,5.4292030491015
0.174210061210159,0.0954113678294436,0.0687380196227853,0.300055725104043,0.541038587010383,-0.159163206,-0.232569592,-0.299634253,-0.072060266,4.36495339871533,0.135433163457545,0.062253051218361,0.0618461549299919,0.204296672393959,0.538734734462328,-0.406512451,-0.182406411,-0.306075727,-0.17148788,4.95875747402648
0.159014396013913,0.0721277162842315,0.0776222327285846,0.248331870576872,0.469745541906557,-0.20637344,-0.219647751,-0.20546327,0.0759616236395417,4.02335621085939,0.130304052568454,0.052850090213431,0.0530357248109807,0.188990941012463,0.638304596795747,-0.24411201,-0.284845717,-0.154791406,-0.128396598,5.23822905524112
0.155018942233004,0.0613560270593997,0.0946253324805211,0.23953779994746,0.629488899823325,-0.341856634,-0.220520019,-0.322770191,-0.059756815,5.57057634127159,0.142127503274579,0.0489217768151383,0.0582501434854542,0.208380582282133,0.671708050083697,-0.269618406,-0.236177907,-0.207760087,-0.459383225,5.31458043908404
0.137400568514054,0.0673811929581192,0.0713260468892551,0.234808133483426,0.721112932701599,-0.33542715,-0.256012949,-0.299451183,-0.296525299,5.33120228165819,0.126329194126168,0.0643211298594832,0.0491048886682624,0.250428284947672,0.555605384175946,-0.00155873,-0.127280388,-0.12314172,-0.553879205,4.78702198294071
0.173308219794602,0.0975883551361048,0.0770532564072623,0.263207058892539,0.528949685402384,-0.457482014,-0.39397875,-0.268652721,-0.076382882,5.16261374561867,0.146382972692782,0.0726489674037658,0.0553531881423264,0.259893709126001,0.653102198657597,-0.318243812,-0.148942287,-0.307013986,-0.28101066,5.18094189541962
0.167705655979029,0.105343018979748,0.0703445343523658,0.275224601132108,0.661993324213638,-0.691229151,-0.314975798,-0.386837842,0.160825568937969,5.28622973883235,0.135672382136723,0.0503956666227805,0.0617729673428084,0.255299290773174,0.57472136153953,-0.129825569,-0.195355663,-0.217791588,-0.389760883,4.55766481368704
0.127659446131549,0.0683044509548682,0.0769144163102401,0.205253075737916,0.621448160509178,-0.20712271,-0.26099354,-0.255422701,-0.204353249,5.80193401723674,0.136634939282449,0.0598825191892139,0.053231612579226,0.254549954679351,0.519404782076445,-0.119660908,-0.146553946,-0.200296053,-0.729855479,5.14341583495174
0.119437082328768,0.070406392494741,0.0678768824837338,0.281109748994637,0.665127320354108,-0.234097177,-0.297500149,-0.227965647,-0.58701533,5.5095069363889,0.122439496389554,0.0555010516208838,0.0564941891100992,0.207855637240944,0.562076022528334,-0.082259635,-0.23962694,-0.139858295,-0.447291063,4.87018786426833
0.177379396296786,0.0835024526393213,0.0604318196854661,0.269248667219535,0.575511431570511,-0.339571439,-0.283200114,-0.281728075,-0.273096839,4.86335520998321,0.130298193885237,0.0544476567952365,0.0651371016958285,0.245087467258393,0.50146074061464,-0.071311334,-0.221188497,-0.140422435,-0.494382717,4.90044385801954
0.230269532156631,0.0837583528796514,0.0994671952404472,0.357592061965189,0.731322092674618,-0.56511326,-0.403016371,-0.292644783,0.107660673079837,6.06850447833699,0.136172730940924,0.0467237812722512,0.0529463789007212,0.206657763049994,0.639687292160845,-0.365050193,-0.311560447,-0.225470122,-0.03786863,5.6208381503912
0.197984214434302,0.0891649591512933,0.0867389748731952,0.321466093942716,0.661359273323575,-0.335032261,-0.257653537,-0.284528351,0.0941148007586895,5.66848027534737,0.106900594338785,0.0559003723460418,0.0579714299633654,0.226155706689664,0.550038293796584,0.0372581242014085,-0.072621139,-0.16439243,-0.7153087,4.57042328638221
0.181050101827803,0.0807810475054805,0.0633235338884238,0.272604994442196,0.605633529243081,-0.219870385,-0.237575043,-0.277182142,-0.26855968,4.92715660679722,0.110430716286136,0.0544322982794938,0.0539024842359948,0.215352522858583,0.500235553133449,-0.03603901,-0.225185179,-0.153949019,-0.560507898,4.96605356621649
0.142708516600189,0.0789355177495171,0.0783567784122199,0.259272758137691,0.654912573488622,-0.227635031,-0.261244304,-0.180014007,-0.531141,5.66536242789476,0.108769949858361,0.0397789561672006,0.050186336429759,0.197658558973414,0.573104184632997,0.0704937052234425,-0.070524904,-0.15941705,-0.705016468,5.23354116577627
0.208128226768092,0.0854614396709908,0.0907754855342142,0.34150279485368,0.64221163853591,-0.304941905,-0.119937097,-0.445550924,-0.371563913,5.33499920320404,0.119759660449628,0.0626665091925961,0.0568828338935457,0.249993643050243,0.611524258285424,-0.117850437,-0.220034602,-0.108342499,-0.711957573,5.78475489855404
0.157155641589646,0.0616748076760935,0.0789931425106372,0.289448506156822,0.592317957573093,-0.401604262,-0.245856336,-0.370672537,-0.190533323,5.49846546252837,0.113494482798565,0.0649610513719612,0.0728419397319718,0.275496485921272,0.582640271140282,0.0573817576647263,-0.160210576,-0.094874435,-0.847846573,4.93964573113904
0.245874729022703,0.148975208832987,0.0802948687622824,0.308201404334835,0.744914717188429,-0.586697981,-0.563100581,-0.176298018,0.0456076741397459,5.13274926793084,0.138236451370517,0.0636983198259414,0.0535592954331455,0.236869852888158,0.492439726754805,0.0412583972809737,-0.182449537,-0.153707523,-0.60254799,4.36398113952632
0.156915522500796,0.0792932251817526,0.0799373400496565,0.277970115511222,0.501005271946656,-0.05930465,-0.209268988,-0.170204658,-0.52331796,4.56757902927659,0.142673645692561,0.0579414904089426,0.0599649562271525,0.225197904971203,0.613963713553847,-0.286502861,-0.178939182,-0.271878578,-0.313964647,5.3579045059559
0.139789057906605,0.0785788351925195,0.0905560210948339,0.284583355834134,0.616741006132039,0.131256094122886,-0.130844549,-0.192620236,-1.020168342,5.86428138845915,0.135134110883757,0.0625953048943922,0.0577205052663053,0.217637223223822,0.616916462324666,-0.046088689,-0.207437246,-0.158819429,-0.403047437,5.24587941215412
0.143781822736533,0.0864355072085782,0.074143574648871,0.263205101930462,0.46840717097085,-0.033105211,-0.209367242,-0.108959944,-0.478867422,4.4888245580829,0.130024229543445,0.0597974681207159,0.0576439712228715,0.281658358408234,0.53499941057195,-0.059041577,-0.10969506,-0.264518041,-0.592940801,5.0925927128907
0.140583692622411,0.0815834875181642,0.0561245526851125,0.232514671663135,0.569262534629262,-0.141326603,-0.313191241,-0.154405535,-0.310470946,4.70091498610253,0.137344714246236,0.0595036495216069,0.0582245129369427,0.281981829349226,0.496222633355555,-0.242235475,-0.282695706,-0.13560434,-0.639228271,4.7890872549211
0.165574431851564,0.076664740844394,0.107947845726675,0.279287095069772,0.613360281048694,-0.34941949,-0.284238218,-0.324457574,-0.068593896,4.95311103461091,0.1177242784866,0.0509558691915435,0.0541530044017247,0.186674751465426,0.53978586528603,-0.061218507,-0.179416577,-0.183907504,-0.237596394,4.31379854918991
0.160842271905308,0.0956422463491281,0.0758512398175911,0.283528293898496,0.643956596070479,-0.315807634,-0.220161574,-0.301294139,-0.436939433,5.19263571420358,0.176280210191073,0.0651167052681052,0.0713254095292532,0.249223085256897,0.598966621900779,-0.462351485,-0.403898995,-0.272469115,-0.171865107,4.7998853110824
0.178446531467926,0.0889950630111156,0.0808147816825776,0.271600169921151,0.627677058298128,-0.198428262,-0.213587464,-0.31121916,-0.410435151,5.11688614811696,0.152758533136511,0.0514844662190696,0.0755023704472037,0.257208015903509,0.551079096680532,-0.129726709,-0.137485586,-0.213189648,-0.477843232,4.69179036269447
0.154924112615687,0.0866587622795379,0.0618154615674666,0.247481367156699,0.485812178570517,-0.298407218,-0.305801445,-0.308053933,0.122139640908022,4.33004616850706,0.127167414447676,0.055898505782129,0.0474700865687057,0.207124565529554,0.48175809411456,-0.165179422,-0.220080511,-0.219867527,-0.198987292,4.44872108754635
0.177396424713001,0.076161500728926,0.0836735117905245,0.256947521291496,0.713216650681778,-0.27680941,-0.323488091,-0.245480313,-0.265978404,6.04414214652272,0.124186305337991,0.0635304116253758,0.0556341295759544,0.219972360905482,0.509961183373139,0.162320459388701,-0.041105694,-0.174027289,-0.893191317,4.27196339951029
0.205125870831716,0.0896009081531186,0.075614259900487,0.271847787762272,0.609707175456078,-0.546803331,-0.333348686,-0.38194878,0.358532104925301,4.59524375698477,0.112145834770912,0.0518276021067356,0.048991457002096,0.248225489666359,0.612559564513889,-0.217762479,-0.249240699,-0.155582995,-0.458485786,5.76674608637238
0.182312755810581,0.0777723977671092,0.0874876073856259,0.286639852942136,0.512633025043778,-0.204970311,-0.194266422,-0.211230044,-0.279100669,4.74046407022788,0.110867473275564,0.0519767309984393,0.0584008518182466,0.180722377059551,0.603541741529562,-0.074211673,-0.251341181,-0.166400693,-0.405370679,5.43550467696171
0.155825649253073,0.0634768839228773,0.0868540969528703,0.229399943897707,0.649722804038709,-0.182213224,-0.174070391,-0.277212361,-0.469626796,5.53781362658731,0.0939949284250692,0.0443050779098415,0.0433509752511237,0.209635477444126,0.583598343002759,0.063268121774735,-0.056043778,-0.183130878,-0.675039183,5.13212985141797
0.126074648964869,0.0603708806064793,0.0759950093485767,0.23020696838647,0.666812401565237,-0.237316684,-0.278319728,-0.18683251,-0.24477159,5.61319031626634,0.14992617526024,0.0805754347092482,0.0737315181809547,0.207019046328161,0.50628939353161,-0.40654175,-0.207266881,-0.366903967,-0.146475005,4.86927009433527
0.136648425116897,0.0748253241108061,0.0860745555578128,0.261801304996207,0.573780568761877,-0.021138369,-0.305411142,-0.058590617,-0.51943882,5.77169492169436,0.12653782812921,0.0619132555529463,0.0518284681956581,0.206043454044343,0.443424072940182,-0.041728541,-0.162984846,-0.178711069,-0.274539994,3.72418768752384
0.157104997514717,0.0603652349176213,0.0687585939770887,0.242318152692562,0.508591528039232,-0.209276528,-0.217973335,-0.263888615,-0.015517747,4.10162682760216,0.115175430773079,0.0565512116419868,0.0535966899035277,0.222395563506371,0.670961603423495,-0.076579643,-0.225161984,-0.119106768,-0.681102011,5.46861740772958
0.133245974541644,0.0575382699531589,0.0807472182733405,0.249099667006305,0.626789348371279,-0.277143576,-0.314791391,-0.289631897,-0.097169344,5.16584069656664,0.131966717307327,0.0526823507832874,0.0693861318317017,0.254239329829206,0.591088382713372,-0.208803191,-0.22502444,-0.241367221,-0.463609381,5.26637460913261
0.212799654274886,0.140791912677113,0.0868783962696038,0.401711044526822,0.542058926583577,-0.292659925,-0.242705719,-0.262435706,-0.633553465,4.87190529649392,0.115274001018707,0.0553787475679197,0.048589428536491,0.191617412364566,0.610933204364746,0.0956404998502144,-0.109438694,-0.10907318,-0.61714617,5.19616667379616
0.172254888280457,0.0728815235718114,0.0752840651497088,0.292562016145744,0.674871978266469,-0.440478633,-0.300216703,-0.347961422,0.102393258805073,5.88243832956539,0.126262581878836,0.0627962847550379,0.0587449975451876,0.224177726944916,0.655843559928829,-0.025477899,-0.173108403,-0.083731417,-0.624964651,6.02532680370531
0.169869659511882,0.0738188258810488,0.0866519103814444,0.26654031725521,0.766851479014345,-0.473005527,-0.331142451,-0.318528666,0.0538409688489696,6.49727140245042,0.111047599173693,0.0573032458399538,0.0596488722052372,0.217578711862321,0.652911016402359,-0.122026748,-0.122782393,-0.28398645,-0.500900987,6.19231059523531
0.176153377113887,0.0782887946715943,0.106102688244885,0.276863049542928,0.607547796867761,-0.297262549,-0.259855979,-0.391225309,-0.132187227,5.10257549085099,0.147971677435865,0.0692222162643269,0.0580437807888662,0.275353521341986,0.700965057367445,-0.040389856,-0.121306401,-0.124561568,-0.963044272,5.86841479696824
0.192724184885199,0.0785555178550027,0.0842202937010322,0.324594236642668,0.567802831792276,-0.399519276,-0.266777012,-0.362823839,-0.080937238,5.00721267365528,0.118803543174406,0.0538380790452262,0.0747385425713583,0.216760096989761,0.647708486188557,-0.181755273,-0.224744416,-0.129889406,-0.463279967,5.06626787277158
0.159205663221622,0.0850380593605452,0.0736391173631491,0.247264117310394,0.717833795542657,-0.414616143,-0.356342482,-0.29479174,-0.091370878,6.0080473113006,0.142924830418699,0.0746715083086774,0.0603256016428761,0.257890990176068,0.580449020106154,-0.081503957,-0.221076604,-0.150380147,-0.298914969,4.50104680969107
0.195925897850448,0.0812908946302157,0.0919304610428262,0.342154785788314,0.583504465460784,-0.178913878,-0.321715464,-0.199384604,0.0477259093303527,4.6804322677051,0.114746872277296,0.0522135941501228,0.0569681315172297,0.218774080650832,0.602959325939825,0.0304366444697269,-0.176606192,-0.187396234,-0.56474872,5.20330817445179
0.16700133463422,0.0842980188817302,0.0750790440030956,0.268498375791421,0.651186069342211,-0.143373582,-0.209926625,-0.320822892,-0.395821276,4.96633746001613,0.108857450895729,0.0435470175050892,0.0497110946988506,0.201601980857042,0.542236194461529,0.0306292811648155,-0.193191931,-0.077043318,-0.622126493,5.24031886488611
0.184958739456311,0.101413199236744,0.0988299612204454,0.28401776033176,0.555748358931012,-0.414989209,-0.224493272,-0.380690028,-0.045584697,4.63916404528896,0.134851279579057,0.0637886076517142,0.055141669853963,0.194605063319456,0.774423754706931,-0.467407421,-0.254079099,-0.348081934,-0.134748891,6.41823416521712
0.126165950951268,0.0592822768723586,0.0656607733140786,0.225330054572306,0.503589155640859,-0.212045218,-0.26767289,-0.248950651,-0.215409449,4.69853985323703,0.11774422897634,0.0638019380558691,0.0565608168781379,0.233219381369195,0.641389418065845,-0.091742897,-0.193244171,-0.149461367,-0.503891487,5.25814349999652
0.164332882908757,0.0757169162894653,0.0574654762933473,0.233653840781929,0.474897900354557,-0.298101815,-0.318570567,-0.245192049,-0.230032985,4.38649462331898,0.123558877051807,0.0592544477921715,0.0439435460424804,0.214165692151527,0.722202028182788,-0.110804757,-0.162178111,-0.208385431,-0.804530933,6.80819811587386
0.158272375258907,0.0591579275931408,0.0731448407591264,0.260560177409394,0.577653454988126,-0.057322801,-0.181328806,-0.221865124,-0.590899926,4.94978291750787,0.104653546655977,0.0430960001910061,0.0566321463775453,0.195186290347431,0.581020724104445,-0.054040961,-0.169375935,-0.079161248,-0.496932729,4.98701181508692
0.231140896392548,0.0855774411614933,0.0992308205970957,0.335548299376079,0.747912861530518,-0.705435037,-0.296979018,-0.48517442,0.508661900190857,5.63629390604496,0.125157871356488,0.0643879120611855,0.0535771467005354,0.210433871079135,0.691037675030315,-0.335302045,-0.420348204,-0.205531982,-0.223795892,5.84510526221466
0.145328820552093,0.0719165186927269,0.0677864338397605,0.259616827273746,0.576008515045027,-0.3190172,-0.298961217,-0.312808292,-0.270005848,4.76316105311007,0.146463396328789,0.0604415491475625,0.0641522936510752,0.273950854589252,0.583665012266588,-0.238748724,-0.206100143,-0.287271966,-0.690045854,5.71764408261724
0.14248705655509,0.068242439679455,0.0610252737949813,0.237571596328925,0.628107051611724,-0.130626212,-0.123870842,-0.254820235,-0.296978481,5.38386791045851,0.138592757708658,0.0562859726571949,0.0689156911880264,0.229209160614951,0.631746801509052,-0.230441838,-0.282843872,-0.205080986,-0.665469779,5.09279404285657
0.133903745328229,0.0526332358167631,0.0765509044739475,0.219760947383561,0.5861120145134,0.0147367099193011,-0.182626732,-0.163282287,-0.663596679,4.81139665220868,0.157240524424275,0.088030763773657,0.0543752115264019,0.25676331596516,0.626019090373133,-0.098561546,-0.18866937,-0.154828047,-0.678560149,5.30415292952677
0.14003447066581,0.060028018668022,0.0823737727057522,0.253615431378088,0.67452125170579,-0.078210301,-0.17141785,-0.16753443,-0.895811679,5.87458327879562,0.126703078618169,0.0556647684655376,0.0550452001612093,0.215405439718356,0.555629908736118,-0.15343054,-0.214548589,-0.171160305,-0.247393711,5.03719298016252
0.147379781129307,0.0742345010596062,0.0834694904077351,0.253135361103174,0.509795119749795,0.0287477783785618,-0.248072435,-0.074734488,-0.551080572,4.50630574098727,0.154233450116963,0.0626832059358979,0.0681140772671142,0.238383269723223,0.581491338368917,-0.332645753,-0.264742157,-0.267996995,-0.324328545,4.60142674424458
0.161396226203424,0.0871299079236123,0.101505326864429,0.251724515237558,0.649903603991658,-0.218157356,-0.274534953,-0.33865551,-0.347529004,5.51153641824923,0.162248445300235,0.0761482092316621,0.0665690716658458,0.232810515486505,0.598834621411536,-0.589297907,-0.285311818,-0.35269471,0.18731433743447,5.21830020925024
0.145559028436969,0.0840283905483563,0.0498605251144407,0.2453082418767,0.894145444452264,-0.397210361,-0.169073532,-0.373591966,-0.498562974,7.05343774683881,0.17596611481036,0.0876605179894805,0.0667560713997152,0.269605336769017,0.418141580154778,-0.04402959,-0.22827549,-0.193041448,-0.476202374,3.90269938096738
0.155152727141118,0.0913350959805132,0.0713860251942828,0.212975570198801,0.573139391416173,-0.215002905,-0.234291282,-0.350814466,-0.016558045,5.25939634764981,0.13220419546283,0.0575576081394499,0.0479921639542264,0.202732163267987,0.869536643434684,-0.408965204,-0.252211448,-0.302490358,-0.282393558,6.83787826064744
0.168977221400757,0.0763915658347155,0.0806192095266803,0.26469147191848,0.859646104347936,-0.329352588,-0.41174021,-0.145564167,-0.022286878,5.88777257366402,0.161063163994381,0.0694065471208076,0.0621066513103235,0.25585632227247,0.534836314647546,-0.083931653,-0.287482709,-0.088347718,-0.258884446,4.58162021701101
0.157124989731085,0.0829109595918178,0.0745127484244926,0.255445972376412,0.616940061428153,-0.329123923,-0.345135749,-0.282813092,0.146989060972058,5.02164772319634,0.149172366580409,0.0678383077913201,0.0647145215893552,0.217733764306643,0.570213219582976,-0.14528792,-0.239184724,-0.146335948,-0.610360939,5.25045441157823
0.145748282730512,0.067994754686478,0.0605705962327431,0.234645899212419,0.587145271836624,-0.264266068,-0.240492146,-0.22379614,-0.004434255,5.19495586433642,0.133229484805974,0.0542565536756678,0.0578048053735849,0.203623007028478,0.625222369429077,-0.169405202,-0.281247333,-0.137849491,-0.408719403,5.39995364793928
0.178351136003214,0.0715886636744006,0.0742559157595267,0.266978314046169,0.806858183090538,-0.23715182,-0.260731181,-0.211341029,-0.378206556,6.99524102207352,0.128905080388027,0.0610311053068936,0.0668638244995519,0.215828768524209,0.649544598804609,-0.216481793,-0.121950993,-0.229668025,-0.227172921,5.09481934415763
0.131291401154563,0.0861475379326435,0.0973347514918378,0.214651167783517,0.578644207946816,-0.219144441,-0.123676055,-0.25937736,-0.177100539,4.68165434138358,0.139240732228707,0.064900654367979,0.0570830534256721,0.24465825700887,0.696798076791968,-0.018399936,-0.170074275,-0.165807336,-0.880593733,5.44189900893899
0.188056238881156,0.0738033041319734,0.0860013797098759,0.260934064327422,0.702202243060889,-0.12567917,-0.100136228,-0.25619965,-0.698987845,5.38991272466838,0.123302994412616,0.0555259118660115,0.0510158779824506,0.195638304918615,0.669488644266102,-0.144671783,-0.201011329,-0.182569066,-0.4697315,5.24152348469087
0.138004084767808,0.0564663557149624,0.0724165026645356,0.222053177448848,0.513893934001924,-0.323417236,-0.141221271,-0.374249047,-0.010902834,4.69492502992785,0.117312478651082,0.0572315579923795,0.0675203149031998,0.206156076916165,0.689607748055745,0.111386197303836,-0.102273519,-0.12974776,-0.909770223,5.2784685260468
0.147570080668924,0.0724232310638679,0.0807099944143756,0.26151204465543,0.654122637340877,-0.197828431,-0.256693362,-0.197152802,-0.266927581,4.89829763555732,0.142986510423983,0.0555911435432918,0.0583712200272904,0.23606337511425,0.503436995813353,-0.235654511,-0.229470101,-0.204963036,-0.417914857,4.60859198706109
0.194815185837644,0.0943993751136702,0.0552341394754989,0.268562834392383,0.953764374951266,-0.638752664,-0.357396162,-0.322620908,0.0950055670264481,7.5497921766294,0.104296031701622,0.0630870235786238,0.0596311917860383,0.225771419667969,0.610659737659004,-0.093946328,-0.179495037,-0.236852969,-0.595974448,5.28259498235705
0.14091836825665,0.0690531065770992,0.0723430818177904,0.285273547466145,0.641464568680908,-0.291880683,-0.331832295,-0.243604604,-0.180518456,5.12962248625866,0.166318931749037,0.0573597921449105,0.0689680982334362,0.245604617429412,0.519702059189435,-0.474038957,-0.238500103,-0.314469252,0.0110423907127474,4.93390610246173
0.167974183722314,0.0640617004790709,0.0773515749243949,0.250875169645288,0.587373947016517,-0.304843941,-0.181044184,-0.249542312,-0.216102784,5.52305940729124,0.152699850364638,0.0679757295453719,0.0624505085229779,0.255249188596398,0.546711507889702,-0.021264311,-0.192685564,-0.143624761,-0.601609664,5.23152661053014
0.132677947168488,0.0843453866103612,0.0676559998370321,0.213176085730621,0.691233809153458,-0.014071763,-0.156634825,-0.208193471,-0.396986222,4.96780226034184,0.134323802662255,0.0574789890987223,0.0568556098846586,0.219270076547495,0.616836326349187,-0.081043888,-0.208651439,-0.180808393,-0.269431939,5.29918540531013
0.236197360675728,0.071486819917406,0.135776491441327,0.37091330233165,0.597197179869959,-0.556500707,-0.232790496,-0.433680123,0.0919763792722588,4.90614077208692,0.11538554715374,0.062235715981656,0.048873210583541,0.22043285089414,0.669262824382226,-0.087519739,-0.176268851,-0.142047742,-0.63737218,5.60552994147802
0.134621999766965,0.0706396295901343,0.0537282702382644,0.235644321114004,0.648652286788547,-0.317526904,-0.358132493,-0.225763604,-0.178557988,5.97237743688724,0.137630795417495,0.0492946683957639,0.0566807604784929,0.21527508132335,0.471652817300067,-0.210016178,-0.276913638,-0.279869431,-0.159914874,4.41284409612707
0.149451296831545,0.0667199003200403,0.067960276094649,0.272294216758511,0.682880802164959,-0.201090064,-0.300956298,-0.068765667,-0.682413512,5.56347580854103,0.130255616187277,0.0692963384547853,0.0541161766000891,0.227363761071881,0.493946475065818,-0.142195118,-0.205127463,-0.194176418,-0.351122262,4.78725588182666
0.164355331393485,0.08058750272629,0.0569504961753183,0.245831028754473,0.741056366888128,-0.562771934,-0.37571113,-0.276360454,0.0812891974577445,5.91072721085778,0.120441293569465,0.0509491156357611,0.0534164404603221,0.22956110446724,0.575476383104625,0.233722111314103,-0.058667459,-0.097526553,-1.133277893,4.88429114025327
0.153144345774413,0.0702813155749054,0.0750966046042082,0.22360259183183,0.624005412832295,-0.267409925,-0.183806181,-0.307605925,-0.518665327,5.11995382813232,0.125970801564673,0.0488892546319995,0.0482508622774299,0.213025387292239,0.498781431570379,-0.273354282,-0.21579567,-0.29368366,-0.445117538,4.78373676373623
0.161712738999819,0.056869874586057,0.0897980384422453,0.245936068376655,0.734919715112912,-0.163106866,-0.17308569,-0.292239984,-0.312023873,5.27309798184379,0.130347418334302,0.0593047425765773,0.0620581498198571,0.241221299749086,0.51317302108652,-0.360646574,-0.28408542,-0.29211658,-0.093851945,5.01247687281376
0.156739183869533,0.0763563434704277,0.0750576369868433,0.257410152211703,0.641361520625298,-0.249568984,-0.309908785,-0.162153949,-0.266791417,5.37273288822014,0.139025544572118,0.0531382614320895,0.0543364044301988,0.242684214946671,0.670975896287623,-0.401534272,-0.234893824,-0.286621541,-0.251635327,5.99522937797794
0.138733121501605,0.0959147659841009,0.0814375325137703,0.272867580438509,0.589486186798599,0.168941448900609,-0.060980136,-0.145284771,-1.004948812,4.79194553638615,0.110969350193053,0.0523972459946032,0.0559560504254977,0.22828426415907,0.470610979916325,0.163704357555216,-0.026407102,-0.173238474,-0.738609691,4.32513958809139
0.192322540097329,0.110581535685176,0.0762662482607903,0.252695053521031,0.595918667540145,-0.339080042,-0.293056241,-0.239742185,0.0450383525063179,4.18278124671412,0.130073962373032,0.0543669817719974,0.0622531914882726,0.213194750855455,0.486091722532202,-0.077478284,-0.118242189,-0.257335365,-0.370870259,4.54796029582983
0.139790038635042,0.0670270251724697,0.0833715632985534,0.27945650769509,0.582763100957085,-0.020427535,-0.218339021,-0.098957216,-0.906224089,4.8950535003732,0.117633874932481,0.0543651536450867,0.0548943605270937,0.205157604710925,0.563377901198107,-0.086309364,-0.166117882,-0.130676709,-0.526867104,4.81016342507206
0.183500351945629,0.0868959868179897,0.0870072727842889,0.303995429333085,0.617389697529051,-0.398636908,-0.257773028,-0.327241186,0.0248283967148906,5.62361299535252,0.107730088344768,0.0539773999137168,0.0614380614832981,0.221680846703702,0.60374463611196,-0.156893519,-0.273265461,-0.13506963,-0.64290671,5.7087085008429
0.179055472669421,0.0851723616237732,0.0975745797408518,0.243025837527376,0.878771911124469,-0.570904392,-0.23747511,-0.501614132,-0.046667905,6.33610196017562,0.140117304216315,0.0587179337592651,0.058627980858511,0.211047208636204,0.527575968114911,-0.303615768,-0.237348681,-0.212898737,0.076370168082955,4.34793510079848
0.154090711051885,0.0850936781559902,0.0591748480941883,0.306172663343726,0.614294186497137,-0.169250171,-0.154261303,-0.29826319,-0.362671488,4.62989764342397,0.126482066124168,0.0565874248951486,0.0598097088944682,0.225131638446553,0.488999342619992,-0.022620836,-0.168100552,-0.177199409,-0.524595291,4.64328749106703
0.179699299143873,0.0661006878822587,0.0852313120484272,0.280789819648517,0.603882176075463,-0.296925331,-0.269102902,-0.325630492,-0.0362341,4.68247254188781,0.159091137275954,0.0594538343219841,0.0707158474488169,0.274102486260926,0.463099499565188,-0.430766487,-0.322583684,-0.306367445,-0.357568967,4.44450409157558
0.188155461288877,0.0814850179207473,0.0818361879965351,0.283590512005232,0.549535237672781,-0.664632439,-0.363058002,-0.386716364,0.320520529797585,5.06679908644585,0.152878780819708,0.0645921177497261,0.0735104817076315,0.247027463622293,0.560823917564081,-0.045375703,-0.211528511,-0.164152747,-0.484910794,4.88818768701737
0.159543020417432,0.101800382027393,0.0606354218009262,0.211477538038332,0.567389931572848,-0.473048985,-0.447564177,-0.226352525,0.118644714115415,5.18370380536568,0.139359144126581,0.0498253022453196,0.0684255766508618,0.220758068335551,0.592691100228752,-0.406271276,-0.275410745,-0.222293166,0.12177465084369,5.22083074333339
0.156781941443785,0.0733081033222177,0.0593385674136114,0.314667251268404,0.660976158483026,-0.205603774,-0.171708852,-0.254582518,-0.548115126,5.7581029607326,0.127932821224282,0.0553369866177333,0.0657517636290505,0.243436776600981,0.637595223367125,-0.260365129,-0.239512646,-0.140176958,-0.430868246,6.05898377283135
0.171433563867216,0.068028522581321,0.0764739501774103,0.229833316989021,0.530472623070618,-0.194790549,-0.205082347,-0.26423406,-0.206532858,3.87979271478829,0.124618570698669,0.0560813632046748,0.0438753114014314,0.237329369154043,0.57011120958091,0.042593828191343,-0.109650534,-0.27474568,-0.747829676,4.61351872507417
0.165371808513127,0.0856211300474151,0.0706916109702368,0.249471533996257,0.667248202531904,-0.042556211,-0.167338179,-0.183117308,-0.36481353,5.38120438560378,0.156533327676037,0.0645723377462834,0.072082990674017,0.232904421535568,0.540056026255199,-0.407772389,-0.199259868,-0.289338209,-0.075546859,4.92822474876038
0.146961979499426,0.0709912795554176,0.0703424081650123,0.263538232884413,0.631277916770676,-0.304371275,-0.331825321,-0.241536527,-0.260330044,5.61648362277638,0.143517160612769,0.0527151948937162,0.0622581206971885,0.206043093633972,0.430444105102644,-0.309536844,-0.280852607,-0.224532118,-0.037175574,4.3128370019536
0.262796921140913,0.0922308394412942,0.112776106491543,0.341468844502582,0.79109998389674,-0.618557522,-0.350781243,-0.521656525,0.196281258311031,5.83709640626132,0.11675726409876,0.0539406892991476,0.0576010584058573,0.204998206082307,0.584967066563863,-0.012413537,-0.226227829,-0.119578735,-0.60830886,4.74523505026491
0.244103929753605,0.0737183601127967,0.129956435227995,0.362060225400652,0.660993967194109,-0.484328109,-0.283650341,-0.436109673,-0.206794097,5.33146517524753,0.143423661281452,0.0567810072680862,0.0677555299326075,0.249867971692953,0.549773467303826,-0.283569914,-0.234511064,-0.259969209,-0.234014384,5.0001639236536
0.156222572495869,0.0621258074349836,0.0826413946064343,0.286749477515333,0.507805223154592,-0.025490588,-0.24232471,-0.227580768,-0.466047249,4.32447938488932,0.144325706987551,0.0605613158969396,0.0687113823046643,0.235007125032658,0.593660921437931,0.0848252921467834,-0.214815339,-0.092739412,-0.779208108,4.65204201216339
0.232178930726992,0.107377053401127,0.106393346455466,0.341226360509306,0.587560656263135,-0.361967351,-0.233715065,-0.366528999,-0.393582606,5.22500267685958,0.123564009349177,0.0596288373030575,0.0600174616481403,0.233332945864332,0.535748733514304,-0.021534115,-0.178944584,-0.244603171,-0.50162841,4.25838324827753
0.112769485027526,0.0797855834825061,0.0735925687390194,0.273320661986147,0.576119561658286,0.0860056103578452,-0.223641551,-0.129183962,-0.925654151,5.13087967599155,0.150394654784702,0.065399179703929,0.062883303891167,0.243435840953519,0.653006730890931,-0.234054551,-0.270205695,-0.156496493,-0.678068258,5.15644758299305
0.200248393223321,0.105792157291771,0.0752002080985659,0.339637182375294,0.557060262772963,-0.400799537,-0.217868082,-0.299420611,0.189192568635021,4.93047913744445,0.12039433474366,0.0458790895729431,0.0612123500462172,0.247337618847249,0.670796190251146,-0.120082459,-0.170693577,-0.23365701,-0.613486176,5.94943486346619
0.221432111357915,0.119560113682904,0.0762244014253535,0.287344979695182,0.750623946869156,-0.514073208,-0.46479098,-0.224896002,-0.29242748,5.26021988110985,0.139558666672089,0.0646826210120217,0.0528084299618363,0.217277224915574,0.586240679315597,-0.280145709,-0.108981056,-0.26150535,-0.287674953,5.62339598382346
0.141051453218306,0.0689388096726959,0.0782624112469196,0.269446165568208,0.548363715142152,-0.088033928,-0.165972919,-0.159085523,-0.586843738,4.93846587352385,0.148080687391243,0.0559710888998436,0.069597621406336,0.248065660601266,0.513159610850796,-0.483214491,-0.340401752,-0.297254921,0.0143438959125009,5.29132745158126
0.239754776061681,0.120502949779278,0.0961835882468332,0.358765200730904,0.779431898430251,-0.769828095,-0.564703473,-0.321670461,0.306954644958414,6.75619345690133,0.122248151095681,0.0686865504469142,0.0670744876973279,0.286557584390219,0.606690531265631,-0.095284084,-0.130373664,-0.121016462,-0.905746313,4.89215344538114
0.138293921913097,0.0697200177808369,0.0707434644191359,0.277860275457093,0.592059148754902,-0.293623236,-0.297370705,-0.180993596,-0.478201226,5.05919514298723,0.155807199449119,0.0572184353751467,0.0594387512453677,0.22803041739043,0.54876509087531,-0.447067082,-0.210352983,-0.296568125,-0.123513807,4.22443194150137
0.133797503052328,0.0475064355448116,0.065597009083678,0.234102032236524,0.668469249872858,-0.076848968,-0.281035142,-0.17668452,-0.437694547,4.75718409188178,0.132302829593192,0.0536840608672882,0.0590313085133087,0.21357617803829,0.50614204458241,-0.180961653,-0.167495462,-0.22931093,-0.361596834,4.85365265659651
0.165466172255608,0.0869544372996976,0.059386691181921,0.296768274773969,0.620932786378847,-0.324945786,-0.366766386,-0.216070933,-0.21576182,4.36666285000688,0.135561155644498,0.0527381904698329,0.0650784123624437,0.222559169767976,0.516699111559363,0.101820547946989,-0.134078252,-0.240273825,-0.701927961,4.78571644029078
0.250235121820121,0.0793456758724248,0.101609635623456,0.392495422926058,0.656179896383696,-0.409145215,-0.311395194,-0.360168032,-0.013169025,5.32571593538162,0.163271571068133,0.0747263106960873,0.0733371035699477,0.268938372015191,0.505552083689452,-0.250451955,-0.304594353,-0.185928369,-0.236313076,4.21495452340851
0.137070403339633,0.0822973344031053,0.0731763177213336,0.222585393188388,0.56914270925458,-0.21493754,-0.284710446,-0.169927981,-0.185217789,5.038549565,0.135362421849017,0.0529224840548971,0.0654234712728739,0.23216957300028,0.473662704371709,0.105527874767306,-0.144676976,-0.130065074,-0.86088453,4.32700533556485
0.147785513966467,0.0744482752491749,0.0832978968074743,0.242539368947551,0.682005869503816,-0.188490112,-0.401698989,-0.21789758,-0.44979706,5.54788349534556,0.131764557272494,0.0555479123650651,0.0527241607527993,0.240635990847834,0.584779556442086,-0.07010819,-0.234159164,-0.117547705,-0.571902877,4.94800255208207
0.172135043049362,0.0592782452868745,0.0917170931802868,0.287666118905193,0.624224504143558,-0.231321587,-0.218387452,-0.254429567,-0.106157964,6.12191408893006,0.124334675550241,0.0663814678612732,0.0548210700931522,0.238982858340374,0.517467306338492,-0.046848502,-0.223424446,-0.203247872,-0.406344142,4.50529204898102
0.191437599779349,0.0970569435278887,0.0637254556508729,0.298674140357277,0.818974926742033,-0.553491767,-0.258846218,-0.387681299,-0.094767744,6.77895415666011,0.135218215936881,0.0585868016716058,0.0561607384560164,0.239983704128295,0.468604974002339,-0.17285333,-0.192961663,-0.178584318,-0.206950286,4.17553803109623
0.167875021480326,0.0750339678762072,0.0867656198243037,0.240303210897878,0.544063953357295,-0.36097599,-0.369774224,-0.187901726,-0.192519452,4.85118417640972,0.147218771035038,0.0683954711472308,0.0546563345657309,0.236192660952699,0.522902420522683,0.0377501345928254,-0.127035485,-0.194255848,-0.417429115,4.4169474122475
0.178705497917587,0.0824919439937463,0.0827982848726771,0.282273535309645,0.62400582176597,-0.262033026,-0.332636753,-0.175818705,-0.280010545,5.61026133325939,0.143215212873531,0.0770816948513401,0.0608401751901005,0.253180529316346,0.493651614670337,-0.337295221,-0.248147434,-0.285189777,-0.366346604,4.60966512935489
0.131999079298339,0.0726629280622525,0.0694582212260929,0.258187626619675,0.483670247180887,-0.021261824,-0.26898597,-0.184108694,-0.258797848,4.07826474465498,0.120762362508511,0.0554314839058736,0.0593791577028057,0.187892868940172,0.63427216047553,-0.120193202,-0.196186276,-0.139684169,-0.315190406,4.49856320137692
0.173555575102399,0.0726795423356046,0.086114702736892,0.232903091864945,0.701452580843045,-0.304833753,-0.302439027,-0.23638735,-0.412182575,5.12801249999176,0.12785741172001,0.0533269473069581,0.0656687218572387,0.208778041671597,0.486129428414483,-0.138732524,-0.202192655,-0.173503127,-0.459798032,4.4231823229124
0.137899588103232,0.0615518782799915,0.0647285436352571,0.23046585378591,0.516947679814536,-0.323554331,-0.325638798,-0.224276655,-0.163435217,5.54681916355949,0.123224684089825,0.0612027502444248,0.0550354347608179,0.216154354043869,0.515930272328561,-0.072431081,-0.174407405,-0.252177899,-0.476371975,4.61502714514342
0.182909024090328,0.0841507810858707,0.0781810131129885,0.293149249869893,0.708937818356441,-0.548640115,-0.356893879,-0.241017693,0.0830506706009824,6.6255499649039,0.134873569294883,0.0528835770609833,0.0559884361132786,0.249390643069073,0.705757212379014,-0.18276728,-0.219384832,-0.220042785,-0.677235584,5.80715266517334
0.185441645304311,0.118921432734439,0.0729595117042379,0.263393908160204,0.491788788888567,-0.248558584,-0.29304299,-0.264611644,0.022610461589766,4.21725527217728,0.108118419445309,0.0510936706163615,0.0553262479372453,0.24303966372412,0.551296835848281,-0.233531146,-0.187118903,-0.246392116,-0.641432506,5.31507209121004
0.146326175021631,0.0899722525422348,0.0735773264711591,0.22736962950838,0.942036939013946,-0.593856996,-0.347049204,-0.260732081,-0.073540545,7.49632210249849,0.13668473103715,0.0639936026195767,0.0565079855267927,0.237591412062485,0.631248214529075,-0.356449144,-0.307130156,-0.13577044,-0.300484321,6.11744256294878
0.142990383547924,0.0774555284590484,0.094772640406758,0.32420270039469,0.629424291602177,-0.276148399,-0.26655728,-0.177497298,-0.292441613,5.97649540490699,0.122624548920042,0.0589387468384875,0.0533387849625488,0.255459257788083,0.66130109424546,-0.377657486,-0.250074341,-0.177648657,-0.339793526,5.89277207026145
0.122186525327144,0.0532566953091383,0.047925062555825,0.236541813193027,0.769047253541805,-0.248252583,-0.224907279,-0.221041282,-0.452365645,6.53102640307349,0.135487147688175,0.0521130983537938,0.0599023420245606,0.209764109151935,0.534508989602641,-0.292991029,-0.156382993,-0.303003375,-0.0396721,4.75461058352559
0.169789671090208,0.0627914839043804,0.0838291537809175,0.280240519201287,0.640106592491806,-0.306899542,-0.24739708,-0.289528888,-0.179100331,5.62037685496803,0.123284633030884,0.0485421285576568,0.0524949513749281,0.228082369565137,0.546941459280036,-0.283287766,-0.240139293,-0.250633082,-0.314566552,5.40837872873004
0.185821715730482,0.0824628597264413,0.0742962063554464,0.288508499756309,0.594231513279949,-0.229374581,-0.246843142,-0.257672434,-0.124308256,5.04998695940662,0.136827333278241,0.0626458472188884,0.0557076304097891,0.229788497147708,0.669360200972491,-0.305207793,-0.222728425,-0.213195664,-0.408793736,5.73717595952022
0.129597165578936,0.0682239461105976,0.0662951299057579,0.221709280430842,0.605789447567759,-0.129404952,-0.25600258,-0.211735407,-0.494413894,5.52987837553093,0.132695416157464,0.0524131183262839,0.0585326792631292,0.217717806302048,0.677057091489076,-0.203839354,-0.330920178,-0.096650785,-0.402131546,5.69796029696206
0.208016611822168,0.098746393979023,0.0977470374289792,0.298357547342533,0.800243075192181,-0.552880046,-0.260594926,-0.320341045,0.10566926955633,5.75624440092517,0.114970915693734,0.0547462791857463,0.0528494919632195,0.190388328851149,0.660718233317833,-0.104024401,-0.199851516,-0.168612254,-0.669649022,5.37227102732253
0.232700388382226,0.073036901285295,0.111983874309968,0.336885094152757,0.670776593892296,-0.505670052,-0.263306735,-0.370874433,-0.183443735,5.25135808085756,0.127933407463974,0.052863260516706,0.0611784018268346,0.236199409310531,0.596957757216116,-0.067770234,-0.144982069,-0.170440827,-0.671053194,5.54093979971264
0.17206547941748,0.081816244322836,0.100772614452489,0.318353541750841,0.586013997890898,-0.39815728,-0.292645433,-0.334872431,0.00789426950430528,4.80374863484168,0.138357369994759,0.0636823665342377,0.058055561601408,0.204882740329156,0.588995464393852,-0.303629627,-0.316384117,-0.216423472,-0.186588183,4.81724487560396
0.140853932340314,0.0675333822451733,0.0603806991488321,0.238205851674202,0.446139599712335,-0.16533173,-0.139797859,-0.318657066,-0.207831616,3.5714747040331,0.139842157838377,0.0520483284772757,0.0617943017794078,0.195793062061292,0.58944738818356,-0.270549618,-0.114130102,-0.298866992,-0.134398388,4.70666174929951
0.144672679792984,0.0855231360464494,0.0617465739893212,0.226153587618744,0.595025749645175,-0.2970539,-0.238063257,-0.226022209,-0.249332934,5.08492394994326,0.125573195141403,0.0678331129466097,0.06034852930935,0.224033491448089,0.529641140571283,-0.012629455,-0.129212113,-0.265810748,-0.653719006,4.97069257253639
0.138140204048051,0.0821125101822541,0.0699400451577094,0.270785119594629,0.424371733836152,0.0948700177236056,-0.21669897,-0.194867222,-0.897352242,3.72624546240927,0.124957860209532,0.0614167846890726,0.0692101521209983,0.208014183214897,0.727908386147187,-0.279019462,-0.212230035,-0.282789957,-0.469009203,6.02126323438419
0.146980027209611,0.0682098781212011,0.0753987534697236,0.242411439810491,0.517019656428342,-0.205754999,-0.230069591,-0.242174838,-0.129191404,4.80729304187006,0.127528864982554,0.0530287314264631,0.0607906972584895,0.239917455615894,0.66863514947977,-0.103879812,-0.313771102,-0.051083807,-0.505414165,5.83207544548346
0.164188710379033,0.0683981821485498,0.0734846190595179,0.219047237649723,0.74152749862755,-0.319582976,-0.289845633,-0.194654289,-0.026637198,5.32428240315081,0.131328232503339,0.0708587328320713,0.065879440675341,0.206172515108723,0.592654038174626,-0.348881142,-0.26572303,-0.281356075,-0.184159788,5.10212336496465
0.224315997140744,0.105875595711462,0.091872810370877,0.344421284126596,0.548524412616351,-0.209067533,-0.274220513,-0.263805315,-0.238777846,4.57077181140922,0.120648958477525,0.0551806096478295,0.061214981587972,0.207076813179936,0.682417251354369,-0.141841535,-0.146261252,-0.204733288,-0.57296556,6.01093960993431
0.213940038695552,0.0875154373032689,0.0945781795324379,0.327500146977257,0.670597786424932,-0.49773546,-0.3134955,-0.312257264,0.050477869759842,4.71629577504965,0.124353781392016,0.0597436229572348,0.0690902504834683,0.228696206967755,0.647208326568145,-0.103504937,-0.135541851,-0.140355474,-0.671907155,4.65321494050536
0.186740802168377,0.0995769068683767,0.0729900535267437,0.307277692185161,0.647519853952586,-0.286506829,-0.267830244,-0.234497143,-0.456755671,5.54506986953466,0.153555598627544,0.0584229219525834,0.0744285767771908,0.276074294402063,0.598756576739491,-0.142619382,-0.178910704,-0.216937305,-0.709275561,5.30531089120203
0.149287673130707,0.0502650684701499,0.0752392036841925,0.222311294194805,0.632319878084553,-0.258688882,-0.212886093,-0.280207764,-0.089576584,5.50300707791955,0.15112442871143,0.0550906392453045,0.063858799233998,0.213817960646259,0.579389905737698,-0.236764736,-0.175893305,-0.221227388,-0.223369126,4.70985976538596
0.151803497484514,0.100214600959862,0.0786506980509251,0.289962216845054,0.546163995952668,0.059302213382888,-0.177699484,-0.186257296,-1.094445247,4.69116941334868,0.143632812156981,0.0506193762679185,0.0653421400454494,0.21488643267644,0.589028565711881,-0.392754557,-0.226137653,-0.204883074,-0.214825425,5.3867069966773
0.200247513716841,0.0892056276625161,0.0995669047260847,0.339263420359558,0.529175276185745,-0.100198158,-0.176788156,-0.132187093,-0.53647683,4.30579222843739,0.14999481212618,0.0663666033288979,0.0724958703087551,0.243544052762552,0.596334866615709,-0.028967374,-0.21560559,-0.134279407,-0.444966002,4.43532246231937
0.164892675931189,0.0906902212678671,0.0632507767764178,0.270756329023012,0.574136977697851,-0.153866077,-0.239999172,-0.223604851,-0.406266324,4.61802017327109,0.12932990845166,0.0534845824436223,0.0580127384721819,0.249720282883519,0.613018627213182,-0.197439808,-0.223271893,-0.214881259,-0.51004942,4.80542034248918
0.195906442223105,0.0701857793437696,0.0796066397028294,0.306494404139438,0.574657904342342,-0.334793634,-0.280575898,-0.288577917,0.0369325702283314,5.17795724045789,0.162016922766005,0.0683427698382983,0.0653512848166409,0.25684518897407,0.471986515470055,-0.268340389,-0.255406381,-0.278995316,-0.143509965,4.04779905558945
0.129116823181503,0.0638917213595216,0.0703377858553034,0.234982881113861,0.718432179989203,-0.042652062,-0.155919361,-0.052056604,-0.737578956,5.6509242899889,0.138691553814722,0.0617337620191047,0.0765257239660987,0.244201810405708,0.601604571675222,-0.185332901,-0.272304317,-0.186662385,-0.907099991,5.82568722524623
0.210816961903731,0.068332503939691,0.109985100334157,0.286110641147297,0.626522806727658,-0.198918521,-0.268044165,-0.258470623,-0.143194577,4.85961111611459,0.137916057439064,0.0529158968673892,0.0686641974331971,0.226056017391608,0.612531712124667,0.0531854737918717,-0.201036035,-0.099149494,-0.729274495,5.1029714591898
0.178447023998576,0.0822870443552824,0.0772200839579853,0.278696466764576,0.657422000735828,-0.502502666,-0.284278345,-0.366326486,-0.16341506,6.188781049,0.1629389863017,0.0703324943082011,0.0604950870959281,0.234757324074342,0.682276476270744,-0.514035938,-0.280234862,-0.307775811,0.0852969012224049,5.34833667927315
0.143195995564935,0.0788270692475892,0.0660388290362154,0.223378901681229,0.467559478901008,-0.212419678,-0.229890953,-0.247053891,-0.239809048,4.12064751671846,0.113645988242074,0.0577047273156486,0.0601694317813165,0.216313924298541,0.506594199088175,-0.092779571,-0.168445677,-0.239340101,-0.327871025,4.74656859991827
0.137071259822358,0.0760693522359989,0.0792983447629715,0.229181209281289,0.535567469920045,-0.122725954,-0.163111281,-0.23598013,-0.167243606,4.44855414461189,0.112739323848714,0.0542908493276388,0.0546330356677451,0.199150504983698,0.643998129104358,-0.067081787,-0.213492041,-0.173204095,-0.539975264,5.51802027489584
0.169974678636596,0.0846042128562261,0.0837332107835705,0.258694807015467,0.807482598959439,-0.451725631,-0.228947327,-0.413307665,-0.059175564,6.86687414759061,0.1356030054356,0.0614008550462572,0.0710621371785976,0.324408956614504,0.521372398899237,-0.107467091,-0.161903359,-0.230140073,-0.529844081,4.6989902808205
0.217209335671081,0.118472015034413,0.0791380373992093,0.35508678324965,0.603449187660953,-0.547670111,-0.439825119,-0.188942879,-0.109311772,5.01809081047219,0.140759340212327,0.0443066872298664,0.0746117976706423,0.194794097721413,0.554346869878945,-0.132040933,-0.120246252,-0.318164305,-0.28399293,4.41921971835378
0.229367082296386,0.0904156412658966,0.0963424004842278,0.272297659993601,0.660684034650152,-0.67411082,-0.501596551,-0.346074997,0.367780730424976,5.11034491939103,0.119511377337794,0.0532179101281551,0.0554464116056949,0.225066475564099,0.639763021567179,-0.174617473,-0.185759258,-0.199720263,-0.237606979,5.58966487697133
0.181602195480582,0.0745770277270767,0.0720146058275405,0.238975978980254,0.736846780557147,-0.393513078,-0.327872114,-0.339819191,0.196667666757767,5.59332290201729,0.15369743991941,0.060743580662453,0.0624805305490353,0.262056831822968,0.620704342890903,-0.254860771,-0.289922923,-0.179718588,-0.403109926,5.20995752310417
0.145810626738809,0.0679490214871017,0.0625394528590904,0.257226419768961,0.552774498184365,-0.01122409,-0.137222232,-0.192701917,-0.69804074,4.48436076035153,0.129311013970408,0.0642613484831127,0.0447161709099317,0.214363437617757,0.611679489943483,-0.357866003,-0.246858324,-0.237563168,-0.017076449,6.39025904262623
0.188713952733137,0.0859379900070745,0.100439044060102,0.282463096313615,0.644941976632333,-0.475702037,-0.333399948,-0.349193671,0.291761074556665,4.92617331034164,0.155371593240047,0.0866119320430087,0.0542840420345131,0.248579381293269,0.552231741018418,-0.103106302,-0.095106777,-0.200350261,-0.394435214,5.21022533451424
0.14876357465926,0.0701292833794515,0.0749526002801646,0.268231435487937,0.718087830258927,-0.310066854,-0.39971066,-0.288778183,-0.11312914,5.8844539800144,0.140789824851044,0.0591843671222957,0.0533133433818888,0.198563993277705,0.624644433552903,-0.067534982,-0.164778931,-0.148329154,-0.665984029,4.775683059
0.172740336274607,0.077408765918262,0.0633020623994667,0.253460835303188,0.51559086210639,-0.298665378,-0.184866298,-0.280399646,-0.050370166,4.35791601309645,0.125406390182647,0.0655264198959302,0.0538778647126997,0.218168397513872,0.672065373761741,-0.15531515,-0.176297629,-0.250833726,-0.648392257,5.95424840115969
0.226161489758122,0.0814602453213974,0.105930586641382,0.318838022010099,0.540863421608167,-0.44581182,-0.364861986,-0.262844839,0.13680688367865,4.65127632778679,0.11021737829592,0.0534014298088434,0.059004144121933,0.251548206979012,0.611728486021264,0.137422070998774,-0.170591902,-0.077844355,-1.053108845,5.09293454539997
0.140373163208004,0.0667632650229067,0.0677139001847296,0.217626525922739,0.699831156592457,-0.218171967,-0.339332742,-0.256030804,-0.174122022,5.33124111439257,0.129270162135503,0.0546001035537663,0.0490566296684768,0.198814341515188,0.529975268215645,-0.032352155,-0.096496005,-0.231526424,-0.464394757,4.47330390202417
0.132975616295435,0.0883474901041742,0.0720815206415797,0.229961994699247,0.601129586562601,-0.146916355,-0.354858585,-0.133466971,-0.225714372,4.87898500390726,0.124482298706138,0.0495639922788043,0.0504972338617843,0.222474939357643,0.584818053769265,-0.214512482,-0.14186112,-0.282436364,-0.330379694,5.07116745431222
0.154190175022747,0.0795010432258017,0.0671040129169646,0.235960394977936,0.811396146957734,-0.265647808,-0.247715447,-0.151679173,-0.243413724,5.75145343794902,0.139271564386768,0.0608013653256707,0.0642956576383469,0.253175415656568,0.547553946232271,-0.0339213,-0.125254315,-0.210543927,-0.399363264,4.86591580093346
0.1621602961587,0.0859916532835165,0.063574041995646,0.302801686818895,0.562608931744206,-0.244195544,-0.282854411,-0.18657435,-0.307247629,4.68186143470077,0.144586856897272,0.0754333213818303,0.0581571638226756,0.243352964791714,0.477375758355701,-0.106513152,-0.129016849,-0.193946365,-0.449514182,4.16194680686313
0.165596958992502,0.0775897268363681,0.0766044897435191,0.239078724309035,0.795212178534316,-0.584287102,-0.218612119,-0.472961348,0.149497439900476,6.18921237855511,0.136529168828799,0.0715634194708862,0.0647619637572052,0.23308833729617,0.591284891829792,-0.317241554,-0.225018778,-0.261562503,-0.238357297,4.85836897923908
0.172181588316826,0.0940420044261488,0.0752944035814928,0.311481988430963,0.682242033837198,-0.0971617,-0.325313589,-0.127698277,-0.572592592,5.41246875085142,0.103535859819974,0.0404134596466347,0.0551336729757874,0.187731142655428,0.676965954808059,-0.048365641,-0.081761402,-0.244615396,-0.567469345,6.35643115963803
0.257119268526795,0.0820032490385515,0.136941934221823,0.355140440800066,0.74063856513847,-0.414079487,-0.247131489,-0.335333142,0.107422181817974,5.10507103176935,0.123791009547557,0.0583950381070486,0.0607829236211423,0.204990398297301,0.482555830375238,-0.08231405,-0.244668182,-0.129817099,-0.521551975,4.32678512504071
0.152237662611687,0.0754612217497329,0.0664330558386773,0.255224131249358,0.695568385776657,-0.082814717,-0.163320462,-0.286280291,-0.396066382,5.42690030311283,0.131926403580919,0.0597932668056078,0.0611318566483852,0.213764227412548,0.589331237032614,-0.003106192,-0.254801964,-0.053497127,-0.847150633,5.08145561351905
0.150181281631147,0.0766806231324837,0.075903137860873,0.239414597450881,0.585877599897416,-0.050047136,-0.17153919,-0.216302903,-0.365443311,5.10971580857033,0.131542181142515,0.058604179145261,0.0575643362190939,0.211898902814649,0.509890619552055,-0.256702053,-0.184861227,-0.207775021,-0.151886372,4.86737128576037
0.156380528013931,0.0966650319363244,0.0793358205548492,0.256252213107084,0.629200057239838,-0.304657671,-0.106079374,-0.315741418,-0.057801937,5.06409208317389,0.127206017545864,0.0835045409504964,0.0536508031200213,0.234964223527466,0.606546044233836,-0.018190154,-0.136542941,-0.159646906,-0.586380399,4.72800547562905
0.126295094145217,0.0549111964647213,0.0705839762755012,0.220477681418006,0.687779081834232,-0.073604869,-0.206611089,-0.183522766,-0.097428841,6.51305335438596,0.137761813521056,0.0611662414330256,0.0639298368079952,0.251299808351483,0.592181838114541,-0.188108324,-0.226362404,-0.138185218,-0.496584858,5.07483647873814
0.155253771002119,0.0909263995193475,0.0763491797711717,0.279419762733281,0.645290467068208,-0.162460242,-0.210286183,-0.204155629,-0.502503666,5.16893498097544,0.133964696324829,0.056945566527657,0.0491715645707608,0.241511413052235,0.52255895614038,-0.115374572,-0.189570216,-0.159320661,-0.490068947,4.62804046452633
0.210985205381462,0.108132294706808,0.0869574918679713,0.354643683224287,0.624846139913687,-0.343220916,-0.233348156,-0.396439322,-0.226702868,4.86340946323813,0.135756925296655,0.0546642756880749,0.0666642922675008,0.254309698564108,0.548783087500283,-0.045079706,-0.1465783,-0.156858337,-0.579663643,5.04477001610391
0.20109960682576,0.118988798779448,0.0827071537799255,0.341046841324634,0.597269228577435,-0.409755994,-0.300868788,-0.238565909,-0.231073209,5.11584914861664,0.119142364183995,0.0553502547170465,0.0534116476823171,0.234542497058554,0.637272306392822,0.0177293993163782,-0.211494229,-0.156119512,-0.60245764,5.35680176150519
0.148539057021511,0.0616706762575628,0.0796504582386939,0.233428209633986,0.766656400971658,-0.273941085,-0.256237811,-0.31274697,-0.15837743,6.83570271982701,0.1499849590763,0.0686173320841691,0.077206513943893,0.22986447640721,0.538405022802213,-0.095694756,-0.174907684,-0.156838698,-0.492875401,4.64758346537767
0.16639664207568,0.0596133919848233,0.0873638132891551,0.245186748515459,0.654802971661873,-0.433433034,-0.22475475,-0.454765944,0.0499899599517632,5.21162035119812,0.103766911152122,0.0539115988774294,0.0472100304942272,0.177489568505531,0.647644061577224,-0.203480186,-0.201012389,-0.17226777,-0.516700134,6.08171259437633
0.126179369658127,0.0657782677128717,0.0767545783572459,0.223550784816618,0.576358369529076,0.00273810071127545,-0.125397442,-0.217793891,-0.517774755,4.69057580827716,0.140209671169422,0.0554119401568162,0.053772668645385,0.229831242593492,0.585900472467232,-0.216566967,-0.208961019,-0.239152655,-0.33862505,4.84946414194018
0.123558189052765,0.0726105371066554,0.0709802671805786,0.249630985720104,0.682981740853665,0.014748620964389,-0.089966357,-0.209182776,-0.601812894,5.67586888250873,0.130549386107176,0.0681018705096511,0.0510037041968505,0.271549429506344,0.569025336584853,0.0426577550845975,-0.114853671,-0.135208308,-0.898737091,4.93136846235332
0.123936035654886,0.077628504793507,0.0690012012812917,0.217505004396815,0.564900014836406,-0.062723055,-0.214422799,-0.114604506,-0.455814386,4.68155549635552,0.128044682748823,0.0592660146259899,0.0812111272094068,0.225566893741894,0.484314438452763,0.00694274127308039,-0.14241715,-0.144598802,-0.697869185,3.91884237141948
0.166103996258569,0.0909289617578247,0.0774451536037079,0.295657760381467,0.683035628307226,-0.453068495,-0.262980192,-0.34825806,-0.138993761,6.05553775904895,0.13564987217721,0.0569068443818616,0.065834302056171,0.256949035961177,0.579342701874272,-0.239024749,-0.173786446,-0.187684558,-0.78861111,5.51859328527756
0.211042168987776,0.0947785359430489,0.0938310082861177,0.270195755025597,0.574318659159674,-0.468270393,-0.384499544,-0.361312999,0.201731317466895,4.84446264211573,0.113259828080704,0.0596173290110528,0.0583917473967371,0.200071839278208,0.589247111549329,-0.216686555,-0.270218908,-0.180294216,-0.301549816,4.93454653364213
0.340124280196755,0.125321826464239,0.137802162644052,0.484127901483063,0.799388105192535,-0.800570717,-0.422211766,-0.345348947,0.470245998996801,5.2942695988632,0.136391629516627,0.0658423020526823,0.0578067416722574,0.234458232233354,0.501260086276556,0.0895493860338855,-0.148605535,-0.103645352,-0.920911789,4.44772148703708
0.229607731948377,0.0926293797202716,0.102612726497184,0.296410832402212,0.519965747205023,-0.515611716,-0.377889637,-0.361444683,0.0310031395733769,4.33776092684029,0.149073781479028,0.0589829929454545,0.0508294330159236,0.254309005543474,0.499448450501539,-0.192037355,-0.246631558,-0.248600146,-0.507765584,4.8934546393634
0.164963384714627,0.0712958436705562,0.0568662895320966,0.284372029734338,0.670096437908896,-0.280577925,-0.20196516,-0.245035511,-0.313998008,6.22258860871876,0.131766933639206,0.0633353767169595,0.063586707725239,0.231555549794484,0.561556708333507,-0.152706236,-0.071993726,-0.312338703,-0.677875727,5.32711195373039
0.206744511465215,0.0846221403103764,0.100341492339077,0.324908371801214,0.750057176168648,-0.479712644,-0.37811122,-0.262814801,0.122627926686463,6.04661240060124,0.127161112406802,0.0478375801281915,0.0618652607991105,0.201998401113151,0.549764277555248,-0.256924733,-0.29860695,-0.271462648,-0.356868367,5.17678401203302
0.211779125340908,0.0829085630256162,0.118696689093746,0.287487605053259,0.643728890254866,-0.473446155,-0.300228952,-0.373865492,-0.244697618,5.1064221189964,0.137948189593371,0.0750628090136162,0.0531896841260587,0.231685448670913,0.529801027581107,-0.078388279,-0.260197383,-0.109254327,-0.487408349,4.07246325182954
0.178810993010948,0.119162153845902,0.0750218360093713,0.272559655514998,0.569085037868228,-0.332835451,-0.429099624,-0.188383192,-0.153219727,5.26335475539772,0.114596898106573,0.0530678347464525,0.0592375776096664,0.206158737327024,0.553016512079937,-0.237375386,-0.279849645,-0.237027174,-0.174655561,5.03631093872531
0.142744867503075,0.0751502041104809,0.0785552466581601,0.235383062269561,0.570316887539395,-0.130362699,-0.131645989,-0.219798768,-0.217465038,4.73429434026071,0.100563434051752,0.047644055313183,0.0450036355674491,0.203448669169066,0.653408427550366,-0.149509954,-0.171407195,-0.205239233,-0.524612618,6.1281137480131
0.171295866418487,0.0838173536896152,0.0812272109410694,0.27594970064194,0.657032317122194,-0.569134929,-0.368422837,-0.340505479,0.161460306296988,5.43613098791398,0.152273804679896,0.0715031373834792,0.0577378530836438,0.242777925376856,0.63712052662069,-0.389231199,-0.288829694,-0.318332214,-0.325084135,5.55333432578821
0.175748231993887,0.105486334490746,0.109254061836521,0.327576752458331,0.556842718990448,-0.241970272,-0.149197185,-0.499268943,-0.117662289,4.6226776611342,0.134034062234547,0.0709699376705077,0.065931731783449,0.267558539706688,0.595111326227975,-0.172162773,-0.216312506,-0.1681195,-0.483182747,4.59454293848126
0.178859831835003,0.0766636612642245,0.10523016941356,0.258416584753481,0.643425150444493,0.0265625444780671,-0.213395944,-0.194236837,-0.952223326,4.81875458641562,0.140497513360608,0.0686463267848171,0.0706151753071072,0.275465874421298,0.666548017892824,-0.150975426,-0.19981655,-0.090389498,-0.889311829,5.27494644259137
0.185477349475879,0.0742117964638304,0.100426268492963,0.35905269001844,0.520064179159673,-0.059206061,-0.207312677,-0.136428601,-0.661256994,5.03791747134064,0.154511239471223,0.0564592094238422,0.0630817220748872,0.238720649231709,0.574186636476043,-0.104088089,-0.191980369,-0.251600209,-0.435719951,4.68130193196323
0.142720324153522,0.0568923059777772,0.0705811933007321,0.216730537186928,0.706548291587604,-0.272500538,-0.189099193,-0.270364412,-0.353745627,6.07892958261465,0.120538932868469,0.0457931059829044,0.0609325624245292,0.227844635145909,0.575295224623447,-0.052121147,-0.164424961,-0.203238029,-0.589735339,5.09067691486694
0.181563990776447,0.0895633920533251,0.0928946129437739,0.307294239001739,0.63808251809178,-0.3626263,-0.264745485,-0.275570471,-0.395986466,5.24469918910131,0.131440576388194,0.0532784533227883,0.049474224589926,0.200688239129387,0.574408844353157,-0.185172303,-0.308511382,-0.15639349,-0.522066506,5.03130706826367
0.14597883177318,0.0658503089589199,0.0802521804051396,0.27978016196804,0.757447446557074,-0.47714414,-0.373238353,-0.076007562,-0.532228774,6.42230292082406,0.121907995692015,0.0501345803760482,0.0480314298371588,0.170280539848697,0.502949554575474,0.00395282891319938,-0.21996219,-0.179649702,-0.22866074,4.01756862346151
0.124064513046154,0.0558460753030336,0.063338349112071,0.268627876924879,0.524236888694534,-0.010662539,-0.198026428,-0.129582836,-0.933762855,4.55153553104574,0.113196737637376,0.0564835195705496,0.0460909224886478,0.192878134968672,0.613276291444194,-0.138956541,-0.217195869,-0.169329698,-0.570108213,5.80700629708041
0.178993033532282,0.0932226018053555,0.0670750841504955,0.2915786799079,0.675854116133374,-0.354840658,-0.356232099,-0.254745382,-0.159424997,6.08101192449173,0.140558191158766,0.0604063090253349,0.0523952353895197,0.213103290953978,0.576280184934415,-0.111118271,-0.207244157,-0.176010249,-0.38823217,4.86177396438726
0.148850857041634,0.0803681066050127,0.0621383672608471,0.275288106581804,0.563096833155491,-0.129767956,-0.187421694,-0.256667532,-0.490650036,4.63067167041039,0.132293874766682,0.0543700113091641,0.0599496211784578,0.240180657326736,0.597233264557752,-0.31082254,-0.288400504,-0.090301238,-0.357899424,5.07246486076456
0.188493919247584,0.0838619300790625,0.0733326704715197,0.290681309926394,0.515076505345753,-0.393753841,-0.223413653,-0.301149034,-0.372690051,4.95572464043384,0.123501269103312,0.0491993549939558,0.0443583226116466,0.23114352284255,0.733718619885323,-0.176618759,-0.154685821,-0.236484924,-0.435370614,5.24315338496031
0.138204867837754,0.0663327538048732,0.0972600199744765,0.274512107128627,0.464831811171397,-0.108527384,-0.235405585,-0.16079694,-0.551911892,4.64556451299512,0.146667792713757,0.0648053754765327,0.0617608830198874,0.233766775757569,0.714565426604973,-0.186143435,-0.159900059,-0.352108523,-0.532060698,4.81045346898021
0.244448988744055,0.106896297580653,0.0973401882036421,0.324608841408399,0.63429215696012,-0.560050972,-0.335917601,-0.235868757,0.334106864802644,4.91323608890319,0.145238507116383,0.057090916340735,0.0569767026040294,0.23867943681942,0.584998349397067,-0.378384181,-0.297965429,-0.268384834,-0.243769811,5.23560588014475
0.166523354499815,0.0878514225854254,0.0633453149734348,0.214627624368323,0.722964881815396,-0.603863232,-0.425145065,-0.408823289,0.529813933028409,5.53238285394008,0.169956339601235,0.0924728436235948,0.0661812080017534,0.271916147844483,0.459016625035705,-0.282324641,-0.11941245,-0.346996218,-0.313053252,4.16555528907174
0.132229450838784,0.0677570705312162,0.0728955356420055,0.210033086925294,0.652069707126601,-0.269496954,-0.288751012,-0.25566864,-0.334458283,5.61431542071582,0.146427090096945,0.0682462961221402,0.0475795151529623,0.245504641088865,0.569323761203323,-0.062549013,-0.20379088,-0.193263491,-0.695990821,4.67469085962302
0.150312741194806,0.0744575077766493,0.0684734238580374,0.232676097307837,0.610646506141722,-0.208162655,-0.308028656,-0.136553193,-0.410530319,5.77861970451083,0.104742657379218,0.0589088979857232,0.045148244043667,0.178834806108245,0.699346174380603,-0.182686915,-0.260452557,-0.117972137,-0.414914403,6.0006898895836
0.192158593537571,0.0984213805526545,0.0738884116032367,0.321712626619439,0.533189131235429,-0.295730707,-0.197323111,-0.360170539,-0.577520237,4.86360576113113,0.110651349279733,0.0622987621446199,0.0538236906331514,0.230609851357626,0.521727201160243,-0.003036573,-0.158892185,-0.193467963,-0.603327345,4.74919177687319
0.167071724432799,0.0716077160181304,0.0817041540491718,0.270705923118358,0.598082487523728,-0.414178058,-0.298785686,-0.388219675,-0.035951139,4.84522891458152,0.135769191099716,0.0575155637738812,0.0642105627052606,0.212432189063484,0.651456483359202,-0.065171319,-0.242199185,-0.198177114,-0.487554984,5.02887361973201
0.153076675737137,0.0597689334949993,0.0887581689162152,0.245397421329796,0.547381417633141,-0.111431779,-0.165174761,-0.270304833,-0.198692252,4.43186579939077,0.115746359934047,0.0502857505990541,0.0511825515968993,0.215606742358917,0.718811762493195,-0.181820198,-0.149645001,-0.268008494,-0.598069035,6.88587675194311
0.140380327097555,0.113541676763049,0.0856385449027688,0.246848115003957,0.609655868509995,-0.249550565,-0.149151568,-0.308016019,-0.375933486,5.98924087803673,0.145775554281869,0.0537572843801309,0.0662723442133512,0.232711488360067,0.620930342323262,-0.076702598,-0.155203695,-0.182191674,-0.523713724,4.56487740487123
0.194660095215923,0.0825638663345409,0.101418899966915,0.351107687105167,0.522910082943195,-0.321830799,-0.315713131,-0.233077433,-0.070567897,4.98621973631238,0.144015498450999,0.063286989190925,0.0565775281185451,0.219554716261398,0.63285424714874,-0.095843426,-0.159492956,-0.187814489,-0.703070328,5.33261704388122
0.220649171834533,0.137925540943148,0.0787056613886099,0.363726022080374,0.492729833586653,-0.213752392,-0.238064891,-0.236089242,-0.39917538,4.81496309458467,0.141091748005323,0.06613425132383,0.0646190149304551,0.219956811653485,0.543121550425846,-0.296579279,-0.217173109,-0.218560165,-0.295957612,4.63738718249493
0.150388915010006,0.0836996751167502,0.0884838282554633,0.274383250173535,0.614133564707931,0.0241284539937229,-0.092904019,-0.238006681,-0.621423736,5.11767626585288,0.141032453137338,0.0705675385318139,0.0521711030957785,0.218429485681983,0.683631973875188,-0.234141588,-0.301298432,-0.050585479,-0.406196267,5.84530095558997
0.137073340058929,0.0627850845994457,0.0695585280757468,0.221776814294786,0.790363482580951,-0.21588088,-0.366334069,-0.125064124,-0.254618373,6.15037006997714,0.132850205476197,0.0638525223563013,0.0672773819151582,0.179545239339029,0.641567372134392,-0.305341145,-0.261668809,-0.150664111,-0.227632279,5.11336956750046
0.174872334317513,0.0764652492240362,0.096041724396696,0.291628953849707,0.46814802352529,-0.221007302,-0.138458443,-0.272474259,-0.415585988,4.20990327512492,0.121227827922364,0.057781208211045,0.0572272257798764,0.220020837763751,0.580985772646155,-0.091886969,-0.155592096,-0.175890945,-0.449771497,5.24940153348096
0.175578353228021,0.0923009497858491,0.0674816487338736,0.323047071082341,0.511756357785305,0.0098053492428437,-0.142626192,-0.178667323,-0.691044743,4.44591534676498,0.139649993282082,0.0617893370360513,0.0461474963680911,0.252961487939032,0.466808842065064,0.0172578523722815,-0.156236053,-0.12733606,-0.759234905,4.01557747864413
0.190291114270464,0.0768731644519839,0.0992529267613141,0.261792512192028,0.607147352076835,-0.411077059,-0.385592513,-0.203664927,0.112603152969284,4.9717767220213,0.0998132137102876,0.0453892957965161,0.0424723026659717,0.169563897589425,0.541085007435103,0.127203496080732,-0.173790077,-0.137097378,-0.428718399,4.83775482725615
0.144207247112062,0.0750182508452634,0.0638272455426914,0.242894883181977,0.515090996362321,-0.161941589,-0.187689991,-0.266411569,-0.311319467,4.45407267571354,0.138051948842943,0.0635618208822671,0.070208644619179,0.281227791714238,0.672567378777859,-0.112698884,-0.277760915,-0.106113611,-0.870050396,5.55693206172945
0.180102419500547,0.100154494497621,0.0754309096229934,0.331705182815167,0.565878665418287,-0.253169519,-0.324463783,-0.224495126,-0.178959244,4.70938582111048,0.127387944527334,0.0663050109733165,0.0576799383065271,0.198283365593634,0.621301715528358,-0.281384324,-0.270626096,-0.279006093,-0.494215463,5.76841142649756
0.20296136040685,0.0721396460098178,0.102544889329494,0.366541057114787,0.512587397745769,-0.176591848,-0.175139012,-0.264167936,-0.447633914,4.59327295647038,0.14193485921187,0.0597485883449734,0.0553199908331241,0.195370397267908,0.46241812245982,-0.143805789,-0.192084403,-0.204487944,-0.207301753,3.82033199671232
0.169650049371576,0.0714473345241911,0.124207156301737,0.227339760500923,0.627195739556884,-0.296271351,-0.201838415,-0.268038713,-0.262147183,5.20115092761389,0.151918929942578,0.0624687760940952,0.054041254392541,0.233215221773678,0.499442753271153,-0.189984942,-0.358681636,-0.176940342,0.0300530517559274,4.37696646123233
0.191322352622547,0.100415965896522,0.0620687534206773,0.280461108462461,0.637935788278405,-0.231618499,-0.232608481,-0.257088705,-0.364408295,4.85352002398877,0.127111050853908,0.100001890442092,0.0541667743914177,0.204720687269532,0.676830637495061,-0.281699856,-0.271325071,-0.205102309,-0.281111271,5.01894862172902
0.143689085023071,0.0678560138287665,0.0764177179185621,0.272128393360411,0.502835130373257,0.0488600616390557,-0.128565796,-0.192858555,-0.551044755,4.59400836213068,0.127034765549441,0.0573889276637575,0.0613949507748054,0.218234373533472,0.531657078330991,-0.102242441,-0.170346439,-0.141673139,-0.723131338,4.76153448496418
0.176834472906667,0.109811013088323,0.0678670173714322,0.308828599984881,0.502037985234409,-0.12032303,-0.202311418,-0.266431161,-0.243798972,4.51989394661959,0.131099303688693,0.0613801017258918,0.0539117619870143,0.259726882709818,0.607639330060739,-0.142299765,-0.142846152,-0.121343724,-0.761231994,5.66970454143923
0.131171111868456,0.0700385652735093,0.0585738757454437,0.232212389248146,0.702428742036982,-0.15892631,-0.263703262,-0.264412203,-0.261131412,6.44846722801526,0.158087396947824,0.0726528319066237,0.0654471738008873,0.248774730159399,0.540530504031203,0.0550671313264314,-0.184676987,-0.111131298,-0.43229492,3.96149705942987
0.123541344769164,0.0650204527789814,0.0658257273458331,0.251180299818511,0.758937965556003,-0.375034618,-0.315165773,-0.244895536,-0.146627901,6.4591482623483,0.123763158344752,0.0564728332105623,0.0476219486350402,0.203403598870685,0.523760096090131,0.00201183456370796,-0.166582086,-0.184108095,-0.38669286,4.17054355648956
0.26422450807744,0.125841849211228,0.132531107271472,0.408468295372367,0.611305895643175,-0.365270048,-0.283229067,-0.322850298,-0.115223197,5.18348917582649,0.167613739038753,0.0641781195697259,0.0768685179568963,0.242085052217677,0.78115758311155,-0.274764007,-0.304375872,-0.139805668,-0.42231094,5.62954912404903
0.164029343892046,0.0808124216627051,0.089446790839888,0.317163781489023,0.57870820087488,-0.210011986,-0.131263579,-0.359229324,-0.402147905,4.8156306111774,0.12230846094341,0.0603793933638718,0.0475080901626137,0.187962424383841,0.574923959680006,-0.206851974,-0.200489415,-0.211212786,-0.151570018,4.65339046346688
0.350919362166961,0.126876250091353,0.169425155354871,0.428425666292812,0.630078819056623,-0.624812003,-0.255982828,-0.522611125,0.270073906185305,5.13744479358072,0.148838092282905,0.0575118705909981,0.062198132781801,0.244758127459286,0.71179574347726,-0.189848766,-0.149545008,-0.201726696,-0.613436964,6.29428585425859
0.151456766473477,0.0758260649361988,0.0671058809511765,0.250552395607163,0.571805732343836,0.186409821824628,-0.091941577,-0.107189704,-0.734050581,4.91998914470198,0.140361724711077,0.0512814509810094,0.0717774881501746,0.204413541373972,0.552191722712938,-0.35097212,-0.332704537,-0.345723605,-0.075480711,4.82127913975642
0.149689653689045,0.0606983745466853,0.0928514829796663,0.258532561067538,0.637799979809568,-0.379279938,-0.320739353,-0.338924639,-0.199362602,5.7579315143291,0.122533565451371,0.056489223104757,0.0704154339820653,0.23405187962065,0.558281450150631,-0.163588075,-0.225749448,-0.192734847,-0.562320863,5.13910181270657
0.166778851413141,0.075135589018437,0.0681934177694733,0.288458316714528,0.826165669729708,-0.414471873,-0.203270034,-0.280975939,0.0256287355271905,6.19347660869641,0.144444821813551,0.0732808171270884,0.0632966600319016,0.255528491242027,0.420796450775381,0.0326718829783397,-0.18046652,-0.098162101,-0.576023231,3.75582982912996
0.163707166496933,0.0518404130439025,0.0887997867083127,0.277671757006106,0.54053967761735,-0.359080727,-0.230630033,-0.297447426,-0.466437294,5.69845300706909,0.133119664129272,0.0750367451915546,0.0501200045614358,0.203036624752201,0.473060257680892,-0.082711115,-0.289913145,-0.149088347,-0.204381983,4.16807074668256
0.170278708554608,0.121584466062968,0.0876751668997229,0.265896003501249,0.882519983919293,-0.314002412,-0.49529578,-0.175789801,-0.319173697,6.32954381810535,0.127326676421067,0.0610690570547955,0.06553182381954,0.211329416875858,0.499720720207847,-0.093076952,-0.315115384,-0.225249624,-0.483260023,4.54931727926725
0.21512778398866,0.0815774007427843,0.131381692936562,0.292115296604953,0.803151911256982,-0.434499644,-0.254779738,-0.384410027,-0.11948768,5.73184856316925,0.124827372615553,0.0506279055042833,0.0639701972468094,0.205860410899473,0.482929489982472,0.0459161513315356,-0.231954917,-0.058379192,-0.610146643,4.02547967524245
0.165595862176033,0.0739012352469169,0.0742684700723329,0.234378971390663,0.751889027263782,-0.272110986,-0.23314533,-0.370235949,-0.207299017,6.22680391156435,0.15760279360365,0.0644844841571591,0.0622991785020219,0.242063313893025,0.540038719707121,-0.416015282,-0.312331486,-0.371552881,-0.095068267,5.15641953113338
0.151231614259733,0.075752549359057,0.0741951501941127,0.259301551661119,0.659952379846763,-0.384929344,-0.422515961,-0.131437745,-0.202062856,5.70704113434893,0.117553248922977,0.0563557965054112,0.0613973418256097,0.221748682935035,0.544084269063702,-0.162093286,-0.187231696,-0.17581628,-0.416031962,5.21784286271514
0.143384289008809,0.083397201281154,0.0981515457036521,0.230431861089672,0.553516127436694,-0.163512302,-0.186515562,-0.181451256,-0.37622419,4.90039555603599,0.156263922453894,0.060418999817476,0.0681931159077851,0.264011362990577,0.569995840035272,-0.022522851,-0.254156378,-0.13855337,-0.510783081,4.67925785354589
0.209016692372497,0.10196889363994,0.0642267325197877,0.35935210635335,0.831737788233994,-0.352490988,-0.256052969,-0.273790268,-0.391836007,6.44451326972209,0.142278755077829,0.0640233128847495,0.0634243958910401,0.247815143479026,0.56074829617985,-0.220819605,-0.244522613,-0.212159032,-0.446921487,4.82688852156569
0.1906697940632,0.0903738276883272,0.0637112117341395,0.321030092665674,0.500293138714288,-0.126217385,-0.260441844,-0.179825556,-0.409867199,3.80704040121478,0.142048621049267,0.0455428373680682,0.0594368823817531,0.202801353533453,0.556747960291303,-0.215731574,-0.222339428,-0.229415275,-0.291464142,4.87890419479597
0.183149944718719,0.0638152572756517,0.082718905584235,0.260958329846557,0.784068385339467,-0.381208006,-0.261010532,-0.356248941,0.0174331069135669,5.02233622756474,0.134012328077201,0.0561874049722108,0.0485006249960102,0.207067359502574,0.523401687947864,-0.044996844,-0.175139667,-0.168658888,-0.390937267,4.69486997714005
0.150472556819512,0.0689228770433591,0.0772072874141277,0.234733641839901,0.731384037556122,-0.299967322,-0.248509185,-0.273133319,-0.122732106,5.48696282502192,0.159595290047369,0.0616990209250882,0.060111086160198,0.25687266832222,0.618013015049629,-0.537535083,-0.225443222,-0.358748235,-0.028683059,5.46682043287491
0.172756711474758,0.0886165441417569,0.0661004946544636,0.238097592253725,0.665325080293505,-0.321045946,-0.308548552,-0.311977069,-0.021384477,5.6494646929422,0.131286025762379,0.057159037877966,0.0530844680444477,0.196931488980956,0.536182393162062,-0.172236849,-0.199994268,-0.193781579,-0.627997344,4.56148663634902
0.194998548337287,0.0854611774162514,0.0868778544090743,0.309594538017953,0.509215314078368,-0.228262975,-0.221679563,-0.237337854,-0.00059274,4.19045287715003,0.121443209686289,0.050779608430493,0.0543453093599763,0.220331083544404,0.770175672580099,-0.155498778,-0.15243067,-0.093369906,-0.612508602,5.87210589766627
0.149849541294559,0.0698346461966054,0.0760834946441175,0.231135712991578,0.573205182331955,-0.430366575,-0.281613371,-0.301966304,0.25920782215828,5.26814957470307,0.142253410756859,0.0585499605035377,0.0644214667203802,0.230441850251461,0.625122040230885,-0.452366476,-0.279291726,-0.343826861,-0.067361312,5.45733150558396
0.160536522984213,0.0977105222838913,0.0730444059986703,0.306993133839438,0.60100077851834,-0.233795489,-0.275617362,-0.199609532,-0.552430161,5.32081980591859,0.137089771212476,0.0807071284679057,0.0796486988799713,0.206550748822893,0.677437169097893,-0.392572958,-0.35292799,-0.127990088,-0.154588227,5.55211742752162
0.146908232508308,0.0817367555139181,0.0626176472871673,0.233819492195379,0.567821888665854,-0.168805075,-0.339455303,-0.191997211,-0.100988087,4.74460679946776,0.139205238015591,0.0637472948627198,0.0525007503263662,0.24508644829654,0.492707572181734,-0.205084806,-0.242595734,-0.26666053,-0.227619199,4.64467203176723
0.159090267763468,0.0603706198825632,0.0867037695527298,0.266607612046499,0.726587828472676,-0.217455847,-0.171323656,-0.318068954,-0.275366513,5.3525374776305,0.127864771876629,0.0723592006218056,0.0614072301892185,0.221494630402529,0.513435563165243,-0.219394231,-0.137722652,-0.227492714,-0.222260486,5.01898286315281
0.149399351831557,0.0770142259966438,0.0815649446475654,0.208781420700242,0.690990681721677,-0.256961907,-0.24453772,-0.357650856,-0.231734334,5.68013469784704,0.12669135672845,0.0501829995128299,0.0581986002472667,0.214855385836046,0.54542537928067,-0.146494614,-0.136405916,-0.224636194,-0.390299659,4.98567549031998
0.161208560926374,0.0739580806307236,0.086664082899402,0.273270277239119,0.622905886623647,-0.380878542,-0.293550204,-0.318181221,-0.016177612,5.52129078618762,0.15068393403277,0.0669092835213816,0.0708118628334292,0.247869714247065,0.503495999967695,-0.253727919,-0.195270095,-0.309934631,-0.294165865,4.43532126867357
0.172869014245442,0.0806079862247962,0.0710919594245532,0.256428476477026,0.674869942165106,-0.434145906,-0.33215397,-0.299226504,-0.087404564,5.58951058401356,0.117971587348071,0.05011406273659,0.059666727339776,0.19374768961852,0.593442097386328,-0.116460889,-0.271148449,-0.107734317,-0.250213282,5.96840657001291
0.144620926285712,0.077282044609033,0.0628266885180007,0.264820596310526,0.805218502262934,-0.260048271,-0.018438152,-0.457119017,-0.228225898,5.94390796670566,0.151239477155864,0.0543360675778323,0.0658764636658936,0.249323218404095,0.518165851492637,-0.337003427,-0.251512752,-0.256546062,-0.152736965,4.9246209118024
0.175435619351263,0.0957285545508176,0.0921274483698759,0.280250054444345,0.551821124480134,-0.331515681,-0.14184763,-0.262161805,-0.103342695,4.50212693093899,0.135882876562505,0.0646160130590218,0.0614874063556708,0.202061118536412,0.485616644903564,-0.212095236,-0.307871151,-0.250404057,-0.080048944,4.21894459134665
0.160458711053087,0.09159860282652,0.0940329914093641,0.279192420905334,0.502381227458565,-0.12248917,-0.141371496,-0.259036393,-0.456425056,4.5149597329348,0.173777507577615,0.0689879169304757,0.0929208516009783,0.248858681504414,0.607397258990919,-0.27799809,-0.265092467,-0.187104907,-0.494631778,4.86286617522748
0.180918977474693,0.0758277692889599,0.0692791937999645,0.270549833785762,0.703407677593108,-0.154760114,-0.273303503,-0.16444136,-0.330412533,5.23476715057989,0.119236708849813,0.0468852847070067,0.0570083439644548,0.197507469,0.565967186320448,-0.041260688,-0.192917975,-0.16211695,-0.587649302,5.27498159065803
0.240320821835806,0.113246735549744,0.0951643048967138,0.333457559598388,0.667630794790395,-0.534609307,-0.449750131,-0.361862082,0.557333421556166,5.05121089821998,0.142572914055315,0.0664343899504504,0.057035185805148,0.20283691873976,0.610082872210054,0.0230474992308153,-0.128481862,-0.092458774,-0.574570253,4.90770021156508
0.138707035263183,0.0726126768980889,0.0649092880914967,0.264544393381622,0.602388663410822,-0.280877189,-0.304348062,-0.331511012,-0.139904029,4.60052901931948,0.155579939181118,0.0704354552159691,0.0614900532001595,0.226767155047153,0.435360139211715,-0.279316965,-0.367141465,-0.240049475,-0.18679832,4.45358999871039
0.175403594604214,0.0754980296404755,0.105754274531572,0.316791521761956,0.582172859996178,-0.169407863,-0.178142722,-0.242969021,-0.352895095,4.64583326713543,0.138967045685853,0.0524510302111483,0.0518320782922492,0.197650040841481,0.534260002163872,-0.011820831,-0.117748425,-0.179447371,-0.37813792,4.65357516460347
0.146427287696735,0.0669756585866809,0.0964993559073984,0.261093921249634,0.520674406347376,0.0313667631166378,-0.174553991,-0.166235831,-0.565046572,4.6128221935222,0.113539375161602,0.0508816634522992,0.0620446463451093,0.218546494467151,0.553064443491754,0.146916838340899,-0.143815784,-0.063321356,-0.796828111,4.73900245286631
0.165065328232298,0.0686682472113863,0.0872493732241729,0.265305255399695,0.542451874729707,-0.232697896,-0.311595949,-0.260435387,-0.327771816,4.58342030648802,0.152184450913599,0.0623469334510782,0.0569919549644909,0.194215297214295,0.497067284950738,-0.293149596,-0.33869762,-0.265616225,-0.061787187,4.10650278692418
0.193548475651532,0.0883138257282926,0.0810068355870089,0.281813030397979,0.565097671710886,-0.333142228,-0.355063831,-0.1975002,-0.084896337,4.98611031917751,0.13733789198669,0.0526872714916772,0.0605841563022469,0.235282259902646,0.494917286047667,-0.147018971,-0.108865685,-0.205156245,-0.172291743,4.58984342438835
0.18937730135793,0.106787299424567,0.0677761237539259,0.234118354548113,0.808693809054616,-0.254631485,-0.420740153,-0.101236866,-0.220615747,5.43788053624304,0.141317302178115,0.0561436272305307,0.0587153684290359,0.241086589688205,0.593152853171979,-0.287907982,-0.210515141,-0.259067683,-0.631020922,5.02945577810882
0.114226028678489,0.0572897502489455,0.0662290509494202,0.21951591517457,0.634442288025106,-0.19369674,-0.227016251,-0.126625121,-0.588135133,5.31652183088342,0.146587270833414,0.0564096661680691,0.0559830101038625,0.248984724771993,0.515744784733638,-0.146670754,-0.203218466,-0.257808826,-0.129490623,4.71784959135998
0.268639602209803,0.132121983315695,0.0947816033098893,0.426846606451279,0.586472256131943,-0.384832479,-0.419300596,-0.319486618,0.164672858877475,4.07159751992116,0.116390833155114,0.0618067987063572,0.0676799469025023,0.246055077659834,0.757435533357306,-0.060193292,-0.23712383,-0.098018269,-0.569767353,5.14045473098363
0.160829455068437,0.0890676435524552,0.100834587977739,0.258469448142415,0.650133741093633,-0.182278248,-0.258599425,-0.193611299,-0.375970495,4.75841940602548,0.1063035745706,0.0591889797467292,0.045933796199533,0.194701077077705,0.657512360104275,0.0987227338769835,-0.207104437,-0.114691604,-0.768467418,5.00008934293827
0.161965142348434,0.0915174176745741,0.0587880034457063,0.275199325830827,0.821363563740531,-0.400005595,-0.348558518,-0.274711155,-0.085988224,6.44338061515411,0.143206310705611,0.0571108893064393,0.0679507392918365,0.303040394513864,0.542584819469673,-0.282859489,-0.228681218,-0.18409031,-0.537218742,5.08103036144708
0.170431292025999,0.0787730638502994,0.0731623522039619,0.267853534548298,0.583477128047166,-0.26100776,-0.204797664,-0.3438594,-0.337664004,4.59708963689958,0.153738893389552,0.0521967919349451,0.0647925723182018,0.194891642750305,0.610909289578975,-0.261997457,-0.258938449,-0.229209831,-0.384206829,4.86454646185817
0.143158481582612,0.0647302469900645,0.0767122329898002,0.238874201594927,0.631372459283141,-0.14773483,-0.174390405,-0.244067778,-0.400307548,5.49830466478072,0.14170118519983,0.0571814502341462,0.0510984171452013,0.20993008779027,0.575371660373116,-0.323755338,-0.237304587,-0.315906354,-0.235958916,4.97095003464588
0.169897559670583,0.0890872831502687,0.0658212908678557,0.261943048318955,0.475124121978903,-0.199361117,-0.232707324,-0.279718015,-0.281978344,3.86217743318837,0.139066095594295,0.0558699557362284,0.0711757565892164,0.217122847287305,0.597378963530329,-0.245912773,-0.224418806,-0.22825738,-0.059436428,5.11984606215905
0.167886931120771,0.0565803755822734,0.093954518317645,0.253733837194383,0.694100058366106,-0.383870599,-0.251360352,-0.318240365,-0.288008782,6.22077930979849,0.120369157098109,0.0560280826858422,0.0568659867621693,0.202311555697988,0.49977016731711,0.0345092816178497,-0.187614986,-0.155849855,-0.472599681,4.27543239262538
0.184998285945803,0.098855705656032,0.058723892721213,0.279894302522121,0.790453203047296,-0.261995731,-0.486261631,-0.138834709,-0.232261495,6.49361551362584,0.141450532954373,0.0537384847446971,0.0655403144087839,0.266206420963925,0.513812401838498,-0.153889128,-0.262779676,-0.135573476,-0.698418889,4.50730455820968
0.194759623128379,0.0676625765284459,0.118861663143345,0.331219479416806,0.624238428322379,-0.37377687,-0.27961209,-0.326961294,-0.025025217,4.97632575648062,0.149550704054968,0.069534767295327,0.0763498062364678,0.222181883386299,0.683652759975597,-0.281711569,-0.329708685,-0.223871327,-0.646061633,5.47348296573018
0.121379645496824,0.0745147432327244,0.0551530350020411,0.24838722746535,0.731691663570156,0.0178374780523082,-0.098624855,-0.118707104,-1.056847793,5.37463635202828,0.145943886109765,0.0732027148995991,0.0579621631593028,0.199634592281767,0.611253841713357,-0.352060395,-0.367064259,-0.236389508,-0.179600425,5.16115874017048
0.253305405578149,0.0860034168724847,0.118454836849801,0.250184258621878,0.867327828126175,-0.619051114,-0.295834559,-0.512226198,0.106962506380935,6.04139109981459,0.135222429212114,0.065834081967727,0.0581456545274287,0.218378049355232,0.479442967957041,-0.174970485,-0.263845892,-0.227014793,-0.31697014,4.08990405214833
0.16325411889553,0.0892815123973618,0.0759646702246821,0.303022130753684,0.749539451701384,-0.564569508,-0.351096703,-0.363546073,-0.210472548,5.96330427137665,0.128137149235673,0.0625106129675495,0.0542698199021588,0.212827261899199,0.43761353682394,-0.060634993,-0.168359487,-0.18202375,-0.369698276,4.21012210240851
0.171579061804749,0.0691934991444139,0.0633899065971413,0.247463041348555,0.744926757435258,-0.428541944,-0.310715241,-0.319489387,-0.183251945,5.57636653742071,0.135723736192485,0.0567576441398402,0.0525154813867438,0.239769916337475,0.52307754969901,-0.051726184,-0.178597709,-0.096975915,-0.653998221,4.96506851681618
0.156366420689812,0.0808250610337779,0.0822060041838333,0.260746285251514,0.51612789538093,-0.19372121,-0.210679889,-0.315089976,-0.394258675,4.41567759415176,0.113828807455519,0.0643916771466539,0.0425790669219871,0.209944647606682,0.672729622136847,-0.089879764,-0.22549103,-0.136624511,-0.487361541,5.31565983722857
0.147040367547391,0.0689338228366652,0.0905925898256179,0.278538619731454,0.574171465998324,-0.167514594,-0.169267892,-0.225020023,-0.207308875,5.11130815753718,0.125446322401762,0.050889841184021,0.0527955158416925,0.191408626315759,0.601907215458279,-0.199713194,-0.184185704,-0.195701725,-0.14713046,5.30779664278882
0.136791426540428,0.0845485716921295,0.080808416129733,0.240759150549753,0.560403440609173,-0.115127572,-0.184563755,-0.189548594,-0.358662906,4.41378422515803,0.120889867665992,0.0607191159947861,0.0620033798510175,0.213231513957513,0.589168744730985,-0.198126765,-0.260442048,-0.166028293,-0.481351642,4.87728251823233
0.154496359583738,0.0784837974796303,0.0697236264541631,0.273083490102799,0.563183733377601,-0.262578864,-0.345087392,-0.184652658,-0.21313375,4.9822580962842,0.133866828178898,0.0745006543880758,0.0624555297467512,0.241532686316299,0.680785935000985,-0.076096743,-0.110242698,-0.158301491,-0.81429631,5.62447551521796
0.200310925448815,0.0979607311540899,0.0813499164389818,0.265588327659254,0.706358199190376,-0.369043922,-0.309710716,-0.276322918,0.00573176314817021,5.38628278176912,0.105417871194465,0.0553366349830261,0.0488017741655191,0.202663741470476,0.737478054322368,-0.181201578,-0.195827245,-0.224017671,-0.418650324,5.47867062101313
0.180859818381761,0.0886798616700275,0.0787824451609313,0.315051268421998,0.533176353694114,-0.139239884,-0.327933824,-0.181370094,-0.391505455,4.3526064089157,0.128153503667412,0.0509386132820225,0.0556971194069444,0.22472830296794,0.581637336934645,-0.224861955,-0.197096339,-0.16049701,-0.715377763,5.02141878319505
0.173861288300848,0.0930572675275063,0.0619032963682562,0.264469481564119,0.607807758468524,-0.340361941,-0.345635789,-0.30543419,0.0301819981724034,5.31950006574382,0.131566343513674,0.0666793420031205,0.0580602206879161,0.249361619580116,0.570736724571304,-0.004255077,-0.218723852,-0.182564645,-0.597918515,4.61883905081059
0.140367783590989,0.074873396342264,0.0577351240532239,0.250383233516404,0.614972870910005,-0.467285419,-0.307739832,-0.211610833,-0.018312702,5.12101338732093,0.154370552346411,0.0645427150335798,0.048235238718843,0.235431820720992,0.510852920183849,-0.245877285,-0.252019376,-0.187999026,-0.209497328,4.15450197417503
0.134139728204666,0.06443108091241,0.0708648416608977,0.238496341085688,0.538067619676781,0.0102461674291347,-0.113804393,-0.117897383,-0.502735504,4.17221472020101,0.172986164006333,0.065381133862014,0.072916876590443,0.232130117859175,0.527996067264479,-0.474763023,-0.318940006,-0.305593122,-0.009725826,4.86378547712042
0.160097366098033,0.0611947950438464,0.0726595333685028,0.26075645545632,0.62192695619028,-0.036602653,-0.239991934,-0.211716798,-0.346494751,4.688485671,0.134108710353302,0.0608493357092459,0.0521886573699507,0.247512617720586,0.637615972872763,-0.28216059,-0.182362814,-0.224062963,-0.797670725,6.11311660313232
0.176148517939171,0.0886135789149602,0.0666195288627996,0.281282644231396,0.536217182074276,-0.329507158,-0.21163912,-0.230790428,-0.131445,4.78924489469866,0.144008494949008,0.0748304713601952,0.0514600050634446,0.24526073034676,0.651196187263981,-0.021809732,-0.224110683,-0.046687084,-0.924457342,5.63819288136488
0.192674141293521,0.140611993843148,0.113182624018887,0.268839711682706,0.789834711971461,-0.381593295,-0.44396685,-0.233024035,-0.263063177,5.80632416595299,0.117344327912389,0.0559407612143993,0.0474230159592375,0.1926257789738,0.524913803259504,-0.045114864,-0.191544059,-0.120519488,-0.407269442,4.58072923425703
0.149718539359851,0.0892431976359363,0.0766388012498923,0.257883247656097,0.685139493471118,-0.438405743,-0.221614362,-0.285237486,-0.239749024,5.7693382930177,0.128523318050422,0.0568602144141069,0.0433509897831037,0.21229307206126,0.521715400981957,-0.026865774,-0.170534406,-0.161348767,-0.519853124,4.65681360669116
0.129547457862218,0.0842125665293279,0.0660912903077623,0.24295331567315,0.516053876163261,0.164180347983865,-0.24334316,-0.021263743,-0.996398711,4.55480888009153,0.160722082699572,0.0738416017543877,0.065999708557064,0.229726367490072,0.49949912508932,-0.386427803,-0.316788419,-0.250536908,-0.047944587,4.78560817482236
0.193406081419569,0.0941572334509726,0.0693127609864075,0.29499504513411,0.672905650127345,-0.398906495,-0.218133287,-0.269963114,-0.135821566,5.38177987976997,0.149003807739641,0.0600888404190138,0.063829465652481,0.234039924456998,0.589127680981722,-0.202468915,-0.174315482,-0.228476495,-0.146818448,5.16459416458432
0.196763963465991,0.0889669702840744,0.0781464501587992,0.287030992861556,0.562678063242075,-0.369279118,-0.234596938,-0.303430847,0.024572613174904,4.37586422439734,0.149699654303838,0.0551369895442965,0.070394406219359,0.314331505948925,0.567206384358589,-0.250469336,-0.239272034,-0.234233324,-0.364612336,4.9842828841938
0.177795010109092,0.114344044600609,0.0850767709323329,0.3248384641264,0.54599435556707,-0.285738181,-0.263740606,-0.270236721,0.0367690849738202,4.52500358997168,0.158276242169184,0.05830467595678,0.0689621160074876,0.240548910150212,0.496084323168891,-0.051940749,-0.151765295,-0.156550041,-0.333099932,3.93157862307978
0.157721900376842,0.0716112756294662,0.0638456136853294,0.265094401659128,0.622051488654001,-0.106617686,-0.164457881,-0.216509316,-0.618998457,4.71138810230181,0.154474034057344,0.0762066191665736,0.0639695927990817,0.239846804287108,0.538729919438438,-0.121091036,-0.240531937,-0.155888835,-0.461409925,4.68521586891279
0.122674349103046,0.0726006753048549,0.0721031177951375,0.223839185334591,0.616230539876437,-0.080923254,-0.243881658,-0.17949442,-0.595257113,5.22250018238549,0.126918794463307,0.0585188761222428,0.0453994940292472,0.190366357800252,0.559363733394942,0.05272912897887,-0.130831141,-0.1704675,-0.610344066,4.77711726456564
0.177441471058546,0.0869129821802358,0.0952605821824175,0.281488002368944,0.615769452618644,-0.161466053,-0.340581636,-0.19566547,-0.216640662,4.88271644441335,0.144454076771905,0.0519945555507565,0.071785902127361,0.229337032691804,0.495371106956716,-0.221247644,-0.243291668,-0.255972014,-0.217635398,4.94062361774496
0.18336719416496,0.0820011167692053,0.072515026711792,0.338719164418404,0.685694478604383,-0.292244116,-0.210004995,-0.259925815,-0.581462576,5.86861170561388,0.137020731628442,0.0607369370986158,0.0580904175213837,0.261268648029554,0.644959723867809,-0.24931093,-0.310084035,-0.238245881,-0.25658697,5.45625460266203
0.194979083526123,0.0780307902146284,0.0703340698439592,0.321133699198927,0.696936803711411,-0.155408019,-0.230981142,-0.222255244,-0.431242218,5.60677573265432,0.167352321516326,0.0726058863999862,0.0599795446501038,0.25054171655994,0.486907895103928,-0.112307184,-0.28673124,-0.132188463,-0.296254529,4.41280332963537
0.225136038855303,0.112972765599773,0.0820644767363156,0.332198370909539,0.5689155015972,-0.399052625,-0.314764028,-0.252822663,-0.146793971,4.78917046480879,0.160458091030676,0.0689205829922996,0.0626638672258682,0.267809432263467,0.551903251045623,-0.433792984,-0.317271196,-0.212998821,-0.408441429,5.29466014801975
0.176081717511963,0.103802055374461,0.0693927788342571,0.24072530848861,0.561336930642368,-0.310340848,-0.317414209,-0.183642133,-0.210423409,4.54020417499756,0.132727668016832,0.0572912929292727,0.0532029287456591,0.21659487169436,0.54301759721095,-0.041695792,-0.160204638,-0.198228436,-0.266542385,4.85843188698124
0.178862928184955,0.0979260875956844,0.0803456783824016,0.268344393529503,0.537752281617703,-0.236619709,-0.337844346,-0.170027771,-0.250139943,4.37051899305395,0.151085191423732,0.0638664878371576,0.0818251243068047,0.263691342397671,0.519257176730348,-0.171224935,-0.164512602,-0.187137411,-0.595559269,4.98596158539402
0.152044384769173,0.076398361242487,0.0801469031466823,0.257186475617299,0.60916398273725,-0.230098999,-0.284647854,-0.196155856,-0.162180817,5.54169139491116,0.127072444373913,0.0475182321346758,0.050117238410161,0.20097992825916,0.570967775353377,-0.14933177,-0.192517119,-0.254491303,-0.261515959,5.13899880856085
0.127366949761661,0.0592814797460509,0.0475784832636774,0.239375809576393,0.584065790635281,-0.205058426,-0.269987665,-0.178829212,-0.287717022,5.28643760119744,0.143244946617182,0.0641426781135413,0.0585043995456857,0.234789549822761,0.591855065869814,-0.099289207,-0.132937727,-0.243397729,-0.272513962,4.6922896271286
0.159326387599007,0.0713811922750731,0.0754287012726441,0.224409314784989,0.687131545064488,-0.502100057,-0.253923007,-0.393008827,0.145518747781253,6.12593194695083,0.139784028718642,0.0606446622474662,0.065372134428644,0.238536653473105,0.598181887166048,-0.399428852,-0.313301836,-0.180306111,-0.319328381,5.14317161858759
0.195467917255488,0.104129455557877,0.0871139677688877,0.339844498653236,0.677168866738341,-0.419007892,-0.333906045,-0.187787642,-0.487371519,5.36061769581935,0.109583519985221,0.0513543717842013,0.0559033387569793,0.200058826829027,0.705566422854766,-0.111939179,-0.074678147,-0.20958083,-0.418597561,5.88641099748166
0.205488834046595,0.0819616764019676,0.0842260397322135,0.301965902644786,0.589350753441369,-0.328526134,-0.365355964,-0.258294174,-0.083896863,5.32378445513714,0.143828403806063,0.0682448327745089,0.0630388405375871,0.249263696520799,0.568440382979127,-0.084862868,-0.232883403,-0.094247821,-0.50225808,4.87964006832886
0.140938547147134,0.0805340573781149,0.0741516356143362,0.241748516711867,0.510269891003387,-0.172768256,-0.218344331,-0.226347912,-0.428992917,4.44098203973141,0.124339778931477,0.0614424214325487,0.0600909188044366,0.205106178209144,0.530463955915652,-0.077406523,-0.191009276,-0.218551617,-0.293722753,4.65880478795427
0.228303936858268,0.0796212439696653,0.140114519348179,0.292028488578635,0.652299134828135,-0.336181942,-0.305073747,-0.391857913,-0.27604883,5.07191652842374,0.132796974365087,0.0685894859653766,0.0680544912467198,0.196416631459039,0.57544812415272,-0.260858681,-0.257193906,-0.166809798,-0.21636157,5.0113529074628
0.177337556019755,0.0815321982089939,0.0977218842342254,0.313275295279841,0.624448066383805,-0.448319975,-0.332227702,-0.306384639,0.124543993758675,5.28786256157244,0.114517086033332,0.0516822276239532,0.0501859888127448,0.196321338713016,0.501297908969753,0.00839106296799734,-0.212221931,-0.131734992,-0.425193762,4.45039768638106
0.168701321816703,0.0936023079339222,0.0657339735088852,0.263742295872081,0.558812769774581,0.0317830748188933,-0.229612739,-0.236673351,-0.440915303,4.37073163930672,0.156642559638139,0.0638556956922724,0.0693705459464594,0.216954933462465,0.489919863207891,-0.261873886,-0.325086348,-0.296798233,-0.210829014,5.03857093096654
0.152694430639369,0.0645489100744187,0.0852851394050304,0.260568853817327,0.511575268163043,-0.027687118,-0.102648496,-0.199076743,-0.379697079,4.51771122365123,0.15040386295612,0.0588850970989532,0.0719656000642931,0.227791571529752,0.524139311275073,0.0154191693910212,-0.150919034,-0.186656394,-0.591971913,5.09600805496433
0.214741614562103,0.110936108964527,0.0826301941110665,0.348778139113281,0.535337661172337,-0.364831899,-0.242636766,-0.288586759,-0.115090083,5.00776071792074,0.144933973645807,0.0596701721076679,0.0560032133562978,0.239553208991043,0.542919194704074,0.0153327377221389,-0.238786686,-0.048726154,-0.642322876,4.59821676644765
0.16733530764595,0.0944721744309716,0.0841319561832918,0.269732403395354,0.587519876690112,-0.266517575,-0.376879079,-0.208327112,-0.306162962,4.66983236280805,0.146184958677481,0.0641734089974374,0.0630917108784729,0.258666092615333,0.59857797708878,-0.015106689,-0.181254034,-0.071466514,-0.703832042,5.04459336515531
0.138746209652512,0.0642417591522272,0.0769541023204543,0.22342471806338,0.574621977376884,-0.090852091,-0.151321345,-0.260616129,-0.57493165,4.85812717536525,0.155080502036525,0.0652214705306947,0.0598285242077975,0.278221311551409,0.41053750965087,0.0284742927591832,-0.153909203,-0.166202379,-0.517236425,3.80935193787085
0.133612556761735,0.0676370678209118,0.0676022228444468,0.215025344955415,0.674299953981201,-0.114671657,-0.168939791,-0.130906743,-0.439991756,5.06567606637829,0.122318815877236,0.067117029589087,0.0482237113950236,0.237878309384987,0.611482151223636,-0.080971881,-0.154624206,-0.169221734,-0.635922903,5.6816878264047
0.14410603731565,0.0673611829911706,0.0610706231600994,0.20886349869438,0.592410815177506,-0.256585505,-0.19440128,-0.291552499,0.0856541992235315,5.21137698009298,0.165176825313823,0.0703761615418184,0.0646485442679661,0.256750709139291,0.524738087359651,-0.261166556,-0.298885463,-0.269801249,-0.087575677,4.52877674139843
0.154039060089175,0.0885006444065495,0.0851636168017009,0.240255520143225,0.659841752186896,-0.372728634,-0.277140821,-0.270015103,-0.039171655,5.91694813892765,0.136117091907973,0.0653016570790103,0.0707373482286736,0.267838444822386,0.545370474965033,-0.100021956,-0.219811895,-0.131521232,-0.570966071,4.91719224086358
0.129743795758501,0.0750502694689607,0.0633099449789583,0.230840890270776,0.724392538810925,-0.223495834,-0.247925057,-0.28359516,-0.312956557,5.80409121716927,0.11901466738645,0.0568389904230162,0.0509736821740719,0.211213636364862,0.520022828770096,0.0801396043503896,-0.156886543,-0.13134779,-0.578826667,4.52249528709877
0.135197347667588,0.0709961527437536,0.0702414259312667,0.235235156792462,0.573956483542392,-0.217547162,-0.215438951,-0.205638511,-0.368452737,5.19547156948725,0.139114131709806,0.0661323175821079,0.0737944318733146,0.257507455317257,0.52296714023245,-0.048573616,-0.241229139,-0.099171173,-0.61023956,4.30359077084776
0.158980591044592,0.0755362147173618,0.0866121696755965,0.28564506891619,0.573949143056752,-0.29143818,-0.312144153,-0.257996457,0.120977531269548,4.4545348132677,0.150297244202857,0.0550614885158979,0.0608164432657524,0.218963635314615,0.565981864909213,-0.348606082,-0.217361477,-0.326731607,-0.130619653,4.20026255784095
0.174085485758644,0.0974194805901472,0.0655532779549765,0.294844671257073,0.565086454104079,-0.298524333,-0.327085449,-0.22904188,-0.114529139,5.30033977550816,0.132067279206749,0.0584877650746845,0.0653432230875604,0.209064127813956,0.49473827760282,0.187968035615766,-0.094341613,-0.101192377,-0.867009506,4.17098129995343
0.145739871800331,0.070254983467491,0.0755562403970756,0.28059570010098,0.600352459607212,-0.199225938,-0.248823224,-0.241516641,-0.408911523,5.48161007322636,0.156260712970841,0.0603383415082788,0.0738778698837557,0.244723448608176,0.654849886564203,-0.359542486,-0.191194188,-0.327562874,-0.418752686,5.47758969271944
0.165907260682356,0.0697725481622441,0.0870912907913351,0.279313751427292,0.509243234056231,-0.405108724,-0.257386145,-0.460264105,-0.147076266,4.58287272492723,0.122497753361597,0.0592697761125839,0.0535381848125857,0.234493046169252,0.637096489087408,-0.191123139,-0.18478874,-0.175676439,-0.405059045,5.54135765234089
0.156039363461397,0.0681081055172113,0.0737856692112826,0.24478658430487,0.553371766693795,-0.411866022,-0.257218845,-0.272766913,0.0629089986393353,5.48030934848929,0.123628528756311,0.0561252656853837,0.0410567664364513,0.244845180344356,0.716824808433005,-0.025261195,-0.211384248,-0.184351859,-0.832220339,5.32547917683774
0.200124112950267,0.0869872105249049,0.0905929588018418,0.29707434583566,0.607687310449423,-0.33364732,-0.225755,-0.289198577,-0.206594835,5.32873015767104,0.17385519560488,0.0699466465681033,0.0518528755900089,0.249050580330605,0.575726602745151,-0.375509842,-0.352894836,-0.197745728,-0.414230352,5.13627539905135
0.128864711069067,0.0682180652387778,0.0588675720803886,0.277796205326992,0.614871066529504,-0.047838257,-0.260598813,-0.087031652,-0.78350469,5.60405140699199,0.124137179607542,0.0610160264700964,0.0578699919847488,0.213404594170922,0.500228829438441,-0.159420007,-0.1765771,-0.160795195,-0.163064499,4.59633915868382
0.172759671594225,0.0746392188169604,0.0650574727992648,0.263587657739565,0.612781331612809,-0.390026247,-0.322194423,-0.260139449,0.0367874688500392,5.28163292343194,0.142320227164109,0.0600668744655827,0.071190747397714,0.259753530096041,0.587183892256567,0.00115826452844256,-0.200528312,-0.09503874,-0.757383915,4.44215685147334
0.207456147172179,0.0989399175554554,0.113643537332494,0.346083883769631,0.614144347985135,-0.346628286,-0.199204612,-0.397934011,-0.088495159,5.03399866234905,0.129325231048638,0.0596252446397901,0.0651639670837111,0.20680986422396,0.645278611078164,-0.218308073,-0.23371347,-0.29498785,-0.365201305,4.97098654894313
0.209636824556939,0.09392890620959,0.0855379326952867,0.33024346793836,0.615540017853571,-0.161421971,-0.356134045,-0.215173172,-0.138598099,4.94415853969683,0.117749188803717,0.0521836398800156,0.0511563326435101,0.208916344553694,0.466519307546089,0.0208481547134845,-0.064557621,-0.228215826,-0.651872835,4.44993033346367
0.189511210530114,0.0750210647582902,0.097700070722409,0.319166769202771,0.737568689432901,-0.323429566,-0.281297067,-0.270707053,-0.194421388,6.05277070247815,0.117856915129534,0.0516211791282318,0.0633620790147267,0.211708349871935,0.511831637200365,-0.272773512,-0.297644601,-0.176615696,-0.249561943,4.90979207766256
0.142981249105688,0.0520496109721079,0.0871219040819199,0.246136013979865,0.511974580998879,-0.136829762,-0.221454341,-0.220922059,-0.415623487,4.42376979712355,0.150048407776183,0.0611351585541545,0.0518703107939145,0.271305186061446,0.60169285845594,-0.422265418,-0.355257625,-0.153259163,-0.583001588,5.77246096915639
0.228076069352184,0.0916492777932729,0.0802680263282875,0.297768151477533,0.565568007861847,-0.534677183,-0.303811746,-0.324862113,0.249907800676538,4.53299658901486,0.125944529067639,0.0594431690160205,0.0640899553642124,0.2175814545274,0.616794572353211,-0.314582361,-0.135936643,-0.332447025,-0.497514176,5.62211318352356
0.178125454421683,0.0993784188129375,0.0648659317206376,0.33873102923047,0.605066136385329,-0.218110102,-0.268675773,-0.195314667,-0.40244119,5.38647175009728,0.145123915345499,0.0619304689230764,0.0543623248516501,0.224445611326853,0.489612118716959,-0.340907196,-0.246144428,-0.226102317,-0.182730537,4.89315444085943
0.149205282295343,0.0656421625249812,0.0781831885095992,0.254967862590869,0.573210387785437,-0.230337427,-0.275699336,-0.216777194,-0.271574725,5.04785136070684,0.148085732435831,0.0531356829057424,0.0691825089870661,0.224708716213921,0.532129018301166,-0.07395966,-0.182700396,-0.172370013,-0.268141802,4.14010498947912
0.13423652004553,0.060033009068179,0.0689527453419007,0.233021770774945,0.716544752972143,-0.403837257,-0.202170885,-0.381547183,-0.23076099,6.43501190579451,0.131482626216405,0.0555454070047705,0.0597822095297775,0.249710981389989,0.662322157087222,-0.194903212,-0.210855762,-0.136245746,-0.914456874,5.76606752934102
0.179412693702616,0.0915171506087165,0.0948693361268318,0.387037939638617,0.465695347530612,-0.006368475,-0.115388964,-0.134140653,-0.687015874,4.59099599381972,0.121493615010312,0.0643577827164369,0.0494881868084324,0.217249201614731,0.557582710922634,-0.11859144,-0.220690551,-0.213909584,-0.318758167,5.20014457081023
0.164406204738831,0.0769575750379304,0.0777216083504367,0.282236973172622,0.651523105126036,-0.361465755,-0.312628764,-0.212405611,-0.155462009,4.74645677503787,0.139588545534977,0.0778252130948491,0.0717450875284672,0.229538667818716,0.460804251449501,-0.294170638,-0.368988715,-0.108567897,-0.12889915,3.98809805412476
0.140910570641854,0.0860976653496635,0.0984582998305864,0.270628690957474,0.536810972963722,-0.221683713,-0.324131254,-0.166730602,-0.198204087,4.25285755474612,0.160679840264196,0.0610072370633406,0.0675001606799028,0.247747496140661,0.579648239081173,-0.374811968,-0.347360941,-0.202487214,-0.048285569,5.09630086505558
0.167523333855396,0.0763706507533627,0.0700242139371937,0.293300857775072,0.750315677346229,-0.265661164,-0.288252534,-0.153585799,-0.602013811,5.71845519893556,0.125306637358836,0.0595682282605879,0.0607201464971557,0.228079817203134,0.544785420624628,-0.221457398,-0.156164356,-0.204185986,-0.418133924,5.27723765968704
0.249050475418776,0.122661862414732,0.112233034244651,0.412123898041139,0.746847010919578,-0.433981431,-0.24836934,-0.350091567,-0.179604023,5.63832401812062,0.157609470088133,0.0643986716272305,0.070269975068746,0.254696086853319,0.474234615162018,-0.318863626,-0.282121405,-0.250502416,-0.039369667,4.67325477180482
0.156660343941531,0.0818101764750917,0.0640444102494365,0.224498525876759,0.747020193623186,-0.283752882,-0.226342587,-0.239281418,-0.362955621,5.64223618477878,0.129113771730301,0.0574714928096772,0.0693711996889077,0.258667828757466,0.568556588968376,-0.189522751,-0.095893537,-0.196407289,-0.376668012,4.35463606817977
0.200379478999568,0.1125116316641,0.0851603636343107,0.243521661400835,0.696299341432191,-0.441273393,-0.448443803,-0.249633533,-0.221595377,5.26796346025629,0.142795527575259,0.0524909010295332,0.0637242100408637,0.223736616121209,0.478955012442888,-0.223186314,-0.202407688,-0.262367401,-0.125301794,4.20565584929121
0.176584309437557,0.0881774928218003,0.100088930998888,0.288256607174011,0.568121134252504,-0.534828269,-0.313734339,-0.315610819,0.329353695628338,4.68790178562418,0.135396597586907,0.061557578547822,0.0698270646298682,0.253635656784715,0.512963458085873,-0.183767428,-0.198490856,-0.179271617,-0.578293752,4.78865317986838
0.162087436960815,0.0876599928565986,0.0850031965347115,0.235865769775728,0.751876077129919,-0.439136869,-0.361951317,-0.206253847,-0.107512989,5.94113919793361,0.119432064445916,0.0554914831892953,0.0444591659654848,0.201540009571244,0.684068907508945,-0.08329763,-0.126138413,-0.199046163,-0.346781687,5.20430805708478
0.189109238897342,0.0640267931278865,0.0913646300915567,0.270965351240532,0.528673778706986,-0.5867045,-0.260266451,-0.456119168,0.192062450221909,4.87656990206173,0.124103074285992,0.0574933725863253,0.0585077174835547,0.183816464253781,0.565970537179276,-0.359852264,-0.166837553,-0.336824222,-0.193004439,5.37084861408409
0.200976120845995,0.116189515603937,0.0834000109359127,0.330544369899536,0.557907001020439,-0.115261649,-0.226974118,-0.241040201,-0.247492814,3.89394311464198,0.153534284193295,0.0668572258312663,0.0641229715079617,0.243359480589441,0.651025973021121,-0.260501937,-0.323276166,-0.169195136,-0.219161308,4.94907356302744
0.14977570141233,0.0851965784191417,0.0861033641288732,0.249203500321927,0.571247785494941,-0.395322369,-0.281924486,-0.320260693,0.0864563721365787,4.92219526483119,0.182736893045858,0.0791720885817169,0.0726590010291489,0.266084431545357,0.520097291676003,-0.126848884,-0.199674454,-0.196320096,-0.351371315,4.11684088057383
0.143791947468587,0.0807165229189992,0.0632165224558808,0.216061219762077,0.699870987251462,-0.223793581,-0.205645587,-0.265350004,-0.278885824,5.73131812632113,0.122677369734933,0.0617194694724152,0.0500824391288046,0.197917363447946,0.55502413256555,-0.086364417,-0.16728022,-0.156286488,-0.691099926,4.96329476426383
0.185229912220402,0.0610344533128876,0.095443537119133,0.374643512800387,0.588946357646586,-0.172470876,-0.144878284,-0.313947489,-0.292512083,4.66669424923776,0.10359170695129,0.0701667042273905,0.0480112062260507,0.169329087419013,0.718795217880459,0.131476941813282,-0.128893334,-0.113169118,-0.754349414,5.64473278781091
0.174187927688117,0.0600432078423175,0.0791970341235533,0.208346894744995,0.788786305077031,-0.446682155,-0.318915264,-0.380854687,0.0432276231640141,5.99087169818654,0.119439159566034,0.0684251187657258,0.0442081599390028,0.225322340699717,0.744868896904118,-0.241812213,-0.316598887,-0.216201702,-0.517855811,5.99222799461404
0.169813926937019,0.063548600000965,0.104057696487845,0.310932694948903,0.581034125036562,-0.142776046,-0.254707784,-0.181506957,-0.405326958,5.25365060118406,0.124330154999767,0.0718712625228185,0.0580104830209018,0.208519896122512,0.532859522037494,0.00841616305268995,-0.150348409,-0.140758631,-0.587802887,4.96482863408751
0.133898716684117,0.0768381968618743,0.070517361540384,0.230457275084264,0.525533491740884,0.127376382431716,-0.1563408,-0.075492621,-0.751225422,4.604750973,0.152067229489773,0.0592286925262543,0.0600519590711757,0.265535052686839,0.491539173572292,-0.284923108,-0.305375422,-0.181730573,-0.585832076,4.67114769545981
0.144364489210739,0.0768935824938791,0.0767732565326629,0.281539656240811,0.583707782592933,-0.240090331,-0.232534941,-0.248368963,-0.32365947,5.14406461578731,0.136622192248073,0.0576283199792199,0.0603889682885628,0.307580574737116,0.521420225515154,-0.118855567,-0.158953367,-0.280775161,-0.878851069,5.02320983136777
0.167181360842408,0.0725561061626859,0.091025891831261,0.230379828487764,0.693802546439293,-0.268828335,-0.270937368,-0.308637055,-0.123268664,5.76418435872852,0.134671896837115,0.0573595588264999,0.0654673330688622,0.226838763864956,0.515348691168933,-0.372463358,-0.171276655,-0.299789491,-0.133302433,4.98575650563704
0.185774561071693,0.112539090775391,0.0832778642288867,0.322647839352259,0.48676585084268,-0.268670758,-0.225952539,-0.185895078,-0.349348997,4.34713951751951,0.134894548151057,0.0673875152871282,0.0650682332452887,0.248953508366843,0.529750077690032,-0.043928128,-0.126481697,-0.155910611,-0.56590597,4.55500790791491
0.15690407255909,0.0893017069913522,0.0827216290751853,0.236551092776098,0.692998844415614,-0.339438128,-0.346389607,-0.220172277,-0.275188018,5.5418302840621,0.136252296094652,0.0544133573816325,0.0719820432887652,0.208143948057117,0.634650936661315,-0.141539178,-0.137146992,-0.18596788,-0.422618148,4.63052425019446
0.149993877731554,0.0650032458795435,0.080723639097411,0.240052394406598,0.647108368021296,-0.202636421,-0.174582985,-0.348372406,-0.261405586,5.76301392988729,0.149157551659323,0.0772109352991113,0.0658260827032243,0.270821177197109,0.517101548918937,-0.312097666,-0.172674888,-0.317855509,-0.438781829,4.81782271992934
0.302805634405973,0.134740260406426,0.125877411504906,0.418840798505264,0.547555220446305,-0.511733158,-0.369619221,-0.339863728,0.0405476471484041,4.35653830095248,0.120614226445852,0.0650063872862197,0.0730191298634025,0.23272322767315,0.738119482341784,-0.140669472,-0.187953053,-0.11380924,-0.63493336,5.27590595707037
0.140444255100411,0.0660654681539606,0.0620704745604097,0.257839315831036,0.688178820491441,-0.329106614,-0.287823665,-0.211588108,-0.251445138,6.98806399021841,0.153914199669319,0.05787927229747,0.0633302603831223,0.253055480647736,0.461606578121821,-0.216383967,-0.159182483,-0.240672848,-0.275253139,4.45657882255325
0.246660202053694,0.129284472979184,0.0865023825032271,0.415761129882247,0.705039301710229,-0.540984351,-0.386295042,-0.301648318,0.0111124834804619,5.41403641106331,0.128664305610787,0.0540525444741488,0.0535295382892634,0.222626561202442,0.589866373274814,-0.329128342,-0.206625967,-0.279432747,-0.217257676,5.25409847774324
0.182522483924111,0.100919861145852,0.0766575316609661,0.253647855916516,0.53775086362125,-0.147451687,-0.347691174,-0.232500803,-0.318096929,4.47907884218014,0.126006902361203,0.0748897909207609,0.0501232422001653,0.224867515076971,0.591224924669531,-0.032999851,-0.200322494,-0.177827265,-0.532667258,4.29553023079732
0.147340788291718,0.0876353388228917,0.103823630602776,0.231734309131952,0.586629427306853,-0.177298317,-0.207040653,-0.334957941,-0.26127627,4.96462353043293,0.129143307861979,0.0583367908831716,0.0702505484554431,0.23863328162676,0.656396686892746,-0.013249862,-0.034048341,-0.224614762,-0.569278077,4.41594276857329
0.150007587323954,0.0764673053512133,0.0946370813470236,0.253121224207783,0.604662863770898,-0.194715141,-0.241620843,-0.113427978,-0.544717891,5.40012203126784,0.152647778423675,0.0737698555866529,0.0533594667384704,0.224588185618713,0.585533700949485,-0.325978349,-0.206890419,-0.269440109,-0.040347082,4.99187598490998
0.213594690440883,0.0745932261439926,0.084114209969106,0.32000171080829,0.680722294453592,-0.388576903,-0.315013347,-0.378218007,0.0845941943476389,4.57725826912794,0.14280615405472,0.0590954404505614,0.0565089528115599,0.203921594699348,0.548819815895316,-0.223543243,-0.229652842,-0.22346015,0.0940043717646589,4.36533726086221
0.150848849734661,0.0763649023377573,0.0685901643042551,0.254038455472279,0.661726491168827,-0.229716992,-0.172902584,-0.344120736,-0.359685412,5.79995946858307,0.131279552700785,0.0530261933572875,0.0513206659454175,0.212290005844763,0.73123872874626,-0.14333254,-0.241945241,-0.238929226,-0.409754597,5.36943205214898
0.147913977149521,0.0889712438815127,0.0754536785606771,0.245976897759168,0.540269566338908,0.0189114764723781,-0.081883126,-0.191698811,-0.625514109,4.34035932537748,0.160592785242093,0.0692540358756234,0.0546420650860743,0.22583154340906,0.509693949504905,-0.302902498,-0.233552646,-0.252041854,-0.143498168,4.71007864215342
0.161517405842002,0.0860407450009566,0.0757604517365218,0.265781587336509,0.5410918837272,-0.05423578,-0.159403856,-0.195312897,-0.463085639,4.65529159265918,0.139105619615237,0.0625751096538246,0.0568741838017813,0.239623603157472,0.581591463614484,-0.141448282,-0.233360597,-0.213618373,-0.282135267,5.00647935707589
0.126629188010985,0.0507189738746245,0.0830215629990105,0.16931028846173,0.869499149103975,-0.223077387,-0.112686295,-0.334664666,-0.345894054,5.55741993269038,0.11838363900409,0.0661014221755712,0.0441325613011872,0.237994616509855,0.503430746790605,0.0487828793444458,-0.140070057,-0.173005925,-0.907361469,5.04673249404517
0.204638809093087,0.092105832177704,0.0821728760366853,0.309198948829144,0.605264071107183,-0.258058498,-0.278381489,-0.311178251,-0.403337937,5.2229758966939,0.125709933845534,0.0507721105961808,0.0583923852573073,0.213115980519545,0.599542235737673,-0.08597618,-0.165574451,-0.139309926,-0.469297345,4.59694721272779
0.157606092672517,0.079311371557357,0.072417235477153,0.215700484066353,0.559340429986301,-0.116173393,-0.111963962,-0.237273332,-0.211706099,4.06864257153338,0.101049614435759,0.0539086282846728,0.0538075011214618,0.251335496449973,0.613895227728454,0.105797839098554,-0.130698709,-0.065313175,-1.035694089,5.54937631770606
0.186140028592503,0.0882408208247955,0.0788756468793824,0.302031298748381,0.5514445925769,-0.147185045,-0.281476955,-0.148636713,-0.596332526,5.40452609452836,0.15901506185038,0.0613873938726568,0.0491921767542749,0.246972090806456,0.48221335302638,-0.282738706,-0.214028009,-0.315260751,-0.077665305,4.5108752470096
0.140034052318001,0.0841477613887817,0.0655331867371667,0.293776259115986,0.822540645311949,-0.33155498,-0.270828413,-0.240880344,-0.585403308,6.46054150131034,0.168263977281959,0.0649738901452942,0.0675630703633733,0.234625824008593,0.499746867381904,-0.131239295,-0.215174546,-0.114766631,-0.471080183,4.25248309654728
0.148226160742361,0.061791268121934,0.071715258155839,0.265870126688096,0.613037053149965,-0.051986461,-0.181658172,-0.187165908,-0.75989793,5.2608493343533,0.141663963260047,0.06593997235538,0.0634253399374131,0.229464903546803,0.48315480621515,-0.057293373,-0.191961784,-0.196031328,-0.366665528,4.35659708184613
0.233730122497635,0.0956053015624559,0.118769053814083,0.363094093758914,0.626004473347878,-0.424374921,-0.308698119,-0.293170433,0.0596836037407632,4.63544366398587,0.12620068402986,0.0473340757017231,0.052202847846225,0.190741227449585,0.674300169655975,-0.107994007,-0.168405215,-0.187084963,-0.429884231,5.62484290441373
0.153121416695905,0.0638967797988016,0.101945447192253,0.216566665103848,0.655653558393569,-0.444584302,-0.285316381,-0.335438656,-0.009903378,5.46451601924402,0.141824486928475,0.0694958042446971,0.0669788601024504,0.219541570608232,0.578945164730492,-0.099696147,-0.293949334,-0.108669517,-0.467944506,5.26445896012993
0.148359199517729,0.0663664371894037,0.065298898980204,0.252039868397853,0.538898085578378,-0.167260415,-0.197434207,-0.208906316,-0.45553667,5.53697756661127,0.140261398285541,0.0652689686873886,0.0711277705855034,0.240532876278942,0.49264482201632,-0.261557137,-0.226867213,-0.231605107,-0.336441043,4.49789689717113
0.131351801412223,0.0758131873305444,0.0714961539651171,0.337204045625053,0.516782861893296,0.0126469000029031,-0.201306625,-0.144124484,-1.457627491,4.77325930274369,0.147115325311429,0.0583155406300815,0.0520069647962639,0.215216679457803,0.672584106665083,-0.291589162,-0.169163097,-0.276514283,-0.228449866,6.14076097054549
0.129593273398366,0.0635502214440607,0.0725907640842476,0.251862325823013,0.585605383275041,-0.045511902,-0.192257642,-0.127308283,-0.745369715,5.77877328140659,0.129770655831898,0.0523675756688268,0.0739892250840961,0.231858191978522,0.549040247745621,-0.066751357,-0.159243931,-0.286703853,-0.382165173,5.22264812601002
0.13648367834164,0.0713661827170719,0.0910250082758088,0.280640869325821,0.513738065879415,-0.198937002,-0.213118264,-0.173762043,-0.443367311,5.41694738529683,0.142095368381646,0.071849317899773,0.0598291414822912,0.206285120430787,0.66770308150068,-0.202886644,-0.136376978,-0.295441877,-0.687099858,5.75012725222731
0.149413166302632,0.068021006149055,0.0778150234167289,0.301565231295815,0.68041937709018,-0.242031367,-0.19909551,-0.296164432,-0.567531313,5.74504865930259,0.102839572803391,0.0501585318361953,0.0451879368150733,0.174534163437193,0.764531316825495,-0.179004809,-0.150577313,-0.239449315,-0.272525744,6.76432368174551
0.172709413798488,0.0844631534886942,0.0649286984923071,0.282184762707703,0.54560513369628,-0.330871837,-0.320826518,-0.230939288,0.0674121888740337,5.09172107058502,0.12151791021787,0.0632705717224573,0.0426358994873997,0.244986572197032,0.56745007988444,0.0965316019702867,-0.139334116,-0.183005918,-1.140391577,5.30389018509375
0.161731215953572,0.0980918493816756,0.0591962552045836,0.287970314666812,0.667416100101267,-0.408330263,-0.366860492,-0.200881499,-0.178664083,5.89012050891702,0.121727656274586,0.0551182142224958,0.0734026183997057,0.221632723290674,0.638693474116654,-0.14994622,-0.33978316,0.0018822477891928,-0.629598225,6.19248018103775
0.175986054032172,0.0968672715473873,0.0824691967440555,0.283632817293165,0.642294866239376,-0.306677707,-0.210433687,-0.372904448,-0.034687231,5.19803706109586,0.128489406303222,0.0530296933064756,0.0553036964539126,0.202654389062883,0.567140391771495,0.0151961323295003,-0.10610341,-0.128002534,-0.755017651,4.80283641078098
0.163189035452965,0.0752713005464127,0.104496608453248,0.303918302661677,0.557419953115326,-0.179167579,-0.274171885,-0.24346352,-0.229941319,4.96468739067893,0.144121185205663,0.0596827602629183,0.0460596370862584,0.223879830390206,0.600712596586463,-0.322074573,-0.266086224,-0.250877223,-0.096911422,5.13642917327331
0.186739551901592,0.0936517620336757,0.0799965221914292,0.315136045080302,0.591345952888282,-0.182786722,-0.384694095,-0.139702159,-0.269495464,4.87328483050888,0.134706003765683,0.0650285822328981,0.0567587888692878,0.246582642440864,0.45987300843742,-0.146673617,-0.271613575,-0.173547723,-0.273480193,4.0705758195774
0.219947618004918,0.116573054556659,0.109165097360062,0.362369645794668,0.719098279071346,-0.465970147,-0.277905881,-0.361165793,0.0645673304048685,5.45741948696423,0.143677964933912,0.0795584555085523,0.052752748537553,0.19988517394839,0.563241784400946,-0.207911771,-0.189542444,-0.189617465,-0.370668599,4.69385689404267
0.153729741028061,0.0651337680971451,0.0840048201755638,0.257745591178051,0.526769523212981,-0.217582568,-0.219315254,-0.285500345,-0.108313431,4.56944457308451,0.143227801126197,0.0767081105322572,0.061229968465357,0.234769513962145,0.462226283034554,-0.249333684,-0.316257836,-0.204322008,-0.039202799,4.06675097669827
0.234899245155001,0.10016537078977,0.12210637687256,0.334251330012885,0.744442735269887,-0.730227592,-0.351388508,-0.519216008,0.292239582302524,6.28147499827029,0.119354798941751,0.0484696632097952,0.0509511775341393,0.202623078856483,0.698331189036432,-0.068336823,-0.206172621,-0.11403002,-0.544143115,6.14636217571043
0.135120158741449,0.0778823679265961,0.0596084914223775,0.22045619407466,0.539530459497023,-0.16091741,-0.339218111,-0.192140027,-0.241835681,4.51293543066729,0.150762810832677,0.0530848303703594,0.0753676062567578,0.210404782579296,0.502112556968041,-0.249710763,-0.197337551,-0.320619733,-0.083993878,4.22320772774309
0.212598008270336,0.0729908506157452,0.12853092273965,0.297326845418549,0.83528004608413,-0.594085835,-0.355228952,-0.490265686,0.140674324703173,6.7423800832125,0.135036670600232,0.0715693063809442,0.0616290997822215,0.225034857964172,0.6084583395785,-0.53064421,-0.283824274,-0.235828433,-0.102995966,5.15851214519798
0.196467423164521,0.0769619744843582,0.102435673995515,0.300064652503239,0.621928997935567,-0.369951121,-0.293643858,-0.416942267,0.164050961201393,5.35560899894441,0.145484861762148,0.0639417767970727,0.0603765791851858,0.22909071912997,0.604234799208728,-0.23600375,-0.173035034,-0.266411942,-0.311048577,4.96170312044915
0.159376997718247,0.0819372002880882,0.0940405667028845,0.288001045432664,0.662365326677517,-0.425251435,-0.276163638,-0.34169121,-0.155290841,5.39641574501298,0.125203807486094,0.0571758439393184,0.0597977273718363,0.217417525732396,0.531215835286026,-0.264794675,-0.26053883,-0.169677312,-0.392374811,5.00667564835551
0.231498360162267,0.0782272061044821,0.105374818311625,0.283688945011949,0.595712481692283,-0.478423092,-0.120077153,-0.524539858,-0.038512014,4.69647311495898,0.12522673037147,0.0623215366539609,0.0721709506534771,0.219569482896122,0.544467506464313,-0.045624258,-0.278213231,-0.093048287,-0.484111236,5.12592340786372
0.132431541894852,0.0587889885091174,0.0645170053376136,0.248351842960861,0.538381250252478,-0.092199247,-0.139942478,-0.220314195,-0.606728676,4.81071261799933,0.143742339296047,0.0576449745036703,0.0640897655284782,0.210416080323862,0.56501656176743,-0.157624451,-0.248094312,-0.21377794,-0.156221126,4.53529888271772
0.153437463496503,0.0903950904704791,0.0616993099511915,0.249041233713767,0.539960574620358,-0.159339499,-0.208150209,-0.309941471,-0.235447153,4.80494165885142,0.14164437628346,0.0640582778792818,0.0536897769502623,0.246894201839239,0.457133697639882,-0.098264813,-0.206600071,-0.238166381,-0.288278584,4.38511688701247
0.155733546027226,0.0880890266707523,0.0606128105776165,0.326312821056997,0.589785776745306,-0.238019652,-0.26038576,-0.249055875,-0.141704534,5.19127493892667,0.129561959209777,0.0611546213822864,0.052601311149481,0.211292963878032,0.722467325749731,-0.228279406,-0.138424935,-0.190272405,-0.448004011,5.81942650170694
0.17735654257162,0.0767002943618546,0.0861024300907786,0.292361571601607,0.612892353546472,-0.391336785,-0.196066422,-0.296336083,-0.022736518,5.31756397131697,0.145620530531598,0.0556930913789352,0.0581035097949637,0.202752059912107,0.559197872329449,-0.075430098,-0.132584111,-0.303205805,-0.334556023,4.06196082792626
0.149628008736828,0.0656165298774035,0.0635239235891174,0.298454569893856,0.685305794749411,-0.229836103,-0.276622707,-0.165496256,-0.374879461,5.38594162105186,0.132947474838414,0.0627641260185978,0.0597969802636903,0.210492605574797,0.474298391253051,0.0227016636227082,-0.236033511,-0.131255635,-0.450092616,4.03088527034016
0.191525611576937,0.0752330052495229,0.0803093334085005,0.343601626412199,0.723599756535983,-0.286336224,-0.294156084,-0.221529788,-0.245667823,5.89227020505843,0.125382909844078,0.0594949817082013,0.0518885853518515,0.256171830688655,0.662591103100071,-0.060519142,-0.162380159,-0.225347783,-0.502765457,5.51946646244572
0.14234472299444,0.0603171675114502,0.0689573117166505,0.234933687196402,0.622001073461359,-0.415038022,-0.235560134,-0.386137601,0.170558978163905,5.19967827916197,0.135508173444042,0.0508500353664677,0.063937489854917,0.219499812335857,0.509073065303773,-0.175896889,-0.211522071,-0.184555544,-0.414971673,4.18707337574419
0.146795343339923,0.0652128768613135,0.0707784074017253,0.273003999772279,0.542330330283126,-0.129480699,-0.177321702,-0.216275583,-0.489039823,4.72444196115559,0.15755994782389,0.0520963945812277,0.0748789390474274,0.242109814080032,0.666190428486079,-0.54262484,-0.231761713,-0.334036309,0.00477998816159097,5.82362689488447
0.176018512997294,0.061286840755628,0.0644745199730224,0.229912029208238,0.591410661588193,-0.073074321,-0.131791119,-0.27167053,-0.515199223,4.03872180505834,0.135221241847619,0.0677690583618993,0.0693578598022474,0.200637092453226,0.52933441760851,-0.19593003,-0.231955742,-0.218941982,-0.207363608,4.66233406657439
0.14917339707333,0.0654539878468607,0.0703880287981794,0.316147966347676,0.602631295972471,-0.291325086,-0.174412254,-0.270353723,-0.624378631,5.47712955639313,0.118137423529021,0.0593831175901541,0.0506759876254374,0.216475271814227,0.578766934836475,0.0673692693849667,-0.169267051,-0.108577448,-0.705999951,5.37398897545635
0.164286468123112,0.0738658480152161,0.0875060578696966,0.315140285014852,0.727728194059155,-0.348807888,-0.267170182,-0.349607561,-0.231627517,5.9647226476855,0.144272105917051,0.0521875482475481,0.0669559806882443,0.241949120729522,0.578205317710476,-0.123428158,-0.220014624,-0.093173704,-0.601070742,5.11797246670285
0.168924673414311,0.0828070965423499,0.065739389400726,0.289064436818811,0.686198741148753,-0.342975305,-0.274259537,-0.281408757,-0.157601792,5.14747509019449,0.129106113182642,0.0649708099415031,0.0551964111337411,0.191866895278919,0.651112365118097,-0.140643798,-0.100752486,-0.231233419,-0.577241992,5.47572315237474
0.168347588705323,0.0968464256821844,0.0728817760094562,0.245645113184623,0.683891754553629,-0.360799026,-0.230659319,-0.321481244,-0.175766741,5.05500885232647,0.143999374495595,0.0558845148658494,0.0509180961194952,0.226619390900497,0.649306799315851,-0.242416542,-0.186701231,-0.262733082,-0.149737725,5.29628950256265
0.184886684464168,0.103412754691221,0.0974092092237505,0.312661051679907,0.663754831839825,-0.437583403,-0.415729959,-0.269458764,-0.013695658,5.57678014541847,0.152310100976768,0.0590793340967607,0.0582163681091863,0.239373598759708,0.524529913311481,-0.28075724,-0.207593454,-0.208708502,-0.477215397,4.34559057273634
0.133384374484632,0.0746757816219827,0.0777452935464753,0.273194444141898,0.623458431759997,0.00221719903812985,-0.181230727,-0.098401225,-0.961541707,4.73799897854945,0.158827048111561,0.069746420324962,0.0662756166093351,0.277185122547807,0.470786928813804,-0.015033609,-0.197370153,-0.122885119,-0.622782474,4.33487810026487
0.144776458763263,0.0667313551703801,0.0701003570374699,0.259375724021302,0.6355181524569,-0.23087685,-0.289379149,-0.154203071,-0.453617981,5.01511726451792,0.142634184019166,0.0546842948196097,0.0619604642784408,0.22037617962024,0.768704428700194,-0.160949065,-0.203714943,-0.174712404,-0.482413372,5.92969094368926
0.167119854182369,0.0810219268691184,0.0857597678657855,0.294360001798533,0.598351978183292,-0.250306181,-0.155887725,-0.291711313,-0.297872546,5.50973800299341,0.131234022538766,0.059028041445458,0.0551086240393146,0.20627027704566,0.643505383019259,-0.124082063,-0.16902151,-0.150087218,-0.627687815,5.42155237946987
0.158816589363778,0.0773516111176858,0.0668635930723349,0.276536664098511,0.607204390820315,-0.045415464,-0.156194151,-0.203845156,-0.825377181,5.80821233800794,0.137400908567173,0.0599658697813435,0.0605598297986144,0.239478855296592,0.633542077069704,-0.199884432,-0.22960382,-0.2543092,-0.589708855,4.73726587650769
0.136736800172042,0.0717367616290748,0.0638559224443002,0.248047561882058,0.533361327750807,-0.193843262,-0.282198848,-0.247157267,-0.097432341,4.6561109606866,0.168180629204641,0.0782593576458966,0.076049349249402,0.248719923185105,0.609980445663674,-0.39652453,-0.236715914,-0.34430254,-0.082229459,5.20109703005659
0.16718770886515,0.0612324529549254,0.0997788195501925,0.260323657958977,0.509478171,-0.310875256,-0.265189681,-0.279632639,-0.146029034,5.03024383187352,0.141643986640946,0.0513065421115285,0.063996257496653,0.253251287650633,0.711891983567325,-0.355070548,-0.254654702,-0.274868398,-0.195394354,5.78946781744203
0.129183172833118,0.0643827859819778,0.0835236443078779,0.28346748507109,0.572614275433348,-0.064909273,-0.262431969,-0.226887016,-0.597943112,4.97554658581579,0.122233084796465,0.0543890381590396,0.0441823359445753,0.187076624539067,0.55249564600059,-0.124979635,-0.308937554,-0.207168915,-0.06866497,4.63122920987463
0.173076586874004,0.0704869508349331,0.0932044764474725,0.275621878576443,0.893890400511388,-0.158718967,-0.187131128,-0.196043535,-0.240821838,6.69514154745787,0.133849029223298,0.0671046748720725,0.0645756650245767,0.26714305816791,0.515053444761283,-0.175805366,-0.268062694,-0.189565363,-0.451362012,4.48720400048821
0.110992169147007,0.0723197752585301,0.0749754848537337,0.213988259250052,0.574905851781547,-0.116464147,-0.158003612,-0.313885197,-0.366566337,4.92763779128708,0.139626479180884,0.048999630424428,0.0533157036247237,0.225619173185484,0.560046848796872,-0.351750951,-0.243098592,-0.304880009,-0.158140651,5.03609395230823
0.154624937614423,0.0674988934492004,0.0818998409555888,0.245109122932359,0.702739062032491,-0.285696662,-0.188457226,-0.354753732,-0.378273005,5.81457564766742,0.142238716017683,0.0644111404166047,0.0657042972247102,0.21562227790525,0.598819155236556,-0.22519425,-0.147754986,-0.221484266,-0.364945815,5.12588590310737
0.121675502224826,0.069527968069961,0.0738922779318507,0.177035361590508,0.726656696440464,-0.196392754,-0.260531843,-0.163000939,-0.245530839,5.71559202864202,0.126495984319251,0.0489297491257824,0.0533319930583617,0.23979305513174,0.576032883456177,-0.215257893,-0.290038029,-0.278117848,-0.325349621,5.06181560961337
0.126801095357121,0.0566181835427025,0.0761840552539689,0.254099964290102,0.56106009269317,-0.236075623,-0.303550914,-0.240349443,-0.455075331,5.26323342608344,0.15715051053424,0.0734968902473617,0.0593083530616179,0.27823459276549,0.561382964228092,-0.157039546,-0.181047469,-0.115576552,-0.47761262,5.21024010387151
0.186871742665689,0.0818364935832188,0.0686357954685833,0.302556225061937,0.489848358461721,-0.267836395,-0.249245981,-0.268967058,0.0187985307852676,4.38934588324081,0.126910436756297,0.0610701921780993,0.0610845697484553,0.228291304735497,0.602487946277918,-0.14671441,-0.143341345,-0.157207378,-0.511853535,5.05006648905899
0.135211147886931,0.0589785080399515,0.0715399243483196,0.222340725054547,0.681835447257242,-0.092134017,-0.126677529,-0.221241847,-0.539343696,5.55238749201583,0.116117289157404,0.0606673181853034,0.0480294995208753,0.244080050137821,0.605952501222546,-0.10355896,-0.163687307,-0.283525253,-0.755641373,5.06086658524399
0.17771090789721,0.0843682385974852,0.0902332742019396,0.267476684536623,0.517033344429019,-0.487339489,-0.199755955,-0.396293061,0.272865819424409,4.98760912192445,0.130923790082031,0.0583601486971816,0.0569158024757773,0.18803399406679,0.665145079946437,-0.223073024,-0.116613523,-0.280858607,-0.284393439,5.693291469
0.159048550034733,0.077986821906928,0.0790255363462984,0.246792631135734,0.776760033061163,-0.487525133,-0.304804088,-0.28246201,0.198815147802534,6.65027901540052,0.149906480560578,0.0618741153259013,0.0703568611569208,0.250998199916291,0.665277096300919,0.00327868178156882,-0.070076018,-0.164747068,-0.573481479,4.99262164046156
0.12347883370366,0.0691112854173378,0.0486425657793272,0.219173725192642,0.61913163745239,0.0170720666316519,-0.149168292,-0.197350744,-0.500197722,5.62169751027654,0.135501868165242,0.0535374930171094,0.0556551956899618,0.220380966284562,0.450208365685124,0.0463857162843421,-0.199998393,-0.080467074,-0.575387578,3.96537148266401
0.182157660022391,0.0768787520053695,0.107452788497596,0.264399380469292,0.549213482398337,-0.224674816,-0.265635261,-0.246792989,-0.173041938,4.63226774242438,0.0986005695072105,0.0608772452496732,0.0491948421957817,0.208007536646948,0.566891258807131,0.1329706839507,-0.127851867,-0.156061038,-0.827851013,5.47742345248516
0.171377253186266,0.0738126389860171,0.084298790279995,0.248576300270399,0.580035074244209,-0.074685961,-0.181219815,-0.208184408,-0.328972578,4.5742262440962,0.150095217363112,0.0636139037786283,0.0614126168254564,0.303769575654582,0.623933242555175,-0.316048428,-0.242616291,-0.165883797,-0.487796126,5.15141260139517
0.116189437660847,0.0737324909103397,0.066340535598759,0.258642384261742,0.638135986721299,0.00145919680375513,-0.27879043,-0.059192904,-0.775898554,4.9167132574678,0.148190196690254,0.0539509326048147,0.0610326699520906,0.204954229833984,0.583779506886161,-0.296825825,-0.360615221,-0.230314729,-0.117572585,4.84441575888725
0.338581214810564,0.185445469691232,0.094902799265274,0.483345207801491,0.512561430127872,-0.555353945,-0.39726556,-0.385349629,0.201949517676605,3.94495287504003,0.133679836126073,0.0572269338962898,0.0532503241804336,0.221908818159138,0.520918146993873,0.145745074087988,-0.174057983,-0.124001224,-0.478927681,4.1054859535799
0.1767266751605,0.109476368018764,0.0800923403383823,0.347421071574251,0.584677375555365,-0.251533926,-0.325697309,-0.141774414,-0.544101432,5.30077647572135,0.127493495806174,0.0584654453525398,0.0564770214368435,0.266422776598549,0.52022899732948,-0.163275943,-0.192071474,-0.210539125,-0.459214515,4.532689581
0.213755413697356,0.102267170685039,0.0854975415677696,0.341932101736355,0.603809382443159,-0.538943381,-0.310908249,-0.301717159,0.113355635029348,5.78628213268954,0.12436771433021,0.0509862910233464,0.0619263502038351,0.219529254350475,0.488563071083984,0.0597468025196191,-0.1901789,-0.142373336,-0.423948695,4.33717625844922
0.139645086957369,0.0707514595468763,0.0663557546310945,0.242561056746114,0.614161351155076,-0.012527993,-0.141269652,-0.234297044,-0.799905277,5.23955652879294,0.15511854072067,0.061986573108756,0.0581416099543967,0.233204969275992,0.635440757897087,-0.347314751,-0.300151624,-0.228878904,-0.41450016,5.0409419283989
0.146712168105095,0.0649275266038693,0.0668070461088977,0.232861528498854,0.678049296286238,-0.101074613,-0.239232896,-0.098395432,-0.613693147,6.1659383296192,0.139948501768416,0.0717977287651727,0.0596986816764059,0.240498581644145,0.584659317681601,-0.052863702,-0.052110404,-0.203935858,-0.817833532,4.64379879201939
0.13548042001806,0.0680677052229959,0.065624085933231,0.211891105375503,0.710499392208918,-0.164957975,-0.233246442,-0.23245139,-0.520764276,5.567219971,0.124418280448005,0.0484769157878098,0.061714770818973,0.220436386862597,0.467878371034924,0.00869423357487865,-0.155453406,-0.0559113,-0.495439211,5.0236261434087
0.140641682390174,0.0653351114617545,0.0719752004614295,0.250044211882663,0.569152542805085,-0.133862919,-0.269114673,-0.181471608,-0.330166072,5.35130257184408,0.122561808906904,0.0571731742509875,0.0602737235318231,0.19932577473893,0.478008012076758,-0.052610684,-0.12989503,-0.114966557,-0.673027444,4.44075668548723
0.133468838329348,0.0617419878396864,0.0548451652917649,0.255986158570091,0.695481344064682,-0.304477581,-0.250664141,-0.291567471,-0.104888588,5.39364831548068,0.145171417909826,0.0531929998376639,0.0517896354358724,0.20688525668864,0.709247493721736,-0.515214779,-0.279435182,-0.29150504,0.0149149287853066,5.52716893280981
0.243072080049433,0.108023492190673,0.0900826059677116,0.360946409600671,0.565778000606105,-0.220977711,-0.165324835,-0.274543171,0.119248603429368,4.29085865094604,0.152278502184698,0.0505314834005482,0.0731522772953398,0.220160793622169,0.707010665076726,-0.334677206,-0.220356446,-0.263522618,-0.289438244,5.97409938294046
0.136996028339803,0.0681885385672134,0.0768279769990693,0.20847419232484,0.61838782050108,-0.2005569,-0.144631431,-0.279569589,-0.289597337,6.35006112900922,0.138731187887068,0.0517800805732751,0.0582342723095961,0.25778668984019,0.504679629927534,-0.163360829,-0.173733716,-0.269086883,-0.466768914,4.8504612017714
0.166412727032735,0.0814145414690598,0.0817276809804937,0.293885751085176,0.686177838038175,-0.539990742,-0.399333044,-0.356880555,0.248389458426946,5.19505204815353,0.131079053002198,0.0564531339932597,0.0475732499356392,0.208926049124043,0.56490434067475,-0.128592524,-0.199654814,-0.138310324,-0.30726497,4.96396540396192
0.156976942989726,0.0832812003297486,0.0802237906599146,0.237848398498173,0.61458804385276,-0.381579394,-0.246297674,-0.29936489,0.022130672814336,5.55717259195501,0.135148305610258,0.0590359363040919,0.0762170335299309,0.228033329862457,0.518655490593383,-0.03541686,-0.186124531,-0.200668485,-0.476525069,4.20707662824383
0.16026772433165,0.078190864365499,0.0739091553766462,0.257421406508464,0.587312468540146,-0.144239441,-0.301177856,-0.199421325,-0.123581207,4.69077174979445,0.173316250427726,0.0762277922630531,0.0983313770539112,0.308026393648769,0.566698584870342,-0.198599616,-0.210410847,-0.224980984,-0.459128598,5.23947489473352
0.146075254380938,0.0791071791208779,0.0777465498507319,0.228808005527827,0.661994539132429,-0.201870032,-0.142660664,-0.248052696,-0.481932959,5.30273286364934,0.135797098680219,0.0588858560915923,0.0613539191998617,0.195882364658969,0.532219768313489,-0.146836217,-0.211588809,-0.094096967,-0.540811896,4.85265024904367
0.154836952342951,0.0948379896540853,0.0723526114660529,0.282395149117239,0.576376886675794,-0.352438894,-0.317791012,-0.225283696,-0.440786994,4.85893907930603,0.150683374589679,0.0584533429661357,0.0641991651377491,0.259900685741234,0.49442644867519,-0.239856498,-0.223037086,-0.308026123,-0.63034874,4.87440628252651
0.153296805700606,0.0901779004594827,0.057650179572118,0.23524048289539,0.724927508417335,-0.148283065,-0.249138698,-0.169485948,-0.533126121,6.44695444908283,0.108423065369592,0.0526385267915939,0.0558708403280736,0.249329000306516,0.789634789361979,-0.049732615,-0.186069354,-0.175046139,-1.050756199,6.80910996193706
0.209930947660384,0.0833115337197669,0.127581649649825,0.309427846927045,0.482175098063182,-0.111097785,-0.196145745,-0.25158841,-0.41744341,4.01448716980001,0.134074588610488,0.058549451048625,0.0477200182131408,0.199561711998904,0.647674767700796,-0.147587745,-0.107791383,-0.247766567,-0.459843794,5.3312480786826
0.172095483475723,0.0923600675805714,0.0877285840315219,0.280629915178148,0.528703922202699,-0.316471116,-0.315631148,-0.24970483,-0.035848969,4.27030933889213,0.157725394995327,0.0723311415044191,0.0657500613059429,0.241131186028028,0.484132259045474,-0.407190731,-0.253582472,-0.338702504,-0.070568195,4.78234904314053
0.146156889407076,0.0711090660892151,0.0621461987248988,0.262601829533928,0.604139404142989,-0.271718217,-0.336657184,-0.216130454,0.036929006075645,5.60686297314249,0.155430889003984,0.0510249109472364,0.0793142628807959,0.217117041632938,0.607415692617698,-0.116957048,-0.244753519,-0.216514424,-0.435746186,4.6560765389434
0.158425716704393,0.0886737385100913,0.0788376196433341,0.251559824461784,0.578710851078931,-0.264939031,-0.334338549,-0.204617906,0.00698574521750837,4.44853258037976,0.142754307041096,0.0565052148599796,0.0544462102677025,0.230441219152165,0.517797181117527,-0.079718488,-0.297910902,-0.22830495,-0.51421397,4.60422364449502
0.160540540182539,0.0901798098224777,0.0770456446208862,0.24363248905268,0.504710285071734,-0.27019514,-0.298468719,-0.238781549,-0.053591535,4.44723486603412,0.119140314211136,0.0552083830667006,0.0503911977449235,0.232032842645856,0.485577340961232,0.179441884708852,-0.095444132,-0.160521366,-0.728972671,4.06001019451807
0.124240743650379,0.0659218199331724,0.0627842762661207,0.211084629417651,0.633559870241195,-0.262909315,-0.18827731,-0.270601198,-0.363964049,5.62344702771796,0.122030778178221,0.0549750002442112,0.0565756808361225,0.187257242684503,0.677526989486668,-0.199967333,-0.220190693,-0.161168816,-0.237124554,5.48545914120417
0.173202844763188,0.09211806398705,0.0889003736610652,0.288170024411114,0.510383331123464,-0.14970561,-0.236501012,-0.279678953,-0.120320142,4.11063474254464,0.147724795643141,0.0792474827357745,0.0721942679659084,0.231311794733626,0.603921822779431,-0.214848335,-0.297725843,-0.191897611,-0.433005858,5.01589930158366
0.13713423174512,0.0667851438518458,0.0733630809924531,0.251165919712159,0.64286959463967,-0.182074193,-0.178659741,-0.19304676,-0.506837862,5.17574641636299,0.132949808476565,0.0540580800739779,0.0653567520222617,0.230109708023902,0.563561522052497,-0.159360144,-0.255408986,-0.207160178,-0.294837064,4.52233415542907
0.150517376171937,0.0684091447395704,0.0632405538582318,0.268600482105476,0.531325180374009,0.0420939104178027,-0.091501288,-0.254290481,-0.537317284,4.78206576177981,0.127678361402453,0.0492034720561369,0.0484924915016773,0.217202884580876,0.617968345474815,-0.045948692,-0.236116582,-0.079739259,-0.63697964,4.94807971515736
0.147082410132052,0.113558800630953,0.0690136868693004,0.306411645049973,0.531939100589715,0.0735421859537595,-0.11632578,-0.255872912,-0.84020255,4.37968064162164,0.158090694166548,0.0564976702889828,0.0701628340185621,0.215837453233614,0.583755878652685,-0.099262117,-0.178833609,-0.225214523,-0.340028109,4.12259951739753
0.182066330376049,0.0893185349926189,0.065135542681761,0.295129422753878,0.596224637715685,-0.347010767,-0.231459961,-0.307618233,-0.01632527,5.56266626946743,0.139184552824047,0.0562025743884479,0.0690027294827491,0.239032325913038,0.541765484451694,-0.025543406,-0.137222908,-0.18404433,-0.405288426,4.02877937020529
0.196196028810004,0.0892993094919648,0.0951456636486338,0.27859973604636,0.698078191988474,-0.504570836,-0.302410559,-0.381586021,-0.133832028,5.53559258153684,0.140543283676222,0.0573315039460466,0.0628407222874831,0.248371969683103,0.62733063438471,-0.255160086,-0.254746961,-0.215502395,-0.519926172,5.24905052229371
0.137017006856982,0.0707567141213357,0.0742166911613792,0.226551324603018,0.561161015290342,-0.176575091,-0.187406562,-0.339056688,-0.531124947,5.13079276290427,0.132171238447389,0.0548825473043089,0.0596895272153728,0.227538053258817,0.476066094085039,0.179500379558147,-0.140942592,-0.08660727,-0.755935368,4.06902348632433
0.121352192745897,0.0665022862851085,0.0606903223200057,0.252973542286882,0.911445787464066,-0.297234248,-0.073574798,-0.392336748,-0.47638416,6.28021601434215,0.132831014796542,0.0561146690007217,0.0552116495002751,0.204540130050408,0.450140159627316,0.00756015054513747,-0.215643584,-0.237664652,-0.588066156,4.30942156492925
0.140500644681555,0.0716485236417713,0.0721243217398967,0.249311731151116,0.623359624090644,-0.326545627,-0.308847672,-0.255185333,0.0342398067824638,5.26997974236149,0.132817098547654,0.0521029680471043,0.0652487830473597,0.238872269139239,0.52647987137955,-0.081110677,-0.282751132,-0.119360121,-0.77740981,5.34846138305992
0.141532204075275,0.067671360078866,0.0794353914038999,0.239662791106688,0.583736143520271,-0.038527678,-0.110443295,-0.29188668,-0.506349453,3.95023828743564,0.148957311604087,0.0506794748448782,0.0671720409090921,0.211155046562424,0.701193102053343,-0.345000564,-0.313274461,-0.175783864,-0.340083045,5.82445655434851
0.214580621478661,0.0929617200779556,0.0779335314110765,0.350803705368682,0.904974885492312,-0.541408405,-0.341919074,-0.431108354,0.0852822672900479,5.5384867908393,0.168302822969239,0.0703556722394398,0.066594058269361,0.256049144093321,0.523990776190431,-0.099319056,-0.192848153,-0.195972777,-0.572666156,4.45874590214595
0.153636139854433,0.100116179474524,0.11675618032909,0.310653416540452,0.573552417836064,-0.239977699,-0.27225102,-0.105624402,-0.224751405,4.83944671535688,0.13264508998603,0.0558384616110546,0.0490144316828949,0.258863472249811,0.748781000649238,-0.333737009,-0.214250915,-0.24663036,-0.611597587,5.8975742521677
0.220102228034078,0.105713963728589,0.0945537985431584,0.312293468828156,0.585723912342099,-0.120345829,-0.292696771,-0.174071076,-0.314625527,4.18368700619203,0.120500911811223,0.0595920453934661,0.0666062699080923,0.209406042816525,0.421588412307377,0.145789083159971,-0.165836988,-0.104703362,-0.620301731,3.86225700822251
0.276762126127542,0.116575101142781,0.117016635054041,0.368533513355077,0.782923132954572,-0.428056766,-0.308962966,-0.365098599,-0.268275823,5.40286702706924,0.129948216753093,0.0624145208845334,0.0543352586687387,0.207279795503207,0.59139630366927,-0.129405417,-0.256179066,-0.113308266,-0.481105771,4.86603064381798
0.165919000546432,0.0878767523468095,0.0682610598985778,0.26886921014379,0.503921918741285,0.0805050816711919,-0.258967535,-0.116575312,-0.260705379,3.7686936749504,0.130739730093448,0.0460655175015452,0.0611756936530418,0.182284549527955,0.580569767512035,-0.004325101,-0.065034352,-0.262660533,-0.615465275,4.87522199172492
0.120102762418831,0.0777815971861482,0.0586540648461792,0.212884731799967,0.511676136562298,-0.064962181,-0.187203275,-0.194511239,-0.329164977,4.72937801848009,0.136045886587121,0.0541549868790848,0.0563507121351916,0.20619720149638,0.467466530066201,-0.14731476,-0.23164127,-0.211193429,-0.24029291,4.3041638717397
0.159477949502998,0.0733719584344654,0.0633514024210472,0.221032297325521,0.604341168970032,-0.373300671,-0.406909324,-0.210344752,0.0208713185710973,4.44974493572114,0.131736353707587,0.0544893065115755,0.0570393504077518,0.236256125402441,0.595633186211139,-0.264053572,-0.208428818,-0.183097434,-0.589418552,5.61734467342816
0.125696303752057,0.0618941984877623,0.0630562606559037,0.216270238635368,0.747211764628955,-0.206349364,-0.300646704,-0.194404215,-0.013580617,6.40757627751417,0.168062309988854,0.0917044644887657,0.068960107299297,0.267537737182059,0.435226268587098,-0.201033237,-0.171223805,-0.267623427,-0.165204428,3.88197463246985
0.169724653929069,0.0696068059660963,0.078182617173908,0.259680033068916,0.516469356948882,-0.22908568,-0.339916803,-0.304909194,-0.060104155,4.06804279246441,0.141999698358348,0.0537089262983671,0.0562277901782675,0.233667844625274,0.623722470461184,-0.206826234,-0.182496566,-0.166163449,-0.402275735,5.28883619642426
0.205224863769781,0.0738764847653297,0.0920116955056295,0.283931471671101,0.715958724423725,-0.395765504,-0.288117702,-0.34577935,-0.054506785,5.24645728067596,0.149135447267278,0.0561387553531061,0.0591557202214104,0.237584994718724,0.464395285548809,-0.190600219,-0.247855108,-0.185032532,-0.297333783,4.49745966446212
0.156990970557692,0.0649226565144081,0.070080318954047,0.205365401077129,0.560451294460082,-0.261111201,-0.314803994,-0.201884647,-0.319625507,5.476818827,0.138073532698455,0.0621660293190801,0.072119860796603,0.258290777201462,0.594531185330458,-0.22693385,-0.257221076,-0.226283361,-0.093071601,4.71113966252105
0.171725821725866,0.072740950140072,0.0622185837278919,0.267550533603123,0.682993706755677,-0.388618851,-0.291588226,-0.349318378,-0.197082846,5.62895893203708,0.109208132784567,0.0567830877252877,0.046147605355572,0.230741747725133,0.467123842966714,-0.156452304,-0.28033181,-0.164198113,-0.553857433,5.02348939415405
0.136158177134867,0.0631642366218104,0.0600581975513779,0.239835751993946,0.721687785112914,0.00588676929104103,-0.220521949,-0.149134678,-0.436972366,5.45243242668106,0.115942474533298,0.0607647216546413,0.0568270449396068,0.230265015633643,0.667326499879018,-0.268111466,-0.20693429,-0.271850296,-0.536762821,5.81325666345621
0.184919770394626,0.0890737626019773,0.094948159398846,0.238900832794349,0.687752989066357,-0.447416396,-0.351916512,-0.329062984,-0.06887789,5.16829012460476,0.136719383754744,0.0677717187381633,0.063539020208154,0.239829059187951,0.674925596885645,-0.401668428,-0.246265669,-0.218290548,-0.120714252,5.90726975475902
0.151539802466585,0.0785712425466903,0.0782484780509792,0.27174225245627,0.594113210452488,-0.152792507,-0.186187165,-0.199003938,-0.407723109,5.15126601450893,0.142729239050597,0.0546729894412702,0.0604855689339927,0.23184414531189,0.623471498202779,-0.130001495,-0.230878712,-0.127222882,-0.416618552,4.76951610936741
0.146439219553477,0.078394513137542,0.0927866297846523,0.28535607958268,0.605315192718622,0.0209282286152958,-0.113229745,-0.182373375,-0.706032504,5.42038123050892,0.115315016195393,0.0632066372069229,0.0516139546216864,0.192333903495623,0.532868344069047,-0.077119359,-0.17725727,-0.188757767,-0.35374024,4.71305303880161
0.239050166296822,0.107953719333404,0.114261508567458,0.374723436489945,0.46440788089186,-0.199226169,-0.198883097,-0.24974983,-0.285811491,4.15938680666844,0.150997121031396,0.0623273112240365,0.0585450313633827,0.277539783962471,0.457491757358547,-0.343741221,-0.207071789,-0.20328525,-0.255574462,4.57080371243337
0.151815739800953,0.0878219443727038,0.0646743685407389,0.260719617276166,0.673699105311417,-0.23215788,-0.255476986,-0.171784196,-0.358730196,6.4043714673268,0.159051479265471,0.0723653370480863,0.0770149129712274,0.322591812488306,0.508309832736745,-0.149337324,-0.306153859,-0.172060095,-0.422332704,4.35188108094333
0.193596923163638,0.0791181315898554,0.0704549974020319,0.313795744946217,0.521341896833822,-0.441033322,-0.196148098,-0.41548187,0.125226930166075,4.31925321659979,0.131095699485344,0.0587668195936361,0.0515388803752775,0.227247255091783,0.708251153353504,-0.036943371,-0.225481735,-0.192124612,-0.484430844,5.36938093519579
0.213004630288715,0.13896380577307,0.0612978871396637,0.27764376245596,0.763867074394333,-0.750771794,-0.50791869,-0.411750176,0.637557386552471,5.94449461113014,0.141292470057623,0.0508521352707418,0.0663217922557085,0.259445919003474,0.498975524239564,-0.122268434,-0.172930743,-0.269778237,-0.474350442,4.59521766962951
0.183276248906668,0.0860746121823452,0.0852681144260806,0.311493219373649,0.597732271724493,-0.421021488,-0.319747443,-0.178431073,-0.23844281,5.25518398418497,0.16687733044672,0.076828238565667,0.0534849547064899,0.265620954145123,0.690877300833131,-0.314007826,-0.353312957,-0.194791816,-0.346740805,5.71403434209958
0.687848750279125,0.252022487864147,0.234073091337437,0.880364268887351,1.00718075067961,-0.986236708,-0.425008904,-0.648063608,0.329126324188237,6.64731218219083,0.12500797037072,0.0677807887296546,0.0699069257548964,0.215196110060489,0.604872566279012,-0.120898657,-0.266483043,-0.147495457,-0.423029396,5.74472848792793
0.157435478103835,0.0851764867516562,0.0794720637201161,0.264727542780537,0.573951200627592,-0.350632777,-0.183996014,-0.31257539,-0.234085693,4.92785696779991,0.140776762851825,0.058018407999015,0.0465592250543733,0.221162462851399,0.575821612109733,-0.202968869,-0.232524629,-0.202134038,-0.499282614,4.76245742351687
0.224926788288933,0.10458082400326,0.119710587630562,0.353282563795059,0.892021812984694,-0.771614658,-0.363305103,-0.548996395,0.782239603842448,6.79154994004751,0.124935819880344,0.059853332370791,0.0628252867779926,0.265662873178063,0.586030307677995,-0.015614112,-0.206727922,-0.083662755,-0.820191128,5.01857208375731
0.183169890358771,0.0816300368596377,0.0844227874493826,0.285058933437382,0.88390124661983,-0.595272771,-0.248318391,-0.404274722,0.109301567310098,6.823249219,0.137952644237355,0.0648491197373882,0.0698893458963721,0.209301480969303,0.767408512693275,-0.395028205,-0.289113241,-0.18822555,-0.223546295,6.38611890055952
0.188256732792936,0.096097986473514,0.078103119318754,0.336886074475824,0.63017685458382,-0.52539013,-0.405561387,-0.278426425,0.0296376840817453,5.43713043536181,0.1259438333605,0.0628672492686844,0.0488811713155908,0.214823467742655,0.616648620914981,-0.009713832,-0.080718864,-0.194045558,-0.493039619,5.2291300620581
0.204101846037218,0.11729870117107,0.0707302408916841,0.279285091981351,0.590437132807638,-0.305114258,-0.352080186,-0.272095953,-0.070612095,4.74787758246144,0.137468142517124,0.0583656373737237,0.0642491149781838,0.218374259160588,0.452763899142744,0.0422829979502278,-0.105205386,-0.186480967,-0.27509066,4.03031419087015
0.134984489015692,0.0815449485886658,0.0773933872474691,0.229023020851949,0.72278004966922,-0.283940363,-0.193643051,-0.224016859,-0.071298853,5.70777887209958,0.119692642378754,0.0535181713054734,0.0454792861609587,0.179090954855712,0.561606563440432,-0.07813634,-0.211740983,-0.192944297,-0.308826982,4.34212128710903
0.181675609917386,0.0809866097824595,0.0816322205025251,0.275398178441765,0.632399782133325,-0.177092007,-0.240799226,-0.274117221,-0.246085336,4.94848460297398,0.126531906815031,0.0543624911101032,0.0563406168618916,0.28690026565414,0.650475398191446,-0.182142573,-0.240001604,-0.163201317,-0.91045263,5.29030240342704
0.192616716468497,0.0721164979492858,0.0984361084355343,0.313229541198146,0.567861005490152,-0.321410116,-0.22717076,-0.292809152,-0.455799879,4.7206778112127,0.118069838651219,0.0480962211954921,0.0558505844312664,0.206876039179931,0.711631487930134,-0.227482239,-0.221345007,-0.273560126,-0.368126633,5.54692057778509
0.155957267950967,0.0776763232437429,0.0968339595064189,0.257597323930296,0.562157939015756,-0.227144676,-0.224410394,-0.26412278,-0.436929835,4.83106529117618,0.129468663146405,0.0535890018760681,0.0722078844288847,0.242488610881162,0.647439721387525,-0.157411757,-0.124761517,-0.241363924,-0.376586475,5.75961369232484
0.169328819009318,0.0744767081833519,0.0735138759790423,0.264914020250777,0.697014302475771,-0.636146606,-0.403650279,-0.325759075,0.316219083229467,5.47312987743341,0.132550497183612,0.0503809568756539,0.0622311506496972,0.213366139967836,0.69148056327149,-0.037267865,-0.242160155,-0.149471324,-0.418298253,5.15120954045373
0.179272839596004,0.089646830384617,0.0630825887649584,0.265139023189268,0.595916954023519,-0.099074743,-0.274977427,-0.199794083,-0.560321536,4.20139574396081,0.140938512002366,0.0522516334301972,0.0612120388366884,0.229916830985503,0.595431374882856,-0.010219003,-0.102076245,-0.189361447,-0.67011259,5.2154167001332
0.148054312228126,0.0631596026661822,0.0867281053546901,0.21915709914982,0.622597898641492,-0.089019228,-0.097276134,-0.301884592,-0.490981361,4.83451244010504,0.120934298203897,0.0531253707900298,0.0582470181208213,0.202486728272816,0.576458186622181,-0.16874579,-0.186767289,-0.304478319,-0.597678356,5.25009324683294
0.14648189444822,0.0606459329427816,0.0679613699788056,0.261260239800342,0.610911369511163,-0.167415573,-0.192241567,-0.239651393,-0.398032243,5.02072423015289,0.143809724184052,0.0744437800825317,0.0617763390510718,0.215096701929641,0.453338568952172,-0.385961969,-0.40284163,-0.198467946,-0.036965501,4.18159780770098
0.162230147696451,0.0856105773509975,0.0803474439355545,0.25041683712079,0.667093365278007,-0.015800111,-0.283146452,-0.137364624,-0.510728045,4.79017401682145,0.142050211641083,0.0719994522916204,0.0711596063181843,0.24478138522938,0.556157741920677,-0.095929641,-0.200766795,-0.164436388,-0.544204323,4.7633145201142
0.171294313900675,0.0752477373380648,0.0732432589371264,0.303387029525627,0.702986137274716,-0.510316765,-0.47005011,-0.173032739,-0.159895587,6.04644743878082,0.124568012275544,0.0433384385649681,0.0636068971434353,0.221787093858878,0.729093305608062,-0.127383716,-0.183691868,-0.223484285,-0.276130171,5.22737401293941
0.17990360805385,0.0841301533468388,0.0809020038478584,0.317777294811582,0.670004282459279,-0.098600816,-0.215402675,-0.239676392,-0.659101223,5.66323260860023,0.135818661707694,0.0660980696472346,0.0544474893712558,0.274427186625049,0.528828219890813,-0.349626652,-0.262831428,-0.200069682,-0.546997064,5.02173806160955
0.213163516948558,0.0844966816772753,0.12942964462681,0.352925278301796,0.69932890275498,-0.467506653,-0.342028088,-0.190238514,-0.061105683,5.19713973196071,0.146177539328964,0.0587968095645054,0.0667185005705891,0.262261172200292,0.520018651090873,0.0233168201860594,-0.103255166,-0.101121204,-0.55306832,4.77383826983361
0.192269715131717,0.0923640939231814,0.101663743214867,0.316108741808027,0.628402461547118,-0.431922013,-0.323000667,-0.175391043,0.287270289646799,6.18739933587271,0.147307049894414,0.0691527929816959,0.0716362856502498,0.223356052560733,0.736585547195561,-0.089731447,-0.143192668,-0.251570868,-0.414467075,4.88403324767257
0.184669742524195,0.0706381556236766,0.101491972659053,0.281485382202106,0.749640547443081,-0.258223463,-0.270521045,-0.331431313,-0.097295209,5.44888958291779,0.120289135071852,0.0749525686155931,0.0515994154832627,0.236578633004217,0.565853451667775,0.0539418593121605,-0.0409086,-0.253786394,-0.789340363,4.73656996951246
0.160588413237887,0.0825945461016144,0.0829533425048734,0.242939559327058,0.69041498143606,-0.340963103,-0.18187554,-0.228883324,-0.206652082,5.2496047546719,0.138440718079022,0.0475125659000346,0.050457856543886,0.269871721000945,0.548878315635853,-0.202486821,-0.188195605,-0.249676364,-0.533338559,4.84722835045118
0.19535983104785,0.0981895236658392,0.0986913060450175,0.361553020028201,0.702859078486471,-0.02369033,-0.069768883,-0.207712937,-0.722739365,5.3146764801314,0.128932435521261,0.0547026522674741,0.0653140654152543,0.197855956094075,0.581896907379066,-0.064263144,-0.254027749,-0.179844584,-0.442838421,5.1982798085641
0.175624310782009,0.0790920238093637,0.0877205020294022,0.268058896132962,0.545113001057437,-0.15942909,-0.237193511,-0.233394615,-0.22700725,4.75073102866497,0.134111420707544,0.0578153275449665,0.0576671385670669,0.226541520216566,0.742035796736448,-0.279035369,-0.216879602,-0.242177642,-0.313401933,5.36340429931901
0.142969297793002,0.0670275472036443,0.0708556249559641,0.201442934488688,0.528223062961457,-0.172225622,-0.272166428,-0.228486246,-0.320634088,4.3389442220593,0.129972804808383,0.0602405386121283,0.0537112119207238,0.223346808892809,0.544378841653096,-0.220274699,-0.210812593,-0.221020349,-0.461936854,5.15175122940193
0.152434400703751,0.0819771955934046,0.0785243270603619,0.320625439185188,0.615536639142497,-0.132273258,-0.221563141,-0.192075372,-0.463326027,4.49376157527794,0.145227217648714,0.0590275920537892,0.0619854464386499,0.23037261973866,0.585547705784869,-0.223079658,-0.193414092,-0.206359627,-0.378904529,4.7214044605707
0.172614467782575,0.0888550508987563,0.0622297300616058,0.273528865726327,0.640280391558601,-0.310093571,-0.330079728,-0.234435432,-0.286987805,5.05915135838224,0.139507818936382,0.0577205245448884,0.0552998865002021,0.236280145718454,0.571772166143361,-0.12972178,-0.2617189,-0.15637625,-0.490232599,5.05037561614214
0.124707058169328,0.0717426919890841,0.0855909585356672,0.217674279737153,0.688094723129341,-0.116803522,-0.232067134,-0.185747962,-0.348187556,5.63321612574503,0.129129393980253,0.0554813361377735,0.059972020872455,0.199239510532415,0.664610291992052,-0.161140854,-0.261479132,-0.154419962,-0.435121669,5.23326579846649
0.134573138393498,0.0648197737937755,0.0733591913372909,0.228007915890096,0.572826135935979,-0.150894358,-0.172174804,-0.298367762,-0.733446121,5.15852753410302,0.11377098764941,0.0455918217443306,0.0492965642269014,0.16752159093387,0.587879724745842,-0.169664885,-0.079089309,-0.338748625,-0.23772399,4.87569138301613
0.194988746846102,0.107970219199964,0.0886272834904424,0.349789722209385,0.563434875051137,-0.318069715,-0.277847113,-0.294364663,-0.265696994,5.01513296117364,0.116623920017632,0.064825387442252,0.0589955554210734,0.248571265022132,0.593764542850974,0.104166145654974,-0.127832278,-0.023256517,-1.122085563,5.14995456725621
0.123440469166555,0.0693082595764253,0.0619030017267076,0.235305871937301,0.615363834084424,0.0401263566114728,-0.115316623,-0.246712327,-0.60606921,5.16738256767844,0.13813349649513,0.0481862563066445,0.0554916486588957,0.20471606451892,0.639526098897035,-0.263080263,-0.211428073,-0.230520935,-0.25962548,5.88466410357919
0.153358003999543,0.09456010770961,0.0747230255760856,0.248284698396399,0.553970589177495,-0.191288773,-0.325171904,-0.196569182,-0.3621003,4.75429375960715,0.124512691424615,0.0634318949621148,0.0493849445240755,0.212155168778272,0.559558445289849,-0.152706993,-0.32254986,-0.050558427,-0.491258453,4.77358182170206
0.140990736540147,0.0673502437079927,0.0686990185956231,0.235834553548832,0.651492358790491,-0.260324662,-0.244791832,-0.216633513,-0.214817885,4.71692079419634,0.135802276468145,0.0591044979530527,0.0585861032166531,0.21424382117186,0.540185686696242,-0.066540175,-0.235790096,-0.164472152,-0.386467653,4.27320722308276
0.151779327788258,0.0919938035781967,0.0733423476276593,0.228674206822598,0.714526575253161,-0.418979704,-0.436614967,-0.205512365,-0.057687084,5.76448567008622,0.136761593666066,0.0469192342850459,0.0527455003897035,0.221972071612774,0.578940561557825,-0.094825847,-0.194343104,-0.222327534,-0.557234772,4.97647613552354
0.200960769849314,0.0901505907323725,0.0809465227140019,0.318949412827875,0.556800818383606,-0.578935705,-0.331332135,-0.459704412,0.226271927744179,4.82621735574256,0.121954814994485,0.041343246117655,0.050698141291259,0.212659706021905,0.584768562300375,-0.204477694,-0.184210584,-0.259750644,-0.182985407,5.12251868045392
0.161557598981614,0.0594118914206739,0.0874533116774206,0.245085738994946,0.738936920956611,-0.429941436,-0.166105656,-0.345918925,-0.20582226,6.42486302496709,0.150253576598464,0.0616242343957367,0.0843039145209935,0.27384484484497,0.454425565527909,-0.255915019,-0.238212074,-0.246049744,-0.311752581,4.27260047992401
0.162714555298189,0.0820146964180948,0.079775291864433,0.287475640303089,0.630969801477358,-0.256836237,-0.27059964,-0.166928115,-0.4575727,4.9967220406835,0.158111890174005,0.0678035108718056,0.0636072876765313,0.261523741194985,0.48927445283554,-0.098045687,-0.223123577,-0.163499233,-0.670435401,4.41221814446133
0.148119333440361,0.0798618854164605,0.0795273799494414,0.276139852037693,0.567349397622089,-0.04590909,-0.095811205,-0.178775628,-0.766729085,4.6378749531243,0.129937098024333,0.0587028398920927,0.0639250126369267,0.228340013511506,0.506111218106113,-0.104265514,-0.149949335,-0.227057527,-0.31695911,5.0204096438592
0.15518738584728,0.0829312721204292,0.0548933367952093,0.211216745197678,0.712561099784614,-0.344565902,-0.343091141,-0.225153933,0.0616861333164522,6.4331354521454,0.11591470130668,0.050174457118941,0.0550677811234825,0.25407800774362,0.567501387398328,-0.117340168,-0.174815636,-0.300875268,-0.579870614,4.62789887626784
0.148978976642002,0.100251603609055,0.0550565561279648,0.267788196680589,0.578559796760438,-0.095836954,-0.193473581,-0.290623535,-0.106065353,4.5816989469199,0.135737523143842,0.0551980103309363,0.0806676546296279,0.263921183076674,0.556562815573429,-0.423346181,-0.319220594,-0.325300208,-0.162441363,4.89157322685944
0.147088722837084,0.0641153261442333,0.0685287958736085,0.216265023649739,0.64327965042326,-0.338029493,-0.336031642,-0.310845493,-0.040389805,4.81285614069914,0.1274003375145,0.0615114347205671,0.0500695799448989,0.231548361422779,0.741579313760436,-0.116888677,-0.228900954,-0.181692329,-0.725851532,5.7087641517078
0.194740552945768,0.095027918272163,0.088179822031854,0.281578686144647,0.596700468690562,-0.312501113,-0.275176142,-0.212407378,-0.23974146,4.87121395054829,0.125518284289131,0.0437471589133091,0.0436053488960971,0.204909577719394,0.619763405775931,-0.235980792,-0.270763385,-0.181767273,-0.02488749,4.38943035095377
0.158563497244764,0.102084096436594,0.0717045772424802,0.274237633205677,0.629292473763606,-0.074617663,-0.128252487,-0.149285661,-0.626588101,5.34610315757733,0.168330269709396,0.0861749465954926,0.0897539632867332,0.305523862086331,0.507262371082879,-0.160605598,-0.238692116,-0.129310107,-0.704420507,4.25932738047699
0.142044864383175,0.0640364761346794,0.0759968642550895,0.243788707020572,0.551527728353571,-0.020751056,-0.190037286,-0.161476252,-0.494108717,4.84019566989164,0.173758471523406,0.0726214843812984,0.0702140530706561,0.278761893676105,0.533316491676854,-0.038968495,-0.161801642,-0.173316761,-0.758105421,4.35973601136608
0.146512550253544,0.0701375579757925,0.0730171044971239,0.259018058282287,0.572065311884724,-0.151176673,-0.258023682,-0.120890823,-0.426610678,5.04950673757079,0.14137014375894,0.0578412640324703,0.059415825971762,0.222030749149234,0.554600904997289,-0.173095839,-0.223627576,-0.181620783,-0.233027241,5.00033207038024
0.154431130490238,0.0568804867974553,0.0800805471482836,0.269077087259251,0.582825675561042,-0.162209717,-0.244289424,-0.249329421,-0.393406947,4.71058278249277,0.107437556489376,0.04779536249556,0.0546564759494705,0.190393597111789,0.605121638695516,0.105519963830044,-0.231731807,-0.049404942,-0.920544943,5.14985159920477
0.149679579682251,0.0668347487701538,0.0737984173578597,0.22672185279004,0.691062285302405,-0.250605701,-0.297574902,-0.210178744,-0.154275229,5.51506780868015,0.125151248925263,0.0481821394048847,0.0435443162678008,0.207678005131042,0.569193799933146,-0.15613989,-0.142432609,-0.238608216,-0.501750913,4.99164422371271
0.185061750896736,0.0816702508951938,0.0740278702396838,0.302481850167343,0.533820736273984,-0.054697429,-0.266469352,-0.176180497,-0.32161781,4.11500475984373,0.124989714835811,0.0555440793662734,0.0536047325941764,0.224812537445358,0.577066658601341,-0.187742027,-0.188728572,-0.230794388,-0.241164633,5.17359758018319
0.178019714046709,0.0779231712005339,0.09139022920247,0.274750168718223,0.823171051780262,-0.373887039,-0.280824433,-0.361988981,-0.346665793,6.59786202088453,0.119473749168647,0.0519555706619861,0.054773173269795,0.247113701478302,0.696874539305033,-0.22114918,-0.191657364,-0.245419073,-0.568395952,6.54353223712506
0.169565929297083,0.0866538183964752,0.0753951279685614,0.29989223754753,0.556523760440356,-0.148932038,-0.255253909,-0.227718382,-0.583648445,4.80069116201118,0.103858041718147,0.0459978025322968,0.0543814850105722,0.188843438298889,0.506660714751296,0.0401797822900673,-0.136571629,-0.147093606,-0.555607478,5.31326756851794
0.226090418300433,0.110901727615775,0.108644879033515,0.405776979482872,0.509832792003426,-0.386147283,-0.273340083,-0.30278426,0.305279444942747,4.63711083965307,0.126447588133576,0.0442052177876903,0.0548226052097399,0.191038498463093,0.674923711368102,-0.340860248,-0.213397964,-0.23037891,-0.041048114,5.76218056974146
0.152923622036643,0.0612824030811064,0.0884616265813499,0.207732927258473,0.753310110148049,-0.175852367,-0.216790427,-0.210448852,-0.424971449,5.95609956793419,0.14891537550392,0.064171570879231,0.0597562669248552,0.252620228204534,0.582136560389524,-0.358268123,-0.244288709,-0.191597733,-0.183033627,5.21743652117815
0.142031796829921,0.0891975433553102,0.0648397897504403,0.261906342176137,0.604031876891901,-0.14654653,-0.180181627,-0.23607707,-0.302198867,4.56160712281995,0.122739851792748,0.0642532130422205,0.0686537464086043,0.21734729934506,0.569733318382128,-0.020479998,-0.145002063,-0.141253207,-0.676142876,4.85474664593508
0.177145024833598,0.0706515127124556,0.0860651067851635,0.294145593339142,0.444432756722237,-0.121372865,-0.184976397,-0.186594071,-0.248910102,3.98926416144465,0.147687209924655,0.0544580686175872,0.0554192675170536,0.230239056617631,0.475531049883411,-0.183699604,-0.243848769,-0.210718939,-0.05940826,3.94735702136661
0.163715079153061,0.0648160722374825,0.0739295383585723,0.268265294509108,0.67783552042962,-0.419858318,-0.36747826,-0.277032914,0.00760337678126117,5.46350693981711,0.122067091117567,0.0437668472289403,0.0617540745025683,0.222759380700573,0.541332523927803,-0.00830892,-0.148541258,-0.194720008,-0.656380757,5.28115673127712
0.157300856065183,0.0951521270621131,0.094269279041668,0.232318095354514,0.564766599704049,-0.085855344,-0.334026164,-0.172259047,-0.339799544,4.55458794965648,0.110608459352511,0.0503350278829206,0.0642684785023169,0.236067326361296,0.61537974149864,-0.103248153,-0.255938181,-0.15382617,-0.384298445,5.08351745995652
0.134161992778275,0.0762281296319982,0.0799392273557102,0.239593149247439,0.705739633271213,-0.412773919,-0.338497304,-0.266848448,0.098351111912205,6.12801258350941,0.131507213743007,0.055673351014701,0.0502243653412978,0.24957349121329,0.629338332785024,-0.196342274,-0.233422314,-0.247510284,-0.390806807,5.06868553635576
0.119332236008437,0.0715811944382166,0.0713571683470838,0.221671261585911,0.751132418919123,-0.121949848,-0.117413233,-0.274537434,-0.445621423,6.09507977919715,0.123879391461419,0.0676746327873903,0.051467428484147,0.247142229714058,0.610404223551678,-0.015445403,-0.030989623,-0.264677836,-0.737274151,5.21700057623864
0.187448594517765,0.0801477326587114,0.0723266427068977,0.256238386560811,0.691350947430215,-0.376083664,-0.388811964,-0.25033933,-0.317033683,5.23967438362483,0.151809403705774,0.0581521161978298,0.0689676680937811,0.268710727294714,0.58404650511869,-0.193737665,-0.186319509,-0.232289118,-0.349089566,4.94134705095003
0.202375585444355,0.124706458206121,0.0529401335785369,0.294354172639249,0.610533729230021,-0.192410195,-0.354854044,-0.206796274,-0.063929402,4.88441859736434,0.142404883074018,0.0660354101524637,0.0661308011404094,0.263495490868983,0.504453081293791,-0.052579009,-0.127455268,-0.190518526,-0.561086692,4.55947377499107
0.217095961733288,0.0946921511794844,0.122615262823216,0.334934115853493,0.482375808973415,-0.179467499,-0.086071194,-0.471858472,-0.147650705,4.40023143704577,0.133212893100462,0.0633074666969577,0.0630641521982482,0.200507020598163,0.470195601754461,-0.122048384,-0.18365045,-0.218484166,-0.295347157,4.24093529824076
0.15925560691843,0.0920120526048189,0.0542851069940188,0.283611216653801,0.548173206809636,-0.197914423,-0.238839265,-0.245325246,-0.327113337,4.83923721681013,0.158864911281555,0.0715637786531504,0.0623303553197289,0.248704418099893,0.612869019776436,-0.124277583,-0.287577849,-0.147491687,-0.386019556,4.92610025869264
0.170446881561618,0.065118488928316,0.0844132982195974,0.287351663399796,0.625606862708273,-0.300390074,-0.271171726,-0.25029803,-0.007292923,4.69851193581067,0.128860739107487,0.0571353156591163,0.0611668314320863,0.241006799465385,0.612771944658052,-0.208583644,-0.193438576,-0.159130206,-0.700364916,6.18604913527044
0.143624710752768,0.0753452428931385,0.0655174195032744,0.246767594381815,0.647178464783504,-0.495913545,-0.249631497,-0.333733,0.0247802571865826,6.40921935766954,0.129803806493757,0.0619031723384104,0.061193073980435,0.214771879010507,0.662059275275559,-0.27916382,-0.336988937,-0.115469039,-0.463952996,6.12122218924254
0.141273313045049,0.0789161926988056,0.0726398399850239,0.222728652377978,0.559183085021961,-0.325622184,-0.2714362,-0.256858708,0.0790305387702381,5.2561588347452,0.134110893773343,0.0504531397208193,0.0648677195171395,0.259634821599667,0.563129266742973,-0.121247241,-0.175536285,-0.174600166,-0.612469648,5.26366148848454
0.158479341617852,0.0709550190458289,0.0706146597142806,0.236135554136103,0.989813506124142,-0.411930686,-0.283616543,-0.260392251,-0.314028542,6.48484803313047,0.140036838062232,0.0492819562338469,0.061781892538111,0.212696170161074,0.617110864289574,-0.224053845,-0.176294587,-0.243175688,-0.332664522,5.29225779923492
0.201952500256783,0.0803599885276888,0.126688782050105,0.289306890777687,0.57356366523809,-0.313570128,-0.327105773,-0.318071208,0.0397657655872919,4.65780983592885,0.146832153489637,0.0500926832520896,0.073491488178528,0.239363185490192,0.590410358743746,-0.334135617,-0.258715559,-0.227958155,-0.469985629,5.30698425526071
0.152367601090421,0.081699809710012,0.0753468822654811,0.256648046853983,0.558784257650481,0.104604333822452,-0.162394879,-0.131204432,-0.78051781,4.55435491230386,0.129933504922719,0.0458754239425846,0.0568903751303701,0.237647774995332,0.576789201108695,-0.227184448,-0.277022926,-0.162842955,-0.285040367,5.10608054445436
0.191233838057024,0.0776954865232151,0.0888573440268554,0.299618260941409,0.625087120405054,-0.211505293,-0.234939624,-0.215650821,-0.219927139,4.96954981784306,0.133032417350892,0.0886552352152776,0.0601696963726962,0.237285357644067,0.559470162692601,-0.219813682,-0.160791185,-0.222297764,-0.291047161,4.62817947266924
0.144156899963803,0.0741512512619295,0.065212076531548,0.258470827948141,0.542633350567362,-0.08321383,-0.15264071,-0.275885939,-0.40235203,4.5755491995313,0.138781096555653,0.0545452995572698,0.0553063616544316,0.242127627356467,0.569917298165061,-0.114971473,-0.090278731,-0.290173338,-0.620678969,4.86415902483024
0.160124202148563,0.0797073223861701,0.0577650946023266,0.292079015160659,0.58264495089259,-0.280251222,-0.391066152,-0.282848273,-0.252311867,5.17265275508541,0.12225342967774,0.0525953794658542,0.0550956462184817,0.180075399769642,0.620599055158867,-0.326226868,-0.261938073,-0.238812542,-0.313999325,5.69420981624742
0.15245713464662,0.069472683842312,0.0972883270063926,0.262319953649008,0.694996406545235,-0.308996136,-0.341261386,-0.239058405,-0.309445865,5.61356292962079,0.172034683508827,0.0751875379201094,0.0615750335222032,0.269335364561507,0.514637395960145,-0.252364101,-0.257316041,-0.219498222,-0.082082346,4.55315551717136
0.126291790382787,0.0590323747065856,0.0810533299993846,0.215055657717381,0.589676908051901,0.0235585981554021,-0.127321275,-0.202047466,-0.497133395,5.05422834710328,0.122585219139122,0.0529908130620569,0.0423467683855155,0.233012789728823,0.568373576647434,0.0322773181416181,-0.132466419,-0.139939997,-0.745404349,5.32595966511366
0.173482300361657,0.066804526764394,0.0860808236731395,0.322334551423206,0.445614210097152,-0.185217827,-0.219364914,-0.155858069,-0.651467114,4.42613731208423,0.141340895976056,0.0622044562642566,0.0606581149075697,0.259374005148888,0.48623347648197,-0.245735389,-0.211619183,-0.286053642,-0.216385935,4.4253614531649
0.117726229502166,0.0658489607145821,0.0722703873888235,0.20140688399999,0.74680619164795,-0.056033964,-0.243923862,-0.166947729,-0.298785505,5.3397903441701,0.146381929739874,0.0622327460340069,0.0657772868972966,0.239507392925207,0.519943174607425,-0.071917789,-0.081820208,-0.228695904,-0.357490212,4.54350323657413
0.222675947821348,0.0807137943503264,0.101017206635687,0.304312557208971,0.521090313711461,-0.267804617,-0.175030821,-0.342569093,-0.201810975,4.080531301,0.129481432279038,0.0504905154367762,0.0648525553189883,0.235920384965994,0.499275013615719,0.134958708958968,-0.163813979,-0.162014331,-0.727966194,4.53679830664523
0.262699986012825,0.153822448680078,0.0755473951869443,0.404177520154847,0.971006832303016,-0.684836911,-0.456315795,-0.423486815,0.299599902038826,6.51141714602524,0.121608606427929,0.0585524587305783,0.0455125791561001,0.215690266401221,0.553107438880917,-0.087598351,-0.202308732,-0.15729467,-0.618562061,4.99589190049154
0.153649623683652,0.0814618980548901,0.0790837919943489,0.253359136594245,0.687537136171591,-0.286324687,-0.264944818,-0.228119165,-0.505714346,5.93350657526222,0.174739869061387,0.0621906935895986,0.0845659837561889,0.292925971661355,0.475660766433614,-0.075303008,-0.159456141,-0.086448463,-0.629626596,4.53648181422841
0.142702243020045,0.0752791897660931,0.080411210697429,0.256352600453918,0.667833242458497,-0.208145457,-0.208275401,-0.274141617,-0.580954089,6.29730241246515,0.154561214240137,0.0589892280087783,0.0631815377399634,0.232646079217722,0.538240100869424,-0.240848532,-0.233930408,-0.240304475,-0.230255226,4.8983146582954
0.136192042587712,0.0673690334716521,0.0801526834315525,0.232575861416328,0.606568652943925,-0.152363881,-0.244844045,-0.292603008,-0.179441881,4.71627416469686,0.133141003707501,0.068463736201513,0.0552083768372776,0.226604031025597,0.54973884240129,0.122609650413863,-0.203073747,-0.10851793,-0.837003432,4.60379219775153
0.196353748692057,0.0851665263243139,0.0830041263553017,0.333520717193329,0.537839545497897,-0.327885457,-0.27738882,-0.209013317,-0.290815382,4.33996332934211,0.116918981259773,0.0598164411154796,0.0460870765173056,0.263999312319108,0.502576405571695,-0.021181638,-0.241351066,-0.04532398,-0.755617002,4.62009518716626
0.162857966484861,0.0839643755643877,0.0932708981939225,0.31017557578947,0.734447266321655,-0.507769116,-0.207727569,-0.34283333,-0.471071604,6.77751526547695,0.157229703980724,0.0622593969879864,0.0554629098553345,0.254113744887859,0.572561459224655,-0.246389781,-0.234267018,-0.153707791,-0.408286186,4.95426811858532
0.203067202281066,0.15493693350273,0.080034034450721,0.294782230053378,0.662351420827936,-0.289790868,-0.340595954,-0.251243699,-0.193317278,5.12266429570435,0.125832704060228,0.0541758134887057,0.057727773174365,0.214736493982887,0.559476603802646,-0.048036337,-0.099142204,-0.242423016,-0.693101589,4.48533735591522
0.186098384471841,0.104343018620331,0.0798924303342579,0.281704247636951,0.590880838031091,-0.554458828,-0.420926507,-0.193926191,0.112565475151346,5.33917869782738,0.12755044481392,0.0480326728463843,0.0628712273905659,0.220952417574202,0.486379928519633,-0.038533894,-0.134213285,-0.161940611,-0.48630074,4.90486546494903
0.214882433928103,0.110403083445037,0.0957359354098525,0.334041232959985,0.673222065043543,-0.342257561,-0.264466576,-0.233188898,-0.717045329,5.46911011269359,0.135623478015661,0.0684131916846585,0.0730169471221303,0.250919244448458,0.645600446507655,-0.132059771,-0.114870562,-0.258539959,-0.481035436,4.85802798080845
0.154286375704447,0.0718172640989671,0.0941678450309621,0.284797984745577,0.505478936200037,-0.319746474,-0.27031396,-0.246777834,-0.167450153,4.63332164867489,0.143900602751672,0.0534035887298594,0.0516368230055946,0.235949076436951,0.543326490229501,-0.203701089,-0.176668493,-0.230762897,-0.412809882,5.05986908834511
0.142398696274089,0.071252120668481,0.0732364866722967,0.277876650776541,0.832976268382734,-0.336923637,-0.262825046,-0.252109172,-0.473051995,6.70087200251546,0.159090668291218,0.0684683551889327,0.0811016226858392,0.262348121668195,0.533692093749607,-0.442360298,-0.28028773,-0.300175779,-0.010049642,5.34673851602695
0.181525767179236,0.109303444567013,0.081180202717977,0.27683764867947,0.543042115482062,-0.147444103,-0.341662503,-0.127000116,-0.314497283,4.31692780738634,0.112336842963951,0.0485558200146244,0.0616384785284432,0.202055924141588,0.588682058783312,0.00519849734686519,-0.160190665,-0.133965628,-0.514592628,4.68075791231526
0.201640277091833,0.11444599363067,0.0988600539247887,0.332925874883684,0.487231815169613,-0.372000339,-0.333169031,-0.329594625,-0.051395709,3.99988815936706,0.124480301887603,0.054943454197532,0.0524185872855187,0.197928528694954,0.644531506517017,-0.228263243,-0.230380491,-0.188730026,-0.302491959,6.16001381366991
0.185036322199682,0.085275407678732,0.12135411838227,0.302223631110756,0.677128183612331,-0.477970495,-0.332251742,-0.226015995,-0.187051197,5.23879723655791,0.116849845073764,0.0625176195566764,0.0555267590816022,0.19779959123413,0.699405010017653,-0.320827589,-0.206744652,-0.282992226,-0.530002269,6.35261420144753
0.159857623271742,0.076254286141137,0.0649908115657911,0.272494226778148,0.662091125800291,-0.401346164,-0.351694833,-0.218286901,-0.178396633,5.33173097772555,0.141197355656497,0.0566755415763833,0.0550603560553126,0.217237246709458,0.602083218541033,-0.22544638,-0.175091166,-0.309191423,-0.38685224,4.72769582695391
0.131356952303889,0.0730553623989269,0.0692380455556629,0.205963378480624,0.559473509429761,-0.015178069,-0.082587791,-0.216167127,-0.536358747,4.97155649801715,0.131088910343757,0.0647807088855891,0.0438509963672684,0.250035424915962,0.656395921375042,-0.26830701,-0.229186085,-0.237629368,-0.517055378,5.2509669993173
0.151115732741835,0.0491501265595212,0.0833021034181405,0.275674755763442,0.517932121558053,0.039569772844674,-0.128388003,-0.197301733,-0.955202607,4.69120160260621,0.13199339876904,0.0526380940844655,0.0632289084919349,0.218618049901482,0.613266183780305,-0.062233449,-0.177360073,-0.133795428,-0.663334506,5.92637904717421
0.17499340038554,0.0660056302931906,0.0792348497067262,0.33221545024458,0.661626122929742,-0.202942874,-0.269862105,-0.121781036,-0.393494987,5.89513246374072,0.122162549499201,0.065859324203165,0.0512723634545,0.219326097303491,0.589288757453975,-0.086570984,-0.116905718,-0.29943894,-0.656106076,4.54401299910605
0.139588350032083,0.0701510202268927,0.0689825189418603,0.238084185918345,0.544713585538427,-0.21277378,-0.321205747,-0.258440682,-0.326364413,4.76136991321631,0.125009379901904,0.052270451705433,0.0560772611515767,0.230594700703411,0.502276435791278,-0.045559197,-0.161772369,-0.168265972,-0.798689357,5.45217085833557
0.150118970181776,0.0814587667511685,0.0770112374125542,0.234529210558589,0.540976478356918,-0.367803326,-0.326367125,-0.263251922,0.0440894112932226,4.88717595349208,0.144573616640507,0.050522914413557,0.0661386549384202,0.263779475738017,0.508671663864231,-0.076106818,-0.179049148,-0.143205078,-0.348398825,4.51000811703883
0.140100427341635,0.0613715788460054,0.0670193151741861,0.258549903017537,0.515492085196032,0.0848306515370041,-0.221529108,-0.106770304,-0.66077927,4.61490678278452,0.178958683816644,0.0650010702299554,0.0757246609552896,0.25249956032325,0.557862954099673,-0.395811282,-0.147332096,-0.325912082,-0.368540999,4.93394296574706
0.162537991931159,0.0934196858356305,0.0728164626880663,0.239327611503059,0.683795270941653,-0.300332761,-0.177124567,-0.248219994,-0.326660145,5.17680036601141,0.113065173505543,0.0530834821824364,0.0521812581994996,0.187053236038329,0.5943567322306,-0.177155739,-0.160082899,-0.145367621,-0.486780096,5.17557685632627
0.130775504164808,0.085766735876543,0.0695166325597358,0.19616217289812,0.710623295908426,-0.261082448,-0.241438214,-0.28779768,-0.492352114,5.84483383129339,0.117257204814773,0.0666763193356488,0.0492444840824686,0.187576504419544,0.664584802586283,-0.180456886,-0.219008113,-0.205143969,-0.132873086,5.69396250971754
0.179008618494183,0.0966057900161138,0.0692505410250528,0.27672452291448,0.616044354280636,-0.4861244,-0.381321621,-0.312055073,0.3475237196193,5.02875831791055,0.128890570805237,0.0669434859832669,0.0597564831992883,0.232421317088533,0.572524546993828,-0.189688022,-0.24152931,-0.200527659,-0.541512662,5.02927686054177
0.161567459886935,0.083682761376778,0.0778295217380624,0.23667507216918,0.750697759269596,-0.317338176,-0.362976082,-0.266540615,-0.210702773,5.08148383520244,0.158910706042812,0.0609692817242809,0.0855067291943156,0.282350423390115,0.628999805272987,-0.254737962,-0.118908595,-0.295459421,-0.058271019,4.26094819128276
0.213985740161412,0.112340097446281,0.103017432866608,0.364848160197497,0.581085395994725,-0.150915651,-0.255149774,-0.19664181,-0.566083315,4.95232498458052,0.111702061790508,0.0492121448680687,0.0532611778105944,0.218798270784453,0.692687182248112,-0.095300793,-0.15875067,-0.198585652,-0.611618338,5.9272434499406
0.154164800558749,0.076844224475765,0.107706684015165,0.287039538999896,0.614791704658849,-0.331851202,-0.212816591,-0.336831434,-0.877166759,5.39995051352583,0.121557649178306,0.0600060912553115,0.0499793574065598,0.208522796338987,0.697510458746227,-0.176016709,-0.235024016,-0.200649408,-0.390143872,6.06164457328331
0.181200242270465,0.0874136490973492,0.074742797687971,0.293165757818873,0.737283716261015,-0.261428321,-0.309854578,-0.202286367,-0.246000675,5.90137383320919,0.119786573947172,0.050050684225012,0.0489411534494979,0.195652165562714,0.555785286097313,-0.061690218,-0.226992445,-0.110314235,-0.414866084,4.63816854780042
0.185770430071941,0.0906107678683257,0.105028166758277,0.264366538881756,0.490886354008945,-0.147291868,-0.162664038,-0.316851577,-0.330110129,4.53261505288953,0.129947343658179,0.0539364031891655,0.0539685104065377,0.227441355159583,0.424441243226287,0.0802251130395372,-0.271536174,-0.132380396,-0.368710124,3.75407353656478
0.125806850453977,0.0553832339037005,0.076389161959331,0.209303021597856,0.674328584158786,-0.051200159,-0.209754261,-0.217011884,-0.546925185,5.15747050649861,0.132646471843137,0.0513389256592837,0.0508091138902802,0.240143672766362,0.517067428296891,-0.053166929,-0.157052542,-0.183277304,-0.547296215,4.49697394148553
0.176771903155634,0.0752063480375668,0.0701558169321901,0.285544832580449,0.649267302962199,-0.336912155,-0.322423185,-0.260189928,-0.101325708,5.50998022294506,0.128133620950443,0.0584121856208059,0.0550211795959776,0.185560837593639,0.4931143810631,-0.190577202,-0.257434988,-0.20248113,-0.104541762,4.89914873861146
0.14240469208279,0.061588177840884,0.0732607157794024,0.248498003551864,0.533874607558122,0.0768369953256382,-0.134475626,-0.157965793,-0.589271318,5.30815167567183,0.131483712118828,0.0703685115218131,0.0583711047353471,0.213623660300925,0.583582135217107,-0.268965485,-0.278282138,-0.212670864,-0.242636029,5.11645312012465
0.117691183474074,0.0647144602385567,0.059623212295307,0.212528288009973,0.654762852771238,-0.347766539,-0.207881688,-0.271878443,-0.366585026,5.69158375767353,0.151013292026662,0.062420782428199,0.0516879206048704,0.21594102716198,0.566339552335633,-0.309641844,-0.214802225,-0.198753197,-0.180642858,4.56627431292173
0.140627963905857,0.0748989956541302,0.0844511585945552,0.280255580612785,0.738860903820604,-0.271583003,-0.30395409,-0.136542371,-0.462152026,6.00838600502531,0.147208933603037,0.0537035667836445,0.0723189675650913,0.245580511095135,0.511245581539748,-0.263570721,-0.306788112,-0.227707293,-0.1373298,4.48932434380077
0.160283647893184,0.0755664451434937,0.0767085919044915,0.237477208824075,0.576564940642035,-0.267177968,-0.293573309,-0.188097595,-0.062920516,4.9796903847101,0.127171346774932,0.0618274312866029,0.068554666366319,0.255455444559152,0.578467962457471,-0.078562402,-0.137057892,-0.139004442,-0.623208878,5.1907051892643
0.149696979894109,0.06847386624244,0.0817185926513739,0.238569690264799,0.646615859481618,-0.216299968,-0.183933894,-0.196029404,-0.250015988,4.73505119567402,0.164151172067632,0.070657190921834,0.0607546460510693,0.250754281093887,0.628328385222059,-0.314734892,-0.175240528,-0.194302978,-0.219484989,4.7281037336425
0.128272792053588,0.0754449558549216,0.0655747894209992,0.251271658509188,0.651670280910734,-0.209348181,-0.213455826,-0.218335721,-0.36264499,5.81849705500171,0.141536130308727,0.0676303750583538,0.0507895321148906,0.207224792150739,0.497691003873322,-0.44561359,-0.321269695,-0.293196996,0.0363254537066199,4.88624574608601
0.159372152928922,0.0859884296684626,0.0662990733827317,0.232038320879978,0.629011966885946,-0.171555942,-0.282872559,-0.210203775,-0.304354514,4.62749233739863,0.109638405787144,0.0529024474066254,0.0608036312859573,0.245857313605139,0.519048342065317,0.00853841942542592,-0.108860727,-0.160614508,-0.904624407,4.76715310359412
0.149794129779983,0.0764144306108548,0.0513124559303876,0.236763073831476,0.559632737681728,-0.052504185,-0.222344931,-0.152898517,-0.766415527,4.78871847175627,0.121433118828018,0.0564721183055274,0.0539337531704164,0.20078867842125,0.595413908337186,-0.268416245,-0.216089867,-0.271541422,-0.252482178,5.4935293959071
0.154913576412767,0.0858929610673557,0.0642573646644301,0.243388209571942,0.490705133890775,-0.262023807,-0.296013033,-0.161415252,-0.154711248,4.23838982515138,0.132236498794577,0.0552917221367468,0.0674059639398722,0.231761867455991,0.523270874576299,-0.103802275,-0.092884975,-0.25695176,-0.514859747,5.15578437214427
0.140363257232798,0.0560024955027162,0.0653861816025999,0.234951055785684,0.47502891933553,-0.18262183,-0.196750028,-0.30855034,-0.257470609,4.3998063562851,0.124038571777926,0.0655466960847061,0.0600442239697214,0.227269438912744,0.530935883727342,-0.113416301,-0.216868838,-0.209689528,-0.447314029,4.8454897870584
0.224272728716243,0.0806700780147904,0.129191074850767,0.282240416931876,0.746222592292419,-0.51465027,-0.309700465,-0.399636939,0.141710751220967,5.69205539748918,0.171729373396233,0.0700466901089457,0.0721016686645638,0.273481862072775,0.523373777006362,-0.186166228,-0.206486525,-0.245519322,-0.316322842,4.6695741667731
0.164356838190209,0.0879244210891177,0.0821265105109319,0.272589318894409,0.543982174021224,-0.297624577,-0.230062183,-0.385259662,-0.138049181,5.17038770288836,0.136197373052765,0.0628377866978332,0.0688271109208124,0.224341257934995,0.479314596642946,-0.236609406,-0.231438522,-0.234680144,-0.299723812,4.61419588454898
0.155197793238685,0.0641459456099268,0.10026697011713,0.30039219276266,0.649489655431032,0.0212434314540462,-0.200055956,-0.156492747,-0.635341855,5.4981695925956,0.132636404223477,0.0561984611429134,0.0550888695511184,0.239571082499643,0.723117295554904,-0.201983199,-0.165567161,-0.206858034,-0.732760981,6.03998895817984
0.175479414554645,0.0829646438308075,0.0780897864344315,0.247421227539802,0.537306310328349,-0.390043221,-0.307379952,-0.28766622,-0.04574292,4.77352748967774,0.111281692879615,0.0518758556213128,0.0544801272303669,0.21097821820875,0.700280326320179,-0.115628398,-0.103140459,-0.242815436,-0.637160261,5.95173659875543
0.137245375216553,0.0798278529593512,0.0644510344303495,0.283164945058951,0.578807156067255,0.0535492434870627,-0.152641814,-0.190808523,-0.854250259,5.44968640641371,0.131982519512382,0.054395139070093,0.050183899669615,0.189662505657221,0.663624363647568,-0.214932927,-0.176356859,-0.265252786,-0.202392013,5.53576153544099
0.182503994648682,0.105097784544113,0.0854055625219225,0.284546434367754,0.599434046682512,-0.456699129,-0.255999029,-0.355229075,-0.006529252,4.95412046722809,0.140920876571777,0.0584771754426799,0.0643018142700173,0.223180358293936,0.49153225683932,-0.073712191,-0.133428861,-0.265422283,-0.291670078,4.45043884490815
0.14891582669066,0.0612525916049052,0.0738822294453739,0.311415077876215,0.637845156084109,-0.185148286,-0.187630985,-0.278707005,-0.534863011,6.38574183141156,0.100360737734792,0.045482016263046,0.0559481950312323,0.180053485903619,0.604004103450996,-0.037652519,-0.198933461,-0.12619548,-0.617744515,5.86124653178212
0.169902546805643,0.0696750057159844,0.0774957846187923,0.24894117388534,0.739906944517229,-0.27657949,-0.331928212,-0.312929386,0.0106030760955094,5.53468138922447,0.112500908235458,0.0479196390006188,0.0476269831761942,0.275342176756474,0.626834673454441,-0.270341861,-0.243458588,-0.195613038,-0.684707391,6.11409872077332
0.161291300270509,0.0749106642237155,0.0622802912500421,0.25693791034859,0.657386802336943,-0.63469014,-0.427787486,-0.290638462,0.190886248003883,6.04055041120969,0.15121003452906,0.0751059846122254,0.0566327458972798,0.283015480683359,0.503569749342387,-0.051816223,-0.17592102,-0.219161731,-0.812666747,4.62882428029528
0.163695021870407,0.0784184490374126,0.0605255421021781,0.276705444069848,0.703973632606461,-0.281031014,-0.305087964,-0.236968447,-0.362916246,5.95349415788554,0.112864576650967,0.0540409916861437,0.0617910996284985,0.241565595403979,0.517134602239314,0.0785744931668979,-0.100698255,-0.170011961,-0.477494997,4.3525756695397
0.140368135237703,0.0794182807468014,0.0885356097085882,0.259212285235578,0.568101171753087,-0.140280072,-0.174508644,-0.275735769,-0.633370258,4.71046895446454,0.149134920339088,0.0557296268951758,0.0583573362342236,0.242381726005753,0.644984924712044,-0.374612928,-0.221702241,-0.264102648,-0.304625884,6.29806592681619
0.238522314974277,0.121087284783975,0.0695872228656486,0.297576755763749,0.749505970987412,-0.683711376,-0.516774523,-0.398120996,0.205111755252279,5.40899228679791,0.147210687113234,0.0691979856487698,0.0743046944174255,0.306542593558194,0.654237482282262,-0.190536928,-0.173370568,-0.156715251,-0.646132716,5.21272169067772
0.160018794765884,0.0771748452256882,0.0623060323186966,0.277090246268215,0.742190871990085,-0.360854132,-0.219223523,-0.317185405,0.0235851135608881,6.22813923932254,0.126934715063223,0.0585855067463006,0.0479798536832264,0.261146618994819,0.551806071549722,0.0543932540018082,-0.128899537,-0.186177708,-0.626637733,4.88644981102768
0.179026092883408,0.107446166590974,0.0770990856782386,0.271848226457977,0.568076159664147,-0.335022727,-0.31207595,-0.289388326,-0.261160996,4.80637822045363,0.126555987889423,0.0625508805473472,0.0519350056703374,0.241775104496998,0.687436872708087,0.0469009228569214,-0.238171479,-0.139603529,-0.584218734,5.39592980783566
0.194803488110177,0.0723358641911151,0.0802371714512317,0.241820557499906,0.784065971415409,-0.426014913,-0.293735057,-0.32594352,0.089211095309575,5.72005808365422,0.157506141408679,0.0556217406346155,0.0584807515060819,0.239789138393655,0.526589017463683,-0.397762161,-0.281817243,-0.277881671,0.0195800527023555,4.77071826578598
0.177319753939612,0.104926808446792,0.0760048786186616,0.274072842152229,0.572275144771423,-0.11580935,-0.22464161,-0.138022579,-0.613011714,4.37108339045732,0.135058679888253,0.0613552894310966,0.0494797277652351,0.258049318414819,0.610116541848295,-0.144556336,-0.160832517,-0.148016483,-0.697053988,5.29373501334839
0.197917305981847,0.084264073917426,0.10160373094087,0.286279472032058,0.882130150718916,-0.690205796,-0.374501716,-0.413245132,0.2245037882169,6.26209250605173,0.127497088035892,0.0488029565465757,0.056981644447541,0.242820667801274,0.624590616826706,-0.057025015,-0.167869837,-0.232796581,-0.794909869,5.97776069160643
0.176487374224852,0.086880672456024,0.0861979059317532,0.288671706573113,0.680478325383365,-0.300360361,-0.257293994,-0.256836903,-0.088400027,5.53976600254074,0.152906880201554,0.0677933019934102,0.073205836469657,0.237527595586902,0.614986068935797,-0.297955314,-0.263162482,-0.298742415,-0.362383571,5.53266248926669
0.138438903270028,0.0821206111493609,0.0792013539154237,0.22937227871491,0.737681507492371,-0.211455428,-0.183730917,-0.147742591,-0.615920592,5.64624177808412,0.15096371089208,0.0603266570320768,0.0661040457225195,0.246305329622096,0.745415793450962,-0.269681101,-0.184730779,-0.198865018,-0.271669676,5.37545535504061
0.156836373996749,0.0566143745704167,0.0743920846834062,0.273535551148868,0.635960698947392,-0.105563264,-0.216102112,-0.210685012,-0.344997996,5.20927735244633,0.124720611276597,0.0680306080736815,0.0512137516530117,0.211904180345643,0.677199021898528,-0.19072869,-0.18492111,-0.194512331,-0.408890812,5.71073817661973
0.336824769768221,0.145172739013076,0.152008483479599,0.467601696897434,0.707520154130048,-0.846567054,-0.369928214,-0.53602727,0.545617863544479,5.17037192721631,0.146026955610328,0.0530177978998651,0.0616435864090611,0.261431573559026,0.662722259139212,-0.040514404,-0.177297213,-0.13702844,-0.596272836,5.33935433074619
0.12850378930551,0.0742239178057887,0.0819974807492495,0.199637843284873,0.651852816939503,-0.048932039,-0.186260735,-0.181299733,-0.456276735,5.11466273685108,0.124918769212784,0.0566587005265038,0.055949738869863,0.217842416641575,0.569557503260396,-0.082507925,-0.187951295,-0.163786398,-0.598602944,5.04472140698251
0.193962031373274,0.0782653711726967,0.101115772848216,0.296703753384109,0.624812118222088,-0.270839891,-0.187168427,-0.270900121,-0.277280593,5.14436132339838,0.13231405597133,0.0563035784775771,0.0540333907159103,0.20940089256388,0.619163611107685,-0.056183998,-0.079342104,-0.149886707,-0.657502747,5.20945079378375
0.140945735131998,0.0624429663494649,0.0800464645793533,0.224770391208997,0.614355011067151,-0.187571979,-0.233028771,-0.259772323,0.0414201785761626,5.51824385651113,0.165549089360576,0.0581093301168826,0.0616292414219264,0.230275703844787,0.515172387834851,-0.501945053,-0.277474269,-0.355998108,0.112563977613854,4.60701155735987
0.12935256176363,0.0627477596447105,0.0618513401467089,0.227347389137507,0.611427314538692,-0.093216272,-0.254298848,-0.201234785,-0.29917616,5.77121237461343,0.180998077633099,0.0774148523737877,0.0599124913613596,0.260807816001904,0.52899162970932,-0.355417331,-0.199162913,-0.257542135,-0.179476116,4.27689781303963
0.181811285857167,0.0786256173411231,0.0819051139729407,0.293385397888519,0.816975327787031,-0.4454874,-0.387221166,-0.264965193,0.174828666921489,6.07946535419792,0.131923646988426,0.0516131624834956,0.046864071597959,0.232577248596963,0.606710616407896,-0.132995231,-0.112723724,-0.237941376,-0.563627146,5.30839565346592
0.156333889360762,0.0656161620007254,0.0787333395336066,0.262933998341156,0.627158183831827,-0.2757263,-0.291555921,-0.167807932,-0.401739519,5.43245925029622,0.126013773109539,0.0598689122047013,0.0710909270233768,0.237235027897208,0.515263473575869,0.00204194169294691,-0.083888182,-0.101558221,-0.630925905,4.25541152195887
0.182298343581118,0.0976426032215152,0.0738632544043794,0.259618341965855,0.655052970845133,-0.287865573,-0.206348632,-0.239596812,-0.353116613,5.76845204603269,0.137881417178717,0.0587385698911057,0.061962045590822,0.255377599388151,0.528009518529655,0.0141317664490921,-0.138552667,-0.114459584,-0.687901618,4.79236845972475
0.160636162232537,0.0900327065538579,0.0929841060237015,0.25711141125562,0.753022217222839,-0.487680722,-0.298413049,-0.291464412,-0.20257908,6.11942069328129,0.115988012464145,0.0522115548966225,0.0643326454392005,0.208923178861185,0.600755797068161,-0.113681929,-0.206609914,-0.24023814,-0.278518426,4.82811209970024
0.180034951053394,0.0760392630339349,0.0954689816977945,0.251852200745441,0.67392363722435,-0.296739235,-0.309299032,-0.329863313,-0.46276517,5.2358769217161,0.132147627759951,0.0815341974251444,0.0575732938721734,0.211411701327703,0.656008162213883,0.0183806751438,-0.128009574,-0.149108586,-0.520217102,4.91400902213942
0.189963438785173,0.0612268647755242,0.08527595769779,0.264520118995256,0.858915716851706,-0.569978949,-0.333060483,-0.370584814,0.0553444491786881,6.36335991773117,0.138867081204275,0.0643675337852853,0.0526394376064852,0.228401700199439,0.510537739001824,-0.131409472,-0.331277878,-0.161017604,-0.243706169,4.5134045165582
0.201018891641393,0.0824428956411866,0.0825238427094991,0.270211080149187,0.49278765951796,-0.295207323,-0.325818048,-0.262273028,-0.119543461,4.14686824937604,0.122625774862581,0.0593286196208959,0.0671565877805374,0.194049707468599,0.561956510026694,-0.122914798,-0.234588644,-0.158008256,-0.630142672,5.08068050497598
0.167878819205254,0.0875115548605527,0.0754742768231177,0.275855742924276,0.562384400102816,-0.200199476,-0.236615396,-0.219788247,-0.195810001,4.46874660083442,0.113753819603685,0.0513373003249299,0.0515778444178638,0.245563365803258,0.711564623375732,-0.128919295,-0.213300332,-0.220550502,-0.781988969,5.62943647429425
0.178584145432268,0.0888324961114686,0.0672242132518716,0.27828017716484,0.484525076872886,-0.123571115,-0.188332734,-0.196808219,-0.746931914,4.48588673384911,0.111759976907106,0.054084037152298,0.0599762817708052,0.225235601429659,0.478407652284258,0.0857966777933501,-0.114224332,-0.100958004,-0.678005671,4.6510025268137
0.149284153492081,0.0617078690102028,0.0796042054899743,0.276911258706787,0.610701131385269,0.0445806222636597,-0.160014258,-0.100521686,-0.705677356,4.96095062190747,0.13927309235106,0.0596385393665763,0.072307494492471,0.250706356655442,0.503248488046653,-0.237541052,-0.263971817,-0.193449086,-0.412640526,4.47549394181628
0.137865342434697,0.0709829940603958,0.0655865584329451,0.248575668315577,0.851529055673763,-0.085636059,-0.173113242,-0.085930694,-0.816655372,5.53537664207144,0.133856076823293,0.0576363331962853,0.0661724613180194,0.23386916559396,0.581146412667543,-0.099121179,-0.117237578,-0.258613336,-0.421992878,4.83045008161323
0.11699999914157,0.05120636180402,0.0603585691922392,0.214298258169298,0.636097972664042,-0.163179662,-0.178017012,-0.277408638,-0.306597881,5.46471766782867,0.137127521787117,0.0590736123153673,0.0485910936081495,0.230568316828039,0.610454028968194,-0.366337329,-0.258336292,-0.23803516,-0.250206153,5.70055692530245
0.127533624719989,0.0608935516343219,0.064860890478773,0.227410094888845,0.594744523083189,0.0211507348022909,-0.088547479,-0.234632612,-0.64361044,5.56423270932771,0.138947058966152,0.0574587022806875,0.0701991140469755,0.207849813669228,0.498522128438492,-0.07740343,-0.095616311,-0.231573268,-0.451284118,4.46377527825373
0.149543870109105,0.0938100815913965,0.0722663884833309,0.255126550062258,0.490154330928757,-0.377650711,-0.314371522,-0.264101269,-0.155387314,5.31440575339767,0.133337351835836,0.0553022556215571,0.0532000157891722,0.208167665192451,0.5178670811576,-0.01609223,-0.15477494,-0.256347849,-0.497500455,4.43169584591586
0.140805963931234,0.0797570951302193,0.0543120096584025,0.238775658766071,0.544067262291736,-0.135438066,-0.268313974,-0.172716206,-0.419498101,4.93688088132792,0.128151236217667,0.0568038608055664,0.051019938620222,0.241526533487303,0.617797872500205,-0.246387182,-0.258760228,-0.239847927,-0.410958315,5.26964338172156
0.147574068299591,0.0803043214258482,0.0769638307324439,0.21946798191771,0.484344938568348,-0.354162571,-0.292383526,-0.297484393,0.0463436185431972,4.37602633635934,0.115328483401937,0.0594514748881635,0.0617131823948334,0.181639216721672,0.60745165181294,0.108862525156475,-0.144178708,-0.148967958,-0.613511478,4.37686909307293
0.16605816948475,0.0674454242128514,0.0874260805175706,0.302875216485678,0.737202996683129,-0.28230814,-0.129422171,-0.299349224,-0.570028521,6.1369136150462,0.175177691123055,0.0741965493377905,0.0748216279017618,0.24687534098057,0.588542975305649,-0.405036255,-0.355321556,-0.225306053,-0.12405752,4.23963851236569
0.218631774205334,0.0884464883526455,0.0913946831624851,0.330390552165476,0.535510707901547,-0.296354274,-0.232069664,-0.273191748,-0.190791503,5.11595950849669,0.141508602961067,0.0729624490785071,0.0714707161992532,0.226476890563616,0.52262821806316,-0.221276548,-0.207580068,-0.18729819,-0.369774282,4.76674198532835
0.171157467645196,0.0967499826465362,0.0799161974476324,0.316694736820109,0.637174244490156,-0.288813569,-0.279564252,-0.196310727,-0.242807243,5.88578240357915,0.157732278739573,0.0760660049975793,0.0563429648136451,0.291122852258864,0.609058044070113,-0.113120064,-0.242454783,-0.129934992,-0.524454338,4.63225212841099
0.177916033164197,0.07374470167538,0.0955372072524756,0.346572553899345,0.619223829526423,-0.145491472,-0.240566837,-0.168002439,-0.661062149,4.80074358895941,0.126237108034249,0.0490479748154704,0.0559159594520501,0.20947289733613,0.524828162188918,-0.237973303,-0.24221708,-0.214400375,-0.322979413,5.02970905877023
0.142694735054253,0.0900555879324258,0.0628797091388032,0.246974045006497,0.659027687038229,-0.360842875,-0.256730682,-0.2546207,-0.58518845,6.50986889701271,0.143325740008936,0.0539356937673272,0.0556588275981856,0.218091377084521,0.579824137877681,-0.377511007,-0.360676819,-0.298048082,-0.159153308,5.79905062335991
0.166538461667022,0.0855863012530933,0.0802850077136585,0.275723750340606,0.683182100408386,-0.385091359,-0.313612929,-0.307103033,-0.227136453,5.36844354177764,0.128231112856581,0.056114136184076,0.0593685721356281,0.20531153137805,0.71749032706817,-0.152484258,-0.183941263,-0.232954074,-0.559993195,5.46153831884632
0.145948605555717,0.0704258221935311,0.072300189435855,0.235783106453211,0.57992502208159,-0.094944788,-0.230979148,-0.275750904,-0.541104307,5.05441073233795,0.130512742322359,0.0579867819694701,0.0618848101079486,0.204062427097363,0.687729137333918,-0.3424469,-0.210134764,-0.265135635,-0.432975319,5.81712092695263
0.183417592381086,0.0711328777098517,0.0977693655458855,0.327283423560668,0.652574548523324,-0.332231769,-0.302393113,-0.204353354,-0.421655776,5.42011370952146,0.107075025456872,0.0444535352350596,0.052824745785603,0.231237455759313,0.470198587598885,-0.226373593,-0.235871117,-0.286509126,-0.426424031,5.0709091255444
0.195327084888479,0.079017624574979,0.078504053540321,0.289955117,0.665387118284696,-0.467087675,-0.496959525,-0.186375021,0.27419928391072,5.01116139439114,0.142340294612005,0.0607635890383344,0.0633808570440493,0.253847891631133,0.493379781151656,-0.218497251,-0.153023331,-0.257970541,-0.403608188,4.42211183430156
0.184110389035378,0.0770721934601873,0.0841898733784144,0.317219584067189,0.698643660543727,-0.087415704,-0.1997245,-0.258842799,-0.809261339,5.45474170919941,0.134664110289585,0.0576686934217355,0.0532359010851217,0.212426791470132,0.613212859626163,-0.223571472,-0.299003496,-0.173784197,-0.275349542,5.44019079095484
0.145822110282963,0.0511048091088025,0.0687318148517076,0.203881928631945,0.75858299476969,0.0290395704889796,-0.132635926,-0.177683537,-0.584611887,4.79273550615502,0.13008365761767,0.0602760271345529,0.0652790759679328,0.219046324715799,0.634516578850176,-0.137637698,-0.229257923,-0.145129937,-0.432647353,5.29404916342413
0.186045891061874,0.065374579137894,0.0796651592458436,0.318120986686348,0.677344507600816,-0.503241038,-0.360625874,-0.371459815,0.0420100910402932,5.68838298539494,0.129217144646785,0.0583066858803418,0.0641681478172491,0.216579537027617,0.589775404104131,-0.126052299,-0.186419255,-0.197597416,-0.593766025,5.088846511
0.144287734581048,0.0910442623623246,0.0683420881667846,0.32720589876579,0.545320097940671,-0.236322555,-0.195066797,-0.275541344,-0.362284191,4.99253393571716,0.151294180845915,0.0927107891896017,0.070034902992664,0.250521932930083,0.547172321644013,-0.276260793,-0.34198012,-0.066416265,-0.371040949,4.70834791974221
0.14593000177606,0.087297500464971,0.0718184227849938,0.227942012221758,0.805078461018811,-0.270512089,-0.138536487,-0.31092966,-0.2684037,6.67840728042589,0.160374535367719,0.0877283102984157,0.0565367828564967,0.275685728020177,0.506794682533183,0.0971903690524185,-0.211556274,-0.095198229,-0.728041037,3.89584153058026
0.135388944661666,0.07743343575206,0.0826450628135151,0.252655938420484,0.606320350922904,-0.141495806,-0.107134413,-0.296126004,-0.582373986,5.66805569121851,0.133951107856339,0.052515888801214,0.0737548936764714,0.213254726237281,0.618550963472043,-0.212412615,-0.274054198,-0.251123538,-0.164224407,5.00843784146655
0.155437746395559,0.0717564838993337,0.0478426512559934,0.226658387730926,0.746388058463039,-0.39742581,-0.337501412,-0.299368637,-0.012466421,5.61158420143517,0.149270963699777,0.060715741925092,0.059611394884455,0.228962131280559,0.593311182633352,-0.031643103,-0.112725291,-0.187084251,-0.563648423,5.23672088167987
0.123287313027417,0.0847016124294425,0.0594256366884098,0.290070701460934,0.640149877888615,-0.140866804,-0.239163234,-0.143294931,-0.803424638,5.64218581217345,0.129120049416985,0.0522282195605168,0.055722663236683,0.226462020162659,0.465956033294448,-0.171813339,-0.27844247,-0.134469534,-0.254262525,4.63869680300734
0.155951561099711,0.0796554050937119,0.0856312411555652,0.217368484864146,0.562177966320263,-0.296359001,-0.259446287,-0.307713934,-0.042940617,4.87927577027558,0.141966825644114,0.0620751839835536,0.0619763533135755,0.246105905989611,0.524173443317332,-0.084939647,-0.226574101,-0.191659111,-0.483833283,3.95870291969235
0.157181737187654,0.0620179767226637,0.0764140038271519,0.273271070225518,0.593852819540138,-0.201136791,-0.326777104,-0.159270865,-0.592548,5.41386545366916,0.131976584566381,0.0558877961250267,0.0687717013131409,0.232868749302321,0.58605184223769,-0.145490247,-0.233589581,-0.14582666,-0.352504737,4.5986288030822
0.1443594054704,0.0786554541737033,0.069338962204407,0.216031534787507,0.675913788463051,-0.153087778,-0.095728726,-0.321103797,-0.281535338,5.76111897079531,0.161020255749827,0.0562895102576287,0.066264515955003,0.250498288432347,0.563324336656872,-0.287181261,-0.222301873,-0.225022064,-0.1565855,5.03803132970936
0.173880170771442,0.065578380048714,0.086572568466317,0.272551888863452,0.626303091436544,-0.348191136,-0.15934537,-0.389041168,-0.246419116,5.45271697245793,0.165629750849133,0.0752334337752309,0.0662565668175456,0.274273244936299,0.550891746015061,-0.113725238,-0.261877453,-0.267117733,-0.176905587,4.42594507688184
0.139440799938295,0.0638221284654713,0.072416008729427,0.266829999824952,0.741246387431756,-0.200390672,-0.180575119,-0.198981898,-0.545113943,7.2676396573133,0.118951160007421,0.0555364856117832,0.0594413696733022,0.230996897613526,0.669181376595597,-0.170295785,-0.217488572,-0.082947551,-0.688145438,6.32079183974962
0.177923188169777,0.126091157592954,0.0745463310103197,0.295689689708839,0.629337353452226,-0.34503699,-0.421161256,-0.174012826,0.0844840484207134,5.43034183514603,0.133532197169574,0.0833550532659382,0.0689515711561988,0.248850205018653,0.565220275019812,-0.106546178,-0.176300758,-0.173475893,-0.505008624,4.42782373743452
0.216491368169089,0.112373693503616,0.104669487577698,0.317935817365837,0.685189253790995,-0.488673981,-0.217442784,-0.529568573,0.197752756989498,4.46168254030367,0.112421663361975,0.0590437444147386,0.0511086083788353,0.214441260277884,0.6285683584339,-0.236514189,-0.178787345,-0.241078072,-0.365739586,5.68531672279625
0.172610565453576,0.0953459372613088,0.0765293880259319,0.230966938613189,0.765636183314841,-0.456034069,-0.432195145,-0.283433651,0.210581722866178,5.61092766482237,0.122539126137891,0.0612638228368011,0.0614771331711863,0.234311552487919,0.57835221931215,0.0362365236277864,-0.130677389,-0.091627642,-0.73630546,5.21492250648992
0.134325022795798,0.0775514915998216,0.0672935140682462,0.238901789110641,0.49834273052533,-0.133557288,-0.321835834,-0.121117732,-0.166372637,4.33266309208058,0.131810830468616,0.0561110614399645,0.0573963428015972,0.231676271762354,0.52493840277954,0.0295685845722191,-0.093222522,-0.176325402,-0.725458896,4.52816161087058
0.15958077009616,0.061297399045191,0.100512980037993,0.236650835499047,0.780790284138169,-0.401752691,-0.273396107,-0.327195711,-0.058657588,5.19286925637091,0.136783339387639,0.064805395104951,0.0566946388018656,0.210182508724569,0.721461168847423,-0.586049379,-0.287256094,-0.33977162,0.138138107432886,5.99186214101453
0.167853005830155,0.0765559076501965,0.0825039410488039,0.269157947243579,0.504614132592643,-0.423146385,-0.315235898,-0.336556919,0.0209613166113906,4.53362318440443,0.111521127487487,0.0559307258539383,0.0560068185853162,0.229530403853574,0.597320237855442,-0.024226796,-0.199391773,-0.223261781,-0.395922274,5.07471881221506
0.170878207045792,0.103230583716942,0.0892002076000177,0.266985139261571,0.52438055719698,-0.519228504,-0.242180656,-0.355959429,-0.085180324,4.96081005840149,0.12380691577145,0.0595260945483961,0.0471120541135162,0.25014614044809,0.611678424238992,-0.232655887,-0.242523388,-0.202060992,-0.590017631,5.05225343844054
0.122792521274852,0.0685966555505035,0.0661216150528133,0.206231294848474,0.84344950607619,-0.380933877,-0.327240135,-0.22835464,0.0106174152823342,6.2530717422389,0.137624091349524,0.0628058321813568,0.0600605037919805,0.2462748955676,0.633833812540466,-0.198479433,-0.2154762,-0.126678556,-0.672248788,5.16600873581169
0.148398362947065,0.0945550546385271,0.0940516966264508,0.260449396515574,0.647732342443764,-0.405519759,-0.451611489,-0.152458817,-0.149131356,5.4376655083461,0.122307858941213,0.0476510347057979,0.0546299469539004,0.253351785924605,0.637034238602611,-0.188229454,-0.218961959,-0.186257068,-0.317465969,5.10426125824936
0.137819171201276,0.0857339259022934,0.0908550743081769,0.285541427457178,0.457748416525207,-0.145550875,-0.197567854,-0.140680948,-0.495098699,3.99063546569136,0.143905794638409,0.0596524353824964,0.0473479436210046,0.218389174328982,0.609054457633334,-0.230262841,-0.141904386,-0.220492453,-0.421561048,5.19744530588634
0.133068888484637,0.06713470810599,0.0728501129992845,0.230361285401278,0.549063222815875,-0.232284557,-0.192476644,-0.237481955,-0.036679814,4.93999650457764,0.115807765601321,0.0525680366052522,0.0561472690127566,0.214078211240917,0.487755480606821,-0.064991186,-0.193016211,-0.138948773,-0.637715893,4.61582047457925
0.161878852192292,0.0730082249897393,0.0710312690683518,0.268857082343869,0.7680119153431,-0.330452731,-0.297984216,-0.25807442,-0.529272424,5.74611013759757,0.121161328670159,0.0413718160882264,0.0535940631197306,0.228648506613238,0.634880002082799,-0.154485182,-0.210766378,-0.229614293,-0.577787817,5.44724166452836
0.17310234182742,0.0751656120947259,0.091929714881871,0.329637634438286,0.613668430003143,-0.355705984,-0.376374811,-0.169082372,-0.140007551,5.32327651546002,0.132659318944148,0.0626794951900229,0.0686423586365507,0.253639822912896,0.612376317397487,-0.255232955,-0.24022519,-0.185421531,-0.337688097,4.23306490561071
0.193153873282449,0.0808664277095836,0.0969350582065486,0.27871355530378,0.700108985739542,-0.517590393,-0.249818697,-0.410619871,-0.054669837,5.79940535806519,0.14871795028415,0.0611644776859372,0.0559120131845318,0.262452928060224,0.667649107888784,-0.186980588,-0.262991363,-0.208311226,-0.575445086,5.21569574272423
0.192934539206217,0.0900174137196394,0.0823170160366903,0.264059482097178,0.565885798054641,-0.399548567,-0.323106713,-0.192153143,-0.023838426,5.03779588062537,0.136254001116939,0.0577695033863669,0.0598486687174958,0.263080628246822,0.468644341803887,-0.101586828,-0.196057639,-0.219053531,-0.853374977,4.79406971893931
0.149688481345726,0.090063019556539,0.0700738713386195,0.278905657988182,0.639001203139025,-0.231169779,-0.248245981,-0.258206506,-0.127374903,5.56416827687197,0.114075952937429,0.0580373480835855,0.0607338844722021,0.241059206432522,0.498360409297856,0.103606209481028,-0.1741492,-0.076322924,-0.902592603,4.40621268846693
0.154367598180644,0.0728747227886761,0.0851444989623252,0.267775756938541,0.586232369770607,-0.355197515,-0.267588369,-0.229898512,-0.345234149,5.41510019985881,0.129494081792883,0.0624399351237798,0.0589230587299293,0.252193305990919,0.62294722864386,-0.122649564,-0.172912961,-0.18156901,-0.555133451,5.07280735239537
0.164356176747932,0.0753903921296235,0.0674950873039077,0.259946697229462,0.620775155529285,0.041154033882497,-0.12290402,-0.217986351,-0.525296501,5.05071141708719,0.143039058241941,0.0503637404216352,0.0629920417592732,0.192688619350469,0.670035462884104,-0.26705639,-0.200288465,-0.238866569,-0.169521075,5.2448860784457
0.160198993712985,0.0718093165966307,0.0733847659317784,0.253275786953074,0.52029633367516,-0.208271471,-0.311628126,-0.192270943,-0.25915576,4.66691906457823,0.133049783752727,0.0463413246457135,0.0684427836086603,0.275712196464769,0.668904129894028,-0.263483574,-0.097208631,-0.270142839,-0.617110837,5.65743152253533
0.16127266118556,0.0883295345024968,0.0834190900599169,0.274017154933903,0.478198986388099,-0.286474858,-0.294877196,-0.187062186,-0.197908689,4.6116150363904,0.134755147822985,0.0542182447340037,0.0600069723802091,0.223625373685718,0.591497769802161,-0.16142759,-0.12043029,-0.178647795,-0.414203967,5.07837069684785
0.21634979359446,0.0991114404819522,0.131225829436713,0.269627417893912,0.696602532829663,-0.418507883,-0.336697854,-0.338571613,-0.09634477,5.59039925938762,0.143591077318434,0.0658466592851562,0.0599682407545625,0.252055045446285,0.495410663235634,-0.15457462,-0.182847031,-0.308080451,-0.406755823,4.77277484040648
0.175839621687173,0.0919527200305848,0.0965142744137169,0.302620418145417,0.549665005315115,-0.135251985,-0.191401375,-0.255242263,-0.370080151,4.28370560035955,0.120492571541121,0.0553903814153409,0.0532888447672705,0.194191806396105,0.476443695519255,0.130141974810029,-0.096254356,-0.215738293,-0.350666564,3.99309104192412
0.138806977108027,0.0685371960927765,0.058559074044061,0.282869244132467,0.585371246017908,-0.276617108,-0.196181393,-0.279637827,-0.470486488,5.10811062286546,0.127667025118649,0.065449775216589,0.0626487954007298,0.223575606848464,0.547590303517723,-0.063438188,-0.1433009,-0.226526671,-0.68989524,5.09897160413207
0.177767099705629,0.0614123619049803,0.0960605310838345,0.289897427543905,0.758630456868857,-0.386491942,-0.259407909,-0.293412855,-0.204036223,5.95516381072267,0.138416406013516,0.0607682171319393,0.0478607416692005,0.200684208200007,0.585501137906212,-0.271861481,-0.204685681,-0.2991503,-0.095196326,5.28639431062284
0.149341797610819,0.0717200156411599,0.077857881181307,0.316002852994737,0.569320172659197,-0.069162324,-0.113129051,-0.318117194,-0.571278584,4.82022039609131,0.161237277289202,0.0686273231034548,0.0623259867958116,0.249806442976173,0.61808760548374,-0.326738383,-0.298341844,-0.221000951,-0.066461453,4.78602610165673
0.207071271500525,0.0984990738159433,0.0852061879733472,0.315064600025606,0.565362034948436,-0.088813673,-0.238303795,-0.253220705,-0.514162906,5.09661453810951,0.160444972087415,0.0757708654221921,0.0945243999662663,0.272655053436669,0.557132381788877,-0.489109361,-0.199547263,-0.32466807,-0.124143432,5.49732262089211
0.142440451573536,0.0825920390227007,0.0827798126124256,0.232712376684054,0.570374854869877,-0.280652127,-0.207050455,-0.319720359,-0.053762379,5.22293934696867,0.157923199608548,0.0688853930342473,0.0876635802237459,0.285371956049645,0.530286733582993,-0.068342564,-0.21421856,-0.093254202,-0.520736364,4.77825527343692
0.146243911312413,0.064897806865987,0.0776279948951024,0.23897449338293,0.540951765079481,-0.324576796,-0.19240071,-0.279574306,0.035752644738933,4.45033388747289,0.13033045206698,0.0604182129228691,0.0594709381863159,0.206018750229246,0.612072224609138,-0.071758226,-0.18696497,-0.241388846,-0.343526204,4.37947946971279
0.146766642129976,0.0683010919614154,0.0879767234202457,0.259808291643799,0.618085874084675,-0.223412744,-0.21063161,-0.237831992,-0.305558068,5.76122722542045,0.153154660218304,0.066946335207799,0.0630885879601449,0.288672006678602,0.473569503155967,-0.373356471,-0.283426711,-0.270587515,-0.246267637,4.46598144439136
0.15862628282928,0.0725209365409873,0.0771802731199722,0.281786945183383,0.581864511472156,-0.400324517,-0.246888418,-0.309943075,-0.037714913,4.99607263120511,0.109106609324378,0.0462654902594102,0.0519341000585756,0.214226843421656,0.622289787546382,-0.213702684,-0.267757191,-0.249026557,-0.372981719,5.64217175735627
0.145436163470964,0.0681280926294289,0.0734427029420981,0.247875679295692,0.69816999339605,-0.257515413,-0.207952162,-0.2281846,-0.431851694,5.27381470943956,0.125337120977875,0.0618151786973886,0.0537423401347119,0.248756596539305,0.61000806661835,-0.179214773,-0.21286033,-0.177020328,-0.50137562,5.24807650810662
0.13489409968856,0.0761255714236436,0.058773183814068,0.231827196320105,0.513205928387306,-0.253768937,-0.289004049,-0.261975368,-0.006476258,4.50299607675279,0.164005237107922,0.0717198716789971,0.0692306049085375,0.28794150693603,0.697629516214858,-0.384646898,-0.224787221,-0.257525803,-0.444945469,5.93011806968318
0.144141363240459,0.0779754606602769,0.0654248970375219,0.230507450080898,0.689283500272377,-0.369828846,-0.232646372,-0.23820969,0.0810795462613065,6.34936690909776,0.144618896519864,0.0584553323595587,0.0701188854244687,0.205091795209816,0.602920663690849,-0.28595237,-0.187159392,-0.262804064,-0.173070277,5.49394858133148
0.196524649039934,0.0996751337088867,0.096538625719823,0.311016468339045,0.563934955762212,-0.159137638,-0.210236944,-0.200277182,-0.325041666,4.61985041713695,0.135596168235021,0.0585333483672475,0.0700533823711151,0.218241955141693,0.521230717803436,-0.313672367,-0.362886263,-0.271780597,0.120791989789478,4.14941969808613
0.162288973667848,0.0936647611607162,0.0568540259640783,0.289761095215607,0.56968173267564,-0.315915886,-0.261324815,-0.246727273,-0.034397961,5.07358395665931,0.150933052523234,0.0526929780195451,0.0529019409127937,0.278595858106817,0.650207413997699,-0.107634213,-0.159895019,-0.176132778,-0.57860777,5.27716831648249
0.179475118297127,0.088227166771162,0.0770554632991079,0.275036784744722,0.643495460946075,-0.360995576,-0.341649587,-0.253784954,0.0424185771041202,5.27658083280418,0.139562550192559,0.0636186887910453,0.0603074913562288,0.282668820695162,0.593337479655627,-0.124111371,-0.121331389,-0.252138937,-0.755603871,5.19551290698712
