Dependent,,,,,,,,Independent,,,,,,,
Corrected,,,,Naïve,,,,Corrected,,,,Naïve,,,
beta0,beta1,beta2,beta3,beta0,beta1,beta2,beta3,beta0,beta1,beta2,beta3,beta0,beta1,beta2,beta3
-0.267854881,-0.250833965,-0.257812027,-0.211352137,-0.113719422,-0.188992896,-0.180114394,-0.53259732,-0.25846431,-0.239898479,-0.265003115,-0.229700845,-0.243449075,-0.196737737,-0.213351936,-0.281741967
-0.275540091,-0.268735496,-0.26251112,-0.222286799,-0.16996618,-0.196169195,-0.2059023,-0.418286571,-0.244109457,-0.250946182,-0.233059549,-0.285402768,-0.274674515,-0.202210102,-0.197774792,-0.221171955
-0.279640374,-0.253208672,-0.252372028,-0.231457329,-0.190420233,-0.200239335,-0.196179489,-0.429010573,-0.273989263,-0.2614144,-0.242698904,-0.241890603,-0.290754228,-0.200791305,-0.194346211,-0.220270899
-0.261907988,-0.241418073,-0.256857891,-0.257516858,-0.154315207,-0.18952555,-0.207608687,-0.470390298,-0.265265164,-0.252143752,-0.250778575,-0.250376675,-0.259851038,-0.203884411,-0.211033605,-0.262173985
-0.267599615,-0.266929037,-0.250652293,-0.215355586,-0.155889341,-0.206996232,-0.207760614,-0.422027265,-0.2513431,-0.249297291,-0.262147715,-0.248808333,-0.239742424,-0.207880348,-0.202873363,-0.247862809
-0.23255947,-0.250417571,-0.243918238,-0.265682013,-0.165700681,-0.190624614,-0.203975886,-0.486709386,-0.23649765,-0.254007509,-0.247021265,-0.254388326,-0.266505344,-0.207486731,-0.189578371,-0.286185712
-0.271895434,-0.265296499,-0.254289707,-0.20294556,-0.173060731,-0.208762784,-0.190077434,-0.452177157,-0.252269056,-0.251104572,-0.23546042,-0.242191848,-0.273638318,-0.203089678,-0.193010089,-0.252358271
-0.26416972,-0.246694997,-0.249179988,-0.280265092,-0.165478446,-0.199056875,-0.192158262,-0.462210874,-0.268027487,-0.252057346,-0.250418773,-0.272472613,-0.276872244,-0.202793915,-0.204139635,-0.244511798
-0.23173516,-0.259893047,-0.239574149,-0.245350191,-0.126975063,-0.185799951,-0.195163863,-0.501553136,-0.233212484,-0.238463208,-0.234639977,-0.243123103,-0.247889729,-0.199015886,-0.212627222,-0.258189756
-0.2715143,-0.246500059,-0.255170052,-0.225755512,-0.16345489,-0.203085622,-0.21424997,-0.427720156,-0.270090751,-0.246711969,-0.268321125,-0.227697839,-0.251264084,-0.212251395,-0.210493903,-0.2571722
-0.2593523,-0.239319006,-0.263063767,-0.261841321,-0.158760077,-0.183653181,-0.195632239,-0.475663669,-0.257684669,-0.234820272,-0.257254272,-0.264644414,-0.281128237,-0.200643337,-0.192453998,-0.234316266
-0.259271371,-0.251857009,-0.236442787,-0.257986055,-0.182826613,-0.19939859,-0.20313864,-0.448571512,-0.271084617,-0.249868688,-0.255303856,-0.234090679,-0.276624526,-0.202826703,-0.198643152,-0.2602907
-0.244533912,-0.270263537,-0.243777555,-0.203638375,-0.156953314,-0.208041979,-0.201832458,-0.481280315,-0.230844149,-0.254117672,-0.23279191,-0.231993351,-0.247074216,-0.216069038,-0.198922403,-0.303154851
-0.277405854,-0.268794361,-0.266788752,-0.165386906,-0.194567553,-0.207985981,-0.189799508,-0.440009964,-0.241832934,-0.244721833,-0.256440317,-0.236565469,-0.302462089,-0.201118974,-0.197002343,-0.227229942
-0.242086171,-0.246710584,-0.242383964,-0.282901203,-0.183169573,-0.208937674,-0.209837686,-0.404099974,-0.253039674,-0.256978039,-0.247054027,-0.261185084,-0.262842356,-0.212741355,-0.197318097,-0.244945847
-0.233043934,-0.247591356,-0.253502207,-0.274790088,-0.178865916,-0.202461177,-0.199651472,-0.422220076,-0.242844782,-0.258683488,-0.27689085,-0.288325224,-0.276205243,-0.207497648,-0.196207026,-0.228427442
-0.285537173,-0.241323115,-0.261375186,-0.239752299,-0.157881247,-0.200911256,-0.20394706,-0.423217967,-0.28377699,-0.244882018,-0.280442335,-0.243989611,-0.258496776,-0.206571231,-0.201557272,-0.225937044
-0.258838024,-0.26248752,-0.258879717,-0.225107157,-0.161099528,-0.215919022,-0.193699298,-0.469970164,-0.236446701,-0.259014954,-0.270055456,-0.268161496,-0.243713523,-0.204108422,-0.197027201,-0.299016423
-0.284366476,-0.261060675,-0.250143127,-0.205179757,-0.177417703,-0.205790362,-0.198324186,-0.447072126,-0.273072434,-0.252192165,-0.249811361,-0.228132322,-0.279722431,-0.201904206,-0.211680783,-0.249628264
-0.236047257,-0.236723365,-0.244656986,-0.293531742,-0.150138011,-0.199146634,-0.19923801,-0.454938442,-0.254809773,-0.239158351,-0.237941117,-0.255147787,-0.257733669,-0.221506391,-0.198852875,-0.244521701
-0.223891902,-0.239364835,-0.250037625,-0.294271297,-0.149407929,-0.203903485,-0.204214308,-0.471452889,-0.235775071,-0.257055717,-0.261939541,-0.271414569,-0.245272228,-0.217392589,-0.205654482,-0.287809248
-0.302885175,-0.270278654,-0.253676305,-0.197905803,-0.175093589,-0.205728065,-0.211056417,-0.429893509,-0.278797825,-0.261958756,-0.257049674,-0.246266828,-0.262380452,-0.202959491,-0.194700349,-0.259490851
-0.217652663,-0.253631015,-0.239053157,-0.297029001,-0.133224274,-0.199613753,-0.194420772,-0.457555841,-0.225660175,-0.219114837,-0.25086614,-0.28167242,-0.240294378,-0.211140728,-0.20057657,-0.2485338
-0.290053114,-0.254418063,-0.274082589,-0.187045305,-0.156388899,-0.206766978,-0.18621039,-0.469393237,-0.259943143,-0.252653781,-0.261999747,-0.246052442,-0.269951111,-0.201892964,-0.193148291,-0.252621512
-0.239033226,-0.252089742,-0.23762794,-0.285562834,-0.155438411,-0.196505676,-0.195255641,-0.43852918,-0.249650682,-0.240269139,-0.251154911,-0.265267459,-0.266300032,-0.208886347,-0.221492063,-0.219927124
-0.256351529,-0.271365497,-0.245947575,-0.2279723,-0.157462014,-0.190191436,-0.195936107,-0.474052857,-0.239915524,-0.262037297,-0.25730382,-0.261425351,-0.268075659,-0.20116211,-0.189284035,-0.246811045
-0.253291434,-0.251171051,-0.240328779,-0.254995579,-0.180674618,-0.210893266,-0.212955556,-0.402097142,-0.262497251,-0.250141231,-0.253320212,-0.237384379,-0.258392665,-0.22637071,-0.207300137,-0.248519592
-0.259805173,-0.244059462,-0.258162583,-0.229197624,-0.142226325,-0.198632854,-0.200498148,-0.472710176,-0.257759692,-0.255923057,-0.24745548,-0.234599923,-0.247029248,-0.191861823,-0.199864732,-0.265831749
-0.24912823,-0.243258301,-0.249892011,-0.273070529,-0.158588676,-0.184946738,-0.1944947,-0.473486858,-0.256256023,-0.241501567,-0.250330728,-0.258984756,-0.274136668,-0.201901679,-0.204616773,-0.241979356
-0.267831227,-0.246219701,-0.256524535,-0.253358392,-0.175152872,-0.215552411,-0.20304652,-0.43838141,-0.264781253,-0.244514721,-0.256155049,-0.260069959,-0.25327909,-0.184563641,-0.20217908,-0.268668621
-0.20708729,-0.22453688,-0.230420063,-0.338699582,-0.166479449,-0.189968554,-0.201916025,-0.455172243,-0.252364031,-0.24083893,-0.256280701,-0.250411483,-0.271670799,-0.188125727,-0.194573771,-0.23957226
-0.234489554,-0.24338697,-0.257386937,-0.272550839,-0.206324792,-0.217719341,-0.203797475,-0.397918762,-0.234246801,-0.23541073,-0.246376451,-0.273004108,-0.281256092,-0.194385882,-0.200413148,-0.244211219
-0.310280882,-0.269016411,-0.242084193,-0.1929523,-0.164825799,-0.192372075,-0.194973255,-0.447009564,-0.270579436,-0.244341363,-0.244997092,-0.235546351,-0.278906282,-0.192152327,-0.195999108,-0.224973843
-0.242837784,-0.241113441,-0.245356616,-0.273775565,-0.156329133,-0.197079587,-0.192416409,-0.497192707,-0.257073128,-0.252812158,-0.263150932,-0.245989576,-0.272015002,-0.204735663,-0.19790899,-0.261707715
-0.27948944,-0.238510759,-0.259247923,-0.222416787,-0.153248308,-0.196621858,-0.199672367,-0.464496202,-0.282866555,-0.255949504,-0.253734808,-0.216969722,-0.253495411,-0.195376275,-0.196379474,-0.260208501
-0.217215699,-0.252666774,-0.245164312,-0.276372336,-0.163033105,-0.20044815,-0.203037132,-0.457827405,-0.219966477,-0.231360093,-0.255793718,-0.271118348,-0.250529874,-0.204498533,-0.1930889,-0.269035175
-0.251468396,-0.236115197,-0.25370571,-0.256514972,-0.157490685,-0.190381407,-0.209485156,-0.437268264,-0.262961235,-0.243079719,-0.232070637,-0.236015778,-0.260371076,-0.19603087,-0.204871922,-0.236211085
-0.247947966,-0.25959161,-0.237167163,-0.254356963,-0.151219221,-0.192052217,-0.207140429,-0.443387881,-0.251187167,-0.259406072,-0.257601339,-0.247810148,-0.249303939,-0.200183501,-0.202027961,-0.24781254
-0.232870042,-0.240503305,-0.242726241,-0.29607796,-0.125554557,-0.184612574,-0.189751327,-0.508060807,-0.251047685,-0.24564761,-0.257510912,-0.261566479,-0.246230908,-0.194513578,-0.203483629,-0.261737569
-0.257070106,-0.251151713,-0.241823403,-0.258725377,-0.18841153,-0.203284976,-0.210831665,-0.408492714,-0.264329793,-0.256448891,-0.255790853,-0.243768517,-0.272094922,-0.20490502,-0.206369506,-0.231627448
-0.227330931,-0.230507894,-0.240532901,-0.299521833,-0.156813091,-0.213337223,-0.203739215,-0.435838046,-0.256261998,-0.237046601,-0.264423067,-0.242912154,-0.232935169,-0.210099873,-0.189797464,-0.27458468
-0.266492025,-0.270915396,-0.238564945,-0.209715742,-0.16415428,-0.21632551,-0.184472321,-0.479596782,-0.256141658,-0.247857469,-0.251831334,-0.231695026,-0.258126213,-0.182501938,-0.210934508,-0.288338687
-0.208375667,-0.24692142,-0.223588884,-0.314377636,-0.155904535,-0.200684429,-0.184122244,-0.451290106,-0.225282211,-0.255589968,-0.226753525,-0.278953833,-0.275858871,-0.202156031,-0.206578878,-0.2177538
-0.255786136,-0.252095836,-0.225363129,-0.285264375,-0.180492176,-0.198484645,-0.204951324,-0.438025101,-0.279915962,-0.260975055,-0.228054599,-0.236328162,-0.274770833,-0.200465652,-0.216644178,-0.248337079
-0.269150271,-0.263937403,-0.236940086,-0.220950135,-0.186305273,-0.204876528,-0.212613962,-0.386455524,-0.269828519,-0.25572033,-0.247912274,-0.221304844,-0.271238713,-0.191375953,-0.200887242,-0.217110046
-0.263255114,-0.260943618,-0.234094211,-0.225692937,-0.174717679,-0.205407563,-0.202656027,-0.431838053,-0.268601494,-0.244755427,-0.231219573,-0.215967173,-0.265741391,-0.204404922,-0.212872213,-0.250814854
-0.241867802,-0.242000448,-0.243781265,-0.275159973,-0.169173528,-0.201618285,-0.192682919,-0.459422016,-0.257029207,-0.261096292,-0.251349525,-0.246055466,-0.274443703,-0.208982633,-0.184673901,-0.250666441
-0.259052016,-0.248154584,-0.255829309,-0.229617132,-0.155690008,-0.206551513,-0.197762881,-0.444989177,-0.253448951,-0.228015411,-0.238127332,-0.239164421,-0.250667762,-0.20834217,-0.199561642,-0.252018071
-0.229404695,-0.251312142,-0.242876914,-0.247624972,-0.133325059,-0.191695448,-0.186794773,-0.518317394,-0.234980276,-0.269789093,-0.248684881,-0.23578292,-0.250204575,-0.194515837,-0.217902028,-0.280797528
-0.252356525,-0.242743032,-0.262759466,-0.239874767,-0.205054482,-0.212315742,-0.197753045,-0.415446382,-0.244589513,-0.241365053,-0.239361273,-0.255412087,-0.290612149,-0.192357195,-0.190430428,-0.238265558
-0.241841521,-0.256563435,-0.240677831,-0.246645149,-0.145953615,-0.182028271,-0.205902652,-0.468257257,-0.244029463,-0.245392356,-0.244520557,-0.241110052,-0.262447073,-0.201046172,-0.207034175,-0.242429417
-0.224705249,-0.23690371,-0.252292461,-0.290732971,-0.171320243,-0.20248748,-0.190045711,-0.452194554,-0.235761691,-0.25114521,-0.252973204,-0.268631953,-0.277450577,-0.197794157,-0.210522937,-0.245135732
-0.216951019,-0.231483352,-0.265679568,-0.290060963,-0.171092021,-0.212207052,-0.197649997,-0.429981741,-0.219684241,-0.235394844,-0.254189758,-0.28455671,-0.260244396,-0.193126526,-0.210701714,-0.24758159
-0.261518967,-0.253463199,-0.244744541,-0.242069573,-0.177211752,-0.204392054,-0.202975636,-0.425495279,-0.264366264,-0.271906909,-0.250026403,-0.237023833,-0.269457923,-0.201361362,-0.205890706,-0.241079653
-0.241065734,-0.257713318,-0.252601944,-0.226012503,-0.176457842,-0.198308974,-0.196088849,-0.447142708,-0.230920699,-0.255448485,-0.252936256,-0.246504553,-0.281393803,-0.204064691,-0.199626442,-0.242540722
-0.224875977,-0.253995433,-0.260699068,-0.255343313,-0.158649422,-0.199476966,-0.193519404,-0.489700204,-0.210252263,-0.247421914,-0.250361358,-0.284237707,-0.268607571,-0.206478085,-0.189028169,-0.275791911
-0.246821154,-0.246168884,-0.253333745,-0.278336022,-0.187333216,-0.199246413,-0.209682191,-0.377239606,-0.247322994,-0.255351761,-0.246275728,-0.278188353,-0.281451224,-0.203555947,-0.20027467,-0.191006758
-0.266403175,-0.253421506,-0.259928203,-0.223207037,-0.155168596,-0.190432674,-0.200782493,-0.470142759,-0.25431769,-0.267201574,-0.255215381,-0.246909619,-0.266767996,-0.194562372,-0.228326614,-0.245786165
-0.264991714,-0.262805563,-0.251892178,-0.233406786,-0.181916354,-0.201956606,-0.201476092,-0.448088295,-0.248881173,-0.226168096,-0.263594492,-0.264647404,-0.27642425,-0.206467303,-0.194466273,-0.262289294
-0.216734315,-0.250631252,-0.230556921,-0.284728913,-0.196985437,-0.205828132,-0.216347934,-0.385828811,-0.237571105,-0.223073077,-0.253489866,-0.246590492,-0.274538694,-0.186497201,-0.20986089,-0.227789467
-0.248043664,-0.254207586,-0.254742376,-0.26385927,-0.154109731,-0.201394506,-0.197346435,-0.431121707,-0.238985253,-0.233207519,-0.245023936,-0.28290359,-0.255733482,-0.20454541,-0.202941272,-0.23030589
-0.257692942,-0.259432008,-0.225826183,-0.238618248,-0.160787843,-0.191190012,-0.197293413,-0.442260187,-0.260520387,-0.275211922,-0.239047726,-0.219744363,-0.278055602,-0.20631825,-0.206802277,-0.216098453
-0.261955192,-0.25527896,-0.249573917,-0.258898948,-0.138791385,-0.197443784,-0.182035712,-0.504712101,-0.257775007,-0.240038237,-0.256010558,-0.268074436,-0.266411321,-0.191600707,-0.185904314,-0.253950498
-0.218768814,-0.237576902,-0.23269292,-0.313924825,-0.175445805,-0.196430948,-0.199300755,-0.408175117,-0.249580265,-0.23523799,-0.23515739,-0.252476764,-0.275141212,-0.193488884,-0.192949887,-0.207841046
-0.249023514,-0.245880632,-0.24690494,-0.237085753,-0.162227328,-0.195123377,-0.196482282,-0.466267307,-0.256432531,-0.238995788,-0.244785767,-0.221650068,-0.266924562,-0.204265416,-0.198899347,-0.25505558
-0.266593486,-0.247730503,-0.265792544,-0.215029296,-0.13520246,-0.18399811,-0.186923529,-0.5138623,-0.253130027,-0.260289031,-0.253322947,-0.241843878,-0.256935201,-0.209002894,-0.19857469,-0.265929652
-0.24277397,-0.245707247,-0.250493179,-0.298316401,-0.211908944,-0.213174026,-0.201465499,-0.409948865,-0.246377101,-0.26411932,-0.24755074,-0.291871949,-0.297523041,-0.205514461,-0.1960182,-0.235256826
-0.250981987,-0.231234309,-0.250305476,-0.249650454,-0.171831846,-0.1981301,-0.183297827,-0.457523027,-0.269916467,-0.263155306,-0.245068787,-0.212938848,-0.287060626,-0.214420451,-0.180380421,-0.223363056
-0.203314454,-0.225162205,-0.238977545,-0.328919064,-0.162152044,-0.189270391,-0.212382596,-0.452337796,-0.237989241,-0.225762886,-0.261572935,-0.25902417,-0.255147276,-0.188050182,-0.199768398,-0.26137824
-0.272695706,-0.249110864,-0.24830102,-0.216407781,-0.178575211,-0.189400501,-0.216075866,-0.430344083,-0.275441008,-0.254517291,-0.252291287,-0.210474931,-0.279778718,-0.203801659,-0.210312272,-0.237380562
-0.253560804,-0.242555076,-0.230134187,-0.322199955,-0.183622207,-0.194926613,-0.194672647,-0.450202665,-0.280478617,-0.244484485,-0.247482761,-0.268293792,-0.291629506,-0.203837751,-0.210685637,-0.23785288
-0.210415439,-0.226553498,-0.235806965,-0.32199174,-0.124920073,-0.204056277,-0.198505949,-0.489219428,-0.247346172,-0.236049412,-0.227101821,-0.245754524,-0.228518872,-0.210713015,-0.204588483,-0.292730131
-0.211078171,-0.245002562,-0.251990635,-0.326796676,-0.132694791,-0.19407618,-0.197883551,-0.478858372,-0.214645222,-0.239576145,-0.2399261,-0.319824385,-0.239900662,-0.207257327,-0.196061388,-0.266607606
-0.240674802,-0.256327483,-0.245125771,-0.272273241,-0.191092869,-0.195215653,-0.209447514,-0.435821946,-0.239614015,-0.248281442,-0.265862763,-0.274489628,-0.289683552,-0.195211176,-0.203335195,-0.242155663
-0.270626466,-0.272203332,-0.25378117,-0.180693245,-0.174986188,-0.184419149,-0.208268317,-0.439173415,-0.244781761,-0.270892425,-0.251683966,-0.233459171,-0.285111172,-0.190936949,-0.205790815,-0.226994888
-0.252358965,-0.237258127,-0.240379243,-0.250942639,-0.184647985,-0.209081036,-0.214115221,-0.435459244,-0.275366385,-0.235925502,-0.24295635,-0.205343403,-0.261116682,-0.214812169,-0.186518562,-0.272648206
-0.255903698,-0.246664307,-0.240954021,-0.276180702,-0.185500943,-0.184722717,-0.20831275,-0.447555177,-0.267609632,-0.262589166,-0.242887052,-0.252615416,-0.293493425,-0.197797083,-0.197762143,-0.2377937
-0.275047448,-0.261047857,-0.258480274,-0.19517736,-0.11669525,-0.208558172,-0.178893011,-0.511563536,-0.255728816,-0.262815239,-0.249959606,-0.234056064,-0.231693657,-0.195064574,-0.187585045,-0.282529425
-0.271607713,-0.259202836,-0.254353165,-0.1938034,-0.168669148,-0.19897809,-0.201548793,-0.448228022,-0.258135459,-0.248124816,-0.244396626,-0.22083323,-0.267987927,-0.183883897,-0.189401948,-0.245227557
-0.267916754,-0.25689182,-0.26655472,-0.188051753,-0.154684612,-0.175679195,-0.203649293,-0.488178325,-0.24455223,-0.249743823,-0.270935571,-0.23432943,-0.279620598,-0.193796004,-0.199286899,-0.245715091
-0.212999326,-0.234241073,-0.237822041,-0.298480031,-0.160990052,-0.185889429,-0.205505887,-0.443411594,-0.240277508,-0.219664423,-0.252221035,-0.246358011,-0.263501976,-0.195365974,-0.180611737,-0.228260376
-0.252531859,-0.254804117,-0.245086997,-0.21677584,-0.162087571,-0.200771586,-0.194932984,-0.467645336,-0.252953715,-0.249781738,-0.257312612,-0.216918989,-0.26533563,-0.208761595,-0.203441261,-0.26066726
-0.247809938,-0.267615942,-0.243023413,-0.241903806,-0.132878034,-0.194979089,-0.19174471,-0.528898919,-0.236739289,-0.275694855,-0.23157965,-0.262660458,-0.246171155,-0.201335916,-0.182494001,-0.308707169
-0.301125568,-0.249386028,-0.275718056,-0.190693344,-0.178755252,-0.205248395,-0.200138881,-0.427413551,-0.277702133,-0.257978679,-0.279018505,-0.238355149,-0.269433766,-0.195723889,-0.183056959,-0.240914561
-0.252634131,-0.267554736,-0.246567779,-0.220607829,-0.189453389,-0.203560155,-0.204676009,-0.39436797,-0.239220664,-0.259102476,-0.262680426,-0.24921161,-0.285842799,-0.203403737,-0.21200808,-0.200530654
-0.22881627,-0.25096537,-0.249630427,-0.260448468,-0.198571831,-0.199478514,-0.231665082,-0.396961001,-0.22677645,-0.254013705,-0.268240127,-0.262681266,-0.266206049,-0.190739308,-0.206831319,-0.255187241
-0.249477546,-0.257486254,-0.254603754,-0.245223737,-0.17438036,-0.207589294,-0.210926317,-0.432502826,-0.237838921,-0.253694985,-0.264277519,-0.269496281,-0.256197392,-0.210211311,-0.214683287,-0.267128424
-0.277222119,-0.267323723,-0.254824914,-0.218465805,-0.173012915,-0.190951847,-0.195894837,-0.452907749,-0.255437542,-0.240192466,-0.254129942,-0.261526265,-0.287705246,-0.183170443,-0.198537609,-0.22321213
-0.251310652,-0.236419973,-0.257487279,-0.239611376,-0.174974692,-0.205505202,-0.193698011,-0.440395174,-0.257535427,-0.251350006,-0.240242512,-0.227964231,-0.273836968,-0.195622713,-0.213747503,-0.242438274
-0.285603588,-0.271515859,-0.2646636,-0.174647094,-0.171234252,-0.211874249,-0.190972773,-0.431876034,-0.25164996,-0.263359153,-0.267110846,-0.244768355,-0.26525404,-0.196367011,-0.207177673,-0.242961338
-0.242161034,-0.251101016,-0.265391564,-0.241947502,-0.196826335,-0.193199906,-0.204182769,-0.429477403,-0.22570983,-0.250138823,-0.236837974,-0.274353834,-0.298330188,-0.200667335,-0.215810572,-0.22719296
-0.224567354,-0.241069026,-0.24942369,-0.319937266,-0.141421597,-0.179874054,-0.197848626,-0.48609659,-0.233493554,-0.254810706,-0.24939849,-0.302722264,-0.260844071,-0.205586375,-0.193134001,-0.23778505
-0.266393736,-0.255933848,-0.251073359,-0.226490994,-0.150378406,-0.196237695,-0.205358903,-0.445411593,-0.259072626,-0.244672165,-0.244991288,-0.240432655,-0.246953858,-0.204961417,-0.185754079,-0.249122346
-0.233136183,-0.251842901,-0.258180957,-0.235463234,-0.18957397,-0.20399125,-0.208861144,-0.398477373,-0.226092378,-0.237909526,-0.241647051,-0.25256537,-0.275980142,-0.214817044,-0.208213698,-0.228772282
-0.223455438,-0.260604963,-0.244777855,-0.264686677,-0.16072441,-0.204636153,-0.191286779,-0.47075496,-0.217670071,-0.252248389,-0.247935031,-0.275950253,-0.265025007,-0.210079182,-0.193748482,-0.258685783
-0.244366255,-0.23777955,-0.26089162,-0.249023032,-0.162413318,-0.193878637,-0.200424116,-0.439758005,-0.245020546,-0.248127307,-0.276300579,-0.247941722,-0.267363021,-0.185196923,-0.194555645,-0.233721698
-0.248974867,-0.257695334,-0.252982601,-0.233036173,-0.177668237,-0.202602758,-0.196141419,-0.443655527,-0.237210116,-0.273381097,-0.245925844,-0.255565107,-0.278647635,-0.203750784,-0.2048486,-0.242994026
-0.299368793,-0.256439863,-0.273009148,-0.180578694,-0.145567521,-0.200149153,-0.187999829,-0.491909617,-0.269038353,-0.244856485,-0.257535835,-0.239947721,-0.255412177,-0.182528285,-0.184212008,-0.270546225
-0.245589796,-0.260838279,-0.250863078,-0.239910139,-0.173982156,-0.203079575,-0.201006904,-0.418637447,-0.234522893,-0.24437761,-0.242637332,-0.262879466,-0.273929369,-0.201222614,-0.203235156,-0.219527615
-0.244509802,-0.233107387,-0.238268353,-0.284084909,-0.152843501,-0.192767997,-0.20035911,-0.474686269,-0.273591754,-0.236688943,-0.252788611,-0.226436672,-0.25815833,-0.189234646,-0.211407647,-0.26735396
-0.291951636,-0.255491719,-0.268257073,-0.187512903,-0.1693115,-0.204599276,-0.211307822,-0.456303862,-0.269507075,-0.239487755,-0.26184664,-0.234401607,-0.252603397,-0.197760584,-0.209065961,-0.284268763
-0.213649945,-0.238958422,-0.230847776,-0.323451582,-0.15282103,-0.191944331,-0.197336706,-0.453253877,-0.244963338,-0.250855572,-0.238077866,-0.26216308,-0.26887637,-0.209492962,-0.200803886,-0.2292843
-0.294631413,-0.234331217,-0.279617962,-0.178664066,-0.174538001,-0.197707558,-0.206496167,-0.423420748,-0.281960524,-0.23584049,-0.267745488,-0.205185112,-0.276118774,-0.199610552,-0.203046402,-0.229007224
-0.288765354,-0.250324827,-0.254170122,-0.186720188,-0.16671976,-0.209977651,-0.188658495,-0.471211817,-0.283416901,-0.256475087,-0.260135471,-0.195867974,-0.264107107,-0.195092253,-0.190446697,-0.275958778
-0.24930167,-0.257198073,-0.260158325,-0.232956497,-0.147732721,-0.197324364,-0.201383791,-0.453491761,-0.233633209,-0.243129069,-0.269695465,-0.265473429,-0.250375331,-0.200274634,-0.179813901,-0.243957523
-0.210992914,-0.254497957,-0.241117535,-0.297075529,-0.145794254,-0.190042062,-0.204073273,-0.455937837,-0.215967506,-0.257021347,-0.238865977,-0.286462811,-0.252006945,-0.220045368,-0.1996301,-0.24981532
-0.252323075,-0.25608885,-0.248625539,-0.229387596,-0.172486254,-0.217496211,-0.189943,-0.4534551,-0.24771899,-0.237417132,-0.247377122,-0.239265313,-0.259546109,-0.200465011,-0.18601079,-0.269579126
-0.25818962,-0.263813423,-0.24369101,-0.235279649,-0.163821832,-0.205162258,-0.199033014,-0.433647586,-0.249941806,-0.243877059,-0.233056156,-0.251732025,-0.257924669,-0.209542593,-0.194885622,-0.244433525
-0.277002424,-0.262224381,-0.241497543,-0.201060045,-0.15514205,-0.200203698,-0.19912826,-0.477184267,-0.273310472,-0.245031864,-0.241527453,-0.208532789,-0.25369142,-0.19829411,-0.187210903,-0.279998435
-0.241770412,-0.240918688,-0.248571383,-0.25947007,-0.167565115,-0.200382824,-0.202244269,-0.458353502,-0.252692986,-0.250413452,-0.243136892,-0.23781278,-0.267192345,-0.206421569,-0.193168066,-0.259008303
-0.222039822,-0.265001855,-0.234624987,-0.258591352,-0.133319422,-0.201798694,-0.184977298,-0.500060104,-0.221986827,-0.238768256,-0.26280348,-0.256622766,-0.248143256,-0.208431171,-0.184038337,-0.27630211
-0.237764035,-0.267705189,-0.24631452,-0.245436196,-0.1489419,-0.198169916,-0.214062897,-0.443344236,-0.224452443,-0.260432532,-0.251799636,-0.272729439,-0.237598566,-0.213000294,-0.204586011,-0.264068019
-0.249431234,-0.23600209,-0.253091123,-0.277703115,-0.181399303,-0.211642622,-0.188318955,-0.430136576,-0.260368547,-0.251229026,-0.263339973,-0.255318493,-0.286046534,-0.206062927,-0.194013221,-0.223274954
-0.241466077,-0.236255787,-0.241918033,-0.305641183,-0.179464267,-0.199855876,-0.190753807,-0.450200343,-0.263749972,-0.255201871,-0.255182149,-0.263182716,-0.285321817,-0.200804615,-0.206468295,-0.235041558
-0.258382232,-0.250324218,-0.245154346,-0.266992826,-0.176967116,-0.204756669,-0.193827388,-0.465689054,-0.262032625,-0.223807533,-0.257719224,-0.258373934,-0.278058957,-0.201128678,-0.20688772,-0.257065548
-0.244084722,-0.247901644,-0.239933508,-0.280435335,-0.152678859,-0.204122306,-0.187547402,-0.47135778,-0.255831246,-0.265313949,-0.234880876,-0.256203215,-0.257924384,-0.201979657,-0.193514138,-0.256569075
-0.274174725,-0.278094578,-0.25669728,-0.165927958,-0.150464984,-0.201238758,-0.183390985,-0.471159729,-0.241338794,-0.267224439,-0.26723548,-0.235025951,-0.265445097,-0.196532702,-0.21169728,-0.253455263
-0.231146918,-0.246285788,-0.239202748,-0.291781729,-0.165226651,-0.199769715,-0.199959282,-0.452618555,-0.246577051,-0.238991601,-0.266108334,-0.266963944,-0.264648501,-0.193687229,-0.197652152,-0.256282863
-0.248479312,-0.260560806,-0.235813535,-0.273237913,-0.150768921,-0.199859202,-0.20419671,-0.455816379,-0.252696983,-0.238976855,-0.257579172,-0.268933593,-0.251724198,-0.20340624,-0.202258867,-0.255866267
-0.256136108,-0.263645652,-0.244469723,-0.224792496,-0.144708112,-0.190272965,-0.198962806,-0.446579163,-0.249746733,-0.249354917,-0.273531263,-0.238263254,-0.25199592,-0.195862666,-0.195250944,-0.237252264
-0.246335087,-0.264512429,-0.256106118,-0.206737826,-0.163802662,-0.195359108,-0.199727971,-0.478108291,-0.225238115,-0.239852367,-0.250685808,-0.246485965,-0.269422679,-0.196534447,-0.211825509,-0.270180784
-0.272820291,-0.256924588,-0.255998871,-0.225902767,-0.147237394,-0.200633763,-0.204191579,-0.461617342,-0.259833286,-0.235027098,-0.257723373,-0.251484536,-0.240689663,-0.199503039,-0.201644479,-0.276901968
-0.27234075,-0.257220682,-0.251382713,-0.201441959,-0.176956049,-0.218405783,-0.196835165,-0.433253929,-0.263533308,-0.24143608,-0.276856184,-0.218855764,-0.259179652,-0.207609919,-0.198517714,-0.264982198
-0.247547909,-0.244813226,-0.259557137,-0.241013094,-0.166480708,-0.197930208,-0.188657852,-0.454883958,-0.242224064,-0.241928847,-0.243312139,-0.25082181,-0.279295973,-0.197324351,-0.20250137,-0.229449974
-0.27307097,-0.244667883,-0.247429648,-0.240315185,-0.183755893,-0.203568215,-0.190647849,-0.436649202,-0.280983107,-0.254166579,-0.251462945,-0.224332868,-0.291123728,-0.199297886,-0.191005471,-0.227782805
-0.239595682,-0.225960026,-0.251449463,-0.295326783,-0.174182745,-0.194185008,-0.207394685,-0.444777519,-0.262960949,-0.2567874,-0.220863819,-0.250436871,-0.279627734,-0.21187362,-0.215839305,-0.241693541
-0.264324105,-0.255270879,-0.257746119,-0.242820819,-0.174428766,-0.193467111,-0.214031422,-0.457334587,-0.251697453,-0.254722128,-0.248901129,-0.267951803,-0.266216101,-0.189121644,-0.187780569,-0.269261999
-0.249346755,-0.260126125,-0.234638643,-0.262569306,-0.15681519,-0.1912212,-0.204936758,-0.469115502,-0.254316546,-0.237776191,-0.249820442,-0.252230038,-0.263242762,-0.193691505,-0.204193402,-0.260316564
-0.284212268,-0.247386995,-0.261900317,-0.212097743,-0.145673193,-0.190986759,-0.202721382,-0.478311367,-0.275597205,-0.261223823,-0.268416839,-0.229341691,-0.254948929,-0.206153746,-0.191328831,-0.263404989
-0.218253394,-0.231563256,-0.237772427,-0.296889217,-0.181454236,-0.205712293,-0.205047652,-0.452663032,-0.250226372,-0.252765951,-0.235968068,-0.234486896,-0.274939955,-0.197286214,-0.208872067,-0.268104785
-0.246684116,-0.257957393,-0.240864065,-0.266868357,-0.208408068,-0.203211375,-0.204701461,-0.390184303,-0.249749378,-0.270862921,-0.259163047,-0.262643897,-0.297436877,-0.18888857,-0.205571293,-0.199289336
-0.261774214,-0.265714413,-0.255862581,-0.229471758,-0.136701875,-0.209663639,-0.19068036,-0.471070397,-0.237703656,-0.274353229,-0.252479487,-0.275334766,-0.238177986,-0.215397474,-0.190106155,-0.267836711
-0.258377089,-0.236205195,-0.252176143,-0.276656194,-0.208388688,-0.213280177,-0.200537438,-0.392618014,-0.270705707,-0.247393548,-0.25712154,-0.25273324,-0.294951864,-0.210039164,-0.192393302,-0.21584376
-0.254744708,-0.249094078,-0.253051656,-0.210193262,-0.19499995,-0.206947629,-0.202961107,-0.439706198,-0.25268086,-0.235998042,-0.256051201,-0.214191617,-0.285533096,-0.194537394,-0.214417911,-0.258082366
-0.239371643,-0.227287891,-0.226058674,-0.349570567,-0.152028302,-0.194522965,-0.204973401,-0.445180864,-0.285058813,-0.233168994,-0.213093207,-0.25858826,-0.254055793,-0.219825729,-0.211708495,-0.246702989
-0.215151351,-0.227349204,-0.227672255,-0.327632061,-0.180326513,-0.205292007,-0.191366746,-0.451658098,-0.261185733,-0.24885717,-0.253091413,-0.235725278,-0.285958327,-0.209032455,-0.194928704,-0.242024425
-0.253947634,-0.243832484,-0.242633853,-0.24385664,-0.169034874,-0.187495685,-0.192806377,-0.472012766,-0.267136083,-0.243724083,-0.261849884,-0.217892877,-0.281958417,-0.188361971,-0.18493756,-0.238186149
-0.242970098,-0.247478972,-0.253123701,-0.223282359,-0.16565128,-0.208889709,-0.211295103,-0.434992606,-0.242013507,-0.253953146,-0.249531198,-0.224904402,-0.237599872,-0.213037793,-0.207331162,-0.282578994
-0.287477134,-0.262594706,-0.273969838,-0.168095043,-0.147816714,-0.195474471,-0.184741577,-0.523013158,-0.251311165,-0.263612251,-0.261302577,-0.240360142,-0.26738384,-0.196728869,-0.185788056,-0.285464837
-0.301608482,-0.28129493,-0.264735819,-0.136620412,-0.140149533,-0.201281322,-0.185879673,-0.487968312,-0.256963391,-0.254466517,-0.249319882,-0.228201614,-0.255555301,-0.197619543,-0.20009984,-0.265382213
-0.196450807,-0.232690173,-0.235879033,-0.354530546,-0.147994034,-0.182971413,-0.199598635,-0.503071421,-0.228546612,-0.236646327,-0.238668246,-0.290946753,-0.270587589,-0.188657109,-0.210064974,-0.267278485
-0.247296103,-0.245062473,-0.249868429,-0.239068312,-0.171638203,-0.199043504,-0.200513891,-0.424480444,-0.25302691,-0.2601262,-0.228196916,-0.22860821,-0.266335845,-0.202121319,-0.206287105,-0.218098532
-0.265774092,-0.25343652,-0.246548675,-0.2464495,-0.154023714,-0.196579953,-0.174365465,-0.492362454,-0.266402117,-0.235667359,-0.236496628,-0.246814464,-0.28239778,-0.201819651,-0.186355804,-0.238135618
-0.285542338,-0.267526085,-0.26418709,-0.194544774,-0.183398191,-0.19229792,-0.204018066,-0.423876788,-0.254840866,-0.25824312,-0.250633541,-0.25509822,-0.280388217,-0.198358837,-0.19488366,-0.222317307
-0.258597879,-0.247876796,-0.250529334,-0.211296816,-0.209070194,-0.201964753,-0.202141375,-0.434621849,-0.259900399,-0.256369513,-0.242193163,-0.208100462,-0.304290085,-0.201792998,-0.179913794,-0.238446313
-0.299414802,-0.245521435,-0.266962221,-0.191917613,-0.188721166,-0.22343934,-0.197650644,-0.400202613,-0.287853784,-0.242944298,-0.260307002,-0.21503432,-0.27226424,-0.211875845,-0.19304858,-0.239428155
-0.247429753,-0.25372253,-0.240331042,-0.311029796,-0.173578759,-0.193897772,-0.204989431,-0.440799006,-0.254397148,-0.258088233,-0.270761336,-0.298125484,-0.270436873,-0.198226578,-0.211126014,-0.241194756
-0.229200411,-0.23554143,-0.250254145,-0.29224931,-0.158945806,-0.209120155,-0.184291318,-0.479723683,-0.24193178,-0.262058372,-0.241087531,-0.265266589,-0.268951821,-0.187492813,-0.186633678,-0.260901203
-0.257148794,-0.255886504,-0.247513004,-0.236937572,-0.161302739,-0.196431389,-0.194742971,-0.454705494,-0.253546319,-0.240415601,-0.227468806,-0.243994765,-0.26436045,-0.199566111,-0.19305939,-0.244868903
-0.233495165,-0.24289159,-0.254687862,-0.285984971,-0.183498751,-0.209143654,-0.207248918,-0.42963788,-0.236178292,-0.250055153,-0.249239747,-0.280940258,-0.265861865,-0.203349896,-0.212056286,-0.253735941
-0.239620373,-0.234631668,-0.249580913,-0.279457283,-0.166823325,-0.203629318,-0.198852183,-0.441407486,-0.255185344,-0.253674397,-0.257676687,-0.248857305,-0.258978386,-0.202267945,-0.205433725,-0.255301452
-0.243824995,-0.2363038,-0.249548715,-0.274913403,-0.146108533,-0.194945288,-0.192564023,-0.485836834,-0.258296821,-0.232524655,-0.26107832,-0.246201828,-0.262575617,-0.188651442,-0.197003886,-0.255516232
-0.279937321,-0.278651101,-0.259004614,-0.169146951,-0.174271182,-0.206236141,-0.213553427,-0.43045857,-0.241952992,-0.259937172,-0.25733113,-0.245454051,-0.253163333,-0.195509295,-0.202964531,-0.265431988
-0.220295123,-0.231975443,-0.23420749,-0.278351374,-0.156566359,-0.192332628,-0.206812932,-0.469978154,-0.254557642,-0.245701469,-0.255941396,-0.210214283,-0.251994691,-0.186952443,-0.208163532,-0.271031941
-0.248127294,-0.248598637,-0.256474444,-0.224706325,-0.166442717,-0.204174416,-0.194922244,-0.432167673,-0.243605346,-0.246657662,-0.261122103,-0.23380695,-0.269168271,-0.203260397,-0.200756531,-0.228905457
-0.266837491,-0.261353146,-0.259852111,-0.208555782,-0.19135514,-0.201002662,-0.196882761,-0.445982669,-0.246624798,-0.243676891,-0.246636476,-0.25025059,-0.297291981,-0.201064038,-0.209196182,-0.235667362
-0.212275461,-0.218482209,-0.255017853,-0.322422401,-0.164038306,-0.195663396,-0.209726534,-0.441013575,-0.240331258,-0.238943855,-0.271451807,-0.265638567,-0.252588573,-0.195090527,-0.213139851,-0.259839608
-0.240338792,-0.250622331,-0.234112588,-0.289544406,-0.156173276,-0.200176083,-0.199181358,-0.443454941,-0.255429383,-0.246626788,-0.228929509,-0.258611668,-0.252945974,-0.185446479,-0.20196054,-0.247034495
-0.272199456,-0.238875692,-0.260221436,-0.242565315,-0.212818393,-0.210609232,-0.215357483,-0.374798031,-0.273531674,-0.255004036,-0.248332393,-0.240690518,-0.287465702,-0.201981646,-0.201165141,-0.221225407
-0.263777259,-0.241967244,-0.256071065,-0.255482374,-0.149312797,-0.200374963,-0.199587092,-0.476642332,-0.265925037,-0.243754677,-0.253411308,-0.251406396,-0.253675475,-0.202310661,-0.205290253,-0.275421446
-0.247046517,-0.23535694,-0.249897548,-0.267363355,-0.152285479,-0.191320439,-0.21498253,-0.466002414,-0.26236754,-0.241973424,-0.247603363,-0.236200616,-0.250970285,-0.195115132,-0.207421707,-0.268321184
-0.226468119,-0.254031505,-0.239161824,-0.270002853,-0.131711281,-0.201101677,-0.189194183,-0.467816845,-0.233935826,-0.261391676,-0.257316999,-0.254929762,-0.242144767,-0.207255917,-0.187386867,-0.241256552
-0.278507049,-0.246936968,-0.271548647,-0.190496663,-0.166180963,-0.210010067,-0.20299114,-0.438542856,-0.260341835,-0.260513215,-0.257504086,-0.227508665,-0.251717803,-0.220058531,-0.204854332,-0.26493806
-0.303712519,-0.258734439,-0.269308352,-0.193367224,-0.170908504,-0.208618557,-0.20506496,-0.415812408,-0.276256666,-0.257119743,-0.248302651,-0.2480434,-0.252118393,-0.19827103,-0.205501152,-0.243326203
-0.238395084,-0.248040843,-0.238865763,-0.286020933,-0.142214727,-0.191330922,-0.204321593,-0.482208908,-0.250668721,-0.255614839,-0.264240673,-0.260394065,-0.247948507,-0.193836327,-0.20478334,-0.274885394
-0.250349856,-0.270848131,-0.236212424,-0.207105853,-0.188129569,-0.209288339,-0.214047193,-0.421900441,-0.243111448,-0.24795835,-0.23979564,-0.223017822,-0.262656327,-0.198565788,-0.215539053,-0.272320399
-0.241574306,-0.23101671,-0.239965535,-0.298046693,-0.140888662,-0.204875271,-0.189547266,-0.474815144,-0.27127361,-0.257226725,-0.24859805,-0.238498408,-0.249095017,-0.206971629,-0.183775444,-0.250041013
-0.247935973,-0.24884235,-0.245171773,-0.279485869,-0.161127187,-0.198358337,-0.189133214,-0.476567643,-0.253751476,-0.248840847,-0.240271418,-0.267830364,-0.272137787,-0.194358042,-0.185326355,-0.250876476
-0.270316945,-0.261203204,-0.266030649,-0.211375519,-0.13599069,-0.189528377,-0.209008518,-0.473578637,-0.243703068,-0.253691697,-0.27167365,-0.263278035,-0.242678233,-0.197477184,-0.212757372,-0.264592194
-0.235127866,-0.235281758,-0.242923367,-0.292418273,-0.180665856,-0.20296997,-0.20996746,-0.439545328,-0.257123599,-0.239610606,-0.248044478,-0.248879963,-0.266751966,-0.200650441,-0.214062061,-0.264640612
-0.237785535,-0.245484842,-0.25332288,-0.261425056,-0.138110099,-0.194996382,-0.199651887,-0.440502896,-0.240142656,-0.234604449,-0.261308247,-0.257483401,-0.242120104,-0.201895588,-0.196410609,-0.236282624
-0.251490999,-0.25464267,-0.244139888,-0.265920001,-0.16195227,-0.188817309,-0.209194942,-0.476111622,-0.251442124,-0.240936131,-0.226291671,-0.264842887,-0.262541101,-0.202782794,-0.204061746,-0.27604918
-0.239484838,-0.25283066,-0.240274992,-0.267250238,-0.157612891,-0.196985466,-0.204850962,-0.47526613,-0.247570708,-0.234322541,-0.23669885,-0.252139441,-0.260426677,-0.199233258,-0.215839991,-0.270757787
-0.242257884,-0.245025538,-0.268697063,-0.238603708,-0.159890465,-0.198270974,-0.208089953,-0.447913933,-0.228692357,-0.250653918,-0.252807008,-0.266169569,-0.254405176,-0.192709315,-0.208808371,-0.26678659
-0.233014593,-0.245273525,-0.247391586,-0.267612072,-0.152296884,-0.178388695,-0.204056311,-0.485667286,-0.239611594,-0.262862072,-0.264586672,-0.253938273,-0.264568778,-0.187378623,-0.193621551,-0.255447212
-0.241530431,-0.238327369,-0.242212999,-0.329818655,-0.19584918,-0.205918708,-0.203336131,-0.391871754,-0.261064588,-0.246616126,-0.243221626,-0.291434965,-0.28411539,-0.214320151,-0.198131049,-0.213427021
-0.259219804,-0.230831993,-0.274590091,-0.236732459,-0.147998639,-0.204374275,-0.19381598,-0.469465485,-0.254339875,-0.246225012,-0.264831999,-0.24803242,-0.246572092,-0.182801866,-0.190693723,-0.264812157
-0.237766438,-0.256575612,-0.239903718,-0.237405887,-0.164190181,-0.18626283,-0.209523741,-0.448069121,-0.241172433,-0.260941515,-0.257168553,-0.230092829,-0.271910765,-0.192417849,-0.229440447,-0.23462136
-0.234245278,-0.248342378,-0.25742541,-0.267567794,-0.158122576,-0.198911868,-0.207145773,-0.44656326,-0.228746877,-0.244510451,-0.253423833,-0.27896814,-0.248329854,-0.19375275,-0.193127073,-0.266268248
-0.260851582,-0.250819083,-0.259942042,-0.237643279,-0.168282241,-0.19924598,-0.208808649,-0.439943139,-0.250697531,-0.24520766,-0.247009574,-0.257510943,-0.261314556,-0.209564544,-0.201170566,-0.253269932
-0.184879118,-0.247070017,-0.225068769,-0.323856199,-0.176342748,-0.214109587,-0.202105247,-0.438554446,-0.213747645,-0.248142127,-0.24823367,-0.267909061,-0.257472487,-0.19693717,-0.193124233,-0.27533598
-0.226475553,-0.231168753,-0.245291573,-0.29936444,-0.145218431,-0.200574984,-0.194357082,-0.452937986,-0.249709153,-0.265505888,-0.246159298,-0.252342173,-0.25450656,-0.196286956,-0.187822824,-0.238043437
-0.305084521,-0.267739125,-0.259916937,-0.187456511,-0.178018772,-0.193075126,-0.207279119,-0.471999053,-0.278318737,-0.246704036,-0.247914982,-0.241265294,-0.272466833,-0.198923052,-0.189395315,-0.274958841
-0.252814567,-0.236349264,-0.271682768,-0.238612334,-0.13654534,-0.193779247,-0.194894041,-0.496782886,-0.245415641,-0.237804939,-0.24087547,-0.252765075,-0.25063468,-0.200468349,-0.219575875,-0.272058891
-0.257631462,-0.249785411,-0.2513185,-0.245078745,-0.152080045,-0.198123933,-0.19234794,-0.467697541,-0.255943982,-0.273864144,-0.256804839,-0.247812491,-0.270181689,-0.201510951,-0.206258279,-0.242006879
-0.248299556,-0.246765391,-0.254819895,-0.244646195,-0.135363794,-0.185878781,-0.189474589,-0.522623295,-0.246727122,-0.249278243,-0.251883957,-0.24780127,-0.262932519,-0.194062255,-0.204879085,-0.27722481
-0.252096441,-0.250918107,-0.254083371,-0.265930091,-0.140838074,-0.197787493,-0.209649537,-0.48642024,-0.246428297,-0.263113451,-0.246476201,-0.276346378,-0.234857692,-0.20178489,-0.20721733,-0.297818648
-0.264411375,-0.271744879,-0.239548548,-0.243861303,-0.181239328,-0.197245037,-0.205500004,-0.431175699,-0.252286659,-0.237883839,-0.235333864,-0.265434784,-0.27411023,-0.18320355,-0.209083691,-0.237393251
-0.271678241,-0.24607114,-0.264503277,-0.207431656,-0.163827696,-0.198160066,-0.203113033,-0.457829879,-0.260867488,-0.247267093,-0.240278822,-0.229837358,-0.259834065,-0.201999873,-0.192536567,-0.265641167
-0.248097612,-0.235590803,-0.241808822,-0.275055403,-0.166914226,-0.189167084,-0.202731317,-0.45136047,-0.271640705,-0.253633393,-0.242094001,-0.230572948,-0.270066418,-0.193920869,-0.196772626,-0.239470355
-0.22187054,-0.25579333,-0.239966126,-0.305886945,-0.163700576,-0.208508267,-0.195460288,-0.464701569,-0.225646717,-0.242679964,-0.231118552,-0.2973176,-0.261977466,-0.205588008,-0.197176247,-0.268024119
-0.26484437,-0.259161077,-0.259357868,-0.189889939,-0.20007383,-0.205536346,-0.20175166,-0.407828368,-0.245316019,-0.274385895,-0.261017316,-0.227494619,-0.289863728,-0.190195197,-0.20770914,-0.223561912
-0.225762049,-0.236743795,-0.242490746,-0.285816517,-0.180804193,-0.209508909,-0.201921812,-0.405273975,-0.247007673,-0.232356218,-0.242763399,-0.243771516,-0.268772996,-0.20685058,-0.19879579,-0.229715151
-0.272467193,-0.243878355,-0.258769454,-0.241952176,-0.171539827,-0.200570286,-0.203226445,-0.450564966,-0.269157227,-0.259236773,-0.242098859,-0.24701872,-0.272283203,-0.207231061,-0.200021861,-0.254401517
-0.303256466,-0.261286277,-0.270553187,-0.146120421,-0.158398708,-0.216531501,-0.193755035,-0.432519026,-0.272435049,-0.249066597,-0.254678131,-0.210514925,-0.250789407,-0.203685929,-0.201149742,-0.248603963
-0.259837745,-0.226028562,-0.26687687,-0.254078984,-0.167603689,-0.195849207,-0.201933228,-0.432564285,-0.268188101,-0.236366711,-0.249362248,-0.238420999,-0.266493314,-0.19580734,-0.17779556,-0.230443815
-0.272304421,-0.249820513,-0.257881444,-0.217608068,-0.164586665,-0.198984661,-0.198638656,-0.475469592,-0.265094008,-0.243807923,-0.262265001,-0.232247396,-0.269216898,-0.211617871,-0.201949832,-0.269746227
-0.228930041,-0.251249251,-0.232858306,-0.30454698,-0.204374388,-0.200645482,-0.213790019,-0.408018445,-0.245855822,-0.236210404,-0.247410214,-0.272852509,-0.286358632,-0.198999547,-0.202893143,-0.235865453
-0.214415323,-0.234435256,-0.242497696,-0.30938964,-0.172358146,-0.205274963,-0.197955278,-0.45057439,-0.237929281,-0.244473066,-0.260011616,-0.262615264,-0.270951961,-0.196676318,-0.216617332,-0.256103691
-0.264837343,-0.265810223,-0.228861788,-0.248708579,-0.18759745,-0.205413135,-0.208816608,-0.42005949,-0.270994234,-0.288969165,-0.242389793,-0.236118824,-0.268148375,-0.203615877,-0.194692258,-0.253220386
-0.236896604,-0.245951981,-0.269088261,-0.236956732,-0.155386168,-0.192820061,-0.195251302,-0.472322469,-0.222226572,-0.246263998,-0.242613667,-0.267070455,-0.262419671,-0.174752979,-0.177202328,-0.255514701
-0.265204481,-0.251560124,-0.26014319,-0.208667526,-0.192936004,-0.200740626,-0.191873232,-0.442774779,-0.252609105,-0.240214389,-0.242499449,-0.232947047,-0.295743782,-0.190149183,-0.183634564,-0.234626686
-0.250492773,-0.238442785,-0.277759862,-0.209879021,-0.148775509,-0.195181374,-0.185067261,-0.466254613,-0.235911274,-0.241054384,-0.277398944,-0.239913549,-0.265208324,-0.184778793,-0.200102602,-0.234043217
-0.27929788,-0.260866862,-0.273853925,-0.188247938,-0.15809071,-0.197970334,-0.201826647,-0.44438492,-0.243974954,-0.253683733,-0.262283814,-0.259008536,-0.255110485,-0.197235686,-0.195973,-0.247424572
-0.261027754,-0.257518362,-0.245754552,-0.242106103,-0.168029558,-0.201680837,-0.205058693,-0.420204464,-0.258849269,-0.262166246,-0.25478063,-0.24774569,-0.25917708,-0.19071918,-0.21512911,-0.24363797
-0.226425769,-0.224202668,-0.234018259,-0.311918428,-0.152786561,-0.206650823,-0.203058155,-0.454899982,-0.270749295,-0.245454597,-0.24503104,-0.225859939,-0.238401481,-0.182257646,-0.19512343,-0.270310058
-0.259410683,-0.248435328,-0.263301667,-0.243849619,-0.176397962,-0.215837204,-0.203919297,-0.406655778,-0.247583896,-0.263795866,-0.253155456,-0.267554156,-0.253258524,-0.198266464,-0.216374509,-0.245796652
-0.26759786,-0.262336953,-0.263966543,-0.207941561,-0.179241101,-0.206001628,-0.189177926,-0.453560269,-0.241067848,-0.274541218,-0.259067961,-0.259196335,-0.287408196,-0.209711921,-0.207049117,-0.24014823
-0.25648322,-0.264494787,-0.243182022,-0.227529505,-0.170270362,-0.206420829,-0.206349517,-0.42633185,-0.248225021,-0.254589607,-0.250777219,-0.243768011,-0.253697048,-0.186943709,-0.207393563,-0.254327766
-0.26698982,-0.281367545,-0.230420137,-0.219658055,-0.113862435,-0.195988329,-0.184631532,-0.534352508,-0.255416498,-0.272455058,-0.251831759,-0.241621021,-0.238925302,-0.206609716,-0.200741084,-0.287204932
-0.273785601,-0.251856846,-0.240212005,-0.245878826,-0.169228736,-0.20955409,-0.198523758,-0.448129472,-0.284123236,-0.277040644,-0.256388229,-0.226840287,-0.266409019,-0.205841251,-0.217606675,-0.265359306
-0.245438486,-0.248172339,-0.241842726,-0.257475708,-0.186519792,-0.200213551,-0.211166461,-0.421026459,-0.255984154,-0.261271257,-0.251042649,-0.237587172,-0.276637438,-0.201928888,-0.206039686,-0.246449475
-0.240597858,-0.24523468,-0.257864454,-0.222787086,-0.118263485,-0.188397549,-0.176838016,-0.523008602,-0.237704554,-0.228965474,-0.255508221,-0.228824237,-0.256581766,-0.191860673,-0.195376258,-0.255364535
-0.28497523,-0.25252573,-0.268680377,-0.189214701,-0.176147165,-0.205965564,-0.188248201,-0.423302965,-0.265957518,-0.263213012,-0.265886168,-0.228231888,-0.281391717,-0.196284871,-0.209845499,-0.21283664
-0.238324457,-0.250755481,-0.236319929,-0.270330622,-0.154626018,-0.198754457,-0.209911223,-0.437375131,-0.251834059,-0.253495527,-0.260432789,-0.244524165,-0.24269984,-0.192595348,-0.199350464,-0.254935434
-0.24672238,-0.252318893,-0.233939543,-0.264656738,-0.171505092,-0.201855266,-0.208883037,-0.448626831,-0.25972211,-0.255454571,-0.23858651,-0.238517561,-0.26495009,-0.207992945,-0.218679361,-0.267722844
-0.242930387,-0.243772055,-0.248131215,-0.277810131,-0.161536966,-0.199220374,-0.204855115,-0.437715378,-0.250085371,-0.2603675,-0.24563778,-0.262731923,-0.262939303,-0.20645879,-0.205532507,-0.236058916
-0.220898269,-0.248748252,-0.247908373,-0.248002366,-0.18995567,-0.199941121,-0.19531339,-0.436918545,-0.224102109,-0.252831264,-0.240631917,-0.2410764,-0.286238568,-0.194455361,-0.195553319,-0.235356243
-0.262407887,-0.259296768,-0.255242675,-0.206111285,-0.138461595,-0.194285472,-0.178904577,-0.524370286,-0.24847409,-0.248032871,-0.253046669,-0.233997758,-0.276244931,-0.20352644,-0.20118895,-0.260897706
-0.247421836,-0.246176055,-0.238761815,-0.281698414,-0.187952597,-0.196275701,-0.208986371,-0.4047525,-0.261014184,-0.272557855,-0.25730974,-0.25191797,-0.279606849,-0.192048342,-0.201064603,-0.215691328
-0.289110852,-0.24698562,-0.26379742,-0.21232778,-0.154467989,-0.187027228,-0.206536545,-0.508337918,-0.277986238,-0.273046848,-0.248973429,-0.234145015,-0.259633934,-0.193495845,-0.170335117,-0.284543793
-0.256187057,-0.255417418,-0.243193173,-0.246071326,-0.159722259,-0.201153583,-0.201951013,-0.459822498,-0.257986604,-0.233411407,-0.251613439,-0.242558523,-0.253900359,-0.214872984,-0.182104746,-0.263944901
-0.255866995,-0.261039091,-0.24217238,-0.246595465,-0.183936027,-0.209250214,-0.206994938,-0.426994036,-0.253687217,-0.250803672,-0.258311173,-0.252560923,-0.271506645,-0.192421053,-0.204147973,-0.256906968
-0.252845761,-0.239074549,-0.268387196,-0.210939371,-0.165188151,-0.196870182,-0.20303749,-0.446948499,-0.245430047,-0.241237465,-0.249729932,-0.226337638,-0.265885511,-0.198310456,-0.210136134,-0.243895982
-0.262485817,-0.264324032,-0.246797766,-0.220509579,-0.13808883,-0.21375281,-0.190455862,-0.451180207,-0.251491887,-0.267219246,-0.252107103,-0.242201045,-0.232744696,-0.210642517,-0.202962234,-0.265301845
-0.259609349,-0.259352918,-0.261836003,-0.242005524,-0.18402796,-0.197758041,-0.207075495,-0.435130829,-0.238292715,-0.252165689,-0.252785621,-0.284599338,-0.277905268,-0.205574056,-0.201262458,-0.251259619
-0.216637919,-0.252338078,-0.233127916,-0.300506107,-0.165811625,-0.215208636,-0.202112471,-0.425191585,-0.231385043,-0.255930951,-0.242651436,-0.269896824,-0.24311345,-0.201452931,-0.185029347,-0.260359814
-0.264147348,-0.251855207,-0.251595663,-0.220770062,-0.183633234,-0.205106337,-0.198688747,-0.441616262,-0.261026059,-0.242004207,-0.23018559,-0.228088093,-0.281795958,-0.214951486,-0.194635614,-0.249684722
-0.21837993,-0.241657314,-0.235218426,-0.286329771,-0.151193879,-0.199091832,-0.202067641,-0.46578781,-0.239021517,-0.24014207,-0.209266074,-0.242829245,-0.254668384,-0.206008351,-0.194423298,-0.26302329
-0.253036036,-0.273867575,-0.244669084,-0.231000945,-0.167951466,-0.196850189,-0.196233219,-0.458636454,-0.233790054,-0.265286661,-0.263009437,-0.270302192,-0.274718862,-0.200077671,-0.193657692,-0.245730607
-0.251638024,-0.247357508,-0.268606409,-0.2128469,-0.149264551,-0.194371055,-0.199457761,-0.43336944,-0.235397984,-0.247956487,-0.243724216,-0.244977017,-0.252953197,-0.204091041,-0.178252602,-0.227428508
-0.249471016,-0.254673951,-0.236564442,-0.275842676,-0.167215919,-0.20719501,-0.197798944,-0.429992624,-0.258632134,-0.245537903,-0.241702614,-0.257410663,-0.265419659,-0.204655764,-0.192146192,-0.231932673
-0.269373581,-0.258496717,-0.258653454,-0.208648221,-0.179323159,-0.215871092,-0.196163913,-0.430161313,-0.251466795,-0.270887903,-0.241140535,-0.243290196,-0.271004798,-0.219425782,-0.191477554,-0.245992793
-0.280680617,-0.276964326,-0.244321801,-0.183100299,-0.169478497,-0.197639156,-0.201437542,-0.474753519,-0.25977024,-0.261477827,-0.251846159,-0.224889864,-0.266746814,-0.205838533,-0.199951071,-0.276564352
-0.300356866,-0.276574455,-0.259286821,-0.157941719,-0.166687399,-0.194686768,-0.209128269,-0.432786828,-0.263914254,-0.244419152,-0.24532828,-0.231168667,-0.259100984,-0.196046792,-0.199060252,-0.247166985
-0.242760831,-0.254307901,-0.256556407,-0.250322359,-0.145093519,-0.208263419,-0.184809629,-0.475663753,-0.233500052,-0.246623528,-0.26304397,-0.268890527,-0.253151941,-0.212152156,-0.192972056,-0.264360773
-0.260176233,-0.252222366,-0.256182574,-0.228539301,-0.135797905,-0.189563565,-0.195244244,-0.459014268,-0.251669961,-0.250976451,-0.25407343,-0.244987577,-0.250369607,-0.200295654,-0.207972097,-0.233412917
-0.221996445,-0.230712924,-0.253481842,-0.314860581,-0.201679529,-0.209595961,-0.211406637,-0.399214042,-0.239292223,-0.233615938,-0.236289938,-0.279173091,-0.277683534,-0.210432645,-0.202067975,-0.245520189
-0.25155409,-0.248413586,-0.249662289,-0.285785293,-0.185245549,-0.19344812,-0.204305127,-0.445840053,-0.253731484,-0.251137626,-0.266081529,-0.281589172,-0.288289047,-0.201043678,-0.211966056,-0.242134741
-0.259570224,-0.256963016,-0.260037229,-0.189139556,-0.173627099,-0.210681326,-0.200704806,-0.437161037,-0.241282579,-0.272608901,-0.269731512,-0.224323691,-0.258434182,-0.208187828,-0.205762677,-0.266345209
-0.250907158,-0.253005392,-0.241157567,-0.257673873,-0.150134071,-0.193405088,-0.180229946,-0.507923854,-0.254342664,-0.223174765,-0.232901364,-0.246491853,-0.277529819,-0.193137215,-0.192303361,-0.254862788
-0.241348096,-0.241378395,-0.257037108,-0.25434557,-0.168814276,-0.192908347,-0.2047744,-0.455277966,-0.243646885,-0.259886614,-0.25798434,-0.251097534,-0.272541615,-0.201214132,-0.1999599,-0.252936428
-0.239063947,-0.239340199,-0.254801798,-0.275629901,-0.146901416,-0.200908304,-0.202421803,-0.510333284,-0.243728863,-0.226804162,-0.259054388,-0.263706755,-0.246812736,-0.208729132,-0.192548149,-0.310496315
-0.248372393,-0.252962977,-0.268076614,-0.224162203,-0.194843823,-0.209269701,-0.195813834,-0.411771224,-0.227760516,-0.233471559,-0.262176767,-0.264079362,-0.290607673,-0.194338455,-0.187084135,-0.22062531
-0.260593956,-0.255974685,-0.244269482,-0.246052273,-0.173294692,-0.200389114,-0.187401323,-0.474788106,-0.260550117,-0.251353174,-0.243370238,-0.245940315,-0.285800269,-0.205839955,-0.194755764,-0.254596698
-0.209010414,-0.226266916,-0.248256349,-0.32825147,-0.15357521,-0.204362899,-0.206488169,-0.453615661,-0.234271272,-0.237183201,-0.238057481,-0.278473562,-0.240490928,-0.211776876,-0.194609669,-0.277450181
-0.282549944,-0.268116315,-0.260827735,-0.195073118,-0.16703428,-0.19442786,-0.204854035,-0.446935729,-0.252912962,-0.251505316,-0.247457653,-0.25310361,-0.270015128,-0.190704907,-0.211371269,-0.246455238
-0.249119544,-0.251102358,-0.255923029,-0.261454423,-0.151214511,-0.20035252,-0.197439544,-0.469388893,-0.241502815,-0.243572807,-0.265216312,-0.275932572,-0.255331328,-0.207315423,-0.189436879,-0.263175949
-0.244189894,-0.264940765,-0.231277641,-0.249640682,-0.117204043,-0.182463531,-0.19621491,-0.511400785,-0.248655967,-0.246483321,-0.263147137,-0.241818939,-0.247830161,-0.198499642,-0.202466191,-0.261275715
-0.225954528,-0.251109281,-0.243677339,-0.288032643,-0.183424764,-0.197426501,-0.211248966,-0.416984396,-0.231178203,-0.246620706,-0.248565248,-0.277899509,-0.276441261,-0.213045177,-0.194157151,-0.230424327
-0.255631515,-0.239409213,-0.248941759,-0.274647142,-0.161346247,-0.213847606,-0.189044101,-0.463847561,-0.268414333,-0.251871053,-0.258531977,-0.24893472,-0.2500964,-0.19617259,-0.186234391,-0.28250164
-0.253883327,-0.261767358,-0.25381499,-0.235001632,-0.145432864,-0.192401768,-0.199159015,-0.476087609,-0.237856249,-0.259515421,-0.240427795,-0.26615542,-0.248309618,-0.21926236,-0.19488125,-0.267173125
-0.283552122,-0.262797763,-0.262439804,-0.211074786,-0.18136308,-0.222286488,-0.201093705,-0.439389508,-0.258317157,-0.250545181,-0.264456148,-0.261911185,-0.255129858,-0.210686063,-0.18978326,-0.286641103
-0.241725862,-0.254525015,-0.28126732,-0.198920114,-0.176965185,-0.202092326,-0.195687842,-0.486829106,-0.207864472,-0.245289553,-0.246002464,-0.266590843,-0.284671439,-0.192290306,-0.195375927,-0.275758995
-0.247096537,-0.246022568,-0.258330585,-0.253789567,-0.130099593,-0.208845455,-0.195745952,-0.49070501,-0.243585849,-0.244178333,-0.238930293,-0.262049558,-0.233422497,-0.20603682,-0.196883077,-0.291383803
-0.250386509,-0.253578475,-0.266423755,-0.203043371,-0.13012838,-0.187630641,-0.185750007,-0.513844271,-0.229937185,-0.243776716,-0.258105076,-0.243437683,-0.255523348,-0.194176749,-0.192094599,-0.265801103
-0.248951446,-0.256335779,-0.250456847,-0.260476469,-0.172458158,-0.201363557,-0.215444632,-0.447093745,-0.242393206,-0.25149271,-0.254343113,-0.274018717,-0.258280657,-0.196000646,-0.198349184,-0.279326775
-0.269933503,-0.239556836,-0.260069771,-0.242108695,-0.146184294,-0.18791632,-0.204075207,-0.463695927,-0.271699348,-0.250341989,-0.241707856,-0.240013672,-0.257133917,-0.208909435,-0.21073812,-0.248554718
-0.225662331,-0.234419492,-0.231515923,-0.314668011,-0.173487884,-0.198722615,-0.208497224,-0.443959192,-0.260475818,-0.251643779,-0.258129188,-0.244540403,-0.262113118,-0.198903407,-0.191633395,-0.260755032
-0.234402194,-0.241560296,-0.23510988,-0.30246628,-0.16491482,-0.19306315,-0.197605433,-0.480241081,-0.258160848,-0.251179912,-0.251068065,-0.25469043,-0.274220822,-0.19702311,-0.212435532,-0.259907476
-0.257441733,-0.242144011,-0.258277144,-0.2635433,-0.180461667,-0.195790181,-0.206180216,-0.426227166,-0.256786773,-0.254208939,-0.263861247,-0.265557413,-0.274513265,-0.193711097,-0.208650794,-0.23016946
-0.230354517,-0.240258995,-0.263141424,-0.287531618,-0.184653341,-0.201157692,-0.207619572,-0.457042014,-0.226393179,-0.248569297,-0.259385721,-0.295969035,-0.273652432,-0.213910101,-0.220458118,-0.276546836
-0.269679062,-0.251193025,-0.258945116,-0.215107801,-0.137979218,-0.199443562,-0.196867188,-0.482648464,-0.260297771,-0.26107573,-0.255076816,-0.234727516,-0.247139449,-0.220926608,-0.192521503,-0.271133135
-0.20947842,-0.239695192,-0.24798885,-0.272100242,-0.178636018,-0.206530175,-0.204330597,-0.421997308,-0.221254947,-0.252844347,-0.258420846,-0.247774398,-0.268135185,-0.18813777,-0.203642871,-0.241523741
-0.277484354,-0.258442989,-0.238960429,-0.227687579,-0.137123462,-0.196452753,-0.203102111,-0.441194793,-0.279773394,-0.243477693,-0.235207238,-0.222137374,-0.23456346,-0.197177803,-0.19212103,-0.245023228
-0.246413318,-0.244478877,-0.254232844,-0.265421446,-0.154646877,-0.193999987,-0.199023625,-0.471835272,-0.247744967,-0.228834391,-0.238494196,-0.261304553,-0.267208083,-0.188178609,-0.219899262,-0.254201635
-0.279088083,-0.265144321,-0.260935264,-0.206114717,-0.179969262,-0.211100253,-0.202654044,-0.418587839,-0.250646381,-0.284604929,-0.241069842,-0.260304225,-0.263836399,-0.211783058,-0.19592154,-0.249141932
-0.24623015,-0.25672645,-0.254083864,-0.222318237,-0.182022489,-0.199613983,-0.208730749,-0.431959446,-0.234286128,-0.247623151,-0.262052703,-0.245496637,-0.26615511,-0.200287793,-0.214458511,-0.254017333
-0.254127916,-0.259692948,-0.240296618,-0.222514279,-0.187280558,-0.188668628,-0.211568048,-0.418348116,-0.247603006,-0.232726744,-0.247116687,-0.224669268,-0.287280912,-0.18477901,-0.205494905,-0.213465487
-0.244623656,-0.229303721,-0.250331176,-0.253441722,-0.159659585,-0.206296257,-0.19447193,-0.461717323,-0.268060645,-0.242132222,-0.247273639,-0.213409057,-0.260967893,-0.204924524,-0.205998241,-0.256462086
-0.216558809,-0.245593917,-0.226948221,-0.302568823,-0.177209311,-0.205534108,-0.195739468,-0.436230911,-0.244962334,-0.244225238,-0.242900668,-0.248460387,-0.275928981,-0.20828855,-0.19476979,-0.240184318
-0.285339034,-0.274013909,-0.263888223,-0.163231194,-0.16137769,-0.207942433,-0.216510266,-0.421953867,-0.24821045,-0.279557651,-0.274165762,-0.237007249,-0.233908194,-0.187104569,-0.216778324,-0.273104273
-0.25913453,-0.251664945,-0.25269313,-0.21810571,-0.191533198,-0.192703955,-0.202471582,-0.432485379,-0.255557065,-0.245272119,-0.238828769,-0.226333291,-0.297260051,-0.198926551,-0.202990011,-0.2265294
-0.230159173,-0.238548322,-0.239236281,-0.279357685,-0.11884022,-0.200869416,-0.173053011,-0.520176588,-0.252632777,-0.24396033,-0.249145868,-0.234627097,-0.239587608,-0.190811321,-0.19823467,-0.267899768
-0.235242978,-0.248501337,-0.232934585,-0.280026636,-0.185191402,-0.201694425,-0.203611786,-0.454708404,-0.25388798,-0.241413938,-0.260170209,-0.24230638,-0.275038141,-0.21279245,-0.194696348,-0.274037718
-0.269335014,-0.255467944,-0.268483774,-0.199089785,-0.155173757,-0.191282633,-0.198740497,-0.500822414,-0.243845899,-0.262481986,-0.25629875,-0.248837056,-0.260857712,-0.19353837,-0.190619754,-0.28440678
-0.225285024,-0.256569465,-0.244890924,-0.287933058,-0.160212989,-0.197520494,-0.224960239,-0.441421993,-0.222982435,-0.259400214,-0.261405853,-0.291434343,-0.233047387,-0.188348456,-0.20261962,-0.289272723
-0.256786706,-0.259600966,-0.264562926,-0.211049158,-0.158306513,-0.188186873,-0.192699016,-0.475482562,-0.231733497,-0.266437344,-0.246622034,-0.261032417,-0.283033076,-0.200714958,-0.186057633,-0.234160114
-0.197847718,-0.239584646,-0.23244245,-0.331352849,-0.14444261,-0.198312382,-0.207466623,-0.437200881,-0.225688516,-0.262190842,-0.226976317,-0.274996307,-0.238286071,-0.200190134,-0.191671324,-0.247151636
-0.275564796,-0.251463228,-0.257291842,-0.195722741,-0.133345952,-0.193965244,-0.179248629,-0.521232344,-0.267080241,-0.266920542,-0.243030608,-0.213823502,-0.260876489,-0.202958718,-0.186155838,-0.263287329
-0.278586905,-0.238929249,-0.273804166,-0.203449509,-0.146934687,-0.207010511,-0.194943705,-0.440376323,-0.265993176,-0.243251564,-0.273396359,-0.228382915,-0.248682956,-0.193953139,-0.196618163,-0.240989895
-0.219868394,-0.244222112,-0.233360372,-0.305863016,-0.179236071,-0.200515081,-0.20094646,-0.458249896,-0.241535376,-0.248257093,-0.269162917,-0.263303016,-0.272407054,-0.196950769,-0.212152053,-0.264686266
-0.267176606,-0.267853562,-0.259659402,-0.201350089,-0.141698384,-0.199855044,-0.19895871,-0.466084545,-0.240916638,-0.242723935,-0.258336127,-0.256627948,-0.241026254,-0.196095618,-0.199759024,-0.262414935
-0.241093183,-0.242957534,-0.234659527,-0.2940886,-0.189929443,-0.212574391,-0.201537897,-0.419014286,-0.263768256,-0.238937017,-0.260105876,-0.249203776,-0.277330191,-0.200110122,-0.190862754,-0.241385186
-0.222890124,-0.247011675,-0.240443755,-0.278475849,-0.187150161,-0.208398064,-0.192588653,-0.417425855,-0.236061243,-0.243670202,-0.236183046,-0.251922058,-0.286140098,-0.203844185,-0.200599394,-0.219699222
-0.240518723,-0.241755427,-0.239150656,-0.283558077,-0.166575961,-0.201256267,-0.214530347,-0.446459369,-0.25831612,-0.256024608,-0.236334857,-0.247460902,-0.247661635,-0.213828006,-0.201315201,-0.27342833
-0.249948978,-0.245281682,-0.255056686,-0.255843593,-0.133456717,-0.195627845,-0.192207147,-0.498089022,-0.248540452,-0.250273224,-0.271272944,-0.258181139,-0.24816205,-0.209295015,-0.19630865,-0.275113511
-0.25072274,-0.246918082,-0.244680732,-0.222037127,-0.176988226,-0.194504703,-0.210365167,-0.425763745,-0.258903094,-0.262530446,-0.247955068,-0.205086536,-0.274370313,-0.211614709,-0.201250201,-0.2262931
-0.242631741,-0.261192605,-0.268545448,-0.223314468,-0.16187699,-0.195104047,-0.200752754,-0.445976419,-0.213748918,-0.254496863,-0.257929305,-0.283061029,-0.266791813,-0.196024374,-0.19507147,-0.235624504
-0.22169957,-0.22574271,-0.259526424,-0.289274145,-0.147702756,-0.185001262,-0.189735269,-0.501103353,-0.237650586,-0.243150045,-0.253113213,-0.257162527,-0.284748704,-0.214115959,-0.203670291,-0.246449257
-0.259869391,-0.245625144,-0.24525316,-0.245766893,-0.171918151,-0.205528347,-0.198837853,-0.445942692,-0.267362537,-0.230358591,-0.246647924,-0.229100056,-0.26812071,-0.198504065,-0.197293791,-0.254455476
-0.218616221,-0.242443064,-0.244935603,-0.285964179,-0.200604155,-0.211433646,-0.204808819,-0.415448408,-0.231734029,-0.255934567,-0.251974608,-0.259929133,-0.280542282,-0.197818953,-0.201345075,-0.246535429
-0.256550255,-0.253725711,-0.256100475,-0.238978943,-0.141779981,-0.187447099,-0.187327511,-0.516194506,-0.246766381,-0.258350926,-0.251578531,-0.257973732,-0.268901905,-0.209947891,-0.186330771,-0.268564626
-0.293988004,-0.261467982,-0.258134828,-0.194764905,-0.18487976,-0.187590616,-0.205628076,-0.453231483,-0.274732969,-0.251171343,-0.252048444,-0.234042735,-0.291970948,-0.193693837,-0.197481662,-0.238910904
-0.245052877,-0.236052802,-0.242388796,-0.300009746,-0.123911156,-0.205899213,-0.177965682,-0.48899151,-0.266711882,-0.249209627,-0.248990646,-0.256863103,-0.238316147,-0.201333979,-0.196067045,-0.263824465
-0.260616902,-0.255372629,-0.234812748,-0.271752887,-0.169017949,-0.189897023,-0.204284495,-0.464948419,-0.267205875,-0.254013818,-0.230201269,-0.253044653,-0.271004371,-0.197530447,-0.198319497,-0.254582812
-0.219868192,-0.255047184,-0.251621024,-0.270802005,-0.147556948,-0.200321309,-0.19481263,-0.497759234,-0.211622928,-0.262573974,-0.285357581,-0.285332701,-0.250054853,-0.192921815,-0.206014707,-0.286225613
-0.292683357,-0.252713593,-0.25778404,-0.215701214,-0.182426929,-0.188482384,-0.206041483,-0.43521123,-0.281930087,-0.251320317,-0.256312188,-0.237299834,-0.290676047,-0.199864139,-0.205750825,-0.220941023
-0.262510904,-0.264526551,-0.244773914,-0.248583939,-0.149931454,-0.196233499,-0.196579285,-0.476480833,-0.25253989,-0.23569228,-0.260936092,-0.268119552,-0.26150235,-0.199591643,-0.190513738,-0.259268795
-0.248787729,-0.23745351,-0.245451544,-0.281984807,-0.150431773,-0.180498221,-0.211974706,-0.466556078,-0.265837174,-0.257297908,-0.238829103,-0.246754948,-0.254504815,-0.193339675,-0.199509539,-0.250203999
-0.229448795,-0.253800539,-0.24301363,-0.286852984,-0.169511568,-0.198591204,-0.195768367,-0.453966679,-0.233309115,-0.237721435,-0.256412055,-0.279684683,-0.275501525,-0.207067566,-0.198093389,-0.247702754
-0.242087182,-0.254612623,-0.234996705,-0.276742588,-0.184308911,-0.19573604,-0.208647635,-0.422310139,-0.261476968,-0.262450968,-0.228688574,-0.263029684,-0.277760342,-0.18812887,-0.200609701,-0.229273268
-0.23089371,-0.247258793,-0.246775531,-0.263917322,-0.175929759,-0.214809888,-0.194691628,-0.431242769,-0.236492911,-0.229844804,-0.241822455,-0.251739151,-0.261072088,-0.209290715,-0.211650587,-0.251671117
-0.241973697,-0.253028241,-0.244985599,-0.25638699,-0.175486107,-0.208728364,-0.203401079,-0.414550974,-0.243917128,-0.256464299,-0.247331766,-0.252383283,-0.263901599,-0.206881815,-0.201661988,-0.233111611
-0.248214429,-0.243268056,-0.269942487,-0.219246545,-0.179926624,-0.196089184,-0.206685043,-0.446770819,-0.235474417,-0.263021926,-0.249066938,-0.243652498,-0.282087452,-0.192173925,-0.190962531,-0.238425493
-0.232049619,-0.219797622,-0.271206517,-0.244643183,-0.167437226,-0.203899656,-0.198274209,-0.457006453,-0.240902715,-0.214896532,-0.264077452,-0.228092929,-0.268057928,-0.199778623,-0.199619815,-0.254395797
-0.239363412,-0.236917052,-0.261016884,-0.264879619,-0.195168174,-0.18740493,-0.232548679,-0.401031045,-0.241254662,-0.238125398,-0.250802059,-0.261056988,-0.270296501,-0.188463682,-0.216075482,-0.244221335
-0.256215926,-0.268694932,-0.240279801,-0.259097306,-0.179565615,-0.196317503,-0.208932372,-0.417918921,-0.248992735,-0.265866254,-0.268091636,-0.273625693,-0.276790115,-0.204477786,-0.197337771,-0.230827136
-0.244630139,-0.255148903,-0.261443471,-0.244554528,-0.140485552,-0.193874872,-0.189313019,-0.477170159,-0.227854871,-0.239752688,-0.248279217,-0.276826155,-0.259950191,-0.194488323,-0.213338574,-0.245281013
-0.202276896,-0.225475978,-0.242208265,-0.331640723,-0.156022078,-0.196016492,-0.200023991,-0.494078361,-0.236020591,-0.235060378,-0.250892759,-0.265737655,-0.26593523,-0.197473885,-0.202143253,-0.280781298
-0.239477644,-0.250836391,-0.250495934,-0.261326538,-0.165074064,-0.209209483,-0.193445188,-0.452778143,-0.238317579,-0.252353536,-0.233596874,-0.263634602,-0.2672102,-0.196906997,-0.211530832,-0.250901324
-0.275223247,-0.262121636,-0.250496706,-0.212273629,-0.169900953,-0.204468401,-0.211248236,-0.413778255,-0.260611293,-0.230582697,-0.245807061,-0.237650072,-0.25176518,-0.20513311,-0.206903937,-0.248695181
-0.24902143,-0.247110899,-0.272526108,-0.22883098,-0.186799069,-0.209054468,-0.198482278,-0.40174277,-0.2296284,-0.254307854,-0.256205387,-0.269759519,-0.280157454,-0.200552004,-0.21180914,-0.213858944
-0.250207054,-0.246589259,-0.238007768,-0.257232661,-0.183619866,-0.198653527,-0.213181917,-0.410838328,-0.264799066,-0.246970482,-0.270261262,-0.226636024,-0.270593887,-0.20777434,-0.202638572,-0.240662673
-0.226896746,-0.239016798,-0.233768792,-0.297277318,-0.146491757,-0.181785291,-0.20952372,-0.476415618,-0.25489877,-0.236375008,-0.249973559,-0.243485597,-0.265340014,-0.208535441,-0.210046025,-0.246683295
-0.248865902,-0.248416618,-0.239707384,-0.264242565,-0.17705267,-0.214056846,-0.198732501,-0.433073563,-0.260471037,-0.255443605,-0.242259698,-0.240180534,-0.259367683,-0.193540774,-0.179277155,-0.259485217
-0.28610522,-0.266442295,-0.267592072,-0.148696609,-0.173423849,-0.219940731,-0.19184474,-0.43399877,-0.252101848,-0.251550816,-0.249500247,-0.217411902,-0.265656091,-0.213140561,-0.207612955,-0.255353125
-0.242766283,-0.237544186,-0.252955365,-0.250721535,-0.138365324,-0.194635977,-0.207030542,-0.4615134,-0.252256679,-0.253441962,-0.237935769,-0.231161305,-0.240492326,-0.193628922,-0.192837842,-0.262153613
-0.297113094,-0.274613996,-0.25761193,-0.166416387,-0.181794484,-0.201799428,-0.193492724,-0.423847598,-0.265514751,-0.269234374,-0.242810827,-0.230604107,-0.287880195,-0.202026188,-0.205368832,-0.214806822
-0.238187804,-0.239729853,-0.244667829,-0.278413149,-0.169474498,-0.202612975,-0.194095832,-0.418312004,-0.254361223,-0.253103643,-0.242998809,-0.246717494,-0.269805701,-0.196125785,-0.203889847,-0.210918839
-0.25417779,-0.2724256,-0.252027334,-0.214157317,-0.13668925,-0.195097237,-0.196402636,-0.502570902,-0.229197738,-0.273932455,-0.259612209,-0.266245048,-0.251640903,-0.198199446,-0.192404204,-0.278414352
-0.262474807,-0.251518241,-0.259860812,-0.232039446,-0.170784537,-0.192593021,-0.213757739,-0.407731263,-0.251013343,-0.244885592,-0.25501454,-0.254955358,-0.261913152,-0.189972351,-0.208398785,-0.22220112
-0.212170588,-0.20957407,-0.246634419,-0.334995958,-0.161110727,-0.205594802,-0.207972267,-0.434886361,-0.256636287,-0.255723753,-0.256204001,-0.24874726,-0.250596038,-0.204109919,-0.18007489,-0.258480687
-0.271376904,-0.234391304,-0.265350537,-0.222606708,-0.143055379,-0.205676475,-0.189386038,-0.468454426,-0.272457587,-0.249750726,-0.24880988,-0.221307229,-0.245921796,-0.199193086,-0.195978391,-0.268407991
-0.245557601,-0.251438454,-0.257526777,-0.237634206,-0.170965577,-0.199243112,-0.212542491,-0.433619797,-0.237828652,-0.261844657,-0.234759136,-0.254456718,-0.259328329,-0.200991362,-0.220410624,-0.259168293
-0.23064616,-0.235778238,-0.240193309,-0.3149945,-0.139912066,-0.184731847,-0.205370722,-0.466673494,-0.254614704,-0.249114159,-0.252641718,-0.265936389,-0.249218827,-0.192744368,-0.18451158,-0.241642468
-0.268329201,-0.275777092,-0.245105492,-0.221954976,-0.152994681,-0.19322373,-0.188660369,-0.498202673,-0.248706811,-0.238823321,-0.250419089,-0.261835925,-0.274847249,-0.181338592,-0.204687298,-0.248764823
-0.237379319,-0.234118448,-0.260435373,-0.283217995,-0.126423409,-0.197472208,-0.185032224,-0.520497765,-0.243646267,-0.247948721,-0.254469759,-0.271895128,-0.254371966,-0.210979642,-0.195331283,-0.273311268
-0.231543825,-0.225630395,-0.248280724,-0.293984205,-0.180944507,-0.19863888,-0.196161177,-0.460710399,-0.258423682,-0.249955232,-0.243678744,-0.243128566,-0.281544201,-0.213967727,-0.19004686,-0.253145264
-0.25798302,-0.253988641,-0.246157915,-0.267830775,-0.158892033,-0.214807303,-0.194401939,-0.434175646,-0.257705992,-0.251695921,-0.248339865,-0.268430023,-0.250324378,-0.205171501,-0.20186029,-0.253929207
-0.277578543,-0.275807736,-0.227029056,-0.210374456,-0.17135023,-0.195585885,-0.19314028,-0.462642151,-0.273799877,-0.249657421,-0.24573589,-0.21745209,-0.286092199,-0.20102581,-0.197835351,-0.233932801
-0.253917878,-0.234550592,-0.267240472,-0.261670874,-0.188834927,-0.187780015,-0.201839961,-0.472623996,-0.250683997,-0.259858094,-0.254640047,-0.266815634,-0.298404977,-0.203411409,-0.204850672,-0.251687321
-0.244443894,-0.242422739,-0.250561227,-0.253305578,-0.172294264,-0.194418365,-0.197177489,-0.467531398,-0.251377052,-0.246539831,-0.238844511,-0.238751316,-0.284491569,-0.209251397,-0.196439507,-0.250035848
-0.293042646,-0.278292985,-0.256210312,-0.135297302,-0.167170132,-0.197083284,-0.205727068,-0.423294304,-0.259784516,-0.252549132,-0.264627488,-0.204898782,-0.262993842,-0.200322034,-0.205035719,-0.22398784
-0.268827802,-0.261200327,-0.246530368,-0.246479699,-0.203557611,-0.213833646,-0.208879164,-0.401203246,-0.261965123,-0.24498301,-0.250992767,-0.261369186,-0.27917653,-0.203548276,-0.200097441,-0.252848349
-0.249439703,-0.236606585,-0.26170828,-0.249435076,-0.161504411,-0.217025536,-0.192763691,-0.419808282,-0.250843115,-0.250218377,-0.251174616,-0.247192359,-0.249722327,-0.221891497,-0.185812417,-0.23930791
-0.210171639,-0.229027546,-0.229213796,-0.336501687,-0.172458195,-0.204034717,-0.205431079,-0.413594225,-0.251468748,-0.238241206,-0.232572014,-0.254576339,-0.261253915,-0.196721826,-0.207636032,-0.232538687
-0.256167077,-0.240282816,-0.241156369,-0.290684664,-0.183524381,-0.204949599,-0.21226825,-0.419253583,-0.274135813,-0.261185726,-0.24135832,-0.255379398,-0.267317541,-0.201056996,-0.202601323,-0.253703058
-0.264134437,-0.260367989,-0.238375026,-0.223950447,-0.151684127,-0.196119905,-0.193802553,-0.467500637,-0.264912928,-0.253563001,-0.252065853,-0.221890272,-0.267466141,-0.185852961,-0.192346692,-0.240261549
-0.260265284,-0.261968486,-0.248809238,-0.249624078,-0.171193341,-0.20519376,-0.203682347,-0.426419089,-0.252586112,-0.270524263,-0.257134683,-0.268184261,-0.264999793,-0.187977971,-0.203028617,-0.236127248
-0.218784866,-0.256898909,-0.230153126,-0.287769168,-0.150904097,-0.190987755,-0.197265767,-0.4986099,-0.231577995,-0.258228459,-0.261583592,-0.260435999,-0.266730945,-0.206250625,-0.194499279,-0.270629591
-0.249251226,-0.244296329,-0.242948655,-0.267180184,-0.164487285,-0.206349994,-0.203296861,-0.446799924,-0.261433686,-0.256838718,-0.246671809,-0.241863698,-0.258722143,-0.199353985,-0.210396364,-0.264182756
-0.26036906,-0.238471108,-0.250331327,-0.261976525,-0.187432114,-0.209696317,-0.189487451,-0.436705685,-0.271686193,-0.254257223,-0.258707027,-0.239718721,-0.28055889,-0.214765625,-0.19592913,-0.240647104
-0.237674847,-0.241734368,-0.24513304,-0.271034097,-0.168925367,-0.204405971,-0.196075855,-0.427090292,-0.250148805,-0.243670647,-0.25338355,-0.245657193,-0.271942453,-0.20374123,-0.195835322,-0.218911975
-0.233958212,-0.261591739,-0.227081629,-0.276213151,-0.179755809,-0.201200378,-0.195239962,-0.454703065,-0.245801278,-0.244064737,-0.234242685,-0.254261116,-0.283719303,-0.210765473,-0.174958295,-0.243651874
-0.227399682,-0.229776214,-0.236433289,-0.313607319,-0.147356322,-0.177450503,-0.199985681,-0.505545323,-0.261744059,-0.23789396,-0.257195227,-0.245231843,-0.269926052,-0.1913987,-0.199948047,-0.256132962
-0.265140345,-0.258063793,-0.26163812,-0.216095919,-0.174101416,-0.211880033,-0.212401163,-0.412436865,-0.244805508,-0.263797923,-0.251084679,-0.256243006,-0.250034013,-0.200900847,-0.202071065,-0.2642168
-0.234174647,-0.255398061,-0.235354919,-0.288819375,-0.14137759,-0.188948896,-0.198348485,-0.490709551,-0.244280965,-0.281559462,-0.264191339,-0.269476847,-0.250142695,-0.186640849,-0.191578218,-0.269801054
-0.265646984,-0.270612621,-0.263733154,-0.190212074,-0.171367717,-0.192848913,-0.186690024,-0.467701011,-0.231697992,-0.268599334,-0.256023487,-0.258386431,-0.283862853,-0.19041099,-0.185991587,-0.226425894
-0.242816777,-0.246226777,-0.256007736,-0.265658069,-0.204327656,-0.204313694,-0.210850017,-0.413178927,-0.240065242,-0.22970961,-0.249054384,-0.269228009,-0.286083319,-0.207775385,-0.184810987,-0.246064919
-0.249456986,-0.253155812,-0.251035068,-0.241964939,-0.17335847,-0.208461652,-0.202017759,-0.389026571,-0.245188204,-0.238216745,-0.255098487,-0.250401297,-0.261510233,-0.199802612,-0.197583866,-0.216463154
-0.248953507,-0.270337769,-0.240895109,-0.250652658,-0.173293875,-0.199923735,-0.205084391,-0.460517639,-0.236867844,-0.245738776,-0.233389803,-0.271875215,-0.268594553,-0.18629498,-0.210774719,-0.269671728
-0.225198061,-0.229385441,-0.240054181,-0.3080215,-0.159260079,-0.199297991,-0.194470849,-0.492848251,-0.258579661,-0.23331837,-0.244117603,-0.244338454,-0.267281057,-0.192311821,-0.205200754,-0.273973134
-0.255357281,-0.260827542,-0.245710379,-0.225759409,-0.17992684,-0.190974239,-0.200504366,-0.427894643,-0.248946681,-0.248044036,-0.249120245,-0.239024998,-0.282746356,-0.198809139,-0.206700559,-0.219146121
-0.253395089,-0.250860202,-0.233737466,-0.26424628,-0.146030557,-0.196342922,-0.197799719,-0.502667878,-0.267825991,-0.245310295,-0.23866929,-0.235459208,-0.255202303,-0.200710403,-0.198971303,-0.287021106
-0.273376893,-0.255455033,-0.249404879,-0.236672074,-0.173216106,-0.194988381,-0.202789352,-0.44499301,-0.262779115,-0.230331092,-0.237631327,-0.249024615,-0.275981359,-0.211689064,-0.189925065,-0.239386767
-0.242374504,-0.239433611,-0.247628583,-0.283982162,-0.151973885,-0.190257359,-0.203048272,-0.475527151,-0.255456632,-0.244371852,-0.262613937,-0.258520466,-0.2538932,-0.187247151,-0.199998622,-0.268506602
-0.236413364,-0.246540142,-0.229216214,-0.260989801,-0.178224404,-0.218859264,-0.198704015,-0.412319619,-0.261076872,-0.236847616,-0.257607521,-0.211426062,-0.260785695,-0.198907976,-0.217593437,-0.244975196
-0.258638383,-0.25981777,-0.266478,-0.215276868,-0.14512635,-0.191824802,-0.193607334,-0.478584228,-0.232613624,-0.244489225,-0.258497354,-0.267781418,-0.262900263,-0.211187377,-0.202934802,-0.246140897
-0.279042142,-0.252239738,-0.268930199,-0.194237246,-0.147375502,-0.204762938,-0.194859903,-0.489090946,-0.259650093,-0.23431694,-0.256096606,-0.234444333,-0.244695783,-0.18685549,-0.199284674,-0.291478169
-0.269436532,-0.2436053,-0.259870721,-0.231090869,-0.188589844,-0.214641197,-0.193992853,-0.426735391,-0.266555277,-0.242791205,-0.245048828,-0.236722397,-0.279682895,-0.205859726,-0.186819941,-0.23838108
-0.23698225,-0.261170825,-0.228039367,-0.285083181,-0.157258592,-0.196640892,-0.201142121,-0.472195395,-0.248548869,-0.244581467,-0.238275526,-0.262358282,-0.256348668,-0.185799915,-0.211565834,-0.270130598
-0.25905782,-0.256354257,-0.251572556,-0.214245353,-0.157365546,-0.198497891,-0.187540662,-0.518538085,-0.25001589,-0.258983995,-0.264075231,-0.232429485,-0.269899631,-0.202496348,-0.19206254,-0.294483953
-0.245002832,-0.235358611,-0.274186024,-0.236795131,-0.18240811,-0.19365454,-0.214893176,-0.429635288,-0.234440942,-0.23805694,-0.265085596,-0.258466794,-0.276373618,-0.209280467,-0.209023588,-0.248509634
-0.264318797,-0.266330771,-0.254479672,-0.222491838,-0.167883072,-0.200318454,-0.203730069,-0.444457353,-0.24337813,-0.268886676,-0.23914729,-0.263967509,-0.264970827,-0.204517281,-0.207808371,-0.257492873
-0.285734703,-0.244575359,-0.275033076,-0.165349749,-0.185710581,-0.209363533,-0.216733528,-0.369151209,-0.266515428,-0.244622585,-0.238104844,-0.205037201,-0.257560825,-0.186437871,-0.19856952,-0.226052796
-0.264822368,-0.261344324,-0.247977659,-0.243418995,-0.159773754,-0.200161404,-0.206568882,-0.461191906,-0.255364608,-0.253165527,-0.252877934,-0.262565917,-0.254122091,-0.199442057,-0.204276127,-0.276460663
-0.264042644,-0.255500303,-0.240535738,-0.229566533,-0.204512632,-0.220300219,-0.205365022,-0.385478834,-0.268399529,-0.266617353,-0.270304369,-0.221240288,-0.276461707,-0.197537519,-0.197973829,-0.239728337
-0.263616904,-0.258442377,-0.249717661,-0.231902264,-0.1765167,-0.20799377,-0.20883321,-0.41894036,-0.255465799,-0.248917116,-0.247853976,-0.2483938,-0.248594546,-0.196831307,-0.194368449,-0.264632361
-0.241695261,-0.240673607,-0.237181713,-0.268432056,-0.139941626,-0.208123759,-0.203013305,-0.464626109,-0.26369942,-0.258322412,-0.242579141,-0.225090801,-0.23035273,-0.195878889,-0.206987923,-0.282968651
-0.236594834,-0.235640639,-0.248854074,-0.275680925,-0.148291305,-0.204795223,-0.197448071,-0.471725228,-0.252327933,-0.266041743,-0.263481728,-0.24421964,-0.248874598,-0.208408223,-0.19624084,-0.275962401
-0.230485915,-0.251907658,-0.244158428,-0.294469842,-0.156417787,-0.203647173,-0.201818702,-0.483640127,-0.234395218,-0.250692398,-0.232012877,-0.286180013,-0.253328884,-0.196683929,-0.207785401,-0.293656563
-0.239072808,-0.253588813,-0.24219154,-0.261819679,-0.149477745,-0.198023296,-0.189008999,-0.48682894,-0.24353357,-0.260641382,-0.250373619,-0.252870656,-0.26356472,-0.186118019,-0.188296682,-0.262171243
-0.238920551,-0.231274951,-0.233513102,-0.290075492,-0.128284363,-0.185324055,-0.194129818,-0.516482149,-0.27570808,-0.253874213,-0.248941667,-0.218527579,-0.24737362,-0.197333018,-0.195035092,-0.274265331
-0.262967555,-0.259101189,-0.241942384,-0.252282347,-0.11762202,-0.17980705,-0.192261124,-0.490759201,-0.26224779,-0.262658439,-0.249016888,-0.253598428,-0.247923023,-0.194567385,-0.187756627,-0.231916973
-0.278136916,-0.248792527,-0.257889631,-0.231024155,-0.165364121,-0.213915798,-0.201713571,-0.441366524,-0.271067475,-0.238463859,-0.258720656,-0.244501091,-0.242312056,-0.185155693,-0.195883115,-0.278577902
-0.273891903,-0.240846867,-0.24404356,-0.272514217,-0.125101747,-0.194227652,-0.195541004,-0.488267578,-0.287018604,-0.235523867,-0.227047649,-0.242238761,-0.237385699,-0.209495304,-0.220372504,-0.267792978
-0.229274612,-0.253015781,-0.239425561,-0.274030549,-0.157199729,-0.20509683,-0.194348898,-0.458530858,-0.237081263,-0.257310776,-0.240415285,-0.258496,-0.257396291,-0.18327999,-0.193887802,-0.254843694
-0.209841371,-0.250390471,-0.229451518,-0.312780632,-0.154292529,-0.194645362,-0.190195402,-0.484401349,-0.229687806,-0.265924066,-0.279682504,-0.272887741,-0.272047887,-0.20482632,-0.188593466,-0.257245101
-0.218913362,-0.229693336,-0.237563573,-0.301877681,-0.192212567,-0.211591996,-0.212427134,-0.417645092,-0.253115674,-0.249271588,-0.241969582,-0.234977547,-0.270557433,-0.202213657,-0.191556339,-0.262364219
-0.271508217,-0.256460094,-0.251847323,-0.257943532,-0.142495805,-0.179033105,-0.204883598,-0.505553327,-0.263416629,-0.254819307,-0.236289723,-0.273437007,-0.261205302,-0.190516416,-0.189433982,-0.270988475
-0.250849002,-0.259058757,-0.259972634,-0.25900893,-0.161354153,-0.194731686,-0.203003636,-0.463016499,-0.23121829,-0.230376948,-0.26127052,-0.296872842,-0.267868193,-0.208360464,-0.205789242,-0.255765622
-0.26523467,-0.24786459,-0.266657302,-0.202398233,-0.177803238,-0.198300804,-0.202089754,-0.423981236,-0.251124536,-0.257925294,-0.271192539,-0.231630868,-0.274798548,-0.191896161,-0.205805435,-0.228265235
-0.239194781,-0.23798947,-0.232985077,-0.299800943,-0.187843105,-0.214579728,-0.196746187,-0.393098198,-0.268783436,-0.240727748,-0.251410312,-0.24141522,-0.273096304,-0.201836296,-0.20168532,-0.216254283
-0.261502415,-0.267324562,-0.240701104,-0.223520175,-0.186331961,-0.199206494,-0.205746335,-0.423757742,-0.253769653,-0.259596517,-0.249658005,-0.239077268,-0.281264855,-0.201618373,-0.200449421,-0.234365524
-0.256264801,-0.23136892,-0.271381731,-0.238729296,-0.15849745,-0.197869413,-0.197152433,-0.467064075,-0.255237548,-0.249340143,-0.237941371,-0.24404954,-0.270034723,-0.199130684,-0.212996855,-0.252163792
-0.264236757,-0.238447166,-0.266733085,-0.239261464,-0.173067227,-0.200387013,-0.203349618,-0.476965778,-0.260059954,-0.24207614,-0.269088612,-0.247631227,-0.263424068,-0.1855053,-0.192343502,-0.285064074
-0.241723778,-0.247319119,-0.24857974,-0.272314874,-0.159600106,-0.197632445,-0.207577047,-0.447201862,-0.245974695,-0.230472183,-0.258849486,-0.264775857,-0.258148388,-0.19588035,-0.197203716,-0.256459075
-0.21800404,-0.243811331,-0.226079697,-0.307468836,-0.174408298,-0.211651436,-0.199917908,-0.455911411,-0.2491615,-0.247234881,-0.242358777,-0.247125789,-0.257438099,-0.19985827,-0.202503803,-0.282152757
-0.244220106,-0.252633864,-0.239665699,-0.280723941,-0.21927068,-0.219328852,-0.20847783,-0.363397721,-0.252716596,-0.265840445,-0.242723795,-0.262698527,-0.291649081,-0.221874491,-0.182008792,-0.212386022
-0.24975313,-0.239524713,-0.247194325,-0.262296712,-0.1834197,-0.202610004,-0.199936701,-0.42490853,-0.262374042,-0.232338377,-0.225153544,-0.234354655,-0.286545632,-0.203132726,-0.210032349,-0.228306835
-0.240164199,-0.240900912,-0.247859933,-0.254380299,-0.177606388,-0.191596624,-0.217637262,-0.446082174,-0.251634552,-0.24582934,-0.247996019,-0.232052957,-0.275897599,-0.213384282,-0.196909801,-0.256310733
-0.283202924,-0.263566781,-0.267451943,-0.19745056,-0.146529064,-0.183119389,-0.192480968,-0.499878995,-0.250760636,-0.239565624,-0.23316021,-0.262532468,-0.268325992,-0.197972368,-0.197033832,-0.257979781
-0.250078086,-0.24638314,-0.231518118,-0.253377567,-0.180309078,-0.201336287,-0.212549115,-0.411151734,-0.272071573,-0.252850463,-0.252940171,-0.210071698,-0.261592292,-0.203377854,-0.2091333,-0.239112283
-0.265551155,-0.257336133,-0.268849545,-0.213353365,-0.161522696,-0.202892181,-0.19824032,-0.436560568,-0.239008035,-0.244947609,-0.237521408,-0.266376732,-0.25759339,-0.211910956,-0.203286274,-0.24687364
-0.296340807,-0.263323558,-0.26539114,-0.171214198,-0.137872997,-0.202736434,-0.174473312,-0.521909753,-0.265215627,-0.238295276,-0.264547972,-0.229744651,-0.263815533,-0.205935306,-0.1870867,-0.266138248
-0.252851119,-0.236473947,-0.240034594,-0.260986849,-0.143080533,-0.202656504,-0.19694085,-0.457002217,-0.277203377,-0.267475464,-0.253057501,-0.213377409,-0.240750194,-0.193351266,-0.215630924,-0.25906354
-0.259180744,-0.255800366,-0.245231724,-0.227211572,-0.184093254,-0.202788347,-0.19921206,-0.442237909,-0.257979211,-0.228416204,-0.255872107,-0.228893511,-0.281267792,-0.197529453,-0.200403034,-0.241820076
-0.277233594,-0.256395596,-0.257973941,-0.218429549,-0.152231007,-0.20288565,-0.204010094,-0.414972365,-0.262288794,-0.252470435,-0.252203793,-0.248330595,-0.241665815,-0.193782286,-0.204532982,-0.229886875
-0.265381577,-0.263269378,-0.250707789,-0.219947831,-0.181361676,-0.197295909,-0.208235831,-0.429322704,-0.25115044,-0.259674736,-0.259067922,-0.248489809,-0.276894504,-0.204535513,-0.2108609,-0.24087195
-0.263018396,-0.262626788,-0.236202641,-0.207605182,-0.200811106,-0.209555877,-0.204287014,-0.41139383,-0.265115567,-0.254679287,-0.254194837,-0.205032749,-0.283258037,-0.210843111,-0.196604463,-0.244547779
-0.233933581,-0.229516394,-0.225631861,-0.331095781,-0.152981447,-0.192757752,-0.2017373,-0.482501674,-0.280450981,-0.244609895,-0.245670813,-0.239221491,-0.256737828,-0.194736678,-0.194634484,-0.276299865
-0.260835699,-0.230569087,-0.266533579,-0.257867806,-0.147273018,-0.194562829,-0.195386844,-0.489934996,-0.263824158,-0.260580432,-0.255369805,-0.2528007,-0.263986232,-0.200736341,-0.196965894,-0.265582055
-0.243499764,-0.241947457,-0.261408903,-0.281966008,-0.119633762,-0.212976805,-0.179802685,-0.498018288,-0.239696416,-0.24130068,-0.240157477,-0.289227654,-0.227412419,-0.202933181,-0.199791485,-0.286488598
-0.284634889,-0.258633288,-0.275223118,-0.184698336,-0.19090959,-0.192812016,-0.218383512,-0.393873856,-0.250595538,-0.243640953,-0.2474628,-0.252701742,-0.28313218,-0.202071928,-0.199310985,-0.215087357
-0.238108876,-0.239217811,-0.259736003,-0.266238797,-0.112458801,-0.18880342,-0.199273447,-0.500188895,-0.238727793,-0.23941002,-0.24110509,-0.264464586,-0.224909215,-0.212761869,-0.191345392,-0.279880774
-0.257605687,-0.260149843,-0.242694801,-0.244603722,-0.188413962,-0.213892153,-0.202216798,-0.414712173,-0.255239169,-0.236329498,-0.256033203,-0.249315226,-0.267929654,-0.203780107,-0.206796479,-0.250605595
-0.240454285,-0.256398637,-0.23698528,-0.253020137,-0.185566939,-0.212366109,-0.195678266,-0.4324813,-0.248587044,-0.251381089,-0.252174464,-0.238404865,-0.27610754,-0.200859648,-0.196829035,-0.248996675
-0.234066762,-0.237923306,-0.254905394,-0.277570749,-0.167928113,-0.198891763,-0.201854059,-0.436188875,-0.241163321,-0.247637084,-0.237370281,-0.263205581,-0.268063106,-0.194023461,-0.206482065,-0.240625513
-0.273586568,-0.254603303,-0.264615515,-0.187004604,-0.169935228,-0.193539891,-0.204349928,-0.422542282,-0.255275884,-0.256906015,-0.24911063,-0.22463677,-0.270337082,-0.204139137,-0.207866229,-0.224054182
-0.225377144,-0.264135692,-0.231076065,-0.268560221,-0.195002837,-0.212507123,-0.212018384,-0.402072925,-0.230116905,-0.267834171,-0.250737418,-0.260621238,-0.26729607,-0.193064893,-0.197006264,-0.25380843
-0.265501532,-0.232583345,-0.268124897,-0.216687725,-0.140821544,-0.200262834,-0.20318802,-0.460643519,-0.265814981,-0.251804813,-0.247758986,-0.217337582,-0.239581013,-0.205699083,-0.196142765,-0.26589098
-0.24565584,-0.244165578,-0.249778277,-0.253421156,-0.171251509,-0.197317252,-0.198863088,-0.461542069,-0.251991044,-0.23452949,-0.247838629,-0.241121257,-0.275296353,-0.20983742,-0.213773458,-0.25454989
-0.271939514,-0.25196816,-0.258622414,-0.224480363,-0.148045367,-0.197690794,-0.195120361,-0.484590303,-0.262138566,-0.252880168,-0.260976891,-0.243745587,-0.250434707,-0.205291392,-0.195446415,-0.275501218
-0.262445898,-0.247786003,-0.263634572,-0.242099176,-0.152333584,-0.191983089,-0.195468281,-0.484245386,-0.25177245,-0.267638905,-0.264085075,-0.264583906,-0.257196084,-0.189264781,-0.194804222,-0.265391178
-0.25794575,-0.252351889,-0.261732788,-0.213622167,-0.157651344,-0.190409386,-0.193710038,-0.474438181,-0.243650488,-0.265496934,-0.245203243,-0.241447867,-0.275407016,-0.18985889,-0.195123028,-0.24306454
-0.242680039,-0.235075841,-0.253199482,-0.273256732,-0.178125596,-0.205131862,-0.206386107,-0.464967241,-0.254644206,-0.266942538,-0.23107971,-0.247957739,-0.268211705,-0.204117953,-0.196191993,-0.277424157
-0.268946852,-0.264255163,-0.255367145,-0.218163045,-0.170107781,-0.187102887,-0.201296806,-0.427225235,-0.247778883,-0.246320734,-0.256740662,-0.258323164,-0.278632304,-0.185185542,-0.204667743,-0.213276378
-0.250571227,-0.255700342,-0.237762084,-0.253767044,-0.170743416,-0.191598485,-0.203874867,-0.442469786,-0.258160693,-0.251623305,-0.243117613,-0.239392197,-0.272146912,-0.199208018,-0.200874921,-0.237752233
-0.274164136,-0.248661164,-0.258132844,-0.217151271,-0.137944057,-0.184989976,-0.203014744,-0.501842692,-0.267147391,-0.239318837,-0.251574866,-0.231135005,-0.248543771,-0.19571487,-0.189482864,-0.278111809
-0.256795055,-0.258631357,-0.254721444,-0.227967102,-0.165350018,-0.205736655,-0.201281655,-0.425260403,-0.244586455,-0.252907656,-0.247401605,-0.253850314,-0.255070411,-0.208017848,-0.209151839,-0.245083541
-0.281805174,-0.263098664,-0.261812931,-0.186449541,-0.174857168,-0.20839352,-0.205951375,-0.406984785,-0.258351244,-0.250875521,-0.263761174,-0.235646658,-0.264205167,-0.204021885,-0.217427964,-0.236406478
-0.264580302,-0.24837599,-0.246339193,-0.242924576,-0.125014162,-0.18257179,-0.205748131,-0.511154677,-0.270193049,-0.267201937,-0.24867643,-0.231736334,-0.236167572,-0.209468653,-0.191004705,-0.291818709
-0.260511916,-0.258269411,-0.260622939,-0.187880049,-0.198309873,-0.21628759,-0.201321757,-0.415005866,-0.241959481,-0.233315641,-0.249876377,-0.226307886,-0.275259514,-0.200568985,-0.181471304,-0.249074009
-0.22694929,-0.243273639,-0.259380742,-0.264878485,-0.153539748,-0.199421278,-0.195005226,-0.464363432,-0.224704941,-0.259164628,-0.245281636,-0.268918073,-0.255263993,-0.189070795,-0.194387334,-0.260449783
-0.271317173,-0.257295066,-0.233129048,-0.260781133,-0.138274574,-0.183291633,-0.204615468,-0.500047942,-0.281209095,-0.254171356,-0.221250151,-0.240607983,-0.250295853,-0.202155393,-0.210424209,-0.279797032
-0.250609846,-0.265481718,-0.252267472,-0.235488607,-0.181378842,-0.200750126,-0.209586939,-0.446166493,-0.230483699,-0.281344801,-0.264735161,-0.271624135,-0.270270818,-0.199686921,-0.197378874,-0.262887783
-0.249302961,-0.246162606,-0.254741387,-0.256951739,-0.172134812,-0.20184554,-0.204056112,-0.445527462,-0.248024303,-0.254415353,-0.243635947,-0.260022729,-0.263426452,-0.203466219,-0.185375786,-0.262721442
-0.246365862,-0.222719116,-0.261046445,-0.26552002,-0.182569471,-0.190510292,-0.200546344,-0.427031853,-0.261892664,-0.248892754,-0.253831155,-0.233813297,-0.289192424,-0.190271652,-0.203669738,-0.206586597
-0.233774075,-0.245618107,-0.240534414,-0.278288801,-0.158838097,-0.200594136,-0.197380489,-0.435210685,-0.246797931,-0.264537262,-0.241117248,-0.253655011,-0.266946808,-0.194162137,-0.195520283,-0.228580306
-0.213292884,-0.262331323,-0.230338832,-0.296249039,-0.153100614,-0.180501596,-0.17868253,-0.483681747,-0.221115355,-0.265654198,-0.233898942,-0.280415212,-0.291916734,-0.175518947,-0.193574593,-0.203734573
-0.260120914,-0.251709012,-0.275275133,-0.19753508,-0.184995615,-0.197564205,-0.217091342,-0.426101041,-0.232557669,-0.244993392,-0.272586779,-0.251902716,-0.26671355,-0.190391338,-0.199317688,-0.251121275
-0.262655564,-0.270508101,-0.244812684,-0.22382139,-0.183992432,-0.18682374,-0.209712241,-0.413863386,-0.247751239,-0.24976695,-0.237730197,-0.254648124,-0.285570671,-0.186337616,-0.194075357,-0.205132712
-0.268497303,-0.269497165,-0.254482424,-0.209355997,-0.14843478,-0.19400419,-0.187988815,-0.488350023,-0.244039105,-0.253513136,-0.2473635,-0.25681433,-0.269660942,-0.190721966,-0.182011673,-0.245316296
-0.22906228,-0.257865631,-0.248770938,-0.254513527,-0.165283292,-0.205436829,-0.197252902,-0.428512981,-0.22270197,-0.259743331,-0.255851272,-0.267157442,-0.2605221,-0.202321623,-0.203496123,-0.235258614
-0.275892544,-0.261405905,-0.265833861,-0.183600895,-0.148538237,-0.198931361,-0.18999794,-0.452301378,-0.251034434,-0.258217685,-0.258263138,-0.234902038,-0.262931966,-0.190876888,-0.20511453,-0.222137901
-0.223095155,-0.244261093,-0.231076777,-0.323000149,-0.12943454,-0.201236335,-0.185536402,-0.497192422,-0.246862394,-0.248315425,-0.233417559,-0.27511685,-0.241284171,-0.194549462,-0.208406967,-0.267821026
-0.226045956,-0.241890091,-0.241450942,-0.291154186,-0.167073069,-0.199267228,-0.201410544,-0.443239996,-0.243046259,-0.241097382,-0.239955329,-0.257679781,-0.261275364,-0.186560907,-0.203790502,-0.257866953
-0.258613783,-0.248661031,-0.252941009,-0.212521613,-0.157027157,-0.199581516,-0.206752618,-0.463696365,-0.25774468,-0.241936368,-0.231511767,-0.215693173,-0.244685094,-0.214241208,-0.190788476,-0.278962465
-0.267773798,-0.265832241,-0.247393729,-0.216529965,-0.157029528,-0.179708603,-0.203582018,-0.466709992,-0.253986971,-0.240781285,-0.255907168,-0.244434499,-0.269453456,-0.213540407,-0.200627472,-0.237357471
-0.262291332,-0.250923646,-0.238840604,-0.245492559,-0.1612989,-0.218398189,-0.184354229,-0.444548409,-0.271553248,-0.261154837,-0.253291004,-0.225762965,-0.260218685,-0.18900413,-0.196239714,-0.240420057
-0.24090345,-0.264679579,-0.241084293,-0.248158774,-0.147145269,-0.197041718,-0.189627549,-0.467521989,-0.233520007,-0.25367036,-0.267761526,-0.262384209,-0.264790145,-0.194496871,-0.201417396,-0.243267243
-0.27097956,-0.265200539,-0.26239593,-0.180218126,-0.14238161,-0.188849191,-0.199958046,-0.482957395,-0.242037254,-0.2588727,-0.227185679,-0.238343658,-0.262245793,-0.197143193,-0.202474257,-0.248528117
-0.269316936,-0.238025961,-0.25784597,-0.228008273,-0.181912605,-0.197919192,-0.201761771,-0.435178643,-0.273162517,-0.233981069,-0.252587543,-0.219962887,-0.280952938,-0.194080634,-0.211582279,-0.235389375
-0.232464936,-0.257592336,-0.231305312,-0.264274393,-0.142624063,-0.197771835,-0.196023174,-0.462228831,-0.242865706,-0.260905155,-0.249073547,-0.242323698,-0.249859604,-0.197210011,-0.206709354,-0.254301505
-0.2596583,-0.227837696,-0.257899289,-0.258075358,-0.164461596,-0.193112833,-0.200426089,-0.47345925,-0.274829715,-0.250038704,-0.258930173,-0.228913932,-0.275057279,-0.202042803,-0.206572257,-0.258915557
-0.201918399,-0.233429432,-0.224740074,-0.362732291,-0.168043904,-0.212240176,-0.192362634,-0.467746592,-0.244406113,-0.248147101,-0.242051554,-0.278066929,-0.266735234,-0.19332706,-0.204627991,-0.276640449
-0.265182844,-0.257619955,-0.248458862,-0.232582316,-0.180554426,-0.219499494,-0.197087538,-0.428574465,-0.259048143,-0.258816811,-0.235557716,-0.244895175,-0.26784094,-0.195068029,-0.194643192,-0.246464575
-0.243815581,-0.248234876,-0.237628394,-0.248185568,-0.184375305,-0.19745874,-0.203094727,-0.437760394,-0.257050632,-0.250207156,-0.240990721,-0.220528693,-0.281804023,-0.208737363,-0.217094804,-0.243161238
-0.271578112,-0.257318203,-0.253296882,-0.220626732,-0.156034365,-0.196074527,-0.195439135,-0.46814683,-0.24995758,-0.27047996,-0.258625231,-0.243212468,-0.262392591,-0.191231212,-0.198575917,-0.252789737
-0.236653914,-0.246820213,-0.247975676,-0.245587318,-0.183235811,-0.198737746,-0.189308788,-0.445765407,-0.241698762,-0.257948875,-0.24946411,-0.234495877,-0.292433742,-0.19534437,-0.200161097,-0.224217714
-0.260353035,-0.247339271,-0.255344766,-0.239224016,-0.162130418,-0.197100975,-0.217250766,-0.438515103,-0.257863322,-0.257037984,-0.250572975,-0.244501074,-0.24556275,-0.205575234,-0.205408456,-0.267721087
-0.195618326,-0.24762862,-0.223635818,-0.313776918,-0.159249022,-0.205233313,-0.202468811,-0.463259098,-0.223898098,-0.254531369,-0.237026256,-0.256162326,-0.249505596,-0.191884605,-0.211795033,-0.279225501
-0.240652647,-0.262410449,-0.225945937,-0.263778436,-0.181108514,-0.214903077,-0.206701652,-0.408842969,-0.252370638,-0.252178115,-0.24538082,-0.239739706,-0.258200733,-0.197586479,-0.20448332,-0.248772107
-0.191633817,-0.235206043,-0.231403482,-0.337810628,-0.173526789,-0.198422781,-0.198254041,-0.442463305,-0.224927247,-0.259832803,-0.265959339,-0.271229768,-0.281877048,-0.210622099,-0.18700155,-0.230176036
-0.252592176,-0.247732861,-0.247331603,-0.252565134,-0.173604815,-0.194733092,-0.192946334,-0.486758426,-0.258049712,-0.246437217,-0.253303449,-0.242106479,-0.290696933,-0.196842228,-0.194091331,-0.254386635
-0.289855341,-0.249383028,-0.260112916,-0.174305116,-0.165821213,-0.181658278,-0.196153822,-0.48507846,-0.281054527,-0.25368633,-0.238556529,-0.192591173,-0.287598401,-0.193754345,-0.182265723,-0.237141934
-0.280048568,-0.256137902,-0.25966537,-0.202677449,-0.191061165,-0.200631192,-0.208412706,-0.413080744,-0.264863107,-0.261715182,-0.233034207,-0.236359211,-0.279091979,-0.196172037,-0.195934804,-0.234709114
-0.224884479,-0.244215659,-0.235273789,-0.292203514,-0.179769058,-0.204718024,-0.20712089,-0.427388684,-0.246916266,-0.248751795,-0.240733182,-0.249687535,-0.273114929,-0.193883523,-0.224040327,-0.253377052
-0.259638225,-0.232865164,-0.260631335,-0.2598219,-0.178575242,-0.197622304,-0.190325105,-0.462762468,-0.2663716,-0.257568743,-0.259300214,-0.246157361,-0.285352934,-0.205459831,-0.192657399,-0.240078703
-0.221676721,-0.262969544,-0.22987716,-0.271125002,-0.159766564,-0.201356751,-0.192739894,-0.471708595,-0.228888705,-0.268642252,-0.261756923,-0.257593255,-0.264803513,-0.208593107,-0.189648857,-0.260156848
-0.254431329,-0.268453373,-0.252204872,-0.241012591,-0.167514629,-0.18795884,-0.207379516,-0.455133281,-0.234202671,-0.258440705,-0.253893797,-0.282179675,-0.275843546,-0.202381447,-0.206450884,-0.248126081
-0.233970335,-0.246859948,-0.25569504,-0.245083727,-0.166805101,-0.197559563,-0.207101229,-0.44280377,-0.231939337,-0.253300913,-0.248274384,-0.249790166,-0.259172866,-0.182963327,-0.192567863,-0.249653157
-0.230668386,-0.233415931,-0.253127281,-0.28757204,-0.20500959,-0.206591679,-0.210047675,-0.408745576,-0.247140417,-0.260219211,-0.26087362,-0.25771469,-0.28517892,-0.190135166,-0.20901928,-0.247053979
-0.282308062,-0.265123392,-0.259687791,-0.193508374,-0.165599786,-0.195925246,-0.205960592,-0.458776243,-0.255982967,-0.255483062,-0.256594955,-0.243187782,-0.26446685,-0.210658069,-0.219397228,-0.264163523
-0.25815685,-0.23596047,-0.270295529,-0.243879708,-0.176514973,-0.204939592,-0.20843296,-0.434795617,-0.25239864,-0.241403339,-0.262166764,-0.255384756,-0.261253593,-0.194029106,-0.208723603,-0.2616742
-0.22877178,-0.224979538,-0.252773647,-0.282692322,-0.162179509,-0.191817171,-0.209010595,-0.433311246,-0.249952676,-0.235580897,-0.229710136,-0.241375159,-0.259763061,-0.188243224,-0.196095666,-0.239366063
-0.222367712,-0.235540648,-0.263004312,-0.313292713,-0.16955532,-0.199915534,-0.195341871,-0.448084698,-0.233506675,-0.245439538,-0.256834649,-0.276301467,-0.272254059,-0.194511409,-0.198675809,-0.241044988
-0.236265426,-0.229283467,-0.239378381,-0.306431859,-0.157885236,-0.198578652,-0.201182739,-0.477709066,-0.26776876,-0.238901821,-0.247421043,-0.243980782,-0.259488879,-0.208417813,-0.216784945,-0.276117903
-0.227534998,-0.25368167,-0.251525999,-0.238421394,-0.17808889,-0.19158665,-0.210820298,-0.448597868,-0.222385559,-0.256855019,-0.256294246,-0.248030787,-0.275567432,-0.204769611,-0.206656109,-0.246195379
-0.212846759,-0.252120737,-0.221482357,-0.314838647,-0.18720235,-0.2102015,-0.205759392,-0.409584404,-0.240528621,-0.253787287,-0.235170947,-0.260992709,-0.272479635,-0.20623098,-0.196115567,-0.236360366
-0.281773675,-0.257313741,-0.267339359,-0.225143818,-0.177340456,-0.211731661,-0.204384467,-0.426401304,-0.2570792,-0.259300934,-0.256050503,-0.274617248,-0.256227312,-0.193810118,-0.214744804,-0.262471
-0.295485379,-0.25651585,-0.261673673,-0.19297783,-0.169250035,-0.199289218,-0.198206692,-0.48077237,-0.274257703,-0.221357679,-0.27612537,-0.231047402,-0.27355324,-0.195462567,-0.205032168,-0.274639449
-0.25187007,-0.243207949,-0.274580471,-0.232729732,-0.192247859,-0.199483104,-0.204901281,-0.428436639,-0.234844377,-0.246959798,-0.265110912,-0.268838149,-0.289550821,-0.189932644,-0.197094822,-0.232507823
-0.217769042,-0.250129626,-0.229957295,-0.291819486,-0.184469776,-0.189438485,-0.198482943,-0.46800895,-0.247555298,-0.246349378,-0.245966315,-0.243088902,-0.299489049,-0.200561768,-0.194921589,-0.244916052
-0.23357399,-0.263308623,-0.25101161,-0.235697475,-0.201542796,-0.197921214,-0.208104564,-0.409088412,-0.220275393,-0.247181326,-0.241313876,-0.263077282,-0.295038347,-0.204412124,-0.210935701,-0.222124814
-0.261232901,-0.252679065,-0.260583862,-0.230678247,-0.156553391,-0.20806026,-0.209210523,-0.434400604,-0.247942168,-0.262940142,-0.246328945,-0.257571285,-0.234572986,-0.188256289,-0.206129411,-0.27189532
-0.264857952,-0.258363451,-0.259255198,-0.187778318,-0.175255192,-0.205785875,-0.206953393,-0.428984065,-0.247963346,-0.240011262,-0.243691456,-0.222681858,-0.261517626,-0.198641954,-0.199343423,-0.256357375
-0.284665794,-0.241675653,-0.284390825,-0.178051158,-0.17317595,-0.202495156,-0.209269848,-0.43398934,-0.257464851,-0.263804628,-0.267566643,-0.232586188,-0.260851608,-0.210173715,-0.213085235,-0.256066892
-0.257123699,-0.246465059,-0.275613591,-0.204041004,-0.164944551,-0.19655432,-0.195415131,-0.46400853,-0.234556967,-0.244974966,-0.253420043,-0.248794715,-0.274331601,-0.207663813,-0.204021096,-0.24453903
-0.257565806,-0.250874746,-0.243547045,-0.238663343,-0.138239636,-0.193137621,-0.206121689,-0.481618217,-0.262890483,-0.255449997,-0.245919843,-0.227774903,-0.238908694,-0.192079681,-0.213038405,-0.280237485
-0.241622775,-0.239621529,-0.247783909,-0.252626016,-0.187964279,-0.197749942,-0.195983207,-0.439764199,-0.254940133,-0.25356626,-0.269703722,-0.226146626,-0.292064596,-0.198138317,-0.187124299,-0.226485181
-0.207059207,-0.247110703,-0.243521451,-0.297350032,-0.131229381,-0.177392235,-0.192741352,-0.504535408,-0.216731847,-0.244275062,-0.249759083,-0.277769329,-0.267152676,-0.19709608,-0.200786678,-0.244596953
-0.237570212,-0.23233576,-0.253065226,-0.28028167,-0.154023411,-0.193622285,-0.197638655,-0.474804021,-0.252178664,-0.250366641,-0.240554899,-0.251665746,-0.256702808,-0.186329072,-0.20090894,-0.27362165
-0.265147941,-0.246749258,-0.264961178,-0.216174142,-0.16916416,-0.198719727,-0.19257843,-0.460159814,-0.253143106,-0.237432513,-0.244420946,-0.239962264,-0.283650216,-0.201525996,-0.198163542,-0.227074798
-0.259391776,-0.244683723,-0.247638655,-0.247026128,-0.205554442,-0.204808641,-0.228487404,-0.355467055,-0.266476648,-0.2445386,-0.262463531,-0.231774663,-0.273643135,-0.206864045,-0.197889694,-0.219673801
-0.260992133,-0.249430473,-0.262110224,-0.247900969,-0.163620189,-0.205943061,-0.202201142,-0.445062396,-0.249946656,-0.238545061,-0.24322029,-0.269816704,-0.252740449,-0.208647905,-0.205939111,-0.260263935
-0.247806016,-0.224969302,-0.272950403,-0.254146604,-0.151698021,-0.207734589,-0.200021786,-0.445723461,-0.252121296,-0.232300268,-0.254691658,-0.246364587,-0.241799572,-0.212015358,-0.215382291,-0.264884736
-0.250988053,-0.258459561,-0.258550361,-0.230439043,-0.16045856,-0.213226518,-0.198101039,-0.430791176,-0.234582882,-0.250466497,-0.243149778,-0.263664545,-0.25387844,-0.197956365,-0.202090335,-0.249890134
-0.241462936,-0.271127915,-0.256788406,-0.226099094,-0.178135758,-0.208292029,-0.203428234,-0.439979482,-0.214606612,-0.270302553,-0.242986962,-0.279714234,-0.262425655,-0.191231245,-0.220764685,-0.267310523
-0.237776577,-0.238961309,-0.248487486,-0.282883736,-0.180292766,-0.193570056,-0.2117238,-0.438865854,-0.249411708,-0.248864254,-0.24120174,-0.257960334,-0.278531795,-0.206847325,-0.191542314,-0.253552323
-0.237450864,-0.241245237,-0.248920752,-0.285775859,-0.161997306,-0.209946683,-0.204086509,-0.437519351,-0.246534514,-0.23940152,-0.231997676,-0.266354147,-0.248786101,-0.20899097,-0.20345506,-0.256883211
-0.240925849,-0.251777285,-0.249864373,-0.254505758,-0.161054849,-0.180365895,-0.199910616,-0.505573694,-0.239076709,-0.257190315,-0.254851049,-0.258282209,-0.27484006,-0.197719566,-0.185726534,-0.274635506
-0.240748274,-0.249739688,-0.240880905,-0.249333474,-0.14985365,-0.20312961,-0.194861492,-0.459043612,-0.249635549,-0.255204755,-0.263079402,-0.230738732,-0.250342607,-0.192771395,-0.179204801,-0.254032656
-0.209337851,-0.256841731,-0.229909266,-0.285133353,-0.171902934,-0.196976902,-0.208256539,-0.444697205,-0.222560007,-0.248406492,-0.242377285,-0.257541409,-0.27234237,-0.21017986,-0.20400042,-0.249023035
-0.228512971,-0.241360447,-0.251602253,-0.273315706,-0.178847291,-0.20509781,-0.205359598,-0.452840665,-0.234353424,-0.230837474,-0.256387077,-0.26027912,-0.261561636,-0.196761007,-0.1857862,-0.278018059
-0.254234142,-0.241736829,-0.246522882,-0.28664498,-0.147354829,-0.191201154,-0.197758138,-0.48392912,-0.268747289,-0.242761841,-0.254071375,-0.26246853,-0.258473871,-0.201822303,-0.20555515,-0.257388843
-0.261474089,-0.250819909,-0.270410968,-0.219596703,-0.181205132,-0.223892999,-0.199288764,-0.401013763,-0.238838333,-0.241417547,-0.269195447,-0.263675972,-0.254309233,-0.195548428,-0.200210829,-0.24821207
-0.222642604,-0.229038008,-0.250118579,-0.320173257,-0.13336076,-0.191232303,-0.184407168,-0.490320094,-0.245568919,-0.253172116,-0.24719181,-0.277028715,-0.259207044,-0.191426829,-0.197227633,-0.252977705
-0.286239397,-0.245352329,-0.251145652,-0.23259382,-0.153104704,-0.200653925,-0.199752101,-0.469334003,-0.28961471,-0.235732521,-0.242619295,-0.225384859,-0.261244494,-0.199974122,-0.203158852,-0.260931353
-0.244728025,-0.232069609,-0.251732553,-0.266902599,-0.176593299,-0.195466712,-0.19936594,-0.44865069,-0.2741295,-0.242944595,-0.262932412,-0.213469988,-0.277324329,-0.202295983,-0.196777291,-0.245155376
-0.268303444,-0.264231733,-0.248168793,-0.239257516,-0.152513528,-0.202747564,-0.191814068,-0.48025119,-0.255206947,-0.254293121,-0.244486835,-0.264681068,-0.256625121,-0.199174758,-0.199397578,-0.269825057
-0.252267466,-0.256376846,-0.250759477,-0.232424781,-0.147965976,-0.202941518,-0.21275234,-0.434956491,-0.245631133,-0.245640009,-0.235818822,-0.24614608,-0.238730417,-0.207408973,-0.206677656,-0.260935808
-0.245951565,-0.261903173,-0.248820369,-0.242924207,-0.184623158,-0.208800518,-0.187452641,-0.444741018,-0.235610949,-0.24933203,-0.256733776,-0.2646371,-0.290954022,-0.198965491,-0.201918692,-0.242326375
-0.266726446,-0.247963856,-0.260616872,-0.201047216,-0.194539785,-0.206717015,-0.194137881,-0.423468893,-0.256420801,-0.238233353,-0.280305158,-0.217891315,-0.289768568,-0.209023028,-0.211248885,-0.231022099
-0.257003582,-0.252851405,-0.25064763,-0.249554735,-0.160726385,-0.187710207,-0.204135728,-0.448370997,-0.253925208,-0.233684656,-0.246797587,-0.25580893,-0.268354369,-0.213234263,-0.198018463,-0.235771405
-0.241913764,-0.25778486,-0.233485095,-0.259038648,-0.142615285,-0.198958683,-0.19372163,-0.479780527,-0.255289852,-0.243545418,-0.243442286,-0.239054911,-0.257575669,-0.196280285,-0.1884903,-0.256482527
-0.266582726,-0.253539773,-0.259335208,-0.223434139,-0.192514871,-0.191300159,-0.214840923,-0.425981285,-0.252255894,-0.240370108,-0.269328739,-0.250785826,-0.278742597,-0.201908566,-0.187586274,-0.241493018
-0.289324524,-0.258225851,-0.270077499,-0.188333423,-0.159940487,-0.19284153,-0.203531938,-0.459687374,-0.260994487,-0.243123661,-0.257965556,-0.245286492,-0.26681812,-0.204537334,-0.197534158,-0.248061876
-0.261123348,-0.260866558,-0.247269893,-0.248430949,-0.180852194,-0.205337681,-0.186652361,-0.433433965,-0.253447116,-0.258446686,-0.249652276,-0.264602161,-0.294867214,-0.197856514,-0.215869616,-0.214799314
-0.222171171,-0.22866283,-0.234998979,-0.314136024,-0.15484632,-0.195665633,-0.202220837,-0.432728755,-0.259055896,-0.242218627,-0.247941911,-0.241144595,-0.256652364,-0.202966455,-0.206196897,-0.233064146
-0.278714643,-0.254607143,-0.247398428,-0.217249617,-0.173400482,-0.206297536,-0.203134698,-0.419993693,-0.27709865,-0.262250778,-0.260315788,-0.220812324,-0.264244019,-0.202220324,-0.217557818,-0.241778579
-0.251999623,-0.244015209,-0.261688446,-0.251814614,-0.14031569,-0.195252398,-0.195463853,-0.477542218,-0.246366238,-0.255125929,-0.25587568,-0.263583424,-0.248089806,-0.194780847,-0.20601971,-0.265445519
-0.258339903,-0.251911238,-0.254407294,-0.250049218,-0.170445217,-0.202573156,-0.207038805,-0.451455137,-0.252384967,-0.265471758,-0.270611976,-0.263601774,-0.258044104,-0.195659379,-0.20977021,-0.270575746
-0.305938164,-0.268759517,-0.249944883,-0.177474511,-0.154635185,-0.199202963,-0.202138795,-0.456684,-0.286860492,-0.234818785,-0.281042901,-0.217270455,-0.252930298,-0.206491032,-0.205337391,-0.264217661
-0.241959394,-0.228974416,-0.247334178,-0.292074089,-0.216973396,-0.202691726,-0.20686615,-0.377875093,-0.264294598,-0.231753141,-0.240928875,-0.244779476,-0.30897048,-0.218544274,-0.182725511,-0.197785617
-0.271479155,-0.250151869,-0.247442513,-0.231405899,-0.182568715,-0.213996836,-0.21190917,-0.416029631,-0.273856443,-0.239273827,-0.246171914,-0.226037266,-0.256499583,-0.195484497,-0.213945942,-0.265470201
-0.263436708,-0.258931584,-0.261046483,-0.222173584,-0.150697767,-0.20164611,-0.192725002,-0.465374219,-0.24352856,-0.233439089,-0.258576303,-0.262192506,-0.257494101,-0.209099348,-0.195386694,-0.257314549
-0.243331286,-0.227886768,-0.256188818,-0.264932793,-0.147877306,-0.182769851,-0.210379694,-0.471966257,-0.258154792,-0.242445027,-0.241849845,-0.235386667,-0.254739375,-0.177932829,-0.203457268,-0.257030373
-0.263519476,-0.25731126,-0.254635309,-0.218295534,-0.135114692,-0.193314,-0.18134923,-0.507063494,-0.250779233,-0.238015531,-0.241300077,-0.243157278,-0.265638299,-0.208389103,-0.201002471,-0.250101251
-0.296076129,-0.274129614,-0.2581184,-0.176379982,-0.149486777,-0.184296619,-0.189984208,-0.489762312,-0.264232781,-0.250464071,-0.261512527,-0.239452877,-0.275630875,-0.192887397,-0.198537058,-0.237861926
-0.260086683,-0.264117455,-0.247738192,-0.216326708,-0.180735105,-0.206858305,-0.20658111,-0.419188558,-0.247222381,-0.270264407,-0.247419626,-0.240755112,-0.267598261,-0.193183671,-0.215023002,-0.246478386
-0.276801691,-0.258790911,-0.243752213,-0.234098976,-0.177006933,-0.205625125,-0.210620652,-0.43293246,-0.273869488,-0.242166938,-0.231578513,-0.240467199,-0.258735182,-0.200383127,-0.199032564,-0.267936093
-0.243844506,-0.256384933,-0.253349006,-0.253700156,-0.216427579,-0.206561455,-0.193209704,-0.390816356,-0.233557328,-0.241493114,-0.250255021,-0.274324098,-0.313323991,-0.200584079,-0.191732982,-0.197822627
-0.241665595,-0.245491913,-0.25187797,-0.281558576,-0.170652069,-0.197410996,-0.206563788,-0.426317602,-0.244832603,-0.243429458,-0.250661048,-0.275685248,-0.272572203,-0.192427517,-0.201337264,-0.226831053
-0.233371417,-0.25712841,-0.238695574,-0.266018301,-0.133453767,-0.196137967,-0.186215361,-0.498315636,-0.237652245,-0.270753306,-0.264700094,-0.255489784,-0.251801198,-0.201614504,-0.213493903,-0.264975321
-0.290199552,-0.270769756,-0.264689752,-0.171675009,-0.116541897,-0.198362503,-0.200963106,-0.490496287,-0.257820721,-0.271171258,-0.264376397,-0.239182378,-0.223855383,-0.208429409,-0.211061017,-0.283241492
-0.257294281,-0.251623215,-0.238725114,-0.262418075,-0.174484915,-0.199874715,-0.204412338,-0.442830994,-0.267856296,-0.231621235,-0.24155533,-0.242124216,-0.267110376,-0.192866107,-0.198627365,-0.258514137
-0.226327753,-0.234364715,-0.258709628,-0.281476489,-0.147197407,-0.197063544,-0.198659242,-0.493487747,-0.233823765,-0.246584457,-0.247418146,-0.267715983,-0.252850346,-0.191477904,-0.194490224,-0.284908279
-0.263104847,-0.260074834,-0.250390119,-0.245938602,-0.193222772,-0.204496094,-0.189361072,-0.439023927,-0.253485398,-0.272643281,-0.222376951,-0.260636748,-0.301771434,-0.204559941,-0.199558677,-0.223642026
-0.223022877,-0.243548315,-0.248005398,-0.285907521,-0.145640652,-0.202354914,-0.191591216,-0.461582829,-0.231353964,-0.238350631,-0.254113052,-0.268959793,-0.249975794,-0.202907762,-0.200016268,-0.252521987
-0.259222031,-0.261217204,-0.238829203,-0.250698606,-0.150319982,-0.196220238,-0.191023549,-0.495343901,-0.259269116,-0.260696212,-0.248921436,-0.250577546,-0.253823083,-0.196581787,-0.185673252,-0.284693003
-0.237987715,-0.249771567,-0.274734023,-0.237428266,-0.15195975,-0.20508157,-0.213441955,-0.422831385,-0.212180759,-0.248960385,-0.259297576,-0.289856917,-0.233721882,-0.202396924,-0.195824276,-0.262061324
-0.208041984,-0.23812682,-0.230841866,-0.308986098,-0.177219737,-0.202964713,-0.190195249,-0.436416091,-0.240257887,-0.252792472,-0.252020453,-0.245106192,-0.285729039,-0.213569366,-0.20416921,-0.224157032
-0.318921347,-0.256141997,-0.262781223,-0.175777971,-0.176676474,-0.203130671,-0.211809382,-0.42948016,-0.299765706,-0.252253451,-0.263602066,-0.214058388,-0.260259839,-0.193140808,-0.200673051,-0.253617953
-0.249568705,-0.243611363,-0.251619114,-0.264260891,-0.176036729,-0.197372123,-0.201579104,-0.40964447,-0.252666346,-0.227196442,-0.236092464,-0.25788618,-0.277856412,-0.185731391,-0.201689164,-0.199715457
-0.26916894,-0.261292678,-0.255461594,-0.17099043,-0.177781722,-0.21218171,-0.202213455,-0.420948603,-0.25264752,-0.268542777,-0.245034422,-0.204098742,-0.26291036,-0.211001107,-0.199429852,-0.252906925
-0.24211755,-0.249079314,-0.241142342,-0.258323059,-0.154700626,-0.201780654,-0.190142747,-0.438101789,-0.252031344,-0.253746406,-0.244927423,-0.238880783,-0.259142326,-0.190550962,-0.202157006,-0.224985343
-0.205261193,-0.228337164,-0.254823434,-0.301182296,-0.182308933,-0.203597801,-0.198858282,-0.423130839,-0.222073185,-0.259086267,-0.266312356,-0.267053982,-0.275545576,-0.199210229,-0.198568605,-0.236600924
-0.268044788,-0.260094312,-0.260775295,-0.195457622,-0.17899594,-0.216427868,-0.20992659,-0.398244581,-0.245951484,-0.248755877,-0.233726967,-0.23944499,-0.251353496,-0.197444789,-0.211871505,-0.253952826
-0.212758326,-0.246817075,-0.229398852,-0.312963515,-0.179633283,-0.211276413,-0.206026535,-0.447078908,-0.237479808,-0.2435969,-0.240398711,-0.266210268,-0.26576446,-0.202917022,-0.207824776,-0.277308138
-0.228639553,-0.251806886,-0.238213375,-0.265009238,-0.146375199,-0.206647334,-0.192386208,-0.470802634,-0.237316841,-0.267693683,-0.225584789,-0.245673721,-0.252928197,-0.20114793,-0.204340875,-0.260810946
-0.241267989,-0.261295598,-0.225907408,-0.29802192,-0.152639853,-0.201195529,-0.201639793,-0.471002675,-0.254047055,-0.250458741,-0.250551438,-0.273278593,-0.247607833,-0.193084738,-0.204475166,-0.278911967
-0.25457599,-0.275399493,-0.239923109,-0.228227613,-0.192802626,-0.198255435,-0.202493215,-0.42181612,-0.236805294,-0.249062255,-0.250260656,-0.264418872,-0.291173428,-0.197981479,-0.190837632,-0.230199709
-0.282355717,-0.261176188,-0.268966849,-0.197579063,-0.137452901,-0.194999923,-0.194484577,-0.505520955,-0.250596768,-0.242832394,-0.264722698,-0.258076111,-0.248186609,-0.202753477,-0.194840827,-0.286533832
-0.263997139,-0.261569315,-0.244349595,-0.222345436,-0.158100177,-0.195775748,-0.197581017,-0.461670747,-0.256441974,-0.236402203,-0.239097917,-0.236261371,-0.267787341,-0.20252921,-0.1995814,-0.245165852
-0.230337518,-0.259128434,-0.232221612,-0.271394174,-0.14183163,-0.181887796,-0.187787852,-0.496928063,-0.237922648,-0.263874189,-0.241698929,-0.255531733,-0.269334904,-0.186110355,-0.190668063,-0.242032898
-0.257401622,-0.254019547,-0.238457187,-0.231354129,-0.130144817,-0.205118629,-0.183436178,-0.485412911,-0.265159624,-0.247062642,-0.255576882,-0.215880174,-0.252518719,-0.187373845,-0.198245281,-0.255305481
-0.279280663,-0.262126555,-0.240491056,-0.22429281,-0.153088467,-0.19105497,-0.20238742,-0.466114153,-0.277190432,-0.245100599,-0.239744314,-0.229453375,-0.259511377,-0.20508448,-0.202568031,-0.254362426
-0.276459367,-0.253936959,-0.255625535,-0.240611953,-0.180309674,-0.208807623,-0.203149863,-0.419742429,-0.267012786,-0.254979829,-0.226428807,-0.257917161,-0.263373822,-0.198214569,-0.191185968,-0.244651004
-0.211912997,-0.240271614,-0.247147138,-0.313288936,-0.178398269,-0.196383953,-0.214439327,-0.391898397,-0.222673003,-0.263191649,-0.263354665,-0.290078264,-0.264819771,-0.196715007,-0.201503292,-0.212383992
-0.245014036,-0.251951856,-0.247719755,-0.242859705,-0.141816508,-0.184980212,-0.211377553,-0.47404353,-0.245415671,-0.252303907,-0.246665989,-0.24212722,-0.24828162,-0.173944165,-0.207416539,-0.263094866
-0.22176994,-0.23644007,-0.238748022,-0.303300077,-0.189949727,-0.197604654,-0.202812539,-0.41612908,-0.248534614,-0.268203563,-0.231526113,-0.252593834,-0.289200676,-0.204427564,-0.191849254,-0.219655484
-0.260552428,-0.246541161,-0.257676804,-0.230289078,-0.169520363,-0.201836829,-0.199131102,-0.436865511,-0.256753967,-0.260681891,-0.254820569,-0.23821998,-0.274258925,-0.211138879,-0.215608262,-0.236198582
-0.275134843,-0.261299721,-0.254024124,-0.205883353,-0.169411573,-0.201640283,-0.212266549,-0.438525699,-0.261028104,-0.254936534,-0.255986093,-0.235226644,-0.256136058,-0.178431568,-0.184164478,-0.255049402
-0.25349545,-0.266644797,-0.256344375,-0.206703724,-0.139105171,-0.212758055,-0.187541941,-0.464781558,-0.230698558,-0.249959284,-0.250370406,-0.252986722,-0.237645799,-0.203533006,-0.192615547,-0.263041228
-0.241996535,-0.253639702,-0.248305203,-0.258921049,-0.182021001,-0.197241928,-0.203629427,-0.438069442,-0.239782509,-0.238242702,-0.252144048,-0.263698224,-0.288471245,-0.203144066,-0.211915281,-0.237998484
-0.251387677,-0.260005001,-0.255765558,-0.224040012,-0.169269027,-0.189764799,-0.210720856,-0.423299311,-0.235181724,-0.261228762,-0.27396294,-0.256971143,-0.26634047,-0.194838718,-0.189909659,-0.229148717
-0.241149023,-0.250263024,-0.252334419,-0.236893121,-0.187852378,-0.208859902,-0.195070763,-0.411651017,-0.238810516,-0.242751137,-0.243872625,-0.241528284,-0.278059936,-0.196531774,-0.191925324,-0.222407547
-0.292566329,-0.273965122,-0.261808509,-0.153703858,-0.151942161,-0.185263887,-0.197833162,-0.470178232,-0.257902857,-0.246355074,-0.253032726,-0.226812442,-0.270518636,-0.211432384,-0.19902031,-0.232191303
-0.229006413,-0.230484507,-0.257865577,-0.314599684,-0.153127284,-0.197225536,-0.204963115,-0.474455234,-0.240455713,-0.255789351,-0.265239306,-0.291996757,-0.252477474,-0.195804103,-0.202988342,-0.273456026
-0.258979818,-0.255625971,-0.250660002,-0.229109496,-0.195024884,-0.200326252,-0.209440997,-0.398102359,-0.252830337,-0.254879319,-0.256766926,-0.241682874,-0.285703138,-0.186817422,-0.202155066,-0.221807228
-0.223731013,-0.247832817,-0.218613722,-0.29605547,-0.152540337,-0.206598644,-0.189495672,-0.462130668,-0.258405214,-0.263164811,-0.254176511,-0.225542817,-0.256923718,-0.192480485,-0.22336607,-0.253616812
-0.195112986,-0.243455067,-0.227981037,-0.343692859,-0.147700213,-0.20052913,-0.199270172,-0.469202057,-0.223167944,-0.249776531,-0.234638432,-0.286391378,-0.252595334,-0.211928671,-0.186559699,-0.263407007
-0.272341427,-0.25369266,-0.236022181,-0.237898042,-0.169904657,-0.204277096,-0.190255704,-0.43360562,-0.282579859,-0.266924043,-0.237964826,-0.21752015,-0.27562727,-0.217276714,-0.179746132,-0.219169008
-0.265359271,-0.262929442,-0.253210449,-0.222343198,-0.151890494,-0.201803759,-0.187510973,-0.469352974,-0.249488967,-0.247396241,-0.250153271,-0.254085443,-0.268806525,-0.203948497,-0.200010793,-0.24242949
-0.223303927,-0.241663377,-0.259870518,-0.273801841,-0.142432054,-0.189856702,-0.178464922,-0.500200152,-0.22020643,-0.26055882,-0.280734366,-0.277400606,-0.282703364,-0.186844006,-0.171655525,-0.221607891
-0.269021092,-0.257563169,-0.248164574,-0.242349874,-0.149282924,-0.200167028,-0.194195691,-0.491107646,-0.263683569,-0.269306528,-0.251635577,-0.253747129,-0.253183277,-0.19636199,-0.205969343,-0.288923018
-0.234193261,-0.247316515,-0.24978082,-0.275099047,-0.184805805,-0.194124781,-0.195200486,-0.447369827,-0.237007055,-0.250008166,-0.246675733,-0.269449464,-0.297965472,-0.19153211,-0.194070773,-0.219466727
-0.259349484,-0.271150702,-0.248166311,-0.199179686,-0.165465122,-0.203193604,-0.20031841,-0.444415924,-0.24000635,-0.250806668,-0.238988567,-0.238329245,-0.263638975,-0.202369174,-0.201382976,-0.251882373
-0.267083727,-0.269518225,-0.253840505,-0.230884283,-0.14245663,-0.195259814,-0.2013719,-0.440319071,-0.244951576,-0.247764158,-0.247711495,-0.276850537,-0.249271643,-0.19956574,-0.210427827,-0.234730485
-0.252335127,-0.245984148,-0.253568474,-0.251514091,-0.150481411,-0.202061199,-0.18532713,-0.453194238,-0.251752483,-0.242067417,-0.264921431,-0.252258694,-0.269955439,-0.212091225,-0.200205228,-0.218930063
-0.195203112,-0.241139336,-0.232650003,-0.319283527,-0.182543755,-0.219057195,-0.196423258,-0.434700619,-0.221274619,-0.257739785,-0.252355445,-0.267766267,-0.257819387,-0.196638173,-0.199045863,-0.27349898
-0.235837128,-0.236230141,-0.246052132,-0.290338896,-0.185964238,-0.207692566,-0.216048494,-0.41433872,-0.253293745,-0.236625614,-0.251108554,-0.254471984,-0.258431296,-0.198272911,-0.203819462,-0.260084115
-0.252033601,-0.266700568,-0.252122112,-0.241616951,-0.158315847,-0.202860328,-0.188550773,-0.461865959,-0.231812792,-0.26643972,-0.240259956,-0.281006197,-0.268101695,-0.203500262,-0.206002926,-0.251157712
-0.297024564,-0.284459208,-0.249758829,-0.180809329,-0.142545895,-0.190005983,-0.189144294,-0.473339128,-0.263984235,-0.2615168,-0.26266624,-0.247963462,-0.263222805,-0.202915465,-0.193872271,-0.241710659
-0.279090496,-0.265449419,-0.243997285,-0.221610861,-0.178865749,-0.196438347,-0.20950137,-0.440053064,-0.269287006,-0.264617713,-0.263223422,-0.240662481,-0.269995097,-0.196570048,-0.211780601,-0.253951652
-0.255038136,-0.262872909,-0.253609762,-0.229599841,-0.142796252,-0.188415118,-0.200244504,-0.480978266,-0.239443342,-0.248410436,-0.254354182,-0.260841973,-0.251971529,-0.198705208,-0.212914251,-0.264845157
-0.272853869,-0.262147505,-0.266848911,-0.205285904,-0.173282571,-0.196753202,-0.206216664,-0.474022607,-0.24540336,-0.239600496,-0.25502706,-0.260971582,-0.261742494,-0.193704106,-0.201300466,-0.28825284
-0.268657354,-0.259037501,-0.263873355,-0.213028605,-0.176735995,-0.201957366,-0.206733972,-0.418044729,-0.245595931,-0.253516838,-0.261923229,-0.260132315,-0.271574536,-0.21256324,-0.20012708,-0.233100421
-0.247631737,-0.249183853,-0.246228238,-0.26101929,-0.129612308,-0.184705575,-0.181601971,-0.542251053,-0.252602926,-0.263222466,-0.253471861,-0.250998647,-0.267572173,-0.193124228,-0.191507035,-0.272775838
-0.249290488,-0.23999855,-0.249651912,-0.249231256,-0.135404131,-0.189003829,-0.184215809,-0.479891321,-0.259602737,-0.247331,-0.236750247,-0.22869625,-0.256712867,-0.188831004,-0.189687393,-0.229662123
-0.286029397,-0.261665461,-0.262058118,-0.176021958,-0.167523528,-0.189162925,-0.210187498,-0.470258066,-0.262709002,-0.264186139,-0.264357314,-0.222754408,-0.273669259,-0.189092134,-0.199662973,-0.260640864
-0.258316742,-0.255946552,-0.251215676,-0.254976385,-0.177122187,-0.197158473,-0.20778732,-0.441907088,-0.250406176,-0.254817573,-0.238831414,-0.269590593,-0.26982009,-0.199195879,-0.199445421,-0.250762135
-0.2470962,-0.238005878,-0.237920625,-0.28335501,-0.155365094,-0.201397126,-0.20400224,-0.429515423,-0.270614146,-0.243383282,-0.232896721,-0.23590221,-0.25106364,-0.212411835,-0.211102415,-0.243459406
-0.241855319,-0.237748646,-0.243156983,-0.25848232,-0.160639518,-0.194417422,-0.203457909,-0.478101851,-0.261615001,-0.265162614,-0.235165994,-0.219198514,-0.265589592,-0.199343703,-0.192266875,-0.27432677
-0.270050444,-0.248618395,-0.261923947,-0.227350134,-0.173324609,-0.193310375,-0.204633964,-0.433220169,-0.259955093,-0.251552806,-0.236511914,-0.248780487,-0.273607117,-0.199162465,-0.208271385,-0.237707583
-0.257768126,-0.26393563,-0.250763195,-0.242655384,-0.177401501,-0.203761734,-0.197539625,-0.45819485,-0.242961661,-0.236883454,-0.251961337,-0.270974195,-0.274233359,-0.202420485,-0.199583698,-0.264610937
-0.232713777,-0.256390397,-0.253324133,-0.254911284,-0.168984918,-0.210236595,-0.195430507,-0.42637225,-0.223716012,-0.23625355,-0.251402666,-0.273174366,-0.25601096,-0.200873672,-0.194872972,-0.248891992
-0.265663126,-0.266436761,-0.24220025,-0.239394938,-0.163882287,-0.202396643,-0.196449487,-0.450716565,-0.256073358,-0.237271668,-0.230715482,-0.258401175,-0.259387969,-0.183537044,-0.191196881,-0.250237502
-0.246641189,-0.257169967,-0.240035662,-0.267815795,-0.15404106,-0.202382013,-0.187126992,-0.495868086,-0.248917832,-0.237827795,-0.262442454,-0.261937755,-0.266223766,-0.209023946,-0.200337466,-0.27010099
-0.286528083,-0.265803211,-0.262021777,-0.172536715,-0.179392703,-0.209262138,-0.201681229,-0.417331246,-0.259544203,-0.263445631,-0.250143553,-0.227798756,-0.26783302,-0.203032544,-0.197314474,-0.239412949
-0.258059126,-0.264340757,-0.260519062,-0.220525585,-0.112981176,-0.190294598,-0.181325517,-0.521392536,-0.23181268,-0.234136071,-0.246142258,-0.270873564,-0.236548784,-0.185833602,-0.187382954,-0.265470638
-0.267156818,-0.23987239,-0.24992349,-0.275172965,-0.164478639,-0.199639842,-0.196669602,-0.44853312,-0.277334653,-0.248959465,-0.240659307,-0.254445734,-0.271545057,-0.212531023,-0.211564373,-0.24277988
-0.272757079,-0.261182474,-0.254844981,-0.204922322,-0.202170696,-0.208973542,-0.212658431,-0.382668978,-0.248779072,-0.262541627,-0.260839571,-0.248921537,-0.277134651,-0.204931984,-0.205658648,-0.231018646
-0.284933158,-0.25672111,-0.251831581,-0.210692255,-0.142918676,-0.192022219,-0.202601395,-0.481633523,-0.276443089,-0.253647119,-0.25511846,-0.227106461,-0.249562624,-0.201272702,-0.217391229,-0.270221763
-0.23997183,-0.249945616,-0.256073056,-0.265029523,-0.162223517,-0.17583057,-0.214690462,-0.478562575,-0.234505573,-0.251739074,-0.247046711,-0.276934212,-0.276030186,-0.191920991,-0.209891055,-0.253980212
-0.247327612,-0.245533254,-0.252778523,-0.254559776,-0.155729256,-0.181222653,-0.213189785,-0.47470384,-0.248664613,-0.258187917,-0.275838276,-0.252073704,-0.262152495,-0.186071501,-0.199515546,-0.264078339
-0.278187933,-0.26306407,-0.253034534,-0.22442738,-0.112867859,-0.185655192,-0.191055067,-0.539080081,-0.262110906,-0.270819995,-0.249624058,-0.256743832,-0.237097087,-0.213294892,-0.187933742,-0.29212268
-0.238530054,-0.235309107,-0.24822892,-0.272959048,-0.189957037,-0.199369457,-0.189501786,-0.426452612,-0.254508594,-0.238196941,-0.257429041,-0.240333848,-0.29666638,-0.203094222,-0.184056726,-0.211694566
-0.238453239,-0.231402884,-0.245699704,-0.287395684,-0.154527648,-0.197028762,-0.2053041,-0.449055671,-0.261114017,-0.247528127,-0.228625121,-0.240930957,-0.248149284,-0.209630951,-0.208395495,-0.260326626
-0.266086644,-0.254440371,-0.252791522,-0.216959674,-0.142562173,-0.199935742,-0.196600975,-0.442609476,-0.259112247,-0.24572062,-0.242108362,-0.230766743,-0.239578399,-0.197181783,-0.174579118,-0.237650052
-0.270173624,-0.258225067,-0.238574303,-0.228032021,-0.165577147,-0.191337082,-0.197080228,-0.462014278,-0.273468886,-0.259750252,-0.242318305,-0.221392746,-0.278116973,-0.197459659,-0.207675047,-0.237334633
-0.252723923,-0.249424969,-0.26115905,-0.220890597,-0.119897408,-0.175928358,-0.197593252,-0.530438767,-0.241711577,-0.236269437,-0.239055519,-0.241544988,-0.25405505,-0.188595529,-0.197544091,-0.263586095
-0.252461704,-0.243672328,-0.260506102,-0.248520027,-0.152709261,-0.194307548,-0.205210916,-0.463309579,-0.248186057,-0.251281468,-0.243097472,-0.257984036,-0.254869659,-0.198575048,-0.200867835,-0.262614744
-0.211272687,-0.232585023,-0.219837709,-0.355009499,-0.169711256,-0.196368389,-0.203268532,-0.467565628,-0.259949552,-0.251103661,-0.236080809,-0.261287939,-0.261754563,-0.19566042,-0.197757893,-0.276248563
-0.226269304,-0.247784685,-0.232974875,-0.305757568,-0.14076764,-0.194914194,-0.200766381,-0.457769794,-0.245086517,-0.256135484,-0.24640952,-0.267303027,-0.247210293,-0.209400335,-0.196042546,-0.246215741
-0.281879967,-0.268874952,-0.275372188,-0.166645203,-0.14364175,-0.197143394,-0.207607944,-0.472887226,-0.238452811,-0.263086872,-0.259270261,-0.252228309,-0.241247219,-0.191703662,-0.186387772,-0.278893321
-0.256893593,-0.261819964,-0.251570661,-0.215939342,-0.191562333,-0.211308373,-0.20110511,-0.400563701,-0.243360451,-0.253361644,-0.267307437,-0.242431745,-0.280416284,-0.195539252,-0.190497702,-0.226964076
-0.283387809,-0.249937806,-0.268661421,-0.182049336,-0.18579574,-0.219120172,-0.201125672,-0.421906698,-0.265146852,-0.242102918,-0.240178827,-0.221302639,-0.263374887,-0.194662762,-0.199691361,-0.262597298
-0.230373866,-0.240341214,-0.242346824,-0.279812078,-0.151117983,-0.207479472,-0.189508137,-0.504074825,-0.247317093,-0.235880743,-0.258105095,-0.244278504,-0.254961766,-0.225591715,-0.20271315,-0.303451488
-0.246246723,-0.254930507,-0.250761497,-0.236862235,-0.157546837,-0.190542301,-0.199860178,-0.48390461,-0.240574846,-0.25198329,-0.261050735,-0.248611004,-0.269121319,-0.203817326,-0.205001504,-0.267347021
-0.244371446,-0.239035228,-0.247607308,-0.298637263,-0.161502691,-0.211099366,-0.204452483,-0.450069477,-0.257287126,-0.244437837,-0.256907306,-0.273509717,-0.235897872,-0.185252668,-0.179661727,-0.288567714
-0.261321472,-0.248943159,-0.245596109,-0.275438001,-0.113010577,-0.198090105,-0.187897354,-0.517348578,-0.266851848,-0.257259128,-0.258993666,-0.26386252,-0.225836505,-0.187260383,-0.20554934,-0.291471313
-0.249512144,-0.246972386,-0.268473165,-0.22863393,-0.148651053,-0.202891606,-0.197595264,-0.455231595,-0.233426008,-0.250212384,-0.239712562,-0.259342018,-0.247689386,-0.202694312,-0.203564308,-0.254127625
-0.255874934,-0.25878317,-0.23773703,-0.242666805,-0.18875377,-0.192949594,-0.196964667,-0.446890779,-0.260231846,-0.260206892,-0.265461281,-0.235489375,-0.29955169,-0.188301022,-0.190580489,-0.215860097
-0.255981819,-0.259351155,-0.241307461,-0.247094759,-0.174148087,-0.203868154,-0.19262578,-0.467166514,-0.256836061,-0.246733481,-0.254245626,-0.249051267,-0.272970337,-0.197997908,-0.192891151,-0.265544177
-0.235467861,-0.228429629,-0.240093106,-0.306480784,-0.178408663,-0.204933445,-0.199069029,-0.435508878,-0.268103692,-0.231456547,-0.240640484,-0.24220234,-0.269772718,-0.197621289,-0.218862597,-0.245449222
-0.263018999,-0.256052996,-0.244379511,-0.252899448,-0.176638179,-0.192152495,-0.218594204,-0.406745849,-0.261252466,-0.262067816,-0.227334128,-0.25572878,-0.255410949,-0.195857005,-0.195787696,-0.240008042
-0.266680213,-0.251800796,-0.268109438,-0.215077896,-0.152788771,-0.19857291,-0.197387127,-0.483793468,-0.248565208,-0.240536107,-0.248847437,-0.252061659,-0.266661749,-0.178895152,-0.206574902,-0.261815327
-0.229560753,-0.232725719,-0.245072404,-0.29942418,-0.158826166,-0.212669912,-0.202217316,-0.443471039,-0.250883727,-0.273211037,-0.236967293,-0.257130962,-0.245365856,-0.200232373,-0.204182187,-0.272382737
-0.248802843,-0.245372166,-0.251127953,-0.263737763,-0.173084821,-0.194414345,-0.206861315,-0.45074984,-0.252083385,-0.251403152,-0.231778363,-0.257992145,-0.271760108,-0.196217487,-0.19531396,-0.252310217
-0.265975597,-0.256620604,-0.264604922,-0.209347566,-0.157159596,-0.195054846,-0.194241795,-0.469211918,-0.244597145,-0.267972706,-0.25522169,-0.253416721,-0.269691967,-0.20149096,-0.190331157,-0.23733874
-0.242478248,-0.235897331,-0.255056531,-0.26384059,-0.189178404,-0.198403527,-0.215945187,-0.406715423,-0.251138142,-0.244394863,-0.241160678,-0.247306244,-0.270902493,-0.193566969,-0.202278138,-0.238318487
-0.261685926,-0.259363813,-0.257812392,-0.194549563,-0.124890151,-0.193622392,-0.191604981,-0.528677731,-0.242180513,-0.281933153,-0.233927209,-0.230067734,-0.240618287,-0.204697376,-0.187439796,-0.301389179
-0.254500776,-0.246281443,-0.257357003,-0.249607503,-0.177457698,-0.201517648,-0.199692644,-0.453182762,-0.251791427,-0.249048481,-0.243449624,-0.256541423,-0.280265437,-0.203678285,-0.202031371,-0.249565687
-0.211504974,-0.242208518,-0.243908942,-0.323690098,-0.156386084,-0.193663342,-0.205191334,-0.420868067,-0.225354629,-0.244919238,-0.243044724,-0.295976875,-0.253368551,-0.201982087,-0.21619842,-0.228777331
-0.27573394,-0.249064203,-0.244732688,-0.241537969,-0.158902949,-0.185559463,-0.212640646,-0.466457856,-0.280962286,-0.237671836,-0.248537692,-0.229912123,-0.262051936,-0.194010855,-0.197982988,-0.264386551
-0.259850016,-0.230658343,-0.274392803,-0.244253082,-0.181131614,-0.199626745,-0.203305871,-0.433730149,-0.255824334,-0.264880836,-0.267820727,-0.25271439,-0.277733915,-0.19643913,-0.211176313,-0.237635721
-0.227111104,-0.256093974,-0.242527958,-0.252692788,-0.14448406,-0.184455009,-0.207680312,-0.475603471,-0.228825941,-0.26964002,-0.254335084,-0.248610405,-0.257096325,-0.202860124,-0.196718256,-0.249725551
-0.230237007,-0.226081494,-0.248849695,-0.299918508,-0.135176259,-0.19042187,-0.197288185,-0.473961068,-0.256008871,-0.252244679,-0.232282483,-0.249190021,-0.242843457,-0.199493263,-0.18839832,-0.256627437
-0.233607039,-0.251718537,-0.242164231,-0.245473536,-0.165553999,-0.205802896,-0.19678476,-0.446083614,-0.239865834,-0.250023426,-0.266775862,-0.232349014,-0.259312332,-0.191520822,-0.206718356,-0.257651577
-0.251156968,-0.266113549,-0.234850105,-0.279703285,-0.176530637,-0.205503897,-0.19990888,-0.463227849,-0.248353318,-0.239546635,-0.238621295,-0.280707212,-0.272808863,-0.194721212,-0.203548739,-0.265163562
-0.235903365,-0.242495133,-0.235801771,-0.282553244,-0.173219316,-0.205756477,-0.192280011,-0.423628588,-0.258660725,-0.249106265,-0.248587706,-0.238028443,-0.267565712,-0.20682558,-0.197432853,-0.230439682
-0.263509544,-0.256637066,-0.250033381,-0.229905795,-0.154980549,-0.211536005,-0.192344973,-0.457900547,-0.256407664,-0.2530429,-0.255061003,-0.243445324,-0.249649646,-0.193985142,-0.185327033,-0.265670774
-0.258418027,-0.255702824,-0.246605361,-0.246931045,-0.169143121,-0.213814484,-0.196199588,-0.455075118,-0.254561799,-0.246636368,-0.232013067,-0.252601461,-0.257935324,-0.204554176,-0.196640124,-0.277944621
-0.273302893,-0.236690617,-0.252843109,-0.25938442,-0.147010067,-0.197074316,-0.202689756,-0.467092637,-0.28262826,-0.234334908,-0.231264853,-0.238854643,-0.248350341,-0.187857117,-0.21112179,-0.261203718
-0.252689926,-0.265094978,-0.241282515,-0.236877492,-0.151954926,-0.194856525,-0.192229079,-0.45295559,-0.246952489,-0.261195141,-0.264931231,-0.248795664,-0.260436479,-0.199645569,-0.184331734,-0.228930319
-0.241275067,-0.240072344,-0.244794746,-0.276802876,-0.194653259,-0.207243581,-0.210880973,-0.384363187,-0.255386899,-0.265343913,-0.238654274,-0.247695271,-0.275534836,-0.202645211,-0.198200008,-0.221674397
-0.27149106,-0.271148162,-0.247398399,-0.225228008,-0.171344288,-0.188036356,-0.204717818,-0.449065007,-0.252195098,-0.265987302,-0.231988675,-0.263013605,-0.278213318,-0.197900513,-0.191505276,-0.238334296
-0.274827124,-0.247497041,-0.265546909,-0.195270392,-0.158429452,-0.205122544,-0.197697261,-0.446879567,-0.262891746,-0.260950148,-0.24732599,-0.221243787,-0.255943286,-0.205183021,-0.206524684,-0.261245661
-0.274509406,-0.259098994,-0.253214895,-0.219618468,-0.147506793,-0.187270844,-0.184892191,-0.497209613,-0.261918473,-0.258204342,-0.246205957,-0.24514714,-0.280670144,-0.212186022,-0.213335204,-0.23837976
-0.257931337,-0.241587362,-0.243214545,-0.267706569,-0.160272607,-0.204319358,-0.194106071,-0.470061824,-0.273639765,-0.238389266,-0.264378059,-0.236491352,-0.261022522,-0.198720743,-0.20209467,-0.268247639
-0.237491658,-0.231162271,-0.245659106,-0.297585835,-0.119845036,-0.194269562,-0.198737124,-0.508583683,-0.259177098,-0.245299544,-0.240476705,-0.252110872,-0.218557122,-0.192262327,-0.201342225,-0.301787638
-0.217030792,-0.234115544,-0.226932097,-0.365566364,-0.135884257,-0.179599564,-0.204557415,-0.507412702,-0.258028377,-0.256887543,-0.248939023,-0.285853398,-0.250911804,-0.198432947,-0.190576272,-0.277775888
-0.244736887,-0.238467237,-0.24685174,-0.268858134,-0.18265435,-0.200534513,-0.200000371,-0.438240105,-0.260974435,-0.254555728,-0.228390409,-0.238279993,-0.281404284,-0.208285309,-0.203443609,-0.243162085
-0.305019617,-0.257827918,-0.268370927,-0.201592373,-0.142274786,-0.192657891,-0.195259121,-0.473437479,-0.2783691,-0.24251363,-0.274223628,-0.253302016,-0.253423981,-0.18866926,-0.198278355,-0.253994583
-0.226650498,-0.250632698,-0.247215253,-0.295693249,-0.166623666,-0.213136316,-0.201376579,-0.428250035,-0.228670288,-0.245259001,-0.259294657,-0.290899421,-0.255833496,-0.19997334,-0.206468351,-0.258645469
-0.239825272,-0.265393997,-0.240603068,-0.24848736,-0.159348226,-0.208313647,-0.199643717,-0.471578607,-0.230195864,-0.254008838,-0.246593909,-0.263774727,-0.253119437,-0.206275835,-0.191308576,-0.278040093
-0.234810585,-0.245202776,-0.250375852,-0.292164919,-0.158890926,-0.196397791,-0.192391917,-0.459348449,-0.238718168,-0.259193363,-0.225431421,-0.283529256,-0.264824367,-0.185928506,-0.196910576,-0.240545474
-0.247318304,-0.238537087,-0.263056916,-0.25336126,-0.144878612,-0.179427435,-0.192878659,-0.472636906,-0.243141818,-0.260866984,-0.237100402,-0.257966464,-0.271076692,-0.180555179,-0.205460579,-0.219195797
-0.260517157,-0.259725769,-0.250476368,-0.206961789,-0.148811721,-0.201213681,-0.206852288,-0.476054846,-0.250630757,-0.252862259,-0.249409597,-0.227065075,-0.243599902,-0.202803573,-0.199135627,-0.281135266
-0.219657245,-0.238188579,-0.246409351,-0.316244928,-0.181711839,-0.184753808,-0.215449825,-0.441821448,-0.235404725,-0.266706228,-0.256823154,-0.285849631,-0.28272965,-0.185303826,-0.205253475,-0.240120878
-0.278061248,-0.268461493,-0.238187425,-0.193270573,-0.145477604,-0.207060777,-0.191276955,-0.480467872,-0.271204093,-0.243445149,-0.244301623,-0.20826011,-0.241473345,-0.197103336,-0.197178783,-0.288886188
-0.233540908,-0.254161455,-0.238599874,-0.252256412,-0.192330525,-0.210405664,-0.206194993,-0.417542342,-0.241619796,-0.268495061,-0.265600701,-0.237265894,-0.272198835,-0.193926921,-0.202109097,-0.253781393
-0.210581187,-0.236399621,-0.248301832,-0.280754304,-0.157650724,-0.195729801,-0.199810533,-0.464940161,-0.225953847,-0.243759616,-0.237455245,-0.250289363,-0.263970462,-0.207690401,-0.207441979,-0.254231531
-0.269271737,-0.256099376,-0.260644019,-0.193406313,-0.17121125,-0.19685189,-0.209196075,-0.433116705,-0.251471615,-0.257194944,-0.237223218,-0.228419495,-0.268158313,-0.19571746,-0.192095985,-0.244799175
-0.266459423,-0.24479658,-0.246865254,-0.249267365,-0.155277739,-0.189745254,-0.209399605,-0.469984468,-0.275535884,-0.247265862,-0.264743612,-0.233096395,-0.258240163,-0.178286888,-0.203945319,-0.260494725
-0.265564257,-0.245452481,-0.243948914,-0.239029982,-0.149387812,-0.212462036,-0.198444669,-0.449807119,-0.276399328,-0.259788038,-0.247154368,-0.217857392,-0.242003773,-0.200573809,-0.210871116,-0.265410132
-0.282084737,-0.278089208,-0.25236389,-0.166588526,-0.202077075,-0.203947532,-0.210982216,-0.398992649,-0.25126346,-0.252195984,-0.258007181,-0.228751633,-0.284409599,-0.195510942,-0.193045628,-0.237279133
-0.231562151,-0.238229133,-0.236016388,-0.285165474,-0.192862752,-0.206650531,-0.19766152,-0.384517095,-0.257643475,-0.257069279,-0.239964291,-0.233281558,-0.286279443,-0.191028242,-0.206396657,-0.195653811
-0.220979104,-0.247837452,-0.236912122,-0.306386597,-0.157539866,-0.202004475,-0.208691692,-0.448779166,-0.237677133,-0.269854419,-0.255925448,-0.273521783,-0.250164988,-0.206306914,-0.224788175,-0.269149906
-0.226986477,-0.240970153,-0.252129945,-0.277734215,-0.160062652,-0.20503353,-0.18389606,-0.474373146,-0.234108038,-0.245827862,-0.258695813,-0.26227901,-0.26686756,-0.200953062,-0.198740297,-0.259503258
-0.300550634,-0.257202183,-0.257846272,-0.20579075,-0.142539737,-0.182675765,-0.205939727,-0.473895369,-0.286463125,-0.273238273,-0.274241087,-0.234816612,-0.253022893,-0.196071252,-0.193019547,-0.247638494
-0.26092502,-0.256955809,-0.261280105,-0.199996518,-0.148868052,-0.18789145,-0.206666032,-0.472424057,-0.242996133,-0.252694349,-0.21355109,-0.235135198,-0.254979313,-0.186859399,-0.208254423,-0.256108014
-0.219460932,-0.230797492,-0.250638759,-0.275472143,-0.167264865,-0.200776139,-0.193530927,-0.422515449,-0.238654898,-0.251326818,-0.237964342,-0.236450378,-0.267981269,-0.215191258,-0.186414786,-0.215918701
-0.255050487,-0.24943016,-0.248419214,-0.265102481,-0.195085961,-0.213924165,-0.197066295,-0.439100111,-0.256320342,-0.244422985,-0.248448065,-0.261247623,-0.280845575,-0.212685529,-0.192111293,-0.262808302
-0.24371015,-0.237768207,-0.255072755,-0.269425363,-0.154711116,-0.20056984,-0.213183663,-0.443690905,-0.251256071,-0.223373958,-0.24441025,-0.253972556,-0.240104323,-0.194299622,-0.197824282,-0.275058344
-0.282160553,-0.271591038,-0.251641924,-0.208533647,-0.189077421,-0.212242977,-0.196640423,-0.422438918,-0.250485499,-0.245362379,-0.256068732,-0.254541526,-0.283045696,-0.196095949,-0.203108556,-0.237516103
-0.24999151,-0.243546607,-0.260384776,-0.26551316,-0.168383156,-0.200269714,-0.211638741,-0.417309757,-0.246158516,-0.238594335,-0.250879766,-0.272928452,-0.253622695,-0.197052317,-0.19436062,-0.236432671
-0.274986639,-0.279246462,-0.260402666,-0.184386141,-0.190316012,-0.219203961,-0.193123697,-0.385471292,-0.236159049,-0.262098204,-0.270629086,-0.265553376,-0.277360983,-0.204314725,-0.201103944,-0.208456789
-0.245847825,-0.248533682,-0.250922741,-0.246835874,-0.16372783,-0.188485851,-0.186078412,-0.483304359,-0.246707835,-0.257326528,-0.255883797,-0.245181348,-0.291905196,-0.195115482,-0.1879946,-0.227227916
-0.213973823,-0.247045628,-0.2373119,-0.333656967,-0.132259934,-0.190108679,-0.189010531,-0.498272911,-0.229647953,-0.251754024,-0.23961294,-0.303100829,-0.257932234,-0.204131122,-0.200042127,-0.256485633
-0.244216229,-0.255561188,-0.267865286,-0.220602243,-0.144259524,-0.192704652,-0.198453061,-0.484598112,-0.218941283,-0.273723822,-0.287422579,-0.266795094,-0.256699997,-0.199574278,-0.204930273,-0.262927759
-0.210297488,-0.260424187,-0.222289507,-0.278224089,-0.185615927,-0.205914776,-0.199006172,-0.431275388,-0.22901216,-0.248924686,-0.238447474,-0.241806172,-0.280064067,-0.198473077,-0.191674092,-0.242532287
-0.305321342,-0.272821024,-0.26367672,-0.165176819,-0.162297343,-0.203620663,-0.192295638,-0.461339619,-0.269646437,-0.245801514,-0.245928577,-0.238501321,-0.269661333,-0.205262825,-0.193280306,-0.244406226
-0.238715616,-0.254277125,-0.236082306,-0.262438015,-0.162693404,-0.203366013,-0.190972198,-0.442568273,-0.248384894,-0.260653367,-0.249936026,-0.24251573,-0.269131069,-0.199588027,-0.208678798,-0.235695868
-0.276388456,-0.267324456,-0.273468817,-0.187004783,-0.185424553,-0.197078533,-0.210508732,-0.451647529,-0.235489977,-0.235286534,-0.253839077,-0.270183956,-0.27573241,-0.200257487,-0.196848688,-0.274566423
-0.274460826,-0.256170493,-0.264635064,-0.191821197,-0.167107207,-0.214591776,-0.209360062,-0.442169686,-0.253500864,-0.267171389,-0.252107644,-0.234161113,-0.242195281,-0.19854049,-0.213162133,-0.28783329
-0.229609313,-0.250597334,-0.23426894,-0.306244137,-0.157388656,-0.213966778,-0.206353685,-0.421981825,-0.245825137,-0.250462857,-0.25049563,-0.273471103,-0.232793578,-0.207775126,-0.207080057,-0.268985801
-0.286062665,-0.248099042,-0.246257983,-0.182070846,-0.179345564,-0.201021601,-0.201293679,-0.447596927,-0.29163203,-0.261528608,-0.254970337,-0.170479213,-0.272810813,-0.201396476,-0.187782456,-0.258239295
-0.259225059,-0.257766743,-0.23508899,-0.273092219,-0.194534942,-0.218983631,-0.194416943,-0.421200076,-0.266833599,-0.25744549,-0.2542409,-0.25845051,-0.282009652,-0.212191576,-0.188477057,-0.245526876
-0.249188329,-0.239991886,-0.24613884,-0.279411736,-0.196536511,-0.217800088,-0.206386567,-0.409468696,-0.263156799,-0.256496087,-0.237676875,-0.250079757,-0.270550537,-0.197665463,-0.196205725,-0.256059297
-0.252960552,-0.261746218,-0.25475595,-0.246116437,-0.170059089,-0.214171797,-0.192873914,-0.451028882,-0.236596866,-0.239762598,-0.255051367,-0.279016703,-0.258355237,-0.196335359,-0.186818415,-0.267418154
-0.22258833,-0.238405345,-0.243106107,-0.264795168,-0.184458607,-0.214305822,-0.210601951,-0.392908524,-0.241711924,-0.242440166,-0.253794307,-0.227028256,-0.263374518,-0.226768392,-0.205021881,-0.23679025
-0.232570671,-0.24328957,-0.243787079,-0.290187646,-0.106869502,-0.192240122,-0.188051232,-0.53777425,-0.24552392,-0.253651551,-0.259524006,-0.263713842,-0.22729218,-0.199103146,-0.184727367,-0.304575259
-0.247063435,-0.246967829,-0.264642457,-0.253771312,-0.167911691,-0.222764449,-0.188473443,-0.448707288,-0.23572006,-0.260628609,-0.264995887,-0.27651698,-0.258762615,-0.216197191,-0.213008317,-0.269146749
-0.248642969,-0.252624584,-0.243000985,-0.260958954,-0.140979695,-0.183748035,-0.180396402,-0.502157286,-0.252539891,-0.251421262,-0.257560775,-0.253096171,-0.276344249,-0.194636312,-0.196213086,-0.234074018
-0.292225225,-0.252531586,-0.260805224,-0.19900633,-0.199544262,-0.219518288,-0.200727916,-0.404070012,-0.279208007,-0.263599886,-0.264782427,-0.225259239,-0.284652309,-0.198069924,-0.191660744,-0.236734127
-0.263293028,-0.255785516,-0.245429115,-0.265645585,-0.156155166,-0.194509787,-0.198790182,-0.468984896,-0.262463699,-0.251546441,-0.243518897,-0.26663841,-0.258345135,-0.193260995,-0.197734359,-0.255337174
-0.247122709,-0.249416355,-0.25680778,-0.240388421,-0.150128649,-0.191320874,-0.192546777,-0.481033965,-0.24066102,-0.256668031,-0.243642947,-0.252872759,-0.267510136,-0.201444706,-0.209164194,-0.246132324
-0.236165751,-0.244491954,-0.247186301,-0.279486242,-0.181159017,-0.214485207,-0.208611229,-0.390205697,-0.243105674,-0.277092004,-0.229563254,-0.261323511,-0.25402189,-0.199945936,-0.209357083,-0.235451513
-0.238853991,-0.243310536,-0.259716642,-0.244862598,-0.160442715,-0.195194525,-0.193941735,-0.470531098,-0.236000211,-0.256715256,-0.245689425,-0.251244187,-0.27675926,-0.192420147,-0.221457713,-0.246143786
-0.241630936,-0.241372673,-0.231138095,-0.295234597,-0.160525968,-0.19787738,-0.197320899,-0.444608814,-0.268867842,-0.247374699,-0.257508417,-0.240360209,-0.267658769,-0.192430355,-0.212197558,-0.236494732
-0.24524782,-0.239559417,-0.239710886,-0.289387108,-0.143318801,-0.194959352,-0.20086913,-0.460937321,-0.267147582,-0.258578813,-0.248278425,-0.246900887,-0.246013935,-0.207039703,-0.194803115,-0.256873024
-0.270073871,-0.25061304,-0.248197538,-0.237195712,-0.19005976,-0.190312391,-0.19811021,-0.435332756,-0.271700264,-0.254727359,-0.256676331,-0.234461963,-0.303715549,-0.187196332,-0.201934078,-0.204700166
-0.248707847,-0.257434313,-0.24587488,-0.232508094,-0.1719238,-0.208901247,-0.188827352,-0.459316664,-0.242145161,-0.269003189,-0.255051412,-0.242899847,-0.283141693,-0.189725844,-0.204233884,-0.244085818
-0.261988111,-0.270071635,-0.259918453,-0.1853529,-0.183203123,-0.215192488,-0.202090586,-0.425957899,-0.234440891,-0.251314141,-0.25571475,-0.243586506,-0.262698459,-0.205965975,-0.191099769,-0.266430493
-0.239671673,-0.245928836,-0.252004257,-0.237283711,-0.152353508,-0.198397421,-0.200099505,-0.469493499,-0.241665662,-0.269131445,-0.256659457,-0.232169553,-0.254840991,-0.204180182,-0.208040485,-0.266575341
-0.275567429,-0.258847439,-0.260761741,-0.213678088,-0.16829151,-0.199384624,-0.193116825,-0.471437955,-0.256372268,-0.239482246,-0.237187043,-0.252607373,-0.270741955,-0.182686012,-0.188128874,-0.256632983
-0.255097901,-0.267305233,-0.249573036,-0.24871052,-0.177740961,-0.19563762,-0.186311997,-0.451139083,-0.238102402,-0.251732865,-0.26064623,-0.282956563,-0.288241459,-0.199100997,-0.195813332,-0.226254257
-0.26617834,-0.242684887,-0.252192622,-0.244453632,-0.147804857,-0.185348071,-0.209904564,-0.470982554,-0.270841298,-0.26958811,-0.264139204,-0.234079404,-0.254647886,-0.200933651,-0.209544566,-0.258718781
-0.235015931,-0.238861688,-0.246499753,-0.271288157,-0.193032499,-0.206063512,-0.20932248,-0.390049428,-0.249487283,-0.237782677,-0.246580332,-0.242975914,-0.276061649,-0.191041842,-0.206279256,-0.222978468
-0.267832067,-0.250380331,-0.244544245,-0.256276791,-0.180329504,-0.214811052,-0.204376131,-0.399648087,-0.273709775,-0.228009942,-0.254308937,-0.2441818,-0.256003484,-0.211952177,-0.185492219,-0.242057831
-0.244057029,-0.240010699,-0.244626963,-0.287819945,-0.191014447,-0.211849778,-0.202576286,-0.417370139,-0.258616323,-0.250134123,-0.262926334,-0.258290737,-0.275676399,-0.199130526,-0.207784789,-0.248369528
-0.25984274,-0.26050617,-0.266100736,-0.212756828,-0.163064917,-0.206584535,-0.206075273,-0.433264706,-0.232881798,-0.259646028,-0.261259325,-0.266778235,-0.248640471,-0.200142219,-0.189834599,-0.257242889
-0.257852337,-0.250913007,-0.235947361,-0.296928562,-0.164071904,-0.198899275,-0.204024285,-0.422468819,-0.271597608,-0.25690578,-0.238839851,-0.269495551,-0.263051727,-0.217251251,-0.209397406,-0.22717082
-0.255111036,-0.260953489,-0.225143972,-0.303927709,-0.158625004,-0.197140687,-0.188908274,-0.460813791,-0.270054811,-0.258128007,-0.241139633,-0.27538672,-0.273041455,-0.209494673,-0.197868001,-0.230210516
-0.256873287,-0.24006748,-0.251824582,-0.259926234,-0.175642579,-0.207523222,-0.201680513,-0.419464689,-0.262388279,-0.223352319,-0.23575787,-0.245086103,-0.26268119,-0.204327634,-0.214196237,-0.240796479
-0.234405091,-0.263009197,-0.230852694,-0.262069663,-0.158237183,-0.205902529,-0.1914149,-0.470281962,-0.240377037,-0.257118655,-0.244880469,-0.250570202,-0.267024409,-0.204692273,-0.185487079,-0.260935173
-0.23338577,-0.241965071,-0.251711219,-0.259704456,-0.144669948,-0.199045442,-0.187166667,-0.442577463,-0.2397049,-0.264518255,-0.256262366,-0.246962344,-0.263240735,-0.20442686,-0.202728831,-0.214032941
-0.280703465,-0.254177394,-0.258483578,-0.205146054,-0.185794492,-0.217514574,-0.187535885,-0.416197226,-0.267976325,-0.256152813,-0.243226828,-0.231142861,-0.278751558,-0.195649214,-0.21324169,-0.225773206
-0.237421706,-0.256266637,-0.237684544,-0.235787596,-0.171509662,-0.214267121,-0.207152768,-0.415570226,-0.242300924,-0.278255461,-0.25761995,-0.225368072,-0.252278696,-0.20448612,-0.205569339,-0.256763331
-0.249331603,-0.243461449,-0.245007324,-0.259643915,-0.163869695,-0.214307796,-0.187895313,-0.422769891,-0.260647758,-0.24023936,-0.235178743,-0.235572787,-0.261972945,-0.212380478,-0.192521939,-0.222631566
-0.223646922,-0.244012679,-0.249556494,-0.304133547,-0.161315678,-0.202447854,-0.202090728,-0.452719596,-0.230203136,-0.245772406,-0.252122947,-0.291025763,-0.255840901,-0.190442426,-0.19396866,-0.261889025
-0.250198754,-0.236729391,-0.258742525,-0.239487294,-0.194370714,-0.206656394,-0.21171089,-0.429129164,-0.254122862,-0.253661652,-0.257939545,-0.230795076,-0.277681923,-0.192279341,-0.191150041,-0.259554113
-0.268013356,-0.256869196,-0.250378874,-0.201403462,-0.163685321,-0.196488439,-0.195732106,-0.44913993,-0.260944255,-0.257310725,-0.253720255,-0.215445053,-0.271827362,-0.194277369,-0.198089203,-0.235346172
-0.27191823,-0.264148187,-0.236695331,-0.244834868,-0.161868058,-0.192721069,-0.195773044,-0.447772676,-0.270027174,-0.24739446,-0.239618574,-0.246121132,-0.269639978,-0.205124638,-0.200435117,-0.224649254
-0.255633774,-0.250535862,-0.265179952,-0.20690776,-0.159415559,-0.198287043,-0.207642434,-0.431506146,-0.241037873,-0.240204476,-0.258546191,-0.236158964,-0.25610009,-0.199990403,-0.185544737,-0.236359004
-0.272758183,-0.241115511,-0.281923794,-0.185557423,-0.157297943,-0.205099489,-0.203036979,-0.428795905,-0.25203986,-0.243731519,-0.268483768,-0.227725229,-0.246359774,-0.189675235,-0.2037616,-0.248535368
-0.302245445,-0.273975507,-0.276987981,-0.137779082,-0.150181728,-0.19424654,-0.201012064,-0.484560854,-0.251232861,-0.236481148,-0.277582135,-0.239951625,-0.258598843,-0.209147779,-0.194950989,-0.264963295
-0.207587453,-0.242350261,-0.227454976,-0.317837816,-0.127507735,-0.196007578,-0.180704712,-0.517356675,-0.237679814,-0.229938223,-0.231898983,-0.256632519,-0.256383675,-0.192754612,-0.191553425,-0.264949791
-0.223666559,-0.235680411,-0.248058987,-0.280700247,-0.158083133,-0.199652379,-0.209571828,-0.431452846,-0.239977132,-0.253560254,-0.25591577,-0.248858251,-0.244035918,-0.202010383,-0.195853006,-0.262951059
-0.26913254,-0.25917792,-0.253081917,-0.206482073,-0.178177954,-0.197375031,-0.204315631,-0.449053465,-0.257146414,-0.238887457,-0.257519845,-0.230372657,-0.279152648,-0.211120807,-0.196888099,-0.249244005
-0.241327644,-0.248433939,-0.247742475,-0.286795724,-0.138234951,-0.183251445,-0.199101386,-0.461419927,-0.245077592,-0.248206438,-0.242375059,-0.279501498,-0.253514726,-0.193860598,-0.192973159,-0.232683214
-0.252417402,-0.251804161,-0.265482634,-0.264344956,-0.178399833,-0.188815915,-0.208438234,-0.414365424,-0.235808125,-0.235483012,-0.26558639,-0.297296506,-0.280321482,-0.188464433,-0.203469445,-0.214217626
-0.25709518,-0.235773022,-0.251299593,-0.224647674,-0.145495731,-0.169604393,-0.196774196,-0.48913672,-0.268690395,-0.259926617,-0.230140509,-0.19912885,-0.28053601,-0.19107542,-0.194364675,-0.224027326
-0.257661981,-0.264086217,-0.258134827,-0.216208923,-0.17594387,-0.21023805,-0.194799447,-0.447848362,-0.236159056,-0.249618008,-0.260664037,-0.259809318,-0.268172195,-0.194198479,-0.194639855,-0.259233406
-0.283602869,-0.255010096,-0.259473988,-0.205011774,-0.116826896,-0.187974394,-0.199349534,-0.479036847,-0.267151818,-0.27180698,-0.244210878,-0.232408687,-0.229837275,-0.1899685,-0.198188352,-0.252153514
-0.259088353,-0.260884272,-0.241592929,-0.218335026,-0.164727968,-0.216149055,-0.18587325,-0.444823048,-0.25712634,-0.245479349,-0.252364023,-0.222813441,-0.261448692,-0.204682192,-0.195254741,-0.250320623
-0.256378685,-0.262145295,-0.253796504,-0.228930872,-0.173502188,-0.195052956,-0.211024827,-0.432066772,-0.24218336,-0.224604894,-0.265249674,-0.256946177,-0.271710448,-0.193305595,-0.210254836,-0.236170581
-0.22094821,-0.227081179,-0.241309456,-0.329869384,-0.158219704,-0.197280486,-0.195867646,-0.474151554,-0.254106483,-0.242127592,-0.241531548,-0.265022362,-0.264650702,-0.195398283,-0.195471437,-0.257966986
-0.269971175,-0.260634283,-0.276089321,-0.18818972,-0.162917402,-0.202320571,-0.210979014,-0.434119843,-0.233503746,-0.265392958,-0.259514308,-0.262061189,-0.250153141,-0.20503868,-0.186857724,-0.255924437
-0.232881319,-0.23839658,-0.244922956,-0.278538767,-0.183385484,-0.207698326,-0.200724672,-0.407797656,-0.249312878,-0.249477327,-0.239532204,-0.245879952,-0.272200777,-0.208973627,-0.187330981,-0.228932996
-0.242211591,-0.254398237,-0.260133174,-0.251794956,-0.174411664,-0.209199854,-0.193141845,-0.489307188,-0.227391537,-0.254061568,-0.249028759,-0.280811114,-0.2753296,-0.209874642,-0.194267944,-0.289394196
-0.221610914,-0.23709833,-0.23471004,-0.301311721,-0.164590677,-0.204569757,-0.201635747,-0.459381756,-0.248779244,-0.253425781,-0.227676637,-0.250327902,-0.258903049,-0.184273925,-0.204189203,-0.27497286
-0.251641032,-0.239317409,-0.261778815,-0.269251703,-0.192103436,-0.203697797,-0.198049579,-0.412996089,-0.250112356,-0.239759593,-0.248008358,-0.272406601,-0.290716799,-0.207765228,-0.192660551,-0.216684674
-0.255298156,-0.270633135,-0.261224753,-0.25074033,-0.173757839,-0.208246779,-0.189866344,-0.45827192,-0.223403179,-0.253329529,-0.255349283,-0.316016544,-0.278911874,-0.207461951,-0.204577773,-0.255319744
-0.26121921,-0.247199883,-0.253016058,-0.24821363,-0.140269153,-0.192835664,-0.19790471,-0.485183647,-0.261399325,-0.25748057,-0.254966319,-0.248377364,-0.253964835,-0.210273056,-0.200479531,-0.267494172
-0.213987417,-0.255257312,-0.24548509,-0.276091592,-0.18500283,-0.211583926,-0.195586449,-0.449220484,-0.213575467,-0.246692238,-0.244971818,-0.277697978,-0.274010936,-0.192897811,-0.203678608,-0.262696417
-0.23055787,-0.24615344,-0.238274623,-0.285138847,-0.17146044,-0.209149259,-0.193867474,-0.459269248,-0.247309919,-0.239498794,-0.226986309,-0.252664472,-0.265805364,-0.183074741,-0.193988121,-0.264678606
-0.205442196,-0.228880532,-0.250898309,-0.339746456,-0.172204379,-0.202648081,-0.186540803,-0.468488749,-0.226136526,-0.254341379,-0.249629086,-0.298512793,-0.274163219,-0.203529249,-0.19008897,-0.254053541
-0.235857537,-0.242182944,-0.225142888,-0.29393982,-0.150574238,-0.214386696,-0.180957387,-0.462445359,-0.268104936,-0.258056863,-0.231418567,-0.228808635,-0.255156595,-0.198553302,-0.208788976,-0.261383801
-0.27825252,-0.23831279,-0.268649248,-0.206750286,-0.147062964,-0.190246043,-0.200195409,-0.490874041,-0.2702139,-0.269063903,-0.242239385,-0.223757004,-0.255439451,-0.209650567,-0.197439469,-0.270494778
-0.263360756,-0.258188275,-0.258224671,-0.169581119,-0.187389562,-0.197674213,-0.216354372,-0.411299515,-0.246577207,-0.251151694,-0.242266528,-0.203256459,-0.273584273,-0.193606494,-0.207376389,-0.242458206
-0.275067189,-0.268621051,-0.263133368,-0.178668715,-0.202257141,-0.217943895,-0.195496393,-0.393839743,-0.244526479,-0.266224156,-0.269409501,-0.241937745,-0.283051673,-0.206703746,-0.189207647,-0.223398563
-0.263522943,-0.260268699,-0.257489868,-0.234037288,-0.175360605,-0.187402478,-0.206934124,-0.461645367,-0.245763314,-0.237299198,-0.248629593,-0.268540729,-0.285338804,-0.195430564,-0.205405591,-0.24982655
-0.260693564,-0.249878221,-0.232461299,-0.276377384,-0.181424836,-0.204082354,-0.19755626,-0.434325642,-0.279131351,-0.245280807,-0.249538721,-0.241440912,-0.284142408,-0.19460388,-0.192705622,-0.237861094
-0.239625912,-0.239823211,-0.246209766,-0.264415771,-0.16284748,-0.186194029,-0.202587532,-0.46181879,-0.253725955,-0.247716277,-0.241633846,-0.2358133,-0.267286393,-0.213750543,-0.196925244,-0.246687144
-0.250928578,-0.243403343,-0.24613276,-0.283939329,-0.184752967,-0.192135087,-0.219078924,-0.429216677,-0.259040563,-0.262783805,-0.268624394,-0.263489684,-0.268989506,-0.201629834,-0.206354387,-0.264087727
-0.224798898,-0.251302723,-0.236491482,-0.280676195,-0.17439566,-0.213718963,-0.202143324,-0.437128158,-0.236843518,-0.240234727,-0.257240604,-0.256125614,-0.26085692,-0.212918104,-0.192495292,-0.267485756
-0.25474744,-0.256236407,-0.242924117,-0.246454557,-0.18384954,-0.197377045,-0.196856708,-0.444645928,-0.255179892,-0.258358586,-0.248862332,-0.245288917,-0.28843175,-0.206159819,-0.20140204,-0.234636241
-0.244322382,-0.237435474,-0.265967982,-0.247987721,-0.174626699,-0.194062553,-0.217775728,-0.431259186,-0.241503891,-0.260424293,-0.265393807,-0.254344764,-0.267750041,-0.189041643,-0.196790999,-0.249157059
-0.234806979,-0.262742985,-0.236273771,-0.258963143,-0.167929895,-0.211878429,-0.199984917,-0.42946156,-0.235666354,-0.246004279,-0.251157101,-0.257009756,-0.252979349,-0.208101539,-0.199346256,-0.256342063
-0.2497069,-0.24656887,-0.254498239,-0.253885398,-0.176421884,-0.205862863,-0.204082993,-0.442317547,-0.245184407,-0.223081739,-0.260413829,-0.251181038,-0.271191348,-0.203772545,-0.210117708,-0.262835185
-0.221058929,-0.261763844,-0.243292275,-0.286825038,-0.132572825,-0.174234816,-0.20041744,-0.478681684,-0.21596225,-0.226812648,-0.241226027,-0.293367909,-0.263901606,-0.193101182,-0.202635744,-0.222223314
-0.261209853,-0.245935741,-0.260969202,-0.220703802,-0.150700533,-0.185492388,-0.194729822,-0.506555476,-0.252996783,-0.254908114,-0.231770734,-0.23651427,-0.27109086,-0.205240421,-0.205546611,-0.270221668
-0.250435008,-0.25317923,-0.245196009,-0.2713283,-0.183366783,-0.193165668,-0.201582323,-0.45617546,-0.252100445,-0.265528266,-0.240399542,-0.26740563,-0.284127981,-0.191370598,-0.196990523,-0.250773273
-0.286542505,-0.253206614,-0.272187016,-0.205118273,-0.157090787,-0.197875166,-0.179463827,-0.462313518,-0.260121006,-0.239901275,-0.248546146,-0.256985007,-0.288314438,-0.204623014,-0.203216317,-0.211358142
-0.266506768,-0.255824851,-0.240641851,-0.233865546,-0.218055783,-0.203484567,-0.210676735,-0.38907916,-0.270277819,-0.253228087,-0.236567975,-0.226410279,-0.304030085,-0.203185657,-0.219009715,-0.214535863
-0.286276332,-0.270810089,-0.257589716,-0.191949631,-0.173913489,-0.188842983,-0.198348674,-0.455927574,-0.257473535,-0.247927776,-0.234221315,-0.248558169,-0.286147175,-0.19384228,-0.186642431,-0.230901627
-0.289636198,-0.266097968,-0.258420933,-0.1607552,-0.160189484,-0.199385083,-0.196563167,-0.458712229,-0.266414235,-0.260552841,-0.254892069,-0.208397219,-0.267868103,-0.195191346,-0.190745252,-0.250458218
-0.247735905,-0.244531071,-0.251948376,-0.234165146,-0.150086272,-0.206142266,-0.198759401,-0.463475997,-0.251731336,-0.255036022,-0.244709073,-0.226534737,-0.240609612,-0.200314358,-0.18419129,-0.274271726
-0.26098815,-0.248364643,-0.276728079,-0.197347707,-0.160221488,-0.214748382,-0.17974354,-0.466887346,-0.235382061,-0.239783694,-0.254549041,-0.248927846,-0.267757327,-0.211409877,-0.184904482,-0.25032905
-0.226859837,-0.267556415,-0.228724686,-0.257494803,-0.139134833,-0.20742603,-0.169903138,-0.5067468,-0.232177573,-0.249607005,-0.254234043,-0.250831324,-0.264603198,-0.207732255,-0.194066566,-0.262684944
-0.233771254,-0.248491081,-0.231336859,-0.257431482,-0.164172126,-0.181615033,-0.187111063,-0.463822421,-0.253576644,-0.255766612,-0.249760677,-0.217900153,-0.303533504,-0.192350465,-0.191835433,-0.195190888
-0.220953817,-0.269616369,-0.241203425,-0.277645459,-0.176058706,-0.207468914,-0.198658983,-0.458011242,-0.211637107,-0.247351245,-0.229431947,-0.299293278,-0.273350472,-0.199141487,-0.208962121,-0.268737348
-0.237946178,-0.265231959,-0.232976294,-0.25165059,-0.186298632,-0.201795056,-0.207742789,-0.427376888,-0.237865084,-0.27037646,-0.238670004,-0.250152946,-0.270514786,-0.187934374,-0.206727803,-0.250485214
-0.261035912,-0.239271496,-0.262718668,-0.254235844,-0.172716664,-0.210310829,-0.198568202,-0.423293789,-0.259070526,-0.252568714,-0.251675793,-0.257977989,-0.261538463,-0.187759866,-0.206414521,-0.24375919
-0.255790707,-0.250444875,-0.239441435,-0.251582949,-0.158447066,-0.203984869,-0.200199241,-0.421558374,-0.266516444,-0.271013356,-0.266196699,-0.229960326,-0.253667045,-0.191368254,-0.190549237,-0.235968037
-0.264436137,-0.264877287,-0.262408126,-0.210549237,-0.18037734,-0.201914618,-0.196999556,-0.414346223,-0.236787066,-0.262881174,-0.243360415,-0.264330455,-0.276257937,-0.207779935,-0.196147146,-0.214497974
-0.263391228,-0.260586761,-0.232481187,-0.248089787,-0.168222103,-0.178582114,-0.209541349,-0.456737167,-0.269026665,-0.2486573,-0.242813305,-0.236982941,-0.281612687,-0.196563969,-0.200010229,-0.238602704
-0.256420835,-0.26408323,-0.257772425,-0.24052282,-0.173690234,-0.212123486,-0.198875364,-0.42148965,-0.232722955,-0.257566712,-0.229881655,-0.287807158,-0.258430982,-0.205139462,-0.189605004,-0.243606542
-0.242079718,-0.250990589,-0.247843936,-0.241275494,-0.148058443,-0.185597544,-0.194076448,-0.466282595,-0.243013756,-0.253092902,-0.244733382,-0.239150414,-0.268761665,-0.193950329,-0.200873171,-0.227139093
-0.243791821,-0.263648853,-0.242943171,-0.259596048,-0.178856666,-0.214316252,-0.199862171,-0.427169991,-0.237290135,-0.250897417,-0.247299135,-0.272706885,-0.263804321,-0.206391079,-0.218988967,-0.255985418
-0.238979896,-0.257330911,-0.243376641,-0.256286222,-0.161474571,-0.194984042,-0.207023547,-0.486583281,-0.238572179,-0.252043041,-0.252884939,-0.257556547,-0.257112639,-0.192891729,-0.200576421,-0.294039266
-0.221391331,-0.238928145,-0.241282802,-0.299099016,-0.182513407,-0.200580173,-0.194180324,-0.443593724,-0.241662382,-0.254563317,-0.251262554,-0.259034072,-0.282397734,-0.197423723,-0.199004961,-0.23239557
-0.244384578,-0.248035789,-0.247801265,-0.269609116,-0.177500236,-0.202836335,-0.211673382,-0.454632869,-0.248495938,-0.260627808,-0.25134029,-0.261227786,-0.257423285,-0.19530144,-0.1914342,-0.285480876
-0.232049974,-0.238394799,-0.24155872,-0.271636625,-0.147362756,-0.195507553,-0.200764331,-0.484897081,-0.252428021,-0.241433177,-0.264082227,-0.231489902,-0.259590701,-0.202390379,-0.186738366,-0.272031618
-0.237432914,-0.256249591,-0.235546879,-0.24913777,-0.183230892,-0.202393047,-0.203306355,-0.41537573,-0.246344195,-0.2656566,-0.228465246,-0.230715609,-0.278001218,-0.189778419,-0.195653081,-0.230169487
-0.286064887,-0.256799753,-0.260256341,-0.17785419,-0.173109821,-0.204926064,-0.207744456,-0.426157631,-0.269467753,-0.261788208,-0.266678411,-0.212791226,-0.257187277,-0.202688911,-0.200014564,-0.248500268
-0.273751082,-0.241102568,-0.267328714,-0.220817254,-0.157337748,-0.210949262,-0.190542723,-0.441221016,-0.264926551,-0.251555564,-0.268678269,-0.238007544,-0.257120413,-0.209898161,-0.217043881,-0.245334691
-0.215027487,-0.238025247,-0.253119586,-0.293158223,-0.121647397,-0.176119093,-0.191083731,-0.522511117,-0.222630945,-0.254945296,-0.249736478,-0.27706646,-0.262964612,-0.186161255,-0.204289204,-0.247149798
-0.27028762,-0.26299556,-0.258647069,-0.196391757,-0.216603979,-0.196767487,-0.215193079,-0.388101682,-0.248820205,-0.262058546,-0.265689364,-0.239867625,-0.300966458,-0.206970334,-0.203958266,-0.219728812
-0.242993212,-0.246600093,-0.251923608,-0.259020007,-0.141456098,-0.176185411,-0.197154828,-0.47193389,-0.244551443,-0.239473735,-0.26188518,-0.256482094,-0.271861874,-0.216265325,-0.195231512,-0.21871366
-0.269034071,-0.246931515,-0.271566632,-0.198245749,-0.141423202,-0.203084267,-0.195491312,-0.488329959,-0.249423057,-0.266649633,-0.251019713,-0.234936607,-0.245020055,-0.203942999,-0.19307916,-0.280741557
-0.231540257,-0.268660948,-0.226385572,-0.276570014,-0.162714399,-0.185266235,-0.199105458,-0.461711211,-0.235488597,-0.259690482,-0.25536981,-0.268351778,-0.276236734,-0.183026332,-0.205807398,-0.229071978
-0.235372739,-0.237893115,-0.241484686,-0.30420455,-0.173858882,-0.203552202,-0.20010961,-0.429749058,-0.256918816,-0.253237722,-0.250052119,-0.262487118,-0.26556978,-0.191045554,-0.203716211,-0.242278787
-0.270558933,-0.256620064,-0.258605532,-0.204707607,-0.159127819,-0.199387447,-0.202604602,-0.447938814,-0.255432558,-0.272157777,-0.254564746,-0.235904688,-0.258552943,-0.198020136,-0.195107809,-0.248709115
-0.242443848,-0.256060668,-0.252675187,-0.26232689,-0.177286017,-0.198895854,-0.208313771,-0.456738979,-0.235148266,-0.259694065,-0.249878201,-0.27961014,-0.270328505,-0.220111813,-0.202692252,-0.270547353
-0.250298743,-0.248396272,-0.249393805,-0.247682126,-0.162315245,-0.188948282,-0.208093339,-0.458131397,-0.252072515,-0.250162668,-0.262494893,-0.243462625,-0.270383481,-0.193564864,-0.197833563,-0.244940229
-0.258702772,-0.262795229,-0.256115697,-0.23936132,-0.173101375,-0.208405035,-0.198610524,-0.454995455,-0.23893283,-0.270157642,-0.26634251,-0.279907758,-0.264656201,-0.202778524,-0.189326766,-0.268146238
-0.261759981,-0.267577849,-0.244666357,-0.213711261,-0.191951637,-0.193391961,-0.219272399,-0.421784508,-0.250028571,-0.257738143,-0.250314609,-0.237190025,-0.275615739,-0.210396215,-0.18583611,-0.249974471
-0.238064284,-0.252271971,-0.250954558,-0.249884564,-0.150168546,-0.199948915,-0.194785014,-0.484564059,-0.241590146,-0.260831765,-0.250143327,-0.253675711,-0.259587174,-0.20558012,-0.211344309,-0.264690824
-0.228371345,-0.25305302,-0.248417972,-0.271152462,-0.197257631,-0.203102684,-0.211897675,-0.383104073,-0.227400709,-0.256872902,-0.263093323,-0.272960372,-0.275930477,-0.18329756,-0.201117171,-0.218987065
-0.241812335,-0.265036233,-0.234826991,-0.271846186,-0.171750607,-0.203548994,-0.212344133,-0.42611347,-0.229259844,-0.240019503,-0.236172756,-0.260544007,-0.26268435,-0.185446312,-0.209889704,-0.25034154
-0.243084646,-0.246218169,-0.26335495,-0.242867291,-0.169995447,-0.206151929,-0.195986416,-0.463966297,-0.233498388,-0.235344725,-0.241903154,-0.260418936,-0.267617844,-0.219605563,-0.186374489,-0.269206453
-0.240555476,-0.248820806,-0.242348797,-0.284088656,-0.173024641,-0.205982304,-0.214065511,-0.409387874,-0.249906315,-0.262463898,-0.250561823,-0.265218962,-0.252838054,-0.205172555,-0.205674897,-0.245476781
-0.224144864,-0.251614306,-0.251954574,-0.253018505,-0.148701079,-0.195062787,-0.193914263,-0.500734303,-0.220498688,-0.257052277,-0.255189026,-0.260078928,-0.262639869,-0.194678021,-0.217958023,-0.271833743
-0.255514024,-0.262705733,-0.267686723,-0.200426063,-0.147624329,-0.198145769,-0.201396367,-0.488038595,-0.225647497,-0.231456427,-0.258011687,-0.262592686,-0.248055835,-0.205346047,-0.199651365,-0.287379516
-0.252013049,-0.260168447,-0.24909632,-0.223786798,-0.154920871,-0.194444046,-0.190720184,-0.46566524,-0.242022835,-0.268327972,-0.246819339,-0.243766139,-0.269960064,-0.189498948,-0.214542568,-0.235176865
-0.228585253,-0.25561684,-0.233866556,-0.283900146,-0.166407892,-0.193710327,-0.208615205,-0.450290642,-0.240041468,-0.25126819,-0.250672073,-0.262656952,-0.26193591,-0.205180887,-0.21148992,-0.260850947
-0.22877385,-0.243221229,-0.253536698,-0.289481873,-0.18832479,-0.194802337,-0.21302213,-0.461432533,-0.231921134,-0.255145147,-0.24650003,-0.283160458,-0.281049773,-0.201929883,-0.192037998,-0.277653486
-0.243055146,-0.261664854,-0.256895961,-0.228038022,-0.202358638,-0.192893602,-0.213655047,-0.426061454,-0.223944155,-0.274493045,-0.248437413,-0.264794452,-0.292083315,-0.201368185,-0.211751172,-0.240145768
-0.237544745,-0.254864371,-0.25389609,-0.22821068,-0.220203553,-0.19637968,-0.21141911,-0.417532476,-0.227416465,-0.243438599,-0.239744008,-0.250991676,-0.311457925,-0.195338425,-0.19790363,-0.230871465
-0.262405675,-0.237403207,-0.270445719,-0.225359365,-0.175456615,-0.217679784,-0.192242031,-0.410407609,-0.255022642,-0.255002685,-0.269240089,-0.23942311,-0.260404558,-0.210771217,-0.204458316,-0.237277014
-0.258109207,-0.241464346,-0.268870833,-0.234795975,-0.181296024,-0.207265817,-0.208390111,-0.401079006,-0.248919158,-0.246197413,-0.245845782,-0.254702403,-0.268001843,-0.218476421,-0.204197337,-0.228366918
-0.316804798,-0.266333317,-0.260921309,-0.173789708,-0.202061626,-0.210309352,-0.211934674,-0.409725984,-0.289027861,-0.245277333,-0.253018969,-0.228439886,-0.278450709,-0.197445233,-0.203811033,-0.256000156
-0.243464573,-0.243223767,-0.240208844,-0.261833363,-0.196737809,-0.197257902,-0.219959186,-0.389125986,-0.260510227,-0.241042664,-0.249639282,-0.229366576,-0.277761814,-0.216618402,-0.193966553,-0.22304135
-0.246617214,-0.253370146,-0.238302178,-0.235551804,-0.127101563,-0.180422864,-0.194433189,-0.524901352,-0.254994431,-0.253047335,-0.238740897,-0.218441142,-0.253170889,-0.195800438,-0.201438374,-0.268071717
-0.251898032,-0.261994028,-0.225748529,-0.281610378,-0.149976307,-0.194959096,-0.197737206,-0.463598795,-0.264050969,-0.265186508,-0.248151691,-0.257935709,-0.260328481,-0.19703703,-0.189186478,-0.24279447
-0.253796778,-0.246182579,-0.243545653,-0.263416572,-0.144554872,-0.200232688,-0.190159026,-0.476763121,-0.263712744,-0.230952447,-0.24281675,-0.243616561,-0.251046829,-0.205387202,-0.19306657,-0.261022156
-0.252725665,-0.263834266,-0.245924825,-0.240853325,-0.138393426,-0.189357944,-0.186147358,-0.516737433,-0.242465481,-0.238241034,-0.227993641,-0.25899522,-0.266016797,-0.191817023,-0.19271536,-0.261700402
-0.266562084,-0.26232165,-0.258935484,-0.208261207,-0.15805611,-0.200233772,-0.205423242,-0.430862612,-0.244888264,-0.267532856,-0.25397229,-0.250849132,-0.251878624,-0.203159943,-0.193762311,-0.245562471
-0.21563772,-0.250039335,-0.242815009,-0.291806518,-0.177490288,-0.217745693,-0.204323085,-0.40450057,-0.217164304,-0.272164329,-0.237257999,-0.285619797,-0.254646735,-0.197509752,-0.200875684,-0.244628648
-0.246947603,-0.245191726,-0.236754948,-0.268261073,-0.160834375,-0.203885878,-0.193708448,-0.465106494,-0.263522117,-0.24811132,-0.230758236,-0.233932129,-0.262831175,-0.195689874,-0.21371604,-0.256925212
-0.249762229,-0.247367614,-0.253046068,-0.231865529,-0.140792738,-0.195711106,-0.209347767,-0.466075318,-0.249256983,-0.250129877,-0.262289923,-0.232857834,-0.232187777,-0.187771156,-0.199560104,-0.276143705
-0.245816883,-0.254613706,-0.23772886,-0.268730965,-0.198555128,-0.202083112,-0.193154197,-0.436770361,-0.252925241,-0.26198326,-0.242717699,-0.25468901,-0.29632442,-0.187348922,-0.202301688,-0.231241596
-0.23874526,-0.248642308,-0.256769222,-0.269266986,-0.160163938,-0.212263566,-0.184452207,-0.483919192,-0.233045441,-0.252769645,-0.247743832,-0.28052811,-0.265863009,-0.210401437,-0.205191001,-0.274986584
-0.234241718,-0.241905667,-0.221399741,-0.275054756,-0.170943098,-0.197440423,-0.209574683,-0.462446847,-0.27207362,-0.25212499,-0.235275924,-0.201962383,-0.257242396,-0.205931966,-0.192986477,-0.289888134
-0.273372384,-0.245757239,-0.250636629,-0.241822875,-0.1864586,-0.197101182,-0.21600885,-0.433377365,-0.277486405,-0.240090788,-0.250645989,-0.233953688,-0.268929921,-0.193517464,-0.191699388,-0.26426918
-0.278739639,-0.277853091,-0.254680238,-0.1739715,-0.166030693,-0.191512872,-0.198884962,-0.455253001,-0.247146555,-0.235393068,-0.252172704,-0.238201358,-0.278692942,-0.198301784,-0.2096768,-0.241039005
-0.255803206,-0.245663171,-0.243652046,-0.252277822,-0.161854795,-0.198973934,-0.197792384,-0.469249067,-0.266464532,-0.248931116,-0.253887458,-0.23092513,-0.269220352,-0.199972634,-0.187928259,-0.251800532
-0.260155238,-0.272119248,-0.247864539,-0.218408614,-0.159511672,-0.190471236,-0.200347947,-0.469425171,-0.239584975,-0.248306345,-0.239481893,-0.260359258,-0.264475632,-0.205602171,-0.210593614,-0.25496413
-0.230098138,-0.251164996,-0.24106094,-0.27970286,-0.145130486,-0.190580185,-0.192484683,-0.512140127,-0.237356453,-0.248781911,-0.248390466,-0.265419586,-0.262742581,-0.202253553,-0.197239134,-0.278011121
-0.215977273,-0.250104228,-0.232849881,-0.294724946,-0.206617173,-0.195136857,-0.205949487,-0.445447453,-0.232569433,-0.256714437,-0.248807848,-0.259859847,-0.298160809,-0.18636832,-0.201965961,-0.245226857
-0.23239009,-0.236283514,-0.247128545,-0.294405098,-0.166577978,-0.205844737,-0.219052766,-0.402358711,-0.249152553,-0.245648664,-0.254026122,-0.260636148,-0.243895613,-0.203088969,-0.212216997,-0.251828075
-0.249188576,-0.247586751,-0.250656406,-0.257707721,-0.207086472,-0.210626629,-0.199809983,-0.418965823,-0.250807417,-0.248957621,-0.253129137,-0.254628007,-0.295371637,-0.196964529,-0.202322863,-0.235228173
-0.233602983,-0.231087665,-0.250426723,-0.287883685,-0.180734082,-0.211751887,-0.199286763,-0.413775759,-0.25154663,-0.239617147,-0.241858877,-0.251465765,-0.266772487,-0.189687019,-0.209321841,-0.235050502
-0.25333752,-0.256607773,-0.249552555,-0.242781888,-0.158874937,-0.195798744,-0.208263826,-0.46510705,-0.245251719,-0.236819471,-0.234815177,-0.25772651,-0.256530047,-0.202642436,-0.198711074,-0.270579425
-0.290583229,-0.264909416,-0.245640914,-0.2214316,-0.14136966,-0.180884517,-0.20727853,-0.496090383,-0.279713085,-0.239339022,-0.257101905,-0.243449138,-0.256260253,-0.207140477,-0.209675273,-0.278271838
-0.224454899,-0.233016999,-0.259650524,-0.314378787,-0.16991957,-0.203113506,-0.201071168,-0.445936238,-0.23113224,-0.223189533,-0.259994734,-0.301035394,-0.26960214,-0.214407261,-0.207303454,-0.248165813
-0.23946268,-0.244984587,-0.24999164,-0.257904288,-0.171554951,-0.20280239,-0.194630416,-0.441593154,-0.245573243,-0.265644179,-0.250218294,-0.245827842,-0.270580782,-0.19275024,-0.198354744,-0.239164822
-0.266540091,-0.265552725,-0.239546472,-0.236226311,-0.151393212,-0.214565487,-0.187078972,-0.457658983,-0.260423795,-0.276901665,-0.24463675,-0.248244455,-0.250987926,-0.202859258,-0.196664977,-0.252850317
-0.282518391,-0.270205435,-0.251716987,-0.176103626,-0.175046621,-0.204442011,-0.204270663,-0.410398228,-0.260341334,-0.247154166,-0.245611924,-0.222867269,-0.269352612,-0.208710253,-0.202594836,-0.230155503
-0.26113677,-0.252232927,-0.246455479,-0.248123794,-0.167421741,-0.192484598,-0.200871175,-0.455956832,-0.260471852,-0.269196017,-0.249840898,-0.246863461,-0.271518588,-0.20363201,-0.204815117,-0.247427145
-0.254255699,-0.25455542,-0.24331001,-0.239778925,-0.186247947,-0.209302696,-0.197178994,-0.460670846,-0.256541194,-0.255916418,-0.251565801,-0.235607716,-0.283300834,-0.18739294,-0.203216509,-0.269276214
-0.202318399,-0.249395934,-0.24153152,-0.29564713,-0.150344432,-0.206905557,-0.178930901,-0.462700272,-0.21381516,-0.257436491,-0.233509008,-0.279577868,-0.265569209,-0.197452518,-0.204777708,-0.233893362
-0.22889552,-0.249770292,-0.255105995,-0.247449563,-0.178297751,-0.215446786,-0.206916571,-0.445446471,-0.223734197,-0.25172604,-0.242117103,-0.25681499,-0.257442945,-0.20455691,-0.213467775,-0.290482602
-0.273985744,-0.269229209,-0.253203673,-0.190167864,-0.173857839,-0.206156921,-0.194561862,-0.452446175,-0.25190543,-0.258298338,-0.257350483,-0.234937604,-0.278953459,-0.202052581,-0.214235899,-0.254500833
-0.226689751,-0.233067773,-0.240650688,-0.296628556,-0.161284179,-0.191444719,-0.204395553,-0.451040875,-0.25357026,-0.24814113,-0.250917363,-0.243646448,-0.26909092,-0.198177412,-0.224710313,-0.241863858
-0.227815316,-0.220804828,-0.254411759,-0.263587036,-0.151470899,-0.189944988,-0.20113012,-0.483008905,-0.253864729,-0.245685655,-0.234744801,-0.213085303,-0.264136007,-0.192567908,-0.202510633,-0.261721258
-0.250444342,-0.244146592,-0.247712153,-0.271457115,-0.175565839,-0.193604466,-0.206451533,-0.451295457,-0.259058367,-0.255471092,-0.249541893,-0.254870662,-0.279711632,-0.199207403,-0.195057304,-0.243221696
-0.226424072,-0.236709511,-0.249136387,-0.276220855,-0.154943539,-0.200736095,-0.189645521,-0.4658224,-0.240526784,-0.252917285,-0.24256785,-0.248365453,-0.25522396,-0.190877581,-0.199036783,-0.257702763
-0.244891511,-0.26198931,-0.242964266,-0.256652406,-0.186258621,-0.216693629,-0.186606116,-0.436906235,-0.239630479,-0.256629854,-0.236198608,-0.266797504,-0.287511027,-0.203141074,-0.202496278,-0.240702533
-0.234296596,-0.246878256,-0.235431482,-0.281719114,-0.190711231,-0.203363225,-0.208734686,-0.405911466,-0.248523662,-0.258349592,-0.243076477,-0.246503047,-0.280293463,-0.206824288,-0.206618866,-0.229615797
-0.254055451,-0.256901418,-0.241617742,-0.254908692,-0.172552756,-0.194509287,-0.20157731,-0.446171165,-0.256149824,-0.253898399,-0.263631207,-0.251650021,-0.276888001,-0.202696928,-0.20000999,-0.237072662
-0.258592642,-0.253423163,-0.251375135,-0.222319434,-0.17440237,-0.202951301,-0.206589101,-0.440573097,-0.254120473,-0.248053847,-0.249503915,-0.23169263,-0.265093577,-0.199855299,-0.209171529,-0.255877997
-0.284371573,-0.28934076,-0.24075594,-0.187636517,-0.145220996,-0.183348398,-0.195998684,-0.490193234,-0.253534333,-0.271984229,-0.252698532,-0.248963583,-0.27097882,-0.200644285,-0.212683076,-0.248792109
-0.26240972,-0.258536197,-0.256917564,-0.213437756,-0.197866731,-0.204731317,-0.2132218,-0.395323283,-0.247570397,-0.22914898,-0.237165016,-0.241987091,-0.276711881,-0.203322885,-0.203752209,-0.233962634
-0.279351435,-0.266953807,-0.256655503,-0.214753664,-0.167795622,-0.194457246,-0.19937643,-0.452444216,-0.25559878,-0.259850763,-0.249419009,-0.261682497,-0.286694212,-0.209407281,-0.198292354,-0.233262407
-0.215231327,-0.236357151,-0.23972945,-0.280340746,-0.173005191,-0.208384036,-0.182575217,-0.469247889,-0.238703504,-0.235127483,-0.244574054,-0.232994868,-0.290525783,-0.206763521,-0.197602118,-0.239168418
-0.249789384,-0.241736864,-0.261593899,-0.230116383,-0.192677644,-0.21316936,-0.201276451,-0.37542052,-0.246834367,-0.236505227,-0.249438979,-0.235515157,-0.280645929,-0.190540144,-0.209549529,-0.201882365
-0.258470974,-0.254580589,-0.261183162,-0.243967324,-0.172358613,-0.209064677,-0.185272988,-0.456075506,-0.243497269,-0.239274221,-0.261291797,-0.27472068,-0.281501181,-0.21393262,-0.18391175,-0.238266204
-0.237518156,-0.252849467,-0.241914353,-0.269292774,-0.164525717,-0.191213101,-0.19268784,-0.476535799,-0.242657974,-0.255346461,-0.253404748,-0.259000483,-0.281343739,-0.197820637,-0.19643207,-0.247097788
-0.24425352,-0.251616626,-0.256046733,-0.239857453,-0.17223909,-0.19723798,-0.211163557,-0.460239959,-0.236594398,-0.242078979,-0.251738061,-0.255732535,-0.267268318,-0.190720318,-0.195934633,-0.271620496
-0.242406108,-0.256157887,-0.247689344,-0.266180356,-0.162756626,-0.200579591,-0.206554859,-0.458477994,-0.237032499,-0.237188139,-0.260243628,-0.274953895,-0.260186662,-0.203537882,-0.194311529,-0.264972007
-0.233133227,-0.246304314,-0.226027238,-0.301938989,-0.182119258,-0.205090173,-0.206722876,-0.428809707,-0.262017376,-0.253529507,-0.25632773,-0.245985865,-0.269627205,-0.191934795,-0.200377569,-0.254492522
-0.246414942,-0.257613799,-0.232228187,-0.276128617,-0.155197273,-0.205721093,-0.196653116,-0.440336794,-0.257270348,-0.238875741,-0.244263016,-0.255196824,-0.252237233,-0.21819015,-0.203260173,-0.247799144
-0.234362947,-0.242758843,-0.240717904,-0.286096445,-0.162780749,-0.206295588,-0.195218911,-0.434356612,-0.250784652,-0.249113714,-0.239204806,-0.252971022,-0.268020395,-0.195184281,-0.220479759,-0.239091434
-0.272013093,-0.261269929,-0.256432982,-0.190556703,-0.180675614,-0.220187063,-0.201446908,-0.408172527,-0.253588959,-0.258708731,-0.247801625,-0.22639277,-0.251698191,-0.193581582,-0.191372359,-0.252315201
-0.250503862,-0.249835149,-0.253778722,-0.245128743,-0.140399548,-0.194434006,-0.194606401,-0.475712334,-0.246721482,-0.263538007,-0.260007573,-0.253216254,-0.260365568,-0.182687297,-0.197674957,-0.241793534
-0.248862357,-0.259502822,-0.247231657,-0.249470719,-0.161093013,-0.185320121,-0.215830631,-0.460817023,-0.24242439,-0.254231452,-0.26006599,-0.263033057,-0.264462808,-0.189224011,-0.192635791,-0.257278296
-0.248428039,-0.252109148,-0.248507851,-0.237679088,-0.139466969,-0.18462429,-0.192212039,-0.485371918,-0.247950457,-0.2596232,-0.245247572,-0.238912529,-0.262592808,-0.194770799,-0.179602782,-0.241545497
-0.256520986,-0.236953911,-0.244974821,-0.27699545,-0.191049707,-0.209837071,-0.218896019,-0.397314773,-0.277493131,-0.266065954,-0.268010261,-0.23794834,-0.262096105,-0.19101161,-0.203590215,-0.254455474
-0.22460613,-0.247119619,-0.251957752,-0.275688518,-0.141859971,-0.193780112,-0.193622068,-0.48289219,-0.225760529,-0.230177624,-0.250564284,-0.273429277,-0.258566418,-0.197809264,-0.198422989,-0.259297645
-0.255586254,-0.236303135,-0.260780888,-0.232097413,-0.155607355,-0.195040633,-0.192581566,-0.452960041,-0.259630792,-0.241042667,-0.247670028,-0.224793963,-0.265048141,-0.192799292,-0.209546585,-0.233098526
-0.266546366,-0.272347496,-0.246040757,-0.216460018,-0.179117016,-0.203601611,-0.191888366,-0.45381632,-0.248553517,-0.258885225,-0.25703065,-0.253474997,-0.284850942,-0.206717469,-0.191988378,-0.245040295
-0.213971469,-0.250819543,-0.239149644,-0.312740104,-0.189613936,-0.214769346,-0.193597268,-0.423700853,-0.222964251,-0.247757659,-0.226381666,-0.294157122,-0.278349621,-0.185211136,-0.211683543,-0.235764671
-0.28616487,-0.26621314,-0.255992552,-0.210382477,-0.150210166,-0.196872043,-0.190013249,-0.462985956,-0.264294469,-0.246261933,-0.232192137,-0.253301529,-0.26916342,-0.201461908,-0.197956487,-0.235427741
-0.249421934,-0.25126128,-0.263455849,-0.231179114,-0.211205829,-0.209879706,-0.198278056,-0.409304108,-0.234909206,-0.248764529,-0.255608345,-0.260166665,-0.302096595,-0.197324382,-0.19468186,-0.226560015
-0.264199065,-0.264739917,-0.258311221,-0.204701093,-0.16843199,-0.208281672,-0.215328577,-0.407573739,-0.241174307,-0.270228675,-0.258820882,-0.250258487,-0.243113044,-0.208415685,-0.218595149,-0.25989773
-0.231902739,-0.244912364,-0.23127837,-0.293839571,-0.119719496,-0.195648349,-0.184205827,-0.488253596,-0.255299892,-0.234743672,-0.268474802,-0.246680752,-0.238641405,-0.197749514,-0.187095766,-0.255525158
-0.26955871,-0.249033497,-0.267925152,-0.193832606,-0.153307827,-0.203574299,-0.208473084,-0.433325687,-0.252321577,-0.252143864,-0.259638205,-0.227972502,-0.246829137,-0.202643244,-0.201856153,-0.249721196
-0.275506648,-0.252955871,-0.265031276,-0.220549227,-0.170638154,-0.208320814,-0.192043268,-0.426702354,-0.257563663,-0.252711951,-0.242697457,-0.256048684,-0.272554116,-0.214963444,-0.195320993,-0.226722203
-0.229605409,-0.258599704,-0.216979394,-0.252018632,-0.207250755,-0.211905513,-0.21188517,-0.355051716,-0.254084001,-0.239445515,-0.234182004,-0.204739875,-0.282135465,-0.197792984,-0.203609882,-0.20767177
-0.274123548,-0.263518594,-0.260840913,-0.187433975,-0.175909023,-0.208476365,-0.206239347,-0.417499459,-0.249133987,-0.265603865,-0.244766849,-0.237341149,-0.26359497,-0.203588217,-0.204033109,-0.243322366
-0.237674113,-0.258144891,-0.228081983,-0.271616869,-0.164621404,-0.209289595,-0.210299341,-0.439336129,-0.250285115,-0.242610465,-0.240993899,-0.245656048,-0.244101088,-0.201390616,-0.197793085,-0.274146627
-0.245241981,-0.240606632,-0.260135208,-0.231900695,-0.130953684,-0.212586903,-0.191953603,-0.48116811,-0.244014857,-0.250278717,-0.248775619,-0.233524538,-0.23145247,-0.204805322,-0.192577444,-0.282983612
-0.227380499,-0.243288809,-0.241071193,-0.295459345,-0.160442088,-0.200222644,-0.191140422,-0.45894484,-0.243190011,-0.258871338,-0.247401063,-0.263834467,-0.265367171,-0.205271181,-0.188268958,-0.252061383
-0.234277919,-0.245985082,-0.248802527,-0.282911926,-0.149269182,-0.19473191,-0.195714585,-0.477100279,-0.238801188,-0.241769046,-0.240106106,-0.272575568,-0.262468452,-0.216419483,-0.198904462,-0.252457489
-0.245822512,-0.247970847,-0.245154768,-0.282828345,-0.193297969,-0.209817125,-0.19251881,-0.409488144,-0.2525644,-0.257458948,-0.244668406,-0.269612739,-0.29075934,-0.2042635,-0.195214631,-0.213248782
-0.239324006,-0.251009185,-0.241398438,-0.276124938,-0.181732148,-0.207722363,-0.19288179,-0.411611913,-0.24755923,-0.244713475,-0.240514274,-0.259871916,-0.280585597,-0.205196887,-0.196863181,-0.207925543
-0.254193896,-0.23938993,-0.25835913,-0.24697917,-0.177977238,-0.211651293,-0.184466985,-0.424510196,-0.246040942,-0.262717717,-0.256012695,-0.267168768,-0.28922596,-0.201142581,-0.203005735,-0.21075385
-0.247558834,-0.27673984,-0.268114685,-0.200623008,-0.160683427,-0.187108034,-0.207250499,-0.465371899,-0.204374841,-0.26998979,-0.270074287,-0.286827317,-0.271323553,-0.21464322,-0.19516074,-0.243653027
-0.265117449,-0.242302456,-0.233838318,-0.295768553,-0.141190548,-0.189117716,-0.19979711,-0.4759604,-0.289443376,-0.245067772,-0.241342324,-0.248196399,-0.255714227,-0.201726542,-0.20732662,-0.254250157
-0.253664095,-0.242592892,-0.261226713,-0.260145816,-0.18056526,-0.209404881,-0.203884412,-0.421093739,-0.249722022,-0.252687995,-0.260263151,-0.268019735,-0.269439547,-0.20143764,-0.207904268,-0.246929344
-0.258165788,-0.252175088,-0.253829193,-0.24572995,-0.184916669,-0.20689804,-0.213192961,-0.400380243,-0.252061314,-0.249264789,-0.254873188,-0.257532086,-0.264051776,-0.200015119,-0.190968493,-0.239846294
-0.246555455,-0.239799214,-0.260210413,-0.214243261,-0.131443115,-0.194371461,-0.191587489,-0.499398285,-0.246352593,-0.240352975,-0.257427357,-0.214831561,-0.25009145,-0.201274407,-0.203246147,-0.265658303
-0.248891844,-0.255895988,-0.242819781,-0.238176168,-0.143599481,-0.17872831,-0.203277677,-0.482054526,-0.247652634,-0.252991405,-0.27225429,-0.237845451,-0.267637486,-0.201438728,-0.185033785,-0.243046879
-0.247250586,-0.240834171,-0.252698546,-0.247492732,-0.158206029,-0.201560486,-0.191466428,-0.44694039,-0.252534162,-0.250959254,-0.272879535,-0.235847269,-0.266832315,-0.207216339,-0.20058515,-0.230573318
-0.249186912,-0.249391471,-0.251006304,-0.267802793,-0.184226349,-0.184668008,-0.209794628,-0.465229536,-0.248649804,-0.24442568,-0.257947764,-0.268172473,-0.28897431,-0.201319018,-0.192416072,-0.251460118
-0.252254209,-0.254018598,-0.246346417,-0.249646423,-0.1774866,-0.202775165,-0.202298596,-0.432202879,-0.25186807,-0.235476905,-0.236826864,-0.249692958,-0.278557316,-0.204495957,-0.211724783,-0.239418853
-0.244861114,-0.266709662,-0.249437098,-0.238124492,-0.136861039,-0.208539842,-0.19337224,-0.502895832,-0.228154199,-0.237983569,-0.237529384,-0.269784991,-0.237042478,-0.213889222,-0.214341729,-0.307071949
-0.229444508,-0.246899231,-0.244171881,-0.312877267,-0.139823799,-0.199702518,-0.191163387,-0.451821046,-0.238230175,-0.241834282,-0.24761631,-0.295756122,-0.248204312,-0.191073133,-0.208464896,-0.241910324
-0.212236691,-0.22594257,-0.238407956,-0.319265684,-0.147267722,-0.191533471,-0.198787378,-0.469173423,-0.246611763,-0.237036537,-0.264236688,-0.249778014,-0.266376707,-0.189983776,-0.204985509,-0.242333729
-0.307776514,-0.267536624,-0.284655094,-0.124200028,-0.166131679,-0.208774921,-0.200249476,-0.451919767,-0.256845974,-0.250458986,-0.273982998,-0.23032471,-0.257039357,-0.21002034,-0.189695523,-0.263605683
-0.252653536,-0.265969204,-0.229958558,-0.2440803,-0.160480029,-0.190823688,-0.188474766,-0.501581651,-0.258853623,-0.242499591,-0.238708992,-0.234872018,-0.276236264,-0.193753274,-0.202542737,-0.261607431
-0.26498711,-0.243204896,-0.261863073,-0.247755488,-0.15882504,-0.198980172,-0.201298648,-0.447559324,-0.260039617,-0.260960907,-0.257759147,-0.257578009,-0.258311881,-0.206763148,-0.203812103,-0.24809663
-0.253613867,-0.257563522,-0.247186757,-0.252023874,-0.173764827,-0.211885996,-0.200797697,-0.420112757,-0.24873228,-0.251883673,-0.25304952,-0.261441651,-0.263245223,-0.19538068,-0.202917539,-0.2437128
-0.250317018,-0.252085522,-0.258238507,-0.250805255,-0.168438348,-0.205530344,-0.203362108,-0.442016693,-0.240526215,-0.231968403,-0.271773172,-0.270685835,-0.258637885,-0.193686267,-0.186371057,-0.252519985
-0.264110876,-0.253999591,-0.244307416,-0.259241988,-0.181826674,-0.206110191,-0.182540704,-0.476400748,-0.265599892,-0.246089757,-0.225080686,-0.255367871,-0.289329259,-0.195682672,-0.192096373,-0.25810439
-0.240877832,-0.244799009,-0.255163812,-0.242676258,-0.157377274,-0.187316521,-0.198247381,-0.502742984,-0.239493931,-0.25763273,-0.234979592,-0.242768213,-0.274036129,-0.191728327,-0.174885084,-0.269703968
-0.248279601,-0.24825556,-0.258266037,-0.262752498,-0.179192242,-0.21562113,-0.202636897,-0.442680625,-0.251065964,-0.237649765,-0.249740197,-0.263445826,-0.261347577,-0.19260303,-0.20561641,-0.270008108
-0.278977017,-0.256487256,-0.246399108,-0.22052586,-0.197935481,-0.218896887,-0.213409187,-0.385254541,-0.276729134,-0.248756492,-0.257375538,-0.226205445,-0.262937257,-0.204588876,-0.209193383,-0.251606641
-0.266001551,-0.251979134,-0.262714715,-0.233045924,-0.155632147,-0.193901357,-0.198555755,-0.465579611,-0.251353563,-0.255093266,-0.262703611,-0.262872832,-0.264151411,-0.202341325,-0.208814807,-0.252900468
-0.222031345,-0.236909065,-0.244331655,-0.291065868,-0.170187762,-0.195274392,-0.207553748,-0.432580674,-0.240879184,-0.23863915,-0.2476056,-0.252229748,-0.271154072,-0.206320022,-0.203485154,-0.233295865
-0.272116466,-0.252075062,-0.263730127,-0.214171916,-0.170256009,-0.200102723,-0.20930979,-0.455738681,-0.256771768,-0.239291162,-0.24513281,-0.244906631,-0.258332452,-0.194201683,-0.19378105,-0.283168731
-0.234358225,-0.236233068,-0.254944231,-0.258399088,-0.173870599,-0.191426402,-0.194401808,-0.456910552,-0.243893591,-0.246297533,-0.23347815,-0.239826694,-0.288581248,-0.191357788,-0.201324415,-0.233452168
-0.271573064,-0.249616496,-0.267549709,-0.215877099,-0.171445241,-0.203069918,-0.204010463,-0.430802215,-0.252995907,-0.257119297,-0.262155512,-0.251233517,-0.265938661,-0.196428527,-0.217755784,-0.241644711
-0.274738173,-0.25501806,-0.271389682,-0.188160103,-0.161729081,-0.191023132,-0.200860051,-0.461800777,-0.246355242,-0.267167376,-0.234992299,-0.244760655,-0.270101464,-0.203678617,-0.190486902,-0.238800735
-0.253611027,-0.24518462,-0.268616584,-0.226786285,-0.156780458,-0.195635333,-0.190589502,-0.472201336,-0.241237876,-0.248485988,-0.25832603,-0.253201698,-0.26988626,-0.204125877,-0.193292176,-0.247169497
-0.286876078,-0.266658298,-0.256498288,-0.201530088,-0.186618427,-0.196452502,-0.200842599,-0.437679633,-0.263790015,-0.257271176,-0.225172451,-0.246554469,-0.286653123,-0.200300092,-0.204280815,-0.237413138
-0.237887276,-0.25382985,-0.227413935,-0.269951136,-0.171668946,-0.208751883,-0.194516925,-0.450480236,-0.256847739,-0.270957555,-0.222661269,-0.232993188,-0.273564767,-0.205077158,-0.195534722,-0.259076134
-0.265435263,-0.253212115,-0.268918118,-0.1996341,-0.167949082,-0.202792554,-0.180690966,-0.455692561,-0.242984949,-0.252966551,-0.247789405,-0.244948722,-0.290018065,-0.203797479,-0.208656408,-0.220762293
-0.279608957,-0.260509665,-0.267300598,-0.232892298,-0.173907518,-0.195427999,-0.190853507,-0.460648871,-0.250397062,-0.263595169,-0.228794933,-0.289934891,-0.278721794,-0.183735454,-0.200566562,-0.24562168
-0.23954878,-0.252428036,-0.240022856,-0.266691679,-0.176216194,-0.208391814,-0.21137018,-0.448131198,-0.24682436,-0.254310702,-0.248813682,-0.252415639,-0.255631184,-0.205194548,-0.19619863,-0.289394394
-0.286764245,-0.256936792,-0.254149941,-0.19773807,-0.162322091,-0.201159014,-0.202956546,-0.439344338,-0.275043233,-0.248699726,-0.281904174,-0.218536515,-0.259836088,-0.204316751,-0.202430919,-0.242858938
-0.25667445,-0.249344767,-0.234531286,-0.25462223,-0.177610962,-0.184672766,-0.199488618,-0.452955001,-0.271549244,-0.250126216,-0.234572934,-0.224080734,-0.295471003,-0.195879384,-0.220193713,-0.220096949
-0.252952304,-0.264081895,-0.248546385,-0.197316331,-0.161570784,-0.196360196,-0.205679305,-0.447560302,-0.240284757,-0.241729769,-0.241302244,-0.223147242,-0.261176712,-0.192685153,-0.19760523,-0.247886676
-0.274794029,-0.25186339,-0.237613678,-0.250066527,-0.154033189,-0.188441487,-0.203477065,-0.479548054,-0.286863091,-0.267229017,-0.243264888,-0.226915424,-0.26056468,-0.198714801,-0.195442736,-0.269998018
-0.262653576,-0.251393504,-0.265079588,-0.224285625,-0.182151072,-0.214661796,-0.19768207,-0.403141164,-0.247900838,-0.249231769,-0.249564122,-0.256496866,-0.268938639,-0.21985328,-0.201887084,-0.227109016
-0.210283117,-0.233727776,-0.243820751,-0.29101913,-0.1627065,-0.183234184,-0.198892665,-0.470887701,-0.232922584,-0.242255299,-0.257896156,-0.245473097,-0.278988313,-0.19775848,-0.197992519,-0.239048098
-0.245008646,-0.258586315,-0.242031173,-0.238408774,-0.147575473,-0.196062575,-0.176660876,-0.504623303,-0.242544504,-0.225552886,-0.245240642,-0.240048746,-0.28007691,-0.205884268,-0.200890427,-0.242514129
-0.267145795,-0.263256328,-0.230772123,-0.26319173,-0.173968799,-0.210890728,-0.191504518,-0.44443666,-0.272183005,-0.240952856,-0.260835055,-0.251667775,-0.270377469,-0.188036959,-0.202581914,-0.243333846
-0.253615718,-0.249136648,-0.247563878,-0.26031653,-0.146842649,-0.19328452,-0.196245236,-0.475070679,-0.256736361,-0.256069662,-0.254322746,-0.253817731,-0.256307237,-0.201127261,-0.192493449,-0.251445972
-0.285210808,-0.260869777,-0.248881561,-0.209436087,-0.153939899,-0.197264161,-0.197747761,-0.467670259,-0.275686309,-0.250301778,-0.22640623,-0.227755219,-0.264500973,-0.193802444,-0.203989632,-0.248094221
-0.246070991,-0.234204221,-0.261213458,-0.259822572,-0.20001351,-0.20984332,-0.212570136,-0.371931557,-0.25128089,-0.2246547,-0.268334577,-0.249076977,-0.272914074,-0.20223982,-0.20066649,-0.219937752
-0.283398405,-0.285220744,-0.258271012,-0.179778167,-0.151913708,-0.190575284,-0.19251911,-0.463574922,-0.240428055,-0.273372856,-0.263378866,-0.268137122,-0.268057276,-0.2039392,-0.200230428,-0.231261993
-0.223472347,-0.241530271,-0.237669837,-0.29530483,-0.153530863,-0.20365626,-0.19467142,-0.442048043,-0.24474531,-0.250750379,-0.249519975,-0.253815835,-0.252612972,-0.207271962,-0.198975363,-0.242975415
-0.227929113,-0.228309107,-0.229930345,-0.301096108,-0.148221155,-0.185854394,-0.194877163,-0.499688023,-0.271430256,-0.248777916,-0.221971065,-0.217605817,-0.273679448,-0.204164205,-0.194343034,-0.25158687
-0.285703141,-0.262438464,-0.265436529,-0.161299041,-0.207335628,-0.214162043,-0.216702489,-0.385218234,-0.255951158,-0.259224073,-0.25972798,-0.219859352,-0.276807045,-0.199158812,-0.200896779,-0.24619705
-0.204750435,-0.2534959,-0.245220834,-0.299896021,-0.140380544,-0.194811507,-0.179511621,-0.502574857,-0.20639267,-0.245761728,-0.251089121,-0.297402226,-0.273959851,-0.191493323,-0.210142056,-0.251449838
-0.244697477,-0.243669626,-0.250599829,-0.271500304,-0.137594675,-0.207412097,-0.184232599,-0.482378665,-0.250701053,-0.231462348,-0.239388299,-0.258087108,-0.242001296,-0.211289006,-0.201093491,-0.274625277
-0.240935466,-0.246081364,-0.270392035,-0.234744433,-0.140865128,-0.183320652,-0.195887536,-0.469141379,-0.224496301,-0.250968018,-0.24422677,-0.266731955,-0.253065504,-0.196996773,-0.195222317,-0.240680684
-0.249974354,-0.246716729,-0.260873236,-0.248359583,-0.183106184,-0.191403552,-0.214751521,-0.451357918,-0.241817137,-0.249708131,-0.249419093,-0.263350023,-0.27789646,-0.201994763,-0.207404686,-0.259309061
-0.233953931,-0.23247576,-0.251318679,-0.256433586,-0.142890917,-0.189594484,-0.184460884,-0.517771239,-0.249484518,-0.262622157,-0.24503422,-0.223700799,-0.267957651,-0.204608512,-0.213495493,-0.26822314
-0.237970207,-0.258394993,-0.238054856,-0.250836531,-0.160825805,-0.187857398,-0.20279557,-0.45391223,-0.242073431,-0.252892019,-0.241541258,-0.242807859,-0.275654065,-0.192965995,-0.198424454,-0.224126222
-0.246310452,-0.242511728,-0.25728,-0.253933344,-0.135459445,-0.191859841,-0.192182675,-0.494051965,-0.246554047,-0.252048283,-0.256916904,-0.253656167,-0.260771238,-0.209571661,-0.186239798,-0.250454454
-0.248058378,-0.247615252,-0.252871524,-0.262802035,-0.133819037,-0.187117929,-0.196689181,-0.479699353,-0.250704124,-0.248977542,-0.256404894,-0.258411968,-0.251136058,-0.191870282,-0.195777473,-0.243847959
-0.262363818,-0.242994317,-0.249820628,-0.241771534,-0.143970922,-0.201574609,-0.192956398,-0.452190843,-0.269827589,-0.260213965,-0.248058383,-0.226809745,-0.243492595,-0.19120977,-0.214798804,-0.245684325
-0.227660026,-0.23739822,-0.252185008,-0.292954467,-0.147854022,-0.195427254,-0.194161372,-0.479843379,-0.23824595,-0.247153135,-0.256073142,-0.272276321,-0.257094857,-0.203550313,-0.19508375,-0.264088396
-0.22110097,-0.250337568,-0.234513651,-0.279310598,-0.161086685,-0.201213549,-0.217217655,-0.452793041,-0.236680323,-0.236526375,-0.229560193,-0.247902694,-0.241974696,-0.196280775,-0.203215953,-0.292954445
-0.247235971,-0.246451728,-0.2502215,-0.255873958,-0.182542744,-0.196993575,-0.200612526,-0.445404559,-0.250312112,-0.235427168,-0.249400959,-0.249565446,-0.290588763,-0.223105383,-0.196732371,-0.23583516
-0.243123555,-0.249719361,-0.239152747,-0.250231033,-0.14846761,-0.208062119,-0.18411722,-0.47129065,-0.253921757,-0.237935514,-0.254815376,-0.229401373,-0.253682116,-0.192420948,-0.189089676,-0.260230067
-0.239431344,-0.230546509,-0.25323204,-0.278179233,-0.153332061,-0.199316805,-0.195281781,-0.466056069,-0.256104793,-0.245869524,-0.236536853,-0.2451306,-0.255847074,-0.192021076,-0.200581449,-0.255837242
-0.244584755,-0.248002588,-0.236018673,-0.270900991,-0.177336103,-0.203629744,-0.200933125,-0.412785274,-0.261883774,-0.232844565,-0.229608203,-0.236288362,-0.273034911,-0.202694044,-0.191069609,-0.218611193
-0.283041678,-0.270439931,-0.241037912,-0.197573081,-0.129664808,-0.183151736,-0.197123071,-0.486021508,-0.270643952,-0.264202765,-0.257839408,-0.222367169,-0.25768686,-0.191964367,-0.202846329,-0.241652527
-0.230513375,-0.244890678,-0.248927494,-0.259597057,-0.157071507,-0.187342652,-0.205390962,-0.445126066,-0.235069897,-0.256116811,-0.265352278,-0.248325768,-0.265479705,-0.20430487,-0.183248623,-0.223733096
-0.240540442,-0.247813112,-0.247397234,-0.227560476,-0.170354439,-0.201628365,-0.219820422,-0.439228711,-0.245181762,-0.241631078,-0.253053506,-0.21788065,-0.251578946,-0.212126574,-0.211975081,-0.276719884
-0.251774747,-0.264510633,-0.235371597,-0.256836099,-0.146219578,-0.197942191,-0.186839414,-0.504815777,-0.250023828,-0.262358311,-0.277174549,-0.257568973,-0.257251997,-0.20544847,-0.209703421,-0.279295658
-0.256710232,-0.255731548,-0.255952901,-0.205440577,-0.165580444,-0.180758378,-0.20999764,-0.45211975,-0.244628657,-0.249667313,-0.245605251,-0.22951204,-0.275712175,-0.18708612,-0.204259851,-0.239658478
-0.247530114,-0.256868805,-0.239508004,-0.249743096,-0.177334407,-0.209992482,-0.205521297,-0.431865508,-0.251138287,-0.255042236,-0.25073139,-0.242650429,-0.265484748,-0.203707709,-0.190704741,-0.251623937
-0.26459116,-0.23851277,-0.263667635,-0.216548846,-0.180271021,-0.195811955,-0.209920695,-0.43648998,-0.262718451,-0.262990682,-0.26648569,-0.219048179,-0.277800327,-0.188576654,-0.222568152,-0.243016741
-0.25733212,-0.262564108,-0.247676402,-0.257722283,-0.18898417,-0.199925973,-0.208560619,-0.404488751,-0.248436374,-0.252251692,-0.269239005,-0.277534807,-0.277337018,-0.201787368,-0.202373004,-0.224661554
-0.275776734,-0.265917195,-0.255904196,-0.207425774,-0.173162384,-0.198046171,-0.182011481,-0.468857778,-0.253890961,-0.235522979,-0.251745831,-0.249648981,-0.288857873,-0.212140443,-0.187514839,-0.228181152
-0.274446474,-0.250784775,-0.254750323,-0.213562835,-0.166100299,-0.202909749,-0.219780516,-0.420831941,-0.268752415,-0.244516811,-0.263683546,-0.223478858,-0.244417708,-0.206657064,-0.206406422,-0.267483774
-0.278316445,-0.263354591,-0.254994194,-0.202000885,-0.172612417,-0.207137997,-0.200974449,-0.455089158,-0.259911289,-0.256916333,-0.244376938,-0.238700959,-0.260781066,-0.192129809,-0.204414794,-0.274074227
-0.250067374,-0.246544864,-0.252266799,-0.24438523,-0.206622139,-0.219191869,-0.202703333,-0.397983107,-0.249448207,-0.243962132,-0.250866253,-0.247781676,-0.285829359,-0.224040453,-0.202965749,-0.242054874
-0.251174994,-0.247936603,-0.257610274,-0.225285163,-0.156891146,-0.208887477,-0.185069433,-0.454410244,-0.247265811,-0.272833881,-0.262231783,-0.233139281,-0.263078842,-0.183664472,-0.201232079,-0.243975778
-0.238069976,-0.255822002,-0.231382002,-0.288514147,-0.162554312,-0.215959827,-0.197974614,-0.450642437,-0.25013047,-0.236039543,-0.231503755,-0.26326373,-0.248019788,-0.205965958,-0.208567095,-0.278016248
-0.250890198,-0.258306538,-0.245355924,-0.255607046,-0.198150309,-0.210507453,-0.198713124,-0.394331548,-0.248257196,-0.239519081,-0.249539949,-0.261461007,-0.297006442,-0.194842252,-0.19501115,-0.205574143
-0.286229699,-0.25250864,-0.276455845,-0.186029894,-0.11859634,-0.185801413,-0.193551454,-0.51530592,-0.260174256,-0.247543182,-0.274345806,-0.239756312,-0.244765486,-0.19522482,-0.205165183,-0.271895918
-0.259290471,-0.265869956,-0.255136259,-0.209702658,-0.16673587,-0.196340757,-0.208559723,-0.444776596,-0.237322147,-0.245676924,-0.250889681,-0.253012698,-0.260353557,-0.203419356,-0.204666406,-0.258277026
-0.267202854,-0.264987232,-0.256805042,-0.22660461,-0.143463162,-0.194303286,-0.184125136,-0.521696819,-0.246704408,-0.252725689,-0.23325959,-0.269857294,-0.263989992,-0.223642113,-0.1949067,-0.285742271
-0.284670521,-0.263330409,-0.258060972,-0.194644568,-0.157834977,-0.206521771,-0.206589908,-0.460074466,-0.264134804,-0.269172608,-0.251321524,-0.236357723,-0.243315666,-0.205785962,-0.192970759,-0.279703342
-0.233584292,-0.24469338,-0.250383475,-0.261731943,-0.21155291,-0.209550824,-0.202215367,-0.391012549,-0.237640637,-0.229221429,-0.247694962,-0.251839023,-0.30304437,-0.204594663,-0.193196481,-0.211350613
-0.279583355,-0.252538661,-0.270427083,-0.225299443,-0.178994653,-0.210353328,-0.19683959,-0.414517964,-0.25625016,-0.230456733,-0.246460906,-0.270722278,-0.26933887,-0.20200789,-0.193557321,-0.230915698
-0.222104137,-0.261033832,-0.23770633,-0.293016851,-0.18080603,-0.206673692,-0.19731439,-0.447459943,-0.223956545,-0.250575136,-0.262869883,-0.289956689,-0.284410136,-0.205955394,-0.218102762,-0.244050592
-0.266661637,-0.275038718,-0.242843706,-0.223778719,-0.150339442,-0.197068966,-0.201107723,-0.444102195,-0.249387094,-0.254475202,-0.247492021,-0.259592386,-0.255670414,-0.218076628,-0.213938808,-0.245182549
-0.237126881,-0.243528066,-0.244322932,-0.303335363,-0.184588987,-0.214172707,-0.208101727,-0.404993687,-0.249574447,-0.259416615,-0.255053731,-0.279337618,-0.25663411,-0.195827846,-0.190052796,-0.250539236
-0.272225611,-0.24455874,-0.259693241,-0.239879779,-0.17337482,-0.190774804,-0.194896037,-0.472572476,-0.267448915,-0.239367868,-0.252061771,-0.248656099,-0.286897432,-0.185752857,-0.190755565,-0.247274943
-0.228592693,-0.259917769,-0.23294517,-0.288513397,-0.140739893,-0.199646112,-0.194291393,-0.476078353,-0.236254923,-0.252123695,-0.237017513,-0.27427579,-0.241761496,-0.186543209,-0.202317685,-0.268032204
-0.25141763,-0.238696214,-0.247600872,-0.25504534,-0.190870067,-0.197662386,-0.194633429,-0.408048561,-0.265340545,-0.240684636,-0.247622977,-0.228205053,-0.306580673,-0.207889826,-0.201084664,-0.186404537
-0.255067372,-0.255373496,-0.272458616,-0.219748547,-0.178491299,-0.20507055,-0.194167185,-0.426646714,-0.225813123,-0.245519901,-0.257590266,-0.277913615,-0.273698525,-0.184248332,-0.17593907,-0.230506349
-0.240943202,-0.238489877,-0.247076509,-0.263140341,-0.164386999,-0.21394054,-0.211946647,-0.409212194,-0.255587825,-0.2424109,-0.230387938,-0.234641344,-0.242220509,-0.202240565,-0.223100366,-0.256245752
-0.295591547,-0.27639916,-0.27800876,-0.151787343,-0.135250869,-0.186294678,-0.2037985,-0.486183072,-0.242986583,-0.260333261,-0.252104818,-0.259001181,-0.238431589,-0.16896391,-0.185910035,-0.273332369
-0.241973342,-0.25085041,-0.236821634,-0.274624263,-0.192644647,-0.194384872,-0.212353409,-0.431631583,-0.254536521,-0.245057504,-0.256796329,-0.251233938,-0.282008763,-0.192248714,-0.209870337,-0.251810524
-0.290955302,-0.25435402,-0.265489076,-0.189170314,-0.123037205,-0.183821233,-0.192576782,-0.490606578,-0.269021434,-0.257439963,-0.268342828,-0.230392364,-0.243730087,-0.18596058,-0.195016294,-0.241168903
-0.289073268,-0.271207622,-0.269517786,-0.158629376,-0.185531882,-0.208895571,-0.199117625,-0.439037544,-0.250224865,-0.239130615,-0.246185822,-0.237645929,-0.278950449,-0.199368651,-0.185926901,-0.247719314
-0.229569642,-0.23292809,-0.265590763,-0.286831969,-0.178521715,-0.207865257,-0.197615219,-0.445395304,-0.231253277,-0.24820051,-0.231437871,-0.283540139,-0.274105382,-0.206237323,-0.192946395,-0.256768151
-0.290182061,-0.262785085,-0.265992947,-0.180599632,-0.149220096,-0.189450373,-0.192262565,-0.493641813,-0.260528893,-0.249463913,-0.236495988,-0.239257456,-0.272387089,-0.190196392,-0.195974437,-0.250770342
-0.26582318,-0.246706172,-0.250086029,-0.233882431,-0.157519659,-0.187631021,-0.205301877,-0.47390686,-0.269099406,-0.244690558,-0.256320216,-0.227314872,-0.26847159,-0.196230266,-0.20038477,-0.256651425
-0.216608505,-0.243327529,-0.23342521,-0.289088551,-0.144451074,-0.193702457,-0.202693894,-0.482128878,-0.239666185,-0.249181672,-0.25356582,-0.24358774,-0.24722066,-0.195037459,-0.211796394,-0.273957006
-0.248539195,-0.260270905,-0.241289699,-0.252092512,-0.185108571,-0.220466549,-0.19429691,-0.416619162,-0.246650863,-0.249719344,-0.282702478,-0.254254695,-0.271050629,-0.205489856,-0.19625248,-0.249037656
-0.271216835,-0.26028523,-0.255034612,-0.229143057,-0.170834583,-0.208766195,-0.199272069,-0.422973877,-0.256515979,-0.241902881,-0.258236335,-0.258752634,-0.264135333,-0.18635154,-0.200201124,-0.233227097
-0.258055188,-0.252910684,-0.255035516,-0.259139737,-0.150890471,-0.196651786,-0.19422743,-0.474715246,-0.250336365,-0.259494954,-0.242634364,-0.274776864,-0.25206492,-0.18661327,-0.188140009,-0.26258975
-0.240830183,-0.247980199,-0.265778852,-0.236488184,-0.189905529,-0.214312837,-0.200911682,-0.422789045,-0.227637772,-0.232439488,-0.244637175,-0.26176644,-0.261833142,-0.213067686,-0.184781534,-0.267901095
-0.257847789,-0.244363086,-0.255161771,-0.260007861,-0.161885321,-0.201017129,-0.197969828,-0.456464854,-0.257982018,-0.248447712,-0.23867506,-0.259169152,-0.256108009,-0.177097197,-0.197129454,-0.260276934
-0.247911062,-0.237634326,-0.253492287,-0.247708613,-0.150155024,-0.208387072,-0.187701919,-0.461499069,-0.257002963,-0.236405653,-0.261716102,-0.229342132,-0.25701557,-0.198294062,-0.182816719,-0.250822279
-0.273553147,-0.254100351,-0.246975457,-0.230350728,-0.150042258,-0.202233507,-0.194607399,-0.474567243,-0.272860227,-0.24744663,-0.24784092,-0.231627815,-0.252540953,-0.207673398,-0.197177439,-0.269546425
-0.27853361,-0.277501612,-0.249369482,-0.191576331,-0.145341089,-0.195222816,-0.196136434,-0.454154957,-0.253345389,-0.261502899,-0.231499067,-0.242400251,-0.255008303,-0.19107333,-0.205571756,-0.240320614
-0.21880595,-0.227252995,-0.239240853,-0.323537468,-0.187138373,-0.209643661,-0.212285345,-0.386491655,-0.253244507,-0.247485116,-0.245312838,-0.256849528,-0.267780814,-0.210551583,-0.211511944,-0.228545363
-0.241241502,-0.238656786,-0.263020339,-0.257536408,-0.164490318,-0.194146109,-0.20068903,-0.455190925,-0.239143852,-0.249788676,-0.238690489,-0.260931696,-0.267596194,-0.198291215,-0.199331574,-0.246517887
-0.276342201,-0.251789201,-0.272801855,-0.222748389,-0.191611182,-0.206120548,-0.220844078,-0.373160488,-0.253157544,-0.259177737,-0.232891871,-0.26640888,-0.263384062,-0.219959213,-0.193215123,-0.235218375
-0.210677266,-0.210923143,-0.248539359,-0.316646671,-0.15934842,-0.192633035,-0.198411186,-0.486196459,-0.253348624,-0.234410079,-0.259797825,-0.23246803,-0.26445079,-0.203215251,-0.206118954,-0.273235682
-0.278488308,-0.24430341,-0.279842898,-0.203590653,-0.187970459,-0.211440482,-0.209834958,-0.415463314,-0.256588078,-0.235875089,-0.250538622,-0.250341586,-0.271058743,-0.198526445,-0.212092867,-0.252268413
-0.254426405,-0.252220522,-0.253359182,-0.234718419,-0.160283443,-0.201885897,-0.189549822,-0.467584196,-0.249109144,-0.25829076,-0.254052196,-0.245306905,-0.271345877,-0.200763349,-0.187581493,-0.248644303
-0.261683661,-0.269269331,-0.247297901,-0.228365261,-0.179714329,-0.201163179,-0.191383918,-0.436739296,-0.247006938,-0.251236003,-0.2557735,-0.258635722,-0.289630922,-0.19751494,-0.182489249,-0.222672467
-0.241871819,-0.22478736,-0.247587388,-0.275859295,-0.164375223,-0.20705975,-0.194717151,-0.45208892,-0.270012378,-0.23564087,-0.229398892,-0.219331571,-0.264744246,-0.201670981,-0.204545024,-0.252598359
