0.25I,,,,,,,,,,,,,,,,,,,,,,,,,,,,,,I,,,,,,,,,,,,,,,,,,,,,,,,,,,,,
n=100     B=100,,,,,n=100  B=200,,,,,Naive,,,,,n=200  B=100,,,,,n=200  B=200,,,,,Naive,,,,,n=100     B=100,,,,,n=100  B=200,,,,,Naive,,,,,n=200  B=100,,,,,n=200  B=200,,,,,Naive,,,,
beta0,beta1,beta2,beta3,phi,beta0,beta1,beta2,beta3,phi,beta0,beta1,beta2,beta3,phi,beta0,beta1,beta2,beta3,phi,beta0,beta1,beta2,beta3,phi,beta0,beta1,beta2,beta3,phi,beta0,beta1,beta2,beta3,phi,beta0,beta1,beta2,beta3,phi,beta0,beta1,beta2,beta3,phi,beta0,beta1,beta2,beta3,phi,beta0,beta1,beta2,beta3,phi,beta0,beta1,beta2,beta3,phi
-0.443871209,-0.293448389,-0.387745788,-0.025762047,6.11149865050755,-0.440388549,-0.293690021,-0.385816689,-0.028556011,6.10932813503298,-0.41503764,-0.216835744,-0.346097497,-0.330413493,5.34435238695912,-0.447908186,-0.293551247,-0.335339244,0.086638367544421,4.84418595163622,-0.448987473,-0.294104664,-0.335673068,0.088447715732382,4.84555962953343,-0.202455121,-0.240097372,-0.234717574,-0.367450383,5.46059196962613,-0.487328252,-0.339909082,-0.366674327,-0.054127648,6.45285371448803,-0.47856965,-0.337053563,-0.361949235,-0.071909495,6.43094839799143,-0.33439894,-0.175851684,-0.303757617,-0.464615788,5.19215241229809,-0.482692666,-0.281319144,-0.376607575,0.120657935206254,4.95363765952353,-0.488748477,-0.284094204,-0.379113344,0.126903138346945,4.9645664606749,-0.107347929,-0.200274454,-0.191604968,-0.517715462,5.33803458176229
-0.109161124,-0.248515145,-0.179820753,-0.863705827,5.97136679948349,-0.242347443,-0.169490626,-0.169213744,-0.557343193,5.77693634759018,-0.006484247,-0.029986924,-0.252177405,-1.026401986,4.5217682522966,0.0109488731292205,-0.116745281,-0.198676982,-0.41405062,5.36654016631998,-0.570284274,-0.326639666,-0.340380974,0.163584800198797,4.91313490082368,-0.401398242,-0.319023884,-0.32544777,0.0605473153652661,5.25236721097184,-0.200075927,-0.314093793,-0.217602226,-0.819377122,6.22709418915785,-0.162654495,-0.133202497,-0.133938501,-0.689205194,5.60776684151406,0.0332359789472149,-0.008881641,-0.218874184,-1.07675651,4.42859275737925,0.0497446649741894,-0.08435477,-0.186380216,-0.476028863,5.27766369008774,-0.610460207,-0.332456975,-0.373929104,0.240419275206793,5.0249127546817,-0.380071377,-0.315258279,-0.296326448,-0.012579861,5.29920851056075
-0.067492569,-0.225709862,-0.250100736,-0.638546491,4.52111018378231,-0.096253684,-0.421137832,0.0175132555755666,-0.883493966,5.38033243850901,0.0789445278903728,-0.189023459,-0.275099124,-0.464696606,4.33782393450655,-0.462538793,-0.361838828,-0.276576459,-0.0780465,5.49631824329837,-0.206307831,-0.315007429,-0.22816274,-0.02136052,4.74289156962533,-0.220889375,-0.339652693,-0.141065925,-0.38428045,5.47129447598792,-0.080425121,-0.26768478,-0.228025229,-0.597904407,4.51388104840657,-0.224403685,-0.492584664,-0.042097408,-0.662308277,5.37457619547311,0.161778446583355,-0.168634248,-0.228885616,-0.617148847,4.24075667744509,-0.516647329,-0.369706915,-0.307334551,-0.049760016,5.58808075593952,-0.204668942,-0.309499017,-0.246969318,-0.00686016,4.70265673441384,-0.155909205,-0.30482409,-0.10904633,-0.523047458,5.42240478255516
-0.306867497,-0.357182806,-0.391576282,0.106579604139737,4.98188532401759,-0.417677229,-0.33738515,-0.179265896,0.010368036118781,5.75156945096579,-0.307750592,-0.239147583,-0.293820925,0.00824714925836172,5.60504371807694,-0.385907371,-0.203187297,-0.356715221,-0.101487176,4.57062899718906,-0.083269035,-0.213827681,-0.230879736,-0.145744431,3.72810679766023,-0.508807145,-0.281315661,-0.349645917,0.193635220296818,6.71104316637027,-0.425309392,-0.416259676,-0.455012001,0.180586929563497,5.23358099215389,-0.397943812,-0.323049966,-0.152064873,0.00155049180849677,5.6511804076016,-0.255968246,-0.193707514,-0.273174028,-0.085587427,5.46123610128392,-0.445545435,-0.218874535,-0.387887608,-0.019645483,4.69406500224447,-0.128567155,-0.240611751,-0.235918646,-0.065830293,3.7399094317868,-0.447403201,-0.2489874,-0.31126971,0.0839741242168721,6.61456018108064
-0.015263778,-0.182727215,-0.095281592,-0.906682247,5.55551652484822,-0.110798624,-0.195243478,-0.204305993,-0.63492941,6.00121456567281,-0.269876075,-0.289899246,-0.213427026,-0.309446317,4.73733579748636,-0.55099849,-0.342018358,-0.288066623,0.171783164696479,5.2555199169325,0.0329274002611245,-0.153959394,-0.195723649,-0.525482634,4.56422715355714,-0.235726633,-0.298980579,-0.213425483,-0.349004057,4.57562936955598,0.0129456341291064,-0.171064166,-0.079678122,-0.971141028,5.50131791684718,-0.094131526,-0.190506812,-0.20652571,-0.649213451,6.01009268753686,-0.261557786,-0.311553788,-0.181299091,-0.336149466,4.76829489086331,-0.600842028,-0.371847424,-0.304206218,0.207892455638181,5.45409898002069,0.0828188821103968,-0.144926119,-0.172690194,-0.601997696,4.50539074217477,-0.141576709,-0.223064488,-0.184346654,-0.526339412,4.39952900166416
-0.559346265,-0.320229924,-0.451090709,-0.335621288,6.03705178174742,-0.445998686,-0.31210032,-0.316382202,-0.246989322,5.46800183472889,-0.265624556,-0.20760544,-0.221914389,-0.174884232,4.68056654088511,-0.331925922,-0.249801335,-0.248875299,0.040070856723483,5.21056492250552,-0.385258531,-0.336183461,-0.322928867,0.0267300620278922,4.27805933135094,-0.363136212,-0.217879046,-0.237350736,-0.186881597,5.02222412965127,-0.564371381,-0.305871773,-0.445905391,-0.361648978,6.14409074082139,-0.554690171,-0.341290465,-0.35739828,-0.153479945,5.70707051611019,-0.184843231,-0.170728803,-0.186581881,-0.270815327,4.53083254604734,-0.268233658,-0.240723074,-0.208378673,-0.039139764,5.06797978160866,-0.346166667,-0.324722773,-0.316457196,-0.039070999,4.20149612413339,-0.268655504,-0.189005994,-0.177898845,-0.330519741,4.91387769046671
-0.894590121,-0.393132605,-0.49052916,0.878708955349028,5.17684602712364,-0.171623377,-0.29919214,-0.200208034,-0.205638715,4.91278178370322,0.0909144456199902,-0.169420437,-0.081110541,-0.833981068,5.97418232393462,-0.425694292,-0.324395366,-0.332214174,0.238313528564954,5.02998330889536,-0.213069829,-0.316652168,-0.249300444,-0.291640237,4.82232547998669,-0.233464955,-0.160350062,-0.299370056,-0.456745588,5.31794795535306,-0.921323382,-0.40328386,-0.50602454,0.946857632398563,5.30419552651436,-0.246159898,-0.323499464,-0.227112277,-0.123691111,5.07862998998151,0.0962777988426022,-0.185592979,-0.052546563,-0.874465363,6.05067980955748,-0.554973286,-0.356637106,-0.403662636,0.425988169957004,5.18738951768363,-0.22788269,-0.343357807,-0.243227029,-0.295166604,4.85400435037816,-0.117302003,-0.11151663,-0.232929454,-0.649390167,5.05394271304996
-0.267018742,-0.201617229,-0.311106785,-0.095067682,4.1262118783272,-0.569589401,-0.344352643,-0.398284457,0.0497724077366488,5.50287995342496,-0.550167146,-0.391443591,-0.279396434,0.186799472836524,5.9960951684657,-0.201288863,-0.216516056,-0.227038923,-0.803804969,5.77871052551439,-0.363459145,-0.347123746,-0.297988327,-0.175681376,4.86817753634187,-0.373350259,-0.272291445,-0.218058685,-0.262858104,5.23436344884159,-0.362207787,-0.259253489,-0.35256764,0.0128991864482756,4.33407112001277,-0.876420688,-0.434804669,-0.517763886,0.38691691184951,6.01001185868856,-0.518415977,-0.379107056,-0.228090107,0.0684938787583489,6.08744936649041,-0.22045437,-0.203018746,-0.255085378,-0.834466675,5.81407346683454,-0.518338608,-0.437154765,-0.349192458,0.0791157371029581,5.09746585975656,-0.202685321,-0.215101539,-0.118574353,-0.530857573,5.02379258048875
-0.267258172,-0.129315194,-0.358433819,-0.434682095,5.19972920815113,-0.257017521,-0.373695509,-0.087947651,-0.508484021,5.5713232009176,-0.268172248,-0.259357767,-0.322760013,-0.116957458,4.84046967130031,-0.26251985,-0.30875675,-0.278132561,-0.135507963,4.90896536410988,-0.235801848,-0.284780071,-0.170217699,-0.330472588,6.21289196019622,0.0110163456317522,-0.152948348,-0.192556896,-0.654479135,5.10191333084402,-0.218212525,-0.107270218,-0.322936728,-0.538623434,5.01943942714731,-0.241028417,-0.373189288,-0.082372067,-0.536350197,5.60623896252672,-0.162140336,-0.237960379,-0.248820081,-0.276351886,4.65836920797505,-0.268654459,-0.307050682,-0.279706606,-0.120423551,4.94169346278599,-0.27381314,-0.313158203,-0.173401038,-0.29149957,6.24742472620111,0.0995888166761058,-0.10548332,-0.153771084,-0.803822299,4.95889190236543
-0.371418954,-0.266222085,-0.188754655,-0.213453222,6.6654554299367,-0.178537499,-0.126824492,-0.296212135,-0.496725786,5.2613884110995,-0.149350274,-0.308159592,-0.074380216,-0.426288349,5.4064379772997,-0.099009031,-0.05237394,-0.26102825,-0.580296248,5.80999550981535,-0.28442893,-0.229131255,-0.356241069,-0.361304283,5.44125983846455,-0.133498521,-0.289867249,-0.067318245,-0.45782558,6.07906731614196,-0.322039858,-0.282412155,-0.138707614,-0.291208491,6.63268630224668,-0.140116727,-0.068703546,-0.317756399,-0.527145057,5.23014378278695,-0.102396887,-0.268403532,-0.079892967,-0.507056863,5.26241288890229,-0.12653985,-0.039417511,-0.295742113,-0.545411725,5.87021925927183,-0.337891561,-0.251877322,-0.384965699,-0.312643777,5.6134609681905,-0.091295712,-0.253887392,-0.056581256,-0.524632561,5.88393232264926
-0.44409758,-0.309261565,-0.281352734,-0.084427437,6.10762320455801,-0.526452085,-0.40630554,-0.36128109,0.0457786488451183,5.04649981659776,0.173767370814194,-0.072823364,-0.262930057,-0.671635435,3.99211922660113,-0.30145893,-0.306782264,-0.271208351,0.041770586727335,4.39055266984328,-0.465255067,-0.212947262,-0.326748136,-0.272620519,5.16142116117908,-0.540245888,-0.350834438,-0.304214857,0.0660846110943083,5.38016533366409,-0.430634162,-0.304271162,-0.26245724,-0.084262068,5.9951728268863,-0.707730859,-0.498501395,-0.414366853,0.33838378704017,5.28228958348435,0.267156732669067,-0.061825954,-0.1963163,-0.809010164,3.85272170546287,-0.272308883,-0.302747914,-0.267536475,-0.017079736,4.36310611060173,-0.447948757,-0.200981152,-0.31918873,-0.327082484,5.1025261065849,-0.447318103,-0.313101815,-0.246478862,-0.099175583,5.21756972294605
-0.149450889,-0.254761091,-0.153589397,-0.134418092,5.51449562925893,-0.326617592,-0.154720753,-0.277086188,-0.357198713,6.25404418879356,-0.092604254,-0.217947801,-0.155676891,-0.259700186,4.67862940030186,-0.232159949,-0.296102553,-0.170352165,-0.346245101,4.87573240699863,-0.236062146,-0.242296722,-0.203516277,-0.043906203,4.95900140491091,-0.296880866,-0.247388939,-0.208570017,-0.187258428,5.15887963776907,-0.133214666,-0.24758829,-0.135726237,-0.175338455,5.54745456462082,-0.332813471,-0.147731043,-0.292275349,-0.303261615,6.20053875737319,-0.028043242,-0.161321176,-0.154540281,-0.361998179,4.63356192805825,-0.279064798,-0.343153987,-0.165635138,-0.27488295,4.94018604341824,-0.283655599,-0.284212517,-0.21333905,0.0697779481920981,5.04716073445393,-0.192109831,-0.206201234,-0.168069631,-0.35880767,5.03485575087727
-0.265703777,-0.297316917,-0.191211092,-0.299940809,6.40027098989583,-0.261835036,-0.326511319,-0.194023622,-0.188121279,4.4527332755897,-0.309064303,-0.225891773,-0.238290265,-0.823100722,5.96512152471632,-0.350854951,-0.249916881,-0.218372275,-0.168962662,5.69953166461622,0.0472424358901575,-0.185457719,-0.186251195,-0.485736121,4.28299039461973,-0.126267794,-0.185294896,-0.215983365,-0.35060966,4.73796648629317,-0.342839695,-0.34496785,-0.21699826,-0.213174284,6.68615650346106,-0.207567421,-0.297497334,-0.174781373,-0.350779657,4.40782631794518,-0.219976206,-0.149434927,-0.218709594,-0.97204696,5.79088776240899,-0.323606604,-0.246979142,-0.19210492,-0.233371626,5.61143277332354,0.0671474467458884,-0.169855151,-0.188554879,-0.505699299,4.280672058,-0.064724078,-0.16034977,-0.178908744,-0.452561449,4.63837084650936
0.0581534934787473,-0.268977232,-0.153576867,-0.531079787,4.13809491533575,-0.246270647,-0.262026122,-0.169733433,-0.424361958,5.44529782268615,-0.228687329,-0.304949278,-0.131062662,-0.15218872,5.27831549728399,-0.217201084,-0.200783916,-0.217355591,-0.316739717,5.62464774495267,-0.233815735,-0.238209415,-0.22433284,-0.345322531,5.23546119695728,-0.332069603,-0.313046647,-0.210236343,-0.346069371,5.17807509657676,0.0725116106892584,-0.258460117,-0.164210414,-0.552914059,4.19314821582338,-0.337406386,-0.291008322,-0.213801534,-0.316103924,5.6345542372225,-0.145136,-0.244528253,-0.125858924,-0.3011626,5.14983734506887,-0.242333,-0.219835183,-0.223234026,-0.270425359,5.74986038118321,-0.183409015,-0.204352614,-0.213555094,-0.4185456,5.07887607681568,-0.293558856,-0.278023667,-0.189463389,-0.422762351,5.1074005719953
-0.271899818,-0.250858956,-0.2742603,0.140610246237764,3.915213392,-0.629179012,-0.449915598,-0.423392748,0.516704932699835,4.605025504,-0.253231389,-0.007732416,-0.380567379,-0.542737996,5.70169951080225,-0.215460925,-0.321572355,-0.218061005,-0.235605978,4.95236074556413,-0.368454857,-0.252640819,-0.360718919,-0.068553924,4.61596891860403,-0.342817168,-0.303942152,-0.17821684,-0.120322794,6.08377439423838,-0.569390185,-0.439867408,-0.347740764,0.629807209505165,4.18945264562158,-1.034654175,-0.63428522,-0.531596464,1.04842685279208,5.23398815736847,-0.205584514,0.0472486093701163,-0.372257435,-0.693389325,5.75109008355725,-0.263895972,-0.315658539,-0.250702756,-0.168463481,4.97441929111198,-0.337456345,-0.270856703,-0.341120725,-0.133498802,4.63137208123532,-0.288796014,-0.265582478,-0.170259676,-0.225829674,6.00413932739706
-0.274949026,-0.163530723,-0.370963362,-0.137111602,5.62586863398044,-0.556287243,-0.432058805,-0.279522327,0.0337914891684632,4.73763511021033,-0.096982275,-0.248107399,-0.200002976,-0.608565949,4.13384973507374,-0.142655041,-0.221171591,-0.15478438,-0.17298715,4.05200574123383,-0.301700197,-0.261265455,-0.283259596,-0.166250271,5.04851003495517,-0.098243174,-0.09247132,-0.285768806,-0.734406894,6.42981002959048,-0.235339296,-0.116060163,-0.399907479,-0.257411203,5.70799682745582,-0.951739237,-0.609543597,-0.328224693,0.429802624980609,5.21861796846172,-0.076006454,-0.250423153,-0.162192123,-0.694538271,4.18966863854992,-0.132146361,-0.24768308,-0.116310595,-0.208568447,4.04744194954774,-0.338897149,-0.286061338,-0.302300852,-0.077768183,5.1836698594906,0.0116480533415984,-0.052873757,-0.230994173,-0.908909033,6.2291589868765
-0.556096575,-0.417875603,-0.211864978,0.368889538789789,5.31896815053164,-0.075803398,-0.116841862,-0.377644983,-0.367959005,4.2163565470301,-0.177658271,-0.243155972,-0.246190395,-0.04535085,3.89127789606627,-0.293725677,-0.207471146,-0.311764312,-0.194134871,4.85606907280805,-0.069056811,-0.216983538,-0.187746255,-0.600709912,5.1865795977523,-0.086291996,-0.187899108,-0.218979066,-0.385971216,4.46576235439829,-0.717329786,-0.43742914,-0.303561026,0.569278927048363,5.63487417683177,-0.063715018,-0.055311289,-0.428493265,-0.376398464,4.31008973560744,-0.103708995,-0.169370337,-0.233385087,-0.204076055,3.77233135632578,-0.303893734,-0.220903978,-0.319250515,-0.16316243,4.97592737013345,-0.036709911,-0.229372248,-0.176239348,-0.659337184,5.14948088009848,-0.049153119,-0.180413274,-0.179156128,-0.464222064,4.42814663002225
0.098293151223198,-0.157447201,-0.043756731,-0.771852181,4.87404400231691,-0.37858381,-0.216913264,-0.306885329,-0.343532611,5.76984212598654,-0.290503984,-0.319933836,-0.178037503,-0.200332573,4.42441383659761,-0.40233226,-0.284778514,-0.24894429,-0.266123186,6.05516202753085,-0.329927804,-0.196947541,-0.297646552,-0.440711981,7.46592024973768,-0.205491629,-0.148004516,-0.313175731,-0.614617427,5.00289497599434,0.0901864461266585,-0.165473317,-0.037942447,-0.756530929,4.86980795618998,-0.359160663,-0.195201016,-0.306293414,-0.310508489,5.73794307567325,-0.279761735,-0.294202394,-0.174747493,-0.257358944,4.41078953069884,-0.407423563,-0.257975712,-0.258716642,-0.284182935,6.08040402933859,-0.29901847,-0.175075712,-0.296000235,-0.493774405,7.35728195527496,-0.131756479,-0.113853474,-0.264398086,-0.72509516,4.88889087019899
-0.286813124,-0.34318846,-0.254364178,0.00729682837148059,5.72026279835179,-0.070958084,-0.117640361,-0.274960548,-1.209832612,5.70356940896192,-0.288913068,-0.246382722,-0.353178644,-0.282819925,5.95264217959889,-0.169962294,-0.140724679,-0.283753831,-0.771552146,5.56161913633749,-0.170866285,-0.200277772,-0.218935893,-0.725091609,5.16656061672429,-0.352424597,-0.190656566,-0.375286927,-0.198532899,5.86857500223987,-0.29642997,-0.359892773,-0.257083744,0.0682594539565973,5.79168064835816,0.0174697192315278,-0.083480529,-0.247235206,-1.279381918,5.55821735172201,-0.155951899,-0.201278645,-0.279028328,-0.446596019,5.77424159897828,-0.156465203,-0.125944144,-0.289890423,-0.801436364,5.51888225525066,-0.226821595,-0.210659152,-0.25451281,-0.605441264,5.24177326596376,-0.333956862,-0.191690767,-0.346996318,-0.23064851,5.81941207613561
0.163269984653611,-0.070014932,-0.132562748,-1.182138592,5.4545945639295,-0.523450572,-0.308873336,-0.347917518,0.0469910788794094,6.03337515645348,-0.024967216,-0.13443824,-0.199047226,-0.226584044,5.56237295970014,-0.402064801,-0.440497349,-0.20063979,-0.076619841,5.6562295021996,0.0191592909746897,-0.143880602,-0.165904744,-0.584751284,4.7141676439681,-0.106286433,-0.255725429,-0.269166707,-0.203299473,4.46443562711772,0.183754860113282,-0.047691335,-0.134254238,-1.211711901,5.44770472179634,-0.604341171,-0.318398954,-0.381359039,0.207795402145308,6.11027137868151,-0.002910675,-0.109264882,-0.200941079,-0.276437488,5.67323424250633,-0.456100521,-0.544990678,-0.145967,-0.049852534,5.86394951879556,0.0306679636310394,-0.13549362,-0.169932473,-0.614782926,4.71448312445294,-0.012639418,-0.216422485,-0.222300993,-0.379213387,4.35408269388852
-0.87368365,-0.390230708,-0.419031596,0.809211233993458,5.51825089112928,-0.117304749,-0.307762296,-0.253133273,-0.519272461,5.95101075587176,-0.231701399,-0.195048916,-0.254933004,-0.175320076,4.35364345494251,-0.513336756,-0.367959232,-0.216280325,-0.417586184,5.82072959168832,-0.364619147,-0.311204179,-0.149242352,-0.048267055,6.39418381598875,-0.320155134,-0.246604848,-0.335891088,-0.22289917,4.58754303919134,-1.002211091,-0.424361123,-0.438625623,1.00937291794126,5.7053367151822,-0.189372973,-0.300494021,-0.320152284,-0.412943321,6.17058565760089,-0.138248714,-0.125414119,-0.231555954,-0.307150718,4.20967787976561,-0.516449153,-0.390917491,-0.199129209,-0.421316112,5.88188494986967,-0.364314878,-0.322337305,-0.142002106,-0.040900938,6.42893694480503,-0.214869186,-0.19341363,-0.297992886,-0.385971699,4.49313724179403
-0.24215958,-0.31779119,-0.17892176,-0.286759823,6.23977943657871,-0.202343058,-0.322678781,-0.217144703,-0.102827689,3.96283648712789,-0.097309627,-0.103907564,-0.234803706,-0.437796328,5.31219422134599,-0.33604428,-0.349857281,-0.229571278,-0.074270543,5.4043691598744,-0.254040172,-0.267075661,-0.222059961,-0.276363277,4.64264068515672,-0.045993361,-0.249095153,-0.200284033,-0.533109553,4.8050721609342,-0.325635586,-0.352206558,-0.209494817,-0.17498891,6.42824806673478,-0.163499762,-0.311539668,-0.201321586,-0.162887118,3.88398772962977,0.0168351551384177,-0.085255195,-0.169441941,-0.614014256,5.11852115897618,-0.387665458,-0.394167294,-0.240439207,-0.022093009,5.62237291766705,-0.267916107,-0.240313387,-0.242712862,-0.268573574,4.63662647940865,-0.000767435,-0.237368004,-0.174249972,-0.615247072,4.78835723279567
-0.192563859,-0.0558303,-0.412199788,-0.413188521,5.72334155900392,-0.265177735,-0.206311744,-0.209327106,-0.644251878,5.15576324260123,-0.429514349,-0.283027215,-0.337077793,-0.180760116,5.19730047475125,-0.435712841,-0.342035224,-0.286215973,-0.059976996,5.69277632033628,-0.51774033,-0.30956707,-0.333944188,0.013562948697434,6.67135993661864,-0.349676954,-0.30708381,-0.268473606,-0.030554262,5.25777260896931,-0.019308358,0.0538133193260896,-0.386676274,-0.69093369,5.41678608711396,-0.349969243,-0.235551822,-0.277044028,-0.496555008,5.22456970015161,-0.423972402,-0.287617613,-0.31488676,-0.182485705,5.14378386155552,-0.484218024,-0.36746564,-0.274823364,-0.043559051,5.73986008915523,-0.642259408,-0.41175889,-0.33738595,0.178644117996223,6.83088124490345,-0.232685256,-0.244950859,-0.222552042,-0.21090426,5.09659737458982
-0.575162935,-0.255973346,-0.315763479,-0.464748735,8.14447798812614,-0.47179851,-0.318494819,-0.377404565,0.118930594791617,5.89079919894407,-0.492339135,-0.350660712,-0.219434373,0.127356890316565,6.66345775062703,-0.204454341,-0.254909134,-0.26611956,-0.166138021,5.08187293222474,-0.220665858,-0.264746425,-0.160260688,-0.516119082,6.54019080533445,-0.344259712,-0.244658157,-0.295072595,-0.023045503,5.99631053994945,-0.655039893,-0.289272182,-0.334155084,-0.416616446,8.35834274416094,-0.608719095,-0.377986888,-0.432250409,0.30295260668265,6.20860319710948,-0.366873249,-0.269305582,-0.207492728,-0.10882524,6.34046312315002,-0.202376441,-0.251084968,-0.265520939,-0.189422526,5.07863891067319,-0.221124657,-0.258650832,-0.17069047,-0.506731203,6.51949447349165,-0.241549742,-0.20037036,-0.252302539,-0.214467274,5.78773996708654
-0.029876074,-0.133818241,-0.158601068,-0.797300073,7.03308714313559,-0.072792843,-0.072200826,-0.330166989,-0.765826859,5.38407075867568,-0.166282951,-0.144913441,-0.340540393,-0.525825732,4.20037703977802,-0.377613374,-0.243689115,-0.274422773,-0.379304161,5.62662177063859,-0.306501899,-0.267827375,-0.356802305,0.0437424974431939,4.73757058367725,-0.341128466,-0.321763243,-0.242290845,-0.23503026,4.76491652893445,-0.016670336,-0.130709358,-0.142055436,-0.830355312,6.99687674982698,0.0039702548088303,-0.032027816,-0.306437701,-0.886920852,5.28809945159269,-0.111209379,-0.120508002,-0.314783464,-0.651157787,4.14749607440115,-0.35398225,-0.232349401,-0.269745281,-0.402822285,5.58949346363607,-0.378087748,-0.284094006,-0.390465777,0.14133150065409,4.85343407351689,-0.195094294,-0.236707791,-0.200961818,-0.477094978,4.56055402436705
-0.317153082,-0.258111557,-0.121646995,-0.299204711,5.03368019603879,-0.265080626,-0.185353731,-0.308263005,-0.566581532,5.06043123497926,-0.689703596,-0.325747766,-0.37492672,-0.018012719,6.79578029257296,-0.198229843,-0.334498704,-0.17910704,-0.067378152,4.71915354786797,-0.044841887,-0.215923953,-0.231421837,-0.497070877,4.73883316200795,-0.317803712,-0.360915856,-0.133454361,-0.155625152,5.6487831702504,-0.334510357,-0.258665725,-0.134216077,-0.272754591,4.98339995480474,-0.213334887,-0.142569847,-0.314182395,-0.733952148,5.02837408369961,-0.671617077,-0.313951386,-0.357524829,-0.096441296,6.74942186444834,-0.235737753,-0.351619451,-0.181534277,-0.034696877,4.76373220162776,-0.048839197,-0.216068648,-0.231951377,-0.492750482,4.72678016595336,-0.255279344,-0.323498918,-0.098436604,-0.270287748,5.59653033651575
0.00292643856674086,-0.217883664,-0.154778532,-0.60796139,4.31448725756504,-0.619439924,-0.356196198,-0.404301477,-0.204781576,6.38160471483534,-0.273068477,-0.309286126,-0.228424343,-0.312458845,5.98521295401612,-0.442504476,-0.284386763,-0.334200997,0.00297376333500478,6.18874692628007,-0.246454487,-0.31410156,-0.115397461,-0.21656697,5.34058915730695,-0.262267348,-0.276326409,-0.173626416,-0.478186049,5.92816023911177,-0.033514726,-0.243599681,-0.1570814,-0.542171154,4.40737168806758,-0.620755592,-0.320393058,-0.447246348,-0.401470402,6.69538568127568,-0.220513504,-0.29522911,-0.195785939,-0.424420252,6.04693832573493,-0.41768916,-0.243105368,-0.352465396,-0.01879199,6.19849265878684,-0.272676533,-0.332638821,-0.127575751,-0.160702708,5.38383119536649,-0.169557294,-0.235172632,-0.129549914,-0.628811333,5.7492048084353
-0.510061512,-0.28159277,-0.317906681,0.122986372454823,4.71516011487509,-0.408406291,-0.135167933,-0.440905598,0.137269668255525,4.9401558605176,-0.127175691,-0.235241013,-0.147006133,-0.351534538,6.38067867901262,-0.207762142,-0.164879711,-0.236322341,-0.309785379,5.79641325806675,-0.509411572,-0.322640857,-0.306933325,0.0586239388076149,4.40825542189409,-0.131528311,-0.234211757,-0.203375899,-0.473889435,4.4894676954176,-0.454663163,-0.282633831,-0.266550224,0.0737209038977466,4.61643671437574,-0.394680524,-0.121185219,-0.454866888,0.135557123665135,5.04803094736391,-0.069913889,-0.201317137,-0.110876924,-0.468936582,6.23624725216052,-0.171093181,-0.146773172,-0.218280476,-0.367920261,5.67698081781738,-0.481921918,-0.315464023,-0.283061997,0.0498095085385308,4.29932893720841,-0.067622468,-0.196224295,-0.180396133,-0.580361472,4.40041775585235
-0.235617779,-0.26027324,-0.296339176,-0.274485493,4.69554817613881,-0.381553364,-0.383789598,-0.296796653,0.311441325550193,3.66755408440985,0.0886073673314092,-0.14377768,-0.193186759,-0.397696456,4.04330138312641,-0.361574456,-0.285347128,-0.262168699,-0.094481661,5.36809773131906,-0.347705945,-0.269232812,-0.284750166,-0.240798396,5.14540231874417,-0.460942149,-0.363184554,-0.221849066,-0.239543094,5.1903999788176,-0.255176106,-0.278935799,-0.276902229,-0.255298582,4.64114459203977,-0.691409138,-0.513472419,-0.413271162,0.727144523881131,3.96412835762832,0.135659306960316,-0.108273021,-0.189206166,-0.453607989,4.00752820775586,-0.316835262,-0.263508466,-0.248591746,-0.191361802,5.31885275399574,-0.358119629,-0.269203385,-0.301779099,-0.220511531,5.12204622211675,-0.350269161,-0.297993653,-0.173249352,-0.406043758,4.93636749709579
-0.217240675,-0.104704256,-0.39315973,-0.584468542,5.21444017663549,-0.174560824,-0.259323729,-0.24758176,-0.258713147,4.18573770838377,-0.616578704,-0.449066721,-0.120666717,-0.004122791,5.8516988406423,-0.330504263,-0.279531279,-0.240783711,0.0133021749539492,4.98121697979375,-0.357736062,-0.278173017,-0.324173074,-0.043846986,5.28781701545443,-0.19770485,-0.269911217,-0.23876598,-0.367782863,5.3617820695959,-0.161730004,-0.049441728,-0.392001732,-0.694126475,5.19658370371978,-0.246888205,-0.356799134,-0.236653741,-0.138916713,4.25522094322563,-0.498776108,-0.362132712,-0.100513593,-0.147103349,5.58918582364185,-0.317607214,-0.307717834,-0.201788949,-0.023600424,5.01670070959565,-0.375926992,-0.271613937,-0.327345413,-0.042504975,5.31808596760808,-0.163213405,-0.23582573,-0.231394126,-0.451505869,5.33152399889052
0.0153458983778171,-0.167263897,-0.215360917,-0.844476395,6.37982548028916,-0.276196234,-0.430095062,-0.251733835,-0.113337428,3.83581077862676,-0.03865465,-0.106026743,-0.260726204,-0.586686167,4.79290172700893,-0.348838351,-0.225420727,-0.292866886,0.0538021441316572,4.89976389900335,-0.092186566,-0.196901121,-0.205464166,-0.41304873,4.6175177737894,-0.486760701,-0.27374061,-0.40577047,0.107831674896278,4.88487742209594,-0.042191449,-0.157606096,-0.269679785,-0.783978906,6.50832505866946,-0.364026972,-0.484359877,-0.264565987,0.102205554367619,4.13095435700354,0.0715823459728272,-0.069360844,-0.18953531,-0.813703306,4.67494985197312,-0.296151345,-0.187738644,-0.283620531,-0.025265644,4.84968513468615,-0.16276437,-0.227593008,-0.237148608,-0.299917343,4.70276634609153,-0.399599648,-0.248943557,-0.354383139,-0.010083886,4.73590048295195
-0.304999261,-0.227812206,-0.203508452,-0.496264184,7.75212202128471,-0.320156702,-0.296687951,-0.272765531,-0.085745061,4.51592945967021,-0.201661929,-0.295171349,-0.195034517,-0.354913949,5.38338560887505,-0.2443943,-0.293342447,-0.308806266,-0.293427851,5.83044402883188,-0.001201628,-0.191787024,-0.207137557,-0.54560299,4.4845719899876,-0.373642113,-0.320785883,-0.188107717,0.172724642874423,4.94353038549523,-0.318809568,-0.236748504,-0.206713861,-0.491396393,7.78554269409635,-0.385730291,-0.323173716,-0.279445597,0.0253812378620505,4.61969643805672,-0.078689822,-0.247527806,-0.132596586,-0.538427073,5.19502585603133,-0.280148974,-0.315315713,-0.321606882,-0.216090885,5.87282313562514,-0.007041291,-0.186623963,-0.209108197,-0.559001106,4.50451185309153,-0.304450884,-0.277067143,-0.171646452,0.0458455457845198,4.89772272504043
-0.274078602,-0.300249353,-0.155833119,-0.270696948,5.67431600166798,-0.019955877,-0.164492083,-0.237760672,-1.004020744,5.6865735649004,-0.493990875,-0.358439177,-0.32314562,-0.270779717,5.09512342393254,-0.293250441,-0.20663647,-0.283034295,-0.453818075,4.41209546122669,-0.219679338,-0.217309616,-0.221803882,-0.212440794,5.44357878785146,-0.618218606,-0.344591771,-0.308208944,0.0174944975327811,5.92760274655822,-0.255453402,-0.33393141,-0.102134882,-0.334379695,5.73636872939478,0.0596933587986696,-0.107657087,-0.225436711,-1.155102808,5.54300843339132,-0.53108148,-0.413146594,-0.296879819,-0.290891258,5.10704680446072,-0.366552975,-0.237133429,-0.309528234,-0.378539841,4.51837948387703,-0.151692157,-0.188734244,-0.192200967,-0.313541724,5.3394967629045,-0.53736218,-0.301367038,-0.261545763,-0.117714725,5.71272360451533
-0.08711042,-0.087904679,-0.138941021,-0.704433851,5.0303082965029,-0.418794865,-0.394288804,-0.155713122,-0.060590902,5.11497008345038,-0.00650688,-0.194688823,-0.248491004,-1.162197856,5.54627276000874,-0.191766226,-0.316423932,-0.134968948,-0.30353858,4.65245285682008,-0.108184114,-0.226463584,-0.271573305,-0.386047043,4.4758098826538,-0.403391404,-0.227060711,-0.417266838,-0.072714192,5.15760119240808,-0.020954142,-0.031992687,-0.130134704,-0.822698798,4.98054460366523,-0.581646313,-0.452403985,-0.240157694,0.201546032631521,5.49338292996921,0.0683033529103953,-0.141584332,-0.244069135,-1.268722709,5.47365306453824,-0.164892065,-0.301338922,-0.106176545,-0.367099459,4.62504705058484,-0.143413686,-0.251891609,-0.280684682,-0.328511877,4.51435869776497,-0.273583473,-0.205607879,-0.332080462,-0.250871541,4.90473932618944
-0.438420418,-0.255125558,-0.421539118,-0.115596112,6.06214361577602,-0.006410188,-0.125225507,-0.16277145,-0.531226005,4.89422974494411,-0.175872627,-0.228274394,-0.220424474,-0.313978008,5.27652558115473,-0.186423942,-0.27521225,-0.216375484,-0.290335024,4.89727726550718,-0.24279796,-0.334046924,-0.104232537,-0.35983499,5.31214282345216,-0.358175205,-0.264379732,-0.296199222,0.0425598234733876,6.3148001135215,-0.532698748,-0.297767394,-0.484736953,-0.044286281,6.49497012464454,-0.142516846,-0.155292489,-0.233393864,-0.259323219,4.99578258603751,-0.054281494,-0.180263553,-0.174145904,-0.512829671,5.08539294014581,-0.140078145,-0.24204308,-0.198623105,-0.383547678,4.77486921570684,-0.334613834,-0.416358051,-0.0724998,-0.244418107,5.46678272157007,-0.298625629,-0.21926355,-0.280784391,-0.088647054,6.284149802
-0.082192349,-0.114209415,-0.162390547,-0.454881857,5.98216696238211,-0.25833267,-0.12228654,-0.439372058,-0.560431127,5.38082401627005,-0.221262494,-0.274983255,-0.259715712,-0.064332034,4.97942309448549,-0.242030993,-0.387109108,-0.148673791,-0.285069651,5.55258007689129,-0.346385891,-0.390690887,-0.281048798,-0.102514647,5.07950549029434,-0.329345388,-0.192129932,-0.220655245,-0.598590961,5.51926011978195,-0.173967802,-0.148429234,-0.214698868,-0.308664009,6.15394485015469,-0.249420595,-0.077375314,-0.487403577,-0.648555245,5.61208694771437,-0.173214544,-0.241802806,-0.244173704,-0.13954636,4.97378466683888,-0.294844838,-0.422573851,-0.186037853,-0.156999735,5.53201824372385,-0.383571525,-0.42098676,-0.292667046,-0.012266644,5.09503307459575,-0.236838438,-0.162261223,-0.167877729,-0.779456272,5.39406734360065
-0.302826379,-0.226945935,-0.339402648,-0.342516396,5.05793005478681,-0.322626978,-0.341822406,-0.274825512,0.156092346775975,4.9676230310476,-0.19257881,-0.357308052,-0.193796658,0.0893739637374935,4.18823862519478,-0.193311072,-0.145579285,-0.322828393,-0.244614215,5.17686723287377,-0.483210413,-0.313802917,-0.349069119,0.0789377326217587,5.46683963726733,-0.08817899,-0.156893414,-0.227622548,-0.385058989,4.75096816043368,-0.316402602,-0.217789775,-0.371229398,-0.32387306,5.19703860410727,-0.269723139,-0.308715037,-0.265730734,0.0705006507296316,4.82656660225427,-0.13320471,-0.310139782,-0.182188625,-0.030781872,4.1122386501079,-0.175229387,-0.126915349,-0.319817397,-0.293118095,5.17420766087942,-0.429917606,-0.290423497,-0.340919402,-0.004118957,5.3784308112347,-0.055791945,-0.131570683,-0.225460805,-0.466476733,4.77055708480042
0.030052232286049,-0.146954209,-0.196620391,-0.600014952,5.23712258084903,-0.338201997,-0.055389964,-0.4007826,-0.266870237,5.69876280259441,-0.380416639,-0.453914579,-0.224315568,-0.285257956,7.17920856266626,-0.506114541,-0.319459868,-0.23668044,0.0531223838248522,5.53425448991614,-0.38151189,-0.259338619,-0.230014551,0.0229335114284616,5.92362553107842,-0.031938998,-0.173482739,-0.219351575,-0.369403658,4.23663908532154,0.054673813870487,-0.127923467,-0.175302144,-0.652416799,5.14250103055725,-0.51300821,-0.154053391,-0.471493575,-0.08309441,5.95336507490344,-0.227159463,-0.38684158,-0.177813419,-0.522536037,6.71324320856635,-0.539133175,-0.275278393,-0.280064513,0.051203005229969,5.42555260193441,-0.378898639,-0.245864237,-0.246611649,0.0280206625908078,5.88425625584183,0.00606888852885126,-0.163411448,-0.188185591,-0.427364898,4.1841268927963
-0.558397136,-0.334591149,-0.356197509,0.0594248684766868,6.56061056561684,-0.559448638,-0.350743632,-0.380918191,0.247016133738978,6.06698556288575,-0.203038582,-0.096775232,-0.397003255,0.0211069735588038,4.09407168236805,-0.073686357,-0.336668173,-0.095289288,-0.56598438,4.21590551827712,-0.231671052,-0.285819797,-0.288978893,-0.072253363,5.12021036463081,-0.154628827,-0.237451675,-0.170052242,-0.45852119,4.55180498237223,-0.665929293,-0.397191021,-0.390278926,0.269855450372207,6.80398207968864,-0.599347335,-0.369220149,-0.390383703,0.320161815069381,6.36303277219264,-0.141895449,-0.089060752,-0.34908935,-0.085994224,4.11773312356225,-0.077749691,-0.366452236,-0.075227909,-0.59891747,4.23471083946109,-0.235108878,-0.292206933,-0.305087999,-0.096532557,5.20245098371072,-0.076630081,-0.19026455,-0.146697697,-0.592151835,4.42857099817095
-0.385611959,-0.304420465,-0.240248383,-0.407180358,6.21679286138819,-0.107320801,-0.13340637,-0.246429896,-0.513210153,4.79317742359108,-0.199010009,-0.151898535,-0.246976928,-0.693405221,5.70728187944305,-0.396636808,-0.231964326,-0.242842621,-0.048173528,4.90422766633711,-0.246380633,-0.302401897,-0.286217191,-0.078768747,5.5484340945563,-0.110179685,-0.249723416,-0.162076597,-0.319109683,4.84291988593821,-0.630616195,-0.371818776,-0.3761209,-0.10987429,6.66074433057318,-0.081314464,-0.115175747,-0.24553192,-0.552654364,4.77315301141532,-0.12717498,-0.128565659,-0.207793551,-0.816439901,5.61382498146259,-0.45217683,-0.20871217,-0.298566923,0.0423355971075941,4.93805154922603,-0.285270053,-0.341827965,-0.279283267,-0.005159808,5.59966992992498,-0.052961205,-0.221627064,-0.137473582,-0.414723678,4.79933022381087
-0.064972,-0.216864388,-0.211955481,-0.463098717,4.88237073933515,-0.316768645,-0.236934827,-0.208161424,-0.498475219,5.7097561228304,-0.31762137,-0.240717946,-0.224476151,-0.337893324,5.22741735807761,-0.154447122,-0.197147675,-0.265032833,-0.780245343,5.76374705306704,-0.481923459,-0.353722288,-0.292440032,0.0885937824526194,5.86413513081031,0.0232888003430262,-0.165367343,-0.198157974,-0.688719388,5.45334984816505,-0.024820604,-0.211582964,-0.185046917,-0.539699826,4.7781801697556,-0.266361983,-0.176845383,-0.234024249,-0.560563452,5.63949525325224,-0.256497732,-0.188174859,-0.21688752,-0.475650724,5.16067598404854,-0.169947679,-0.210963289,-0.268581635,-0.769093386,5.93861927345477,-0.519916698,-0.39227088,-0.271517822,0.145030102840061,5.83993986676908,0.115029199853623,-0.135322359,-0.150352044,-0.831958521,5.32883202166484
0.0743752690186077,-0.080711487,-0.134217735,-1.063617293,5.34722549742103,-0.646639648,-0.460825102,-0.340156545,-0.030029535,6.41388522679597,-0.137487028,-0.172389945,-0.207874489,-0.524023632,4.50553783137144,-0.238242456,-0.330732038,-0.232261075,-0.136363595,5.1266073120496,-0.011715298,-0.19525288,-0.175675725,-0.521394686,4.68439203688238,-0.256842109,-0.345326819,-0.302560217,-0.199930519,5.05839286680648,0.0385420179959342,-0.122625358,-0.132523799,-0.998742048,5.38007614798243,-0.966417686,-0.570365445,-0.434089455,0.273934019837468,7.00553703928917,-0.104828255,-0.149750981,-0.1963393,-0.575831748,4.48745884725086,-0.37625732,-0.363999402,-0.320834222,0.0585458613611193,5.4068046198003,-0.019884799,-0.185140073,-0.194199181,-0.51912279,4.71907995395748,-0.109524344,-0.265305326,-0.253690677,-0.407296524,4.69408967367073
-0.279070269,-0.287470006,-0.307317934,-0.095025402,3.67583629241849,-0.282508464,-0.260534748,-0.255634594,-0.293238607,5.36892736496773,-0.317031557,-0.278568856,-0.270576584,-0.20495658,4.93919154045569,-0.053244416,-0.085114995,-0.278210148,-0.294050903,4.54291601877676,-0.157881181,-0.241977423,-0.27140742,-0.418324583,5.22297026174162,-0.486371765,-0.221231957,-0.443711522,0.015289946034912,5.59908454497936,-0.211233692,-0.2431525,-0.290426006,-0.240657468,3.58260906423339,-0.295684757,-0.247002945,-0.29891545,-0.31951809,5.49238464205494,-0.236977123,-0.247452786,-0.208574217,-0.360825664,4.78666271514748,-0.123557248,-0.120339236,-0.319419202,-0.189918938,4.66271686318812,-0.139005888,-0.215319803,-0.293333481,-0.436929894,5.16511983695888,-0.445542179,-0.212362628,-0.42543108,-0.067489335,5.51250475441024
-0.468988117,-0.406874737,-0.23434137,0.0367979714291698,5.19163196840762,-0.342525114,-0.186255067,-0.325871894,-0.061593346,6.29023036477365,-0.235544711,-0.227798908,-0.253147206,-0.231410587,5.72906232989485,-0.118828599,-0.273126957,-0.147218902,-0.354862537,4.40178429235804,-0.206456641,-0.2328828,-0.236333095,-0.338312413,4.76531834500838,-0.307558483,-0.231600376,-0.248965354,-0.353714224,5.84521494570968,-0.474826622,-0.448373774,-0.233182662,-0.057536967,5.36181640393755,-0.351703666,-0.200768519,-0.340387633,-0.095062093,6.50787173731586,-0.159283883,-0.187097028,-0.225279024,-0.364738851,5.58805530439478,-0.140183122,-0.249775231,-0.16811085,-0.302356585,4.32896373152836,-0.240304551,-0.255248586,-0.239181293,-0.266975009,4.77450354249879,-0.202738121,-0.191114045,-0.198043984,-0.530562074,5.70939307746506
-0.234382821,-0.2255918,-0.181171561,-0.182839236,6.07494804558812,-0.101403997,-0.209137287,-0.19076718,-0.700784658,4.64078571865643,-0.088764259,-0.252419758,-0.08846764,-0.541401912,5.74672272808497,-0.453003325,-0.308645547,-0.286182376,-0.139013961,4.87798280402004,-0.133285391,-0.251077905,-0.130768541,-0.444522014,4.82718066122621,-0.527136378,-0.325329933,-0.155374492,0.141009476333547,6.46225145574198,-0.304628828,-0.250433533,-0.200097225,-0.023210702,6.10586465932399,-0.125789694,-0.210197346,-0.205637669,-0.622224907,4.60544822766357,-0.101095642,-0.241551859,-0.098420176,-0.548215583,5.86726584256005,-0.466688322,-0.311912001,-0.28658734,-0.117246243,4.8143222653382,-0.133793539,-0.250992538,-0.132765764,-0.444219861,4.81061341468054,-0.411176196,-0.259989405,-0.127569497,-0.046531907,6.22675935341679
-0.413027763,-0.284010682,-0.239134666,-0.280936341,5.55241451824794,-0.597452148,-0.15909253,-0.616736471,0.229329291451612,5.66115843188649,-0.202616187,-0.177591234,-0.225432451,-0.245726362,5.19272744383734,-0.331711473,-0.307784901,-0.231771305,-0.223779641,4.4200764669929,-0.299889681,-0.280143397,-0.334968546,-0.036819422,5.93677609412294,-0.355381684,-0.290146108,-0.251741086,-0.323554009,5.58802563041547,-0.586443005,-0.302237114,-0.370708067,-0.089563112,5.7897643882932,-0.716719847,-0.301755856,-0.615480538,0.570227888572517,5.75213411107907,-0.151907428,-0.147218824,-0.222086964,-0.311739758,5.20084138297612,-0.375282065,-0.301247375,-0.273547451,-0.11865834,4.42394349705095,-0.279982923,-0.256799427,-0.344265046,-0.077841855,5.91551897607379,-0.279618864,-0.244207191,-0.236624413,-0.450418535,5.43553198062676
-0.264788856,0.0765889187935894,-0.365766163,-0.541932578,7.24660229450081,-0.163362196,-0.156090257,-0.209813976,-0.331710262,4.32856786154298,-0.160073926,-0.356098102,-0.254235181,-0.244100128,5.66558216907767,-0.025377316,-0.269308533,-0.020917613,-0.475416428,5.33613156749298,-0.44554533,-0.277700273,-0.315363385,0.279190399865473,4.61751003455868,-0.263004972,-0.308916278,-0.206589577,-0.611907904,4.71808408898119,-0.272899705,0.0802416686079982,-0.361940351,-0.548399744,7.11680256442557,-0.214984786,-0.153691,-0.258952307,-0.257668644,4.35513302436651,-0.004730681,-0.262762091,-0.228948116,-0.560645066,5.35039143513854,0.00930307037910941,-0.253292193,-0.002548667,-0.521847281,5.26040327008996,-0.421955058,-0.22965581,-0.343611369,0.23936974204334,4.58188641918481,-0.203730694,-0.275321989,-0.179414959,-0.72083149,4.64291975711378
-0.335232671,-0.182682976,-0.283106131,0.312416222835561,3.68709830346559,-0.317890708,-0.29603844,-0.250050161,-0.351643699,5.08187607028061,-0.260931532,-0.192460463,-0.255081175,-0.243879856,5.68706768156575,-0.544937745,-0.349838603,-0.384851573,-0.068513475,5.73583615529388,0.0686365957252121,-0.275533807,-0.157397012,-0.578240596,4.76974692857686,-0.283921242,-0.154778196,-0.307589007,-0.401477873,5.99013683246778,-0.356626134,-0.160838749,-0.313181788,0.363401225774275,3.68073357284283,-0.286640066,-0.292170536,-0.206065343,-0.387602128,4.86279915647446,-0.192986737,-0.141724744,-0.232425442,-0.365644104,5.48962362738085,-0.418567339,-0.318266288,-0.320398377,-0.251216971,5.49540230328399,0.0158768477367698,-0.31397329,-0.178826605,-0.477330788,4.86651197856578,-0.173957537,-0.134531159,-0.241160118,-0.588483542,5.79948013846574
-0.31421011,-0.415243408,-0.269687184,-0.18639141,6.07968972487841,-0.306474342,-0.197540459,-0.316663249,-0.018155487,4.64263702030348,-0.798370181,-0.415199716,-0.217946865,0.284210684006641,6.94126483461713,-0.230747433,-0.253805303,-0.209110258,-0.280433223,5.5424408494577,-0.230162501,-0.209395881,-0.26022437,-0.254053327,5.02330051188563,-0.25437037,-0.142944737,-0.271808118,-0.15078615,5.19804572635522,-0.268840745,-0.400735657,-0.253131657,-0.214352866,5.85462239312075,-0.269718776,-0.150646998,-0.317559039,-0.042535106,4.55736624734944,-0.652527881,-0.346813711,-0.181347701,0.0424499373179782,6.60402157377831,-0.256040637,-0.267851699,-0.217010974,-0.247072415,5.60798621585755,-0.249082328,-0.204121668,-0.285883222,-0.20979098,5.11168673080877,-0.218829208,-0.142420554,-0.239550051,-0.203761486,5.15386380738415
-0.196510032,-0.220158026,-0.14738461,-0.563012614,5.00805668941911,-0.164309573,-0.167825266,-0.422699306,-0.340777106,4.74247848333585,0.1865578344395,-0.157805135,-0.057378336,-0.518248273,3.80414232937466,-0.264684787,-0.297769832,-0.173405405,-0.367413867,5.09744000661211,-0.411384243,-0.294378765,-0.286184085,0.158292989600526,4.37436447071369,-0.242255494,-0.314056537,-0.198844375,-0.224118789,4.56195709013431,-0.269708007,-0.255408092,-0.149841021,-0.450758255,5.10414164043124,-0.124208507,-0.166214939,-0.390275724,-0.381941782,4.53943033807644,0.287491367812071,-0.117147897,-0.018317183,-0.690740963,3.74085710628272,-0.217856357,-0.299720162,-0.144748081,-0.418906973,5.01385984816309,-0.455181755,-0.332375129,-0.284966664,0.222812520111388,4.40138273623657,-0.155100437,-0.26274842,-0.157603531,-0.370733841,4.42113068624962
-0.802753682,-0.453493762,-0.404267552,0.592321040246056,5.2926379216619,-0.355257056,-0.249555242,-0.174393493,-0.448197142,6.20024856024135,-0.147853339,-0.282271375,-0.201249873,-0.306350033,5.15269941522277,-0.179781571,-0.195170603,-0.261583551,-0.31475254,5.58251194631378,-0.051894346,-0.223256289,-0.204357573,-0.27608567,3.66870795837115,-0.044493941,-0.221289474,-0.140942765,-0.191016742,4.41695118980241,-0.741359961,-0.439511673,-0.396112064,0.536371055253358,5.10667332527535,-0.369790529,-0.256589982,-0.183129653,-0.429139935,6.25396944689378,-0.033833455,-0.237777336,-0.140259576,-0.471305095,4.98520011391493,-0.288471605,-0.229492958,-0.30816189,-0.180997754,5.74157547730267,-0.053958229,-0.221865951,-0.213306573,-0.284242856,3.69373436811141,0.0606147388421983,-0.173533497,-0.094076019,-0.380852015,4.32271306233073
-0.625881658,-0.313383636,-0.439697051,0.385921899328761,5.16327742534754,-0.137236963,-0.22205221,-0.274059856,-0.174064904,4.99255198347636,-0.302209769,-0.324966997,-0.209052798,-0.092560358,4.38909424324077,-0.245189902,-0.221229612,-0.28835598,-0.329208347,4.47877570285523,-0.104539685,-0.264952993,-0.195039146,-0.412161998,5.04615292660504,-0.034415775,-0.134356538,-0.290988471,-0.639092021,5.43349381890937,-0.708098712,-0.327372461,-0.496902669,0.469487434585809,5.27781916909595,-0.310470062,-0.232678369,-0.400660488,0.0924811792987355,5.26913337897759,-0.194950689,-0.297519137,-0.150033871,-0.265384651,4.32546220519399,-0.282391255,-0.230623099,-0.30175605,-0.227972054,4.45561945881686,-0.129553725,-0.282660312,-0.21457861,-0.369963652,5.11590817375456,0.0168270876011883,-0.120112716,-0.266801106,-0.719274615,5.40400743981719
-0.355118805,-0.18727441,-0.372371653,-0.350885133,5.76570906170889,-0.578282196,-0.356014691,-0.362896523,0.473251637130314,4.35358200021968,-0.139600994,-0.1959731,-0.366577106,-0.311520927,5.89987982283195,-0.291075388,-0.310407096,-0.160899338,-0.585925148,5.15181110274888,-0.555220907,-0.30170522,-0.415528923,0.0666928694580942,5.266832042,0.0186040522529375,-0.102156469,-0.265635053,-0.456776644,4.62570804690865,-0.420244819,-0.146313729,-0.437934868,-0.290676292,6.11482020499045,-124.1941003,-11.3086418,7.57028114326094,185.748605813641,165.558079232531,-0.035822221,-0.161857733,-0.296366395,-0.488435171,5.63649337214701,-0.337428128,-0.349466431,-0.172915938,-0.532586002,5.24266308340761,-0.583708836,-0.344649165,-0.40951352,0.143235939624481,5.36078894869265,0.092346438050443,-0.076891566,-0.219183404,-0.589437184,4.52591735372445
0.0480305970748751,-0.154783551,-0.236001088,-0.378316246,4.3956438908661,-0.538042681,-0.308803841,-0.353886362,0.0235666599808587,6.65948805187005,0.0726330325443369,-0.233422794,-0.131694629,-0.621808656,4.45939906917793,-0.329733407,-0.217207554,-0.229130741,-0.413069589,6.47031916365606,-0.053148404,-0.274379985,-0.178826536,-0.356259851,4.59967579290579,-0.371772839,-0.237505988,-0.298057918,-0.404038402,5.31350657422916,0.0749058843293224,-0.131915388,-0.241045912,-0.43008541,4.41269591210814,-0.903359495,-0.41721047,-0.477587779,0.497018791418739,7.58127476779352,0.150752105317668,-0.202171334,-0.084115729,-0.776667341,4.38362030343669,-0.342840406,-0.236355019,-0.224079638,-0.423209247,6.53492134033018,-0.002057315,-0.270022094,-0.148488864,-0.439478307,4.57478106468038,-0.27227743,-0.18998666,-0.256131068,-0.588489054,5.18592798618796
-0.198796572,-0.258886679,-0.406628483,-0.219319675,5.53855042256386,0.0143820218616597,-0.072255363,-0.207603954,-0.392525775,3.88144095839631,-0.152324268,-0.295963509,-0.218358465,-0.727503133,5.36159811974539,-0.158246205,-0.281362677,-0.25757191,-0.09082258,4.47783392784764,-0.224389902,-0.253456142,-0.231745555,-0.317732173,4.65934278377083,-0.341864022,-0.320273087,-0.270544014,-0.013819783,5.41043102167786,-0.227129056,-0.252055246,-0.467714588,-0.152871452,5.74530727873906,0.0233530302919099,-0.074920614,-0.189211634,-0.42783204,3.86279663044554,-0.078263164,-0.254641765,-0.190822257,-0.872542382,5.26446076471816,-0.109066723,-0.262145086,-0.24533186,-0.140811683,4.37120109411437,-0.202421789,-0.244710971,-0.229411254,-0.343567696,4.66359806409017,-0.267875197,-0.288495167,-0.221228068,-0.12088343,5.22588440068529
-0.392027425,-0.131700877,-0.343570685,-0.160910042,5.38900431865373,0.0907858382122268,-0.152253956,-0.1572299,-0.830103564,5.06761930138804,-0.24893449,-0.269617753,-0.219129628,-0.164192447,4.99741228473866,-0.068166728,-0.126296757,-0.209442375,-0.449902466,4.75840369935961,-0.482224578,-0.326234708,-0.376114348,0.234799244749095,6.95455120730048,-0.301177621,-0.219277282,-0.241989898,-0.181138769,5.48840580651195,-0.284284424,-0.086710402,-0.308505681,-0.305839461,4.89943940732236,0.103807149071092,-0.159088001,-0.142904843,-0.845045034,5.06485478941427,-0.139329805,-0.228631245,-0.159813856,-0.323810414,4.83722230179582,-0.046154075,-0.111155279,-0.19660623,-0.475823964,4.67657161826304,-0.476447905,-0.299722273,-0.388326617,0.236969235309048,6.8411348027511,-0.223343228,-0.180955572,-0.209896711,-0.316190876,5.35638746121949
-0.289489895,-0.286403287,-0.260818921,-0.225023809,5.01378460604208,-0.303320302,-0.225815038,-0.351160248,-0.089434379,6.43248536271539,0.0174011067469201,-0.09745257,-0.165668258,-0.792167809,5.66498214814442,0.113318456862647,-0.134183707,-0.228078118,-0.391547214,3.89372396028542,-0.484232059,-0.331383,-0.196307278,-0.06959378,5.47334087487816,-0.1808712,-0.129745983,-0.328526144,-0.475174955,5.18780264760654,-0.391933171,-0.354123419,-0.279351252,-0.088047791,5.34468219397007,-0.313124484,-0.226220124,-0.344425165,-0.10947974,6.43555384957669,0.097093116151604,-0.077665043,-0.114519137,-0.950197273,5.54142068790729,0.0580085959195583,-0.124693433,-0.27049472,-0.297535965,3.97940108313656,-0.493245367,-0.354196812,-0.156472231,-0.045647599,5.4618432226532,-0.115627255,-0.11193294,-0.286153764,-0.588492659,5.10118962606351
-0.187939923,-0.193618403,-0.301513931,-0.69307426,4.91814239433486,-0.100493671,-0.238032934,-0.372202718,-0.164346751,5.25383605280276,-0.416813275,-0.247726265,-0.32691487,-0.56130921,6.93521177786646,-0.239320714,-0.303903756,-0.161157732,-0.396947538,5.67366723592294,-0.239746903,-0.181215064,-0.255492245,-0.226622871,4.99653343219031,-0.148653679,-0.271168941,-0.171906795,-0.104640708,4.09680771970185,-0.220845376,-0.208454944,-0.31854515,-0.691729863,4.94218966292374,-0.142778033,-0.263450059,-0.433791622,-0.070649525,5.54228830892163,-0.338379306,-0.203210902,-0.299851012,-0.686678404,6.81140053778758,-0.314344373,-0.343662805,-0.197420907,-0.252950115,5.82612204810963,-0.282169158,-0.21069163,-0.287296247,-0.140871113,5.05794585458893,-0.04606349,-0.23832341,-0.106963043,-0.323536129,4.01798277648715
-0.680022772,-0.363236512,-0.318029177,0.409389005417775,5.15334064730863,0.160200487421873,-0.164648777,-0.177240764,-0.800539222,5.90098313213144,-0.435707126,-0.403915408,-0.075262213,-0.505356449,5.01057169828953,-0.453449082,-0.386879478,-0.258122303,0.0977253743588329,5.14360996460767,-0.412212533,-0.235249068,-0.31895513,0.110108580629304,5.66944968542021,0.0294298433210226,-0.118878081,-0.184850663,-0.656334112,4.95881999554861,-0.676677517,-0.366029013,-0.316258698,0.40901046747567,5.19815305752348,0.11175891747689,-0.211014276,-0.180761685,-0.71109748,5.98449843174498,-0.36728864,-0.370686743,-0.056049656,-0.641595849,4.92621294096732,-0.524257413,-0.46256859,-0.261148371,0.212276274714932,5.32559409093673,-0.404599667,-0.225105022,-0.327969435,0.0879861287415288,5.66157124366737,0.0750331175335986,-0.093782147,-0.166024832,-0.743975258,4.94745582389348
-0.266191995,-0.311989271,-0.345078151,-0.020905667,3.91316418125627,-0.343739931,-0.202885038,-0.396076512,0.144225599456018,5.28808832554249,-0.389710418,-0.471813493,-0.090587138,-0.177700179,5.90031341447254,-0.213492048,-0.187022917,-0.239811654,-0.432024805,5.61724010746887,-0.347404237,-0.256250985,-0.386397963,0.0583005578876656,4.43607045057578,0.0882209730190801,-0.123777702,-0.150901763,-0.642938018,4.35389165995331,-0.348768754,-0.328782131,-0.410218747,0.101557573467405,3.98393136031028,-0.356296273,-0.203853036,-0.377934087,0.130748618380388,5.31001196507552,-0.316114896,-0.440955876,-0.061795228,-0.262521771,5.75170648764223,-0.166263273,-0.151984365,-0.230625892,-0.489547323,5.54244667839552,-0.388586641,-0.268902058,-0.42191582,0.112161878449186,4.50470706256008,0.178145635057598,-0.101512593,-0.092727843,-0.804346268,4.27842147591661
-0.396095989,-0.209239311,-0.324742043,-0.289820191,5.28174450254408,-0.342173189,-0.324599769,-0.323121842,0.0749766052329293,5.18971938922807,-0.33207703,-0.21952656,-0.340551512,-0.489330053,8.12420628769305,-0.350901638,-0.313254649,-0.359918775,0.0923883037897312,5.05578000124889,-0.142081578,-0.196440017,-0.256432319,-0.391142569,5.24605000616473,-0.216370561,-0.296736558,-0.134988279,-0.195077555,4.78544328099821,-0.433420885,-0.19790913,-0.383595893,-0.238855279,5.47180324945338,-0.386538992,-0.365931058,-0.343305311,0.178464585335165,5.31855203666209,-0.28164048,-0.208294915,-0.313029566,-0.577475557,8.14028601789055,-0.359062911,-0.313953691,-0.374877643,0.109089354653739,5.12229339639392,-0.170251497,-0.210717246,-0.274138341,-0.320484916,5.28051051791221,-0.162129701,-0.269217502,-0.109903213,-0.291020376,4.69520143624961
-0.67271828,-0.269243284,-0.487785742,0.0369415526088355,5.15292794055286,0.0425240033387051,-0.105507382,-0.184286775,-0.274063321,3.93222597851337,-0.491320222,-0.456801387,-0.216154438,-0.224793619,4.16177373800829,-0.045702016,-0.143378859,-0.206035798,-0.559381413,5.14281637457411,-0.329647348,-0.245771868,-0.239919467,-0.374951062,5.89837644830021,-0.016170094,-0.101721893,-0.218537035,-0.633375713,5.02437678672688,-0.622327257,-0.210040227,-0.51493414,-0.094110326,5.02902832312125,0.0362100768626415,-0.114610161,-0.18792581,-0.272851107,3.91530755893523,-0.357070035,-0.392524454,-0.169959592,-0.368684256,3.86393386852742,-0.020324451,-0.129021141,-0.19901166,-0.607915531,5.11737116727074,-0.303287307,-0.24441079,-0.215753614,-0.393174968,5.90826078532178,0.0684494536956747,-0.059601832,-0.177915608,-0.778532145,4.90344396496626
-0.404975974,-0.230214966,-0.347633485,0.042058907715802,5.17856334678359,-0.368944971,-0.259405199,-0.314294869,-0.075769163,5.05890012501777,0.0346207624329184,-0.173978718,-0.051338368,-0.732534361,5.19091327758959,-0.268890467,-0.213092312,-0.216318901,-0.168465803,5.24368910762256,-0.070668693,-0.240561537,-0.155233646,-0.790301417,4.8731492203904,-0.235962767,-0.282461976,-0.24634658,-0.10695529,5.37558543277019,-0.516561037,-0.261340031,-0.391134066,0.22889385964389,5.45460292367907,-0.353457615,-0.22843464,-0.33554378,-0.161951109,5.16233229199549,0.0534793682174816,-0.16664929,-0.044750148,-0.765250951,5.20768955584436,-0.294223391,-0.229868151,-0.222977428,-0.139902132,5.33830027614265,-0.072853631,-0.245691185,-0.159804067,-0.78285655,4.87771347127937,-0.128027883,-0.224629059,-0.213741171,-0.275322408,5.16235114417522
-0.164127829,-0.196287563,-0.220874199,-0.338673052,5.09752888588629,0.119295913485105,-0.084356765,-0.065365788,-0.856155641,3.34961041055941,-0.047816938,-0.230488982,-0.037877947,-0.558981559,4.01517718298759,-0.246124361,-0.297685984,-0.279802705,-0.662953701,6.60761879066617,-0.161312232,-0.214285325,-0.138824429,-0.38386874,4.93946833129906,-0.363099304,-0.266134159,-0.288256544,-0.101293351,4.27766519280678,-0.168514613,-0.264985268,-0.16604167,-0.349653537,5.13573905133463,0.164876183056655,-0.08606429,-0.007193718,-0.92644398,3.32914995597815,-0.067501482,-0.223023628,-0.061490827,-0.505820304,4.02718989448846,-0.222804205,-0.291882197,-0.279676224,-0.685396923,6.50983293778484,-0.127048118,-0.198712926,-0.129294876,-0.453381947,4.89814921893264,-0.261427478,-0.214305965,-0.265907772,-0.292310604,4.23456964053721
-0.12720512,-0.258736415,-0.247061234,0.0886761398249364,3.59492233431064,-0.109768495,-0.196928142,-0.266641675,-0.315237901,4.31286592112814,-0.363757073,-0.400649446,-0.372756171,0.447233366297782,3.89794010504766,-0.114637953,-0.113647016,-0.251545674,-0.397483285,5.21400583960388,0.00164914765235203,-0.168346434,-0.194609549,-0.443021934,4.8586774901963,-0.506417167,-0.392425567,-0.200606437,0.143850988994137,5.95130433641747,-0.070504099,-0.244659443,-0.210826867,0.00653382721448134,3.53676169103995,-0.302665861,-0.269557873,-0.354212067,-0.129759508,4.67309945192948,-0.261713031,-0.346418691,-0.333450939,0.311139765810393,3.61365366568631,-0.125858318,-0.120892624,-0.256622316,-0.397986039,5.26170464672407,-0.060923421,-0.164184631,-0.251124275,-0.363988711,4.9248021222827,-0.444107037,-0.357329621,-0.162397706,0.0417589178382615,5.75401415090304
-0.296987454,-0.326451662,-0.157966513,-0.207769101,5.53020864603734,-0.459174175,-0.371577816,-0.376318492,-0.089961245,5.00374143325613,-0.204124455,-0.31243953,-0.273775062,-0.074263446,7.27083567649542,-0.397072678,-0.267229143,-0.353944852,-0.197598212,5.45295002484588,-0.236109724,-0.229679978,-0.238631447,-0.326767227,5.53284247309851,-0.116142098,-0.216111919,-0.223584535,-0.352503379,4.40503010028145,-0.216865786,-0.288688457,-0.145280965,-0.320904432,5.42778160073501,-0.639293316,-0.442662833,-0.426050872,0.0896653656142159,5.10860096954295,-0.120462551,-0.296156903,-0.231456353,-0.17937953,6.84257871565315,-0.470165712,-0.290141792,-0.390328442,-0.078915671,5.5970326507962,-0.250581976,-0.255696743,-0.223048282,-0.288585785,5.47951791840076,0.0172315230478112,-0.167413349,-0.155614092,-0.544464211,4.26809803435242
-0.572128999,-0.431625147,-0.265928161,-0.297536884,5.3305851893665,0.351501137268172,-0.074814051,0.0374754125192778,-1.386042625,5.23319710234351,-0.307515449,-0.266632099,-0.196664109,-0.439693396,5.05901513406492,-0.373471122,-0.35350935,-0.276341344,-0.089226977,4.87819041839979,-0.299453183,-0.249109584,-0.288326796,-0.186629217,5.65366531812997,-0.412292749,-0.296928981,-0.219648755,-0.138088433,4.90258184504014,-42.59711416,-25.79594929,8.32173532346016,45.4888780706386,107.824095853438,0.319998358291694,-0.094431548,0.030180246394624,-1.322119638,5.23222079659616,-0.152874567,-0.173177941,-0.145352332,-0.698241457,4.78783577317931,-0.393891442,-0.333542302,-0.305257437,-0.08859998,4.87262014069406,-0.230677214,-0.223867068,-0.248589726,-0.267853203,5.42029939937183,-0.366766753,-0.289900756,-0.175891131,-0.211329191,4.84817217007874
-0.681741057,-0.32257681,-0.465473547,-0.179787673,6.60053715656326,-0.320061891,-0.264221922,-0.29067704,-0.344765083,7.33702596346938,-0.314817255,-0.187232992,-0.277308277,-0.374599395,6.27891551809518,-0.382292072,-0.269207467,-0.236069413,-0.637793083,6.6800913171137,-0.385107229,-0.267610774,-0.344798285,-0.107278528,4.95920109043602,-0.076852731,-0.135405193,-0.196765129,-0.899039026,5.22327367182816,-0.731044016,-0.357147044,-0.472157904,-0.199030807,6.84230896147053,-0.519732467,-0.413163375,-0.302600378,-0.138353199,8.06301493600054,-0.234073716,-0.133853473,-0.255189516,-0.51829383,6.21443661857213,-0.502254941,-0.330109492,-0.292914252,-0.526671163,6.93877858476095,-0.351337331,-0.232667292,-0.346918674,-0.146520372,4.83124012208666,-0.021017993,-0.102663123,-0.184442728,-0.996499233,5.22055164647479
-0.080177032,-0.330443717,-0.063985426,-0.160234684,4.15657849627617,-0.081377537,-0.219124166,-0.147168549,-0.876664126,6.07431395625948,0.222073736659577,-0.162041253,-0.107766103,-0.844837571,5.41543775219333,-0.1305984,-0.283315225,-0.237761208,-0.363455592,4.48750865545089,-0.005547861,-0.196548696,-0.170241174,-0.479742512,4.17974041429338,-0.232634802,-0.233044349,-0.237399297,-0.555030787,5.0431408796726,-0.044332782,-0.331920006,-0.048544504,-0.203576445,4.14579195652251,-0.004738513,-0.194052091,-0.116133723,-0.995237565,5.94510600001936,0.264668510497683,-0.142906211,-0.093077359,-0.917002744,5.36992012583306,-0.113088431,-0.308836657,-0.207419341,-0.407796341,4.46998632388072,0.0593241479729888,-0.180752141,-0.144403994,-0.579585645,4.12850004900778,-0.094632271,-0.16225246,-0.185353894,-0.77374218,4.87904278891964
-0.084155668,-0.193180504,-0.015556669,-1.387202093,6.26980392652188,-0.282925863,-0.348169846,-0.301861772,0.127637946656501,4.20092812999655,-0.273588498,-0.214576414,-0.261994413,-0.128992037,4.59969049234613,-0.098975318,-0.111001973,-0.330264699,-0.803239795,5.99871557151374,-0.31489998,-0.252153968,-0.197634678,-0.204100999,4.90573070640409,-0.317466429,-0.266410873,-0.192331854,-0.225423078,5.54564937766747,-0.075930697,-0.212698029,0.00393505688366076,-1.427906747,6.31152844082657,-0.290446699,-0.374550307,-0.284765292,0.165508939144402,4.17479441541808,-0.210983796,-0.180258494,-0.243247168,-0.245465815,4.55703810400664,-0.039913802,-0.06487271,-0.318704942,-0.891050948,5.88824837518075,-0.289241322,-0.237013621,-0.185021568,-0.232802549,4.87702108684518,-0.18277497,-0.189845672,-0.13622014,-0.437653439,5.2699474450121
-0.199486111,-0.260444014,-0.352820077,-0.322329591,5.17027598677564,-0.591837556,-0.414585585,-0.381358484,0.259790261731248,4.99169442789182,-0.119152082,-0.246557501,-0.169023602,-0.325590849,4.02318281626133,-0.352262951,-0.258386565,-0.283048421,-0.257115717,5.5967851892303,-0.507646596,-0.341576622,-0.380709744,0.632242490221716,6.00796230068705,-0.338856879,-0.274596575,-0.1928062,-0.360921684,4.71380638313282,-0.297953575,-0.244351605,-0.436141245,-0.078902258,5.32329298015666,-0.863905098,-0.517571393,-0.44517526,0.635325941585099,5.3721491905855,-0.026566143,-0.195298668,-0.130655338,-0.480946527,3.91982389726999,-0.349452572,-0.257334698,-0.275248576,-0.237680209,5.47336021555909,-0.576530296,-0.350178755,-0.430844264,0.734132777956004,6.31376100369479,-0.286472177,-0.258868783,-0.168273964,-0.464800399,4.69260329251946
-0.478011284,-0.259949019,-0.181529637,-0.424124824,6.77664687561481,-0.811577403,-0.297316339,-0.524669047,0.685291993381926,5.22078256087324,-0.037807234,-0.220888605,-0.096333756,-0.402441219,4.93061252121158,-0.171171738,-0.202559666,-0.209188722,-0.240224462,4.98127146066143,-0.323238135,-0.276293477,-0.276600591,-0.245573642,5.20127741055116,-0.043613736,-0.339838437,-0.153605769,-0.546701254,5.16845077270685,-0.708835313,-0.315982777,-0.265995082,-0.036691453,7.16889873492153,-0.893683279,-0.278577076,-0.592120962,0.741723094913552,5.6535299810359,0.059496212409523,-0.154165512,-0.079517431,-0.555996661,4.79787491074097,-0.186352493,-0.187524988,-0.225511887,-0.244324271,5.01918514296817,-0.363843774,-0.307857916,-0.275505961,-0.175491448,5.18117879585275,0.0339598292359241,-0.303110897,-0.118249698,-0.660497608,5.0501200348532
-0.42804666,-0.319849165,-0.310386771,-0.295266691,5.72907047882179,-0.798536696,-0.402571606,-0.374115567,0.203657100035206,5.66493476708215,-0.236861071,-0.337562747,-0.162626839,-0.221828463,5.15628142532699,-0.239940799,-0.293847345,-0.277551824,-0.133124381,4.17066455453414,-0.211216056,-0.215465817,-0.295309383,-0.195469508,5.19391526185237,-0.208745126,-0.249278057,-0.136858402,-0.252313988,4.8168974938527,-0.401433266,-0.321977834,-0.285997699,-0.284336193,5.53145612279842,-0.819147672,-0.421339805,-0.378037068,0.185027392682253,5.85343969238313,-0.159802183,-0.313431889,-0.107402634,-0.377720426,5.06833572438205,-0.196245429,-0.287881442,-0.247594959,-0.172831795,4.09145074723981,-0.277952538,-0.215768385,-0.344332149,-0.121497461,5.37313389235018,-0.144019978,-0.225035498,-0.105948869,-0.372450127,4.74209670529335
-0.243846534,-0.263036785,-0.170349489,-0.138256566,5.68527042111077,-0.476004599,-0.282938609,-0.253068881,-0.240884102,5.60688148698263,-0.455816671,-0.324986604,-0.223876405,0.0652963549188772,4.41068713910689,-0.271205735,-0.314535327,-0.184169366,-0.168108455,4.8864328559242,-0.302713775,-0.207383626,-0.455180528,0.262946915731541,4.17783257154419,-0.518067368,-0.309668886,-0.313020248,-0.071841256,5.83216020864138,-0.265130474,-0.279135881,-0.167057223,-0.105611645,5.79966218468356,-0.475743934,-0.300732782,-0.237736458,-0.317598346,5.61785507150388,-0.389228249,-0.28070675,-0.193259312,-0.048646913,4.33470731642251,-0.280115177,-0.339593427,-0.159314807,-0.215498143,4.96263762360153,-0.568759461,-0.257895772,-0.643833347,0.689140808811639,4.57820974686268,-0.470791689,-0.271434146,-0.287794427,-0.163396419,5.78217457745713
-0.213674519,-0.293047033,-0.154698596,-0.408100848,4.98301284095766,-0.020813251,-0.156285009,-0.222653627,-0.402236503,4.63951482242859,-0.486339452,-0.288589011,-0.352532912,-0.049968695,5.77039277462671,-0.395879312,-0.308782924,-0.335526408,-0.205284393,5.28582038915194,-0.490322729,-0.268409068,-0.361241946,0.0895674534279886,5.09768346928666,-0.265354366,-0.290600446,-0.226367032,-0.002183359,4.75420780263084,-0.240547845,-0.29168413,-0.172610516,-0.34668045,4.99310275953442,0.0129556868855317,-0.12909654,-0.215479445,-0.475299796,4.57948802131224,-0.520756783,-0.328073473,-0.318292214,-0.04227996,5.88381447778446,-0.40873148,-0.318932963,-0.356741453,-0.132880194,5.35707550937026,-0.510686522,-0.260526864,-0.396881366,0.139116875161303,5.13393316529146,-0.16449143,-0.273561768,-0.160212336,-0.167859927,4.65900999188951
0.104289774242259,-0.227556005,-0.088267733,-0.947116025,5.11438986290205,-0.102716917,-0.21556956,-0.26103105,-0.413553611,4.9217161485407,0.0982749619031332,-0.224488774,-0.189796831,-0.907560214,5.25425049526852,-0.082857939,-0.137613513,-0.211038478,-0.788453771,4.93282150212313,-0.56817144,-0.376747949,-0.288724441,0.210602272587114,5.09721107520902,-0.282348695,-0.209071863,-0.332285772,-0.056260794,4.16679679243658,0.0797801600451751,-0.239243584,-0.116225675,-0.91728549,5.13152945679224,-0.087274964,-0.204792371,-0.229543304,-0.408684457,4.75583517067432,0.123819534949914,-0.209230527,-0.190680482,-0.951429963,5.27269816788105,-0.115085508,-0.127520961,-0.264057366,-0.752372692,5.07702829797823,-0.56985707,-0.348754538,-0.302130135,0.162889885039101,5.03950669369151,-0.154647564,-0.165151285,-0.267555014,-0.234864901,3.99018759706327
-0.400740835,-0.131885941,-0.217463098,-0.2159555,5.80140862306966,-0.336682316,-0.343426726,-0.335400795,-0.100634082,5.38313953073166,-0.115411497,-0.355540793,-0.206024528,-0.558012771,4.46594427460412,-0.168271727,-0.271022714,-0.211214061,-0.34969887,4.80125716628846,-0.27732182,-0.126365375,-0.332844716,-0.505704004,5.49452202776556,-0.178057244,-0.22875682,-0.28348555,-0.191466297,4.22679408019886,-0.332689074,-0.078294221,-0.210344937,-0.337946463,5.73711325057855,-0.469508751,-0.419758988,-0.370069346,0.0899456322326126,5.51548275812638,-0.03212629,-0.322321557,-0.183348627,-0.695929104,4.41157100208857,-0.162492289,-0.282099757,-0.197110497,-0.37410272,4.82653690939121,-0.255366678,-0.081953289,-0.352202758,-0.545796634,5.51192819154228,-0.098298724,-0.183888259,-0.251256421,-0.33664308,4.08618581089019
-0.252316095,-0.182414518,-0.345698693,-0.503083049,5.63081747277594,-0.572872353,-0.411166526,-0.271908108,0.101802932344426,6.33900641334631,-0.217004039,-0.23263249,-0.177041749,-0.348161637,4.52972929491425,-0.387213389,-0.320333251,-0.189275178,-0.295318064,5.8950160743112,-0.191826663,-0.372516815,-0.131814767,-0.225831436,4.75658961554547,0.0378385517651037,-0.129153691,-0.150834422,-0.748262648,5.71130819180977,-0.167420665,-0.13983164,-0.31861736,-0.635815006,5.35676040340922,-0.581633347,-0.412053399,-0.273146383,0.0957018278050497,6.25814843009837,-0.152038565,-0.195053141,-0.151691267,-0.455773288,4.46499705381726,-0.384256309,-0.305598588,-0.189158622,-0.307655947,5.91569068185651,-0.190289606,-0.397202837,-0.116696665,-0.220005776,4.83094965293118,0.0772709231030253,-0.107139485,-0.134687705,-0.837706226,5.66340618179007
-0.189557696,-0.181534016,-0.127699167,-0.86890121,6.83359935312102,-0.232136803,-0.203507876,-0.306063411,-0.443299539,5.44375552597981,-0.104166148,-0.215564659,-0.296451702,-0.32615334,4.81358673237333,-0.237684298,-0.233178069,-0.290942081,0.0640419655204552,4.75364922080692,-0.091483577,-0.245883102,-0.224635255,-0.401569037,4.57387923910652,-0.349617661,-0.262356723,-0.239531048,-0.228792101,5.43586785211706,-0.148021146,-0.169368996,-0.100451233,-0.900247249,6.7057977993736,-0.331464461,-0.245812958,-0.390955686,-0.316313925,5.83895556095607,0.145948024559127,-0.157701574,-0.14145594,-0.757430891,4.5089389830129,-0.234663433,-0.248721613,-0.282626986,0.0746828326560118,4.81947784,-0.103307323,-0.279725467,-0.204723824,-0.362425296,4.58787624802106,-0.298458445,-0.245535055,-0.211504226,-0.308170983,5.42672393739745
-0.344549551,-0.280492743,-0.335523599,0.0544753476756864,5.57049859279211,-0.327232756,-0.187652694,-0.384964628,0.061874923812001,5.56223258227823,-0.265182286,-0.318149779,-0.124338021,-0.739229891,6.30625425449374,-0.104904988,-0.155903344,-0.263284804,-0.370671129,4.30477421586723,-0.425469621,-0.335792474,-0.297667125,-0.193854304,6.90665016699731,-0.224632673,-0.188154766,-0.228305421,-0.401561722,4.70845939390266,-0.302095547,-0.277133479,-0.318583846,0.0305552851687141,5.45204644810577,-0.293161754,-0.150980302,-0.391161348,-0.005843584,5.74934677356453,-0.212913946,-0.283256792,-0.097644989,-0.838366698,6.2077057314848,-0.11871355,-0.152925009,-0.270508765,-0.370696349,4.30818674354796,-0.437716498,-0.3493637,-0.302700802,-0.180703335,7.14896430266615,-0.104411865,-0.131320492,-0.156758603,-0.629556918,4.51367023745154
-0.376787391,-0.264553598,-0.331328745,0.245743857297157,4.41841198223843,-0.099315621,-0.185699609,-0.176372508,-0.870329337,5.45336605313986,-0.380830576,-0.266461525,-0.386896728,-0.327463347,6.30056069554987,-0.489414259,-0.231411975,-0.371196526,0.0283061887164958,5.95832660221816,-0.303375878,-0.271242759,-0.230698195,-0.109406557,4.74746713189424,-0.257848154,-0.34741013,-0.187615133,-0.51121368,5.50118274834645,-0.681293152,-0.328885396,-0.495846959,0.738028796572398,4.62359911843015,-0.102126863,-0.181583031,-0.181104928,-0.87538001,5.49838342382907,-0.264746305,-0.220716507,-0.311722189,-0.487735193,5.92670365709601,-0.561350765,-0.217073906,-0.457236469,0.109726784749711,6.13730972175517,-0.315647952,-0.270473633,-0.219848277,-0.073493733,4.63952000735604,-0.163776543,-0.304818034,-0.1512406,-0.695262874,5.38890629271786
-0.372146724,-0.236903022,-0.384813095,-0.079400449,4.74287384727749,-0.387246169,-0.328220288,-0.242132529,-0.066736593,4.83139213946303,-0.32907814,-0.186702176,-0.358051457,-0.142002916,5.71670961432037,-0.209569455,-0.318891616,-0.292220033,-0.049032338,4.60296658510076,-0.023524384,-0.162256845,-0.268969444,-0.311456935,4.98685007885117,-0.315554852,-0.345424706,-0.181138082,-0.18641567,5.08330088892706,-0.562402833,-0.278614418,-0.442197765,0.166191019485952,5.1979660484091,-0.460333336,-0.398007349,-0.221930722,0.0409320458168168,5.04568799598032,-0.245609279,-0.170099413,-0.282779402,-0.242387794,5.43497376776929,-0.203480708,-0.338841813,-0.29065102,-0.08678091,4.64507757624717,-0.017123858,-0.162086502,-0.261897455,-0.352692485,4.9989872815398,-0.222478564,-0.289099882,-0.144990903,-0.316097511,4.91574470785211
-0.397135475,-0.358172982,-0.266235802,0.00844737652434725,4.63159347610311,-0.652217098,-0.435067587,-0.246639209,0.16116460204225,4.89438425451653,-0.568053146,-0.350219614,-0.414875741,0.420825379376937,4.4574699165119,-0.232136642,-0.282427754,-0.165513684,-0.627789601,5.24966396381883,-0.159219931,-0.21926221,-0.249323975,-0.319135197,5.25455549141672,-0.282091182,-0.270627064,-0.255893067,-0.17901589,4.90567148896418,-0.345943347,-0.358557265,-0.242080448,-0.022888154,4.54782002083185,-0.710018897,-0.419639437,-0.340416061,0.237585946744568,5.03831034033957,-0.506365192,-0.311928475,-0.367720257,0.255132434146593,4.43444112514483,-0.223407726,-0.293885517,-0.142419076,-0.647684136,5.2440729782438,-0.136761742,-0.214694795,-0.223728838,-0.337832906,5.18246059396427,-0.206952793,-0.249254996,-0.202158169,-0.310476837,4.82255494731845
-0.222722039,-0.166052261,-0.280210295,-0.115936237,5.78232879018733,-0.331338236,-0.279238986,-0.202077921,-0.093119067,5.21032788920703,-0.281447196,-0.184831633,-0.37957915,-0.445276517,4.35748550721536,-0.50494075,-0.401742421,-0.281114467,0.092464730684405,4.24314890183138,-0.500298412,-0.343792445,-0.32512179,-0.068135765,6.02195863327837,-0.26465029,-0.280006357,-0.193700026,-0.0497424,5.65920582439835,-0.309162538,-0.177526643,-0.329948485,0.0158411063840536,5.91570951240249,-0.300534993,-0.292507492,-0.169617246,-0.146171325,5.27701081263998,-0.263539367,-0.196822948,-0.341132093,-0.489102024,4.3682731508359,-0.599573151,-0.448725418,-0.286081293,0.21538959566961,4.32775421131855,-0.585828537,-0.396206932,-0.339569187,0.0564229003803278,6.23894039795511,-0.194739404,-0.229836769,-0.179037715,-0.160794105,5.57085293313179
-0.221711011,-0.316617795,-0.22751794,-0.209719594,4.64062625861865,-0.639773593,-0.315946818,-0.453781086,0.357594460214286,5.73687964869517,-0.405278918,-0.328422543,-0.225572564,0.0173926301979423,5.75735040327234,-0.361254751,-0.313968513,-0.293116507,0.151699699985106,4.85527770681508,-0.278435787,-0.192738587,-0.240133608,-0.431666278,5.97758260519637,-0.396065334,-0.44271123,-0.287668953,0.16132981899022,5.28426757,-0.205235571,-0.31488807,-0.202545019,-0.204027676,4.61203601472642,-0.810540743,-0.380994452,-0.536408268,0.569356223726968,6.18299364410411,-0.289361026,-0.256566757,-0.20035479,-0.174243796,5.60425019169778,-0.385237238,-0.324317376,-0.308680554,0.177736688393017,4.95311774301022,-0.375767928,-0.248358352,-0.278601601,-0.26959603,6.07734365319265,-0.296849499,-0.402372204,-0.241272957,-0.01738765,5.20955290569563
0.0355694800535029,-0.149964674,-0.233893379,-1.106607827,4.28708467957985,-0.467139282,-0.315993758,-0.292907186,-0.162512974,5.77990881021631,-0.237298333,-0.121668056,-0.217721495,-0.597515161,7.63285932347202,-0.151848745,-0.202456402,-0.285377498,-0.111353301,5.39019671029447,-0.192136131,-0.220603293,-0.235924503,-0.347928867,4.73765858226401,-0.071448022,-0.222316557,-0.141963042,-0.633352146,5.16683913876082,0.0972967320890656,-0.106626127,-0.223279681,-1.190642766,4.20051129439317,-0.600291944,-0.377960871,-0.336528885,0.0175607779754821,6.10490817550712,-0.185492264,-0.120100358,-0.159817364,-0.702683988,7.39945516647328,-0.153429627,-0.201076123,-0.29016915,-0.108614845,5.38835791200163,-0.156433059,-0.231661438,-0.187205951,-0.430561786,4.70728210855687,-0.029419558,-0.190036053,-0.136976759,-0.714305387,5.11147175240765
-0.102181424,-0.289924305,-0.276326457,-0.023422375,4.14130508732367,-0.615972516,-0.364799838,-0.363889389,0.553624180076298,5.10755392856837,-0.277097935,-0.163392359,-0.308367826,-0.157745175,5.62053446006609,-0.213090016,-0.167566119,-0.205884187,-0.240465791,5.93401550377277,-0.465589292,-0.357023129,-0.241683844,-0.083966579,6.01279271519338,-0.411215574,-0.416794938,-0.120625998,-0.350502709,5.55978806370637,-0.140117868,-0.317854686,-0.268921466,0.0608803452601323,4.15737714981942,-0.573791603,-0.378340148,-0.328876503,0.530073869818997,5.03849562401505,-0.220450463,-0.174854362,-0.246429286,-0.266226343,5.51787157766841,-0.198820408,-0.176950112,-0.187753789,-0.237750686,5.88862571277735,-0.398474396,-0.337919145,-0.210933062,-0.186589109,5.85294254734498,-0.316463774,-0.36478886,-0.072386277,-0.494553153,5.35769066469167
-0.131065142,-0.237819916,-0.167836767,-0.629584233,4.83190187617612,-0.233477186,-0.325949735,-0.224478192,-0.005490045,4.40681409020309,-0.537973041,-0.275580533,-0.432811763,-0.018488512,6.0959032317937,-0.089196231,-0.102340157,-0.279097177,-0.676870554,5.27454595970688,-0.126224859,-0.23289572,-0.199198003,-0.382209243,4.8845803143077,-0.270123901,-0.144801716,-0.256152392,-0.577960903,6.45701356377619,-0.161284641,-0.251035087,-0.181293838,-0.571637369,4.8486681927608,-0.165055843,-0.288977732,-0.182336913,-0.147934261,4.29781414511733,-0.389607048,-0.211785225,-0.376835112,-0.2408507,5.71686530515306,-0.116917285,-0.071633058,-0.325906818,-0.655254404,5.37603370181049,-0.079854073,-0.207311947,-0.18746427,-0.472539462,4.82699454595245,-0.225441843,-0.130087942,-0.230795049,-0.673290601,6.33094098144245
-0.452379345,-0.456875607,-0.093037295,0.163860692429048,6.29733588188756,-0.097621046,-0.204619655,-0.250476226,-0.354871317,6.75545467694493,-0.602495769,-0.342791222,-0.415255464,-0.001744118,7.86316631638018,-0.251932042,-0.269699117,-0.22328169,-0.234034956,5.27167056028526,-0.403244381,-0.315424973,-0.325234941,-0.17239751,5.37180945068666,-0.34923432,-0.32181375,-0.205433612,-0.142335748,5.61854601636347,-0.464083442,-0.492565069,-0.081433291,0.182975110032816,6.6051768335485,-0.015267999,-0.165776745,-0.228921275,-0.482558254,6.55977834519698,-0.398606193,-0.237829442,-0.35792883,-0.284754588,7.32542586276336,-0.330451666,-0.309112494,-0.240073983,-0.124548476,5.33991680418696,-0.510620105,-0.334668423,-0.372778892,-0.025946909,5.56324141571794,-0.276322874,-0.286160058,-0.172696351,-0.263525961,5.50121217077655
-0.070924668,-0.178089656,-0.277325486,-0.773766822,4.6609480278581,-0.217276509,-0.284693374,-0.222397601,-0.538603348,5.27485543942913,-0.477886067,-0.399262654,-0.247777955,0.0421726540033678,4.58081404525119,-0.224794488,-0.204708304,-0.202016798,-0.210266716,4.19092140904565,-0.177760008,-0.230793633,-0.191115551,-0.359294382,5.34234972720328,0.0144890203917394,-0.222993412,-0.219357559,-0.446885623,4.6009051503571,-0.034456842,-0.126813561,-0.26060385,-0.806115596,4.52798993826112,-0.325663924,-0.34808889,-0.248165474,-0.428395102,5.3848188405347,-0.402882272,-0.314139477,-0.248793739,-0.048002851,4.43925025552411,-0.267974831,-0.227761087,-0.201836609,-0.148371658,4.21813817616942,-0.163950107,-0.237352618,-0.171592517,-0.379531844,5.3709705576389,0.0970483963866126,-0.182976633,-0.182952517,-0.592246637,4.44860611596784
-0.114694264,-0.141406491,-0.304565012,-0.276634847,4.85710661228771,-0.260170259,-0.282941425,-0.11524816,-0.203305039,6.1253697435293,0.157280078943118,-0.214669439,-0.074098364,-0.643565301,3.62227540592144,-0.17736732,-0.231076908,-0.204016411,-0.139694844,4.87709559556923,-0.443984284,-0.310988564,-0.408701374,-0.201478352,6.01214722362905,-0.369681011,-0.117636468,-0.448674455,0.127528350024127,5.31992488812265,-0.08301635,-0.10844336,-0.30173435,-0.327164588,4.75952537852431,-0.201376213,-0.276206576,-0.07735226,-0.335082442,6.10318117548382,0.250350188521334,-0.151346108,-0.045031253,-0.81227502,3.51976511907289,-0.190700622,-0.222487582,-0.224006607,-0.097346432,4.81563264933818,-0.668048103,-0.397586343,-0.525451522,0.11126701202901,6.37249112296828,-0.242716208,-0.097508644,-0.358453553,-0.078664381,5.05318530984309
-0.048651057,-0.164460102,-0.174720281,-0.368989519,5.17235925344188,-0.248763845,-0.204200438,-0.196680103,-0.070527136,4.76411776435546,-0.277509649,-0.28626732,-0.273138959,-0.585704248,5.83490373753266,-0.465428683,-0.360228914,-0.280881169,-0.252589465,5.9590956526902,-0.39402499,-0.359039489,-0.295404809,0.206772995926328,4.4607199432027,-0.343170921,-0.336083034,-0.215044155,-0.228506705,5.6178317045093,-0.075960005,-0.194130121,-0.157578507,-0.330279201,5.17626529297797,-0.204456495,-0.175678837,-0.179375875,-0.133681566,4.63477725326437,-0.274155985,-0.298642763,-0.253757951,-0.636174766,5.99037100921215,-0.434285823,-0.345844006,-0.26999866,-0.298065879,5.82709908049294,-0.541153715,-0.387271433,-0.382148366,0.424124297151584,4.66322618579389,-0.228869855,-0.262997743,-0.168052606,-0.399951299,5.32577538371895
-0.17751603,-0.24408504,-0.36527887,0.0332517650807077,4.07954702831404,-0.320309124,-0.357848658,-0.25365361,-0.186791737,4.80865262892227,-0.214962896,-0.156048205,-0.16814362,-0.553527177,5.71740983757877,-0.206573257,-0.237153522,-0.305118253,-0.382639894,6.11502122859405,-0.178940912,-0.280094667,-0.196725867,-0.372464297,4.98469907237625,-0.332402892,-0.274187036,-0.274417237,-0.49744894,4.9301246091942,-0.169041875,-0.232572641,-0.361964068,0.0242607992588953,3.99831257119583,-0.368115894,-0.297891774,-0.318808229,-0.059668913,4.84251998537901,-0.132463063,-0.115444842,-0.118987658,-0.717486348,5.61613892102841,-0.260646238,-0.243729539,-0.351142844,-0.334346802,6.20649847805862,-0.131590081,-0.254066076,-0.182448199,-0.437717757,4.89057741416288,-0.159316266,-0.222840864,-0.180361556,-0.762059635,4.72080338521966
-0.85398515,-0.350007921,-0.455320059,0.11635228751313,8.64254863699304,-0.290550016,-0.128328349,-0.239879011,-0.415226451,5.6616263993916,-0.316154148,-0.223968579,-0.316929721,-0.095968947,6.54330654503267,-0.366188511,-0.356659253,-0.253303547,-0.182422964,4.86722570297356,-0.215911338,-0.254151047,-0.225356537,-0.159769242,4.82367446236764,-0.276557243,-0.22690483,-0.242868562,-0.191700306,5.01877655886138,-0.869408868,-0.348432805,-0.480006221,0.0751086587213481,8.88722276670332,-0.306939317,-0.114692789,-0.269142803,-0.392005292,5.67227695260946,-0.250483323,-0.178306303,-0.291742031,-0.20654682,6.39209288252446,-0.376246608,-0.338694009,-0.266022445,-0.207210878,4.88252147105907,-0.247757612,-0.27296515,-0.234873716,-0.11074568,4.9140524013466,-0.226817362,-0.202836567,-0.217126415,-0.28760689,4.93783865979032
-0.474985718,-0.204442138,-0.379487008,0.0844735779144959,4.61510978452548,-0.264018734,-0.158227717,-0.355848224,-1.110324315,5.4463589906108,0.0171044532528349,-0.333043417,-0.032384167,-0.782774563,6.25010818525097,-0.226287336,-0.136583701,-0.319335548,-0.434732552,5.06473222955703,-0.323974624,-0.334724747,-0.314139378,0.0319455898740708,4.36231284809669,-0.319544732,-0.204120924,-0.253714295,-0.375021801,5.4492148301866,-0.562747655,-0.212943308,-0.416796501,0.119970259927191,4.80196289654813,-0.471463149,-0.155331462,-0.552044423,-0.836491279,5.67578797757311,0.123050642417536,-0.260957859,-0.012442722,-0.953465812,6.02310191791686,-0.192660368,-0.133164081,-0.303750151,-0.478767736,5.00508301571388,-0.335386575,-0.309746305,-0.343274227,0.0435005386925321,4.35098000773022,-0.228612579,-0.152268132,-0.223432604,-0.561478588,5.34126088741637
-0.289441892,-0.097589044,-0.373344719,-0.122567833,5.11955681731948,-0.049235029,-0.175942584,-0.127184112,-0.475572751,3.86056051680177,-0.275978736,-0.341385209,-0.257003577,-0.0905238,4.97873815375417,-0.306815182,-0.288187293,-0.307878606,0.0727898174396382,5.23451891669737,-0.397854879,-0.320922124,-0.262059237,-0.070799397,4.86843616003499,-0.219898099,-0.153032399,-0.301784213,-0.349951946,5.7560144919939,-0.252185663,-0.047747854,-0.373832977,-0.183866055,5.05160416862273,-0.059914489,-0.174417138,-0.13041808,-0.450645039,3.8530042314182,-0.19262587,-0.327089816,-0.18796068,-0.217354657,4.90138444818519,-0.256345309,-0.286382512,-0.274270182,-0.013163378,5.16581989277382,-0.36332116,-0.334162903,-0.218930146,-0.129808725,4.7522721392294,-0.136177657,-0.129589904,-0.239285042,-0.496794388,5.47484548680734
-0.195997585,-0.326367012,-0.12207081,-0.392187404,5.45292456906972,-0.147034773,-0.225142275,-0.286028156,-0.099846838,4.85270021258854,-0.265176145,-0.276937971,-0.30660018,-0.272816355,4.80953227712526,-0.138607489,-0.224880002,-0.137994942,-0.237003001,4.70218468976743,-0.321132222,-0.25321736,-0.264448385,-0.283219898,5.49387364450914,-0.260446329,-0.249404406,-0.184004965,-0.581666489,5.45400456533406,-0.27184348,-0.358839179,-0.129528907,-0.272396623,5.628541118,-0.117859079,-0.213444349,-0.289661374,-0.144720747,4.95611166538484,-0.068472861,-0.210357131,-0.220515778,-0.540050779,4.57046565521988,-0.139923072,-0.231631951,-0.124591813,-0.232691746,4.68758300045039,-0.407883317,-0.284685628,-0.302288301,-0.202602889,5.70559788694717,-0.166349844,-0.222744036,-0.124122409,-0.746140871,5.3399202548204
-0.274378254,-0.370369592,-0.17564734,-0.530790275,4.5818680236816,-0.132779545,-0.245503967,-0.189156789,-0.362803159,4.63942365279093,0.0734683550000696,-0.229485472,-0.09978164,-0.634960155,4.22630361920151,-0.651365406,-0.392558892,-0.332978614,-0.106020392,6.02776180432688,-0.284333217,-0.291346493,-0.198038065,-0.317128648,6.76719265731751,-0.139450459,-0.24024341,-0.258442991,-0.540890568,4.92907551498908,-0.226036966,-0.365833189,-0.147267244,-0.647246387,4.53719190329019,-0.122287279,-0.252419029,-0.188762173,-0.366057274,4.66714529211748,0.169493307697675,-0.19504056,-0.042049455,-0.828543208,4.17998478341746,-0.646847711,-0.402919185,-0.347374465,-0.113546241,5.96190810120533,-0.271137998,-0.305471329,-0.169319145,-0.328267511,6.84272875300025,-0.068763649,-0.217205418,-0.22140674,-0.658005895,4.80704304874723
-0.292958838,-0.198162069,-0.437387092,-0.149775745,5.47680614484536,-0.319617971,-0.148416228,-0.26164085,-0.574740528,4.44672551697643,-0.245036457,-0.365708148,-0.157303995,-0.35501504,4.69774486314764,-0.17800635,-0.144524155,-0.204265726,-0.700219425,5.00152786710492,-0.004642617,-0.189217907,-0.170891306,-0.700417717,5.05007887123776,-0.22549187,-0.237490919,-0.295016198,-0.3289187,4.92705541772649,-0.419602345,-0.273833347,-0.46771304,0.118154582856634,5.6967605939999,-0.307908417,-0.119406419,-0.253424544,-0.583185849,4.4034093904959,-0.073884487,-0.321305001,-0.059751143,-0.676920102,4.54036855402645,-0.190461793,-0.160114855,-0.195141135,-0.685081426,4.97830856140671,0.00490598991774602,-0.183448376,-0.17131104,-0.698921763,5.05394398858016,-0.137146639,-0.205242758,-0.254212298,-0.450662825,4.80752265144635
-0.837399722,-0.571616346,-0.41339816,0.784319755458649,5.48749534410821,-0.474005954,-0.268553905,-0.243491451,-1.204644356,7.15417768420878,-0.225500963,-0.189543723,-0.34485618,-0.091576329,4.29354396135563,-0.384353004,-0.341581653,-0.300894981,0.161394655119781,4.20240687250591,-0.191545213,-0.285918656,-0.20738098,-0.34194622,6.51336618906942,-0.10545488,-0.180606314,-0.241796761,-0.398061405,4.2078867955272,-0.970736143,-0.661812022,-0.440732562,0.990300777121387,5.97113134716735,-0.461963229,-0.269730139,-0.236381126,-1.228865462,7.16139855307265,-0.167192668,-0.146072158,-0.330424794,-0.210767581,4.19984755899121,-0.467179242,-0.373166353,-0.32363336,0.297593576024063,4.23434881641695,-0.163585721,-0.284886466,-0.196184339,-0.383544733,6.5627847790732,-0.008267128,-0.12573408,-0.202392862,-0.541725472,4.08509862812793
0.04389708959536,-0.218160235,-0.132581641,-0.630545803,5.7550239918555,-0.423819586,-0.206620124,-0.309702114,-0.663976912,6.67735265210332,-0.396051227,-0.386946704,-0.166993406,0.0136838118607018,6.04022003933279,-0.132654211,-0.23085552,-0.158909309,-0.505897151,4.70179075261277,-0.380038438,-0.319313167,-0.28510402,-0.003181707,5.34335779033838,-0.069819093,-0.192428632,-0.16787038,-0.204333312,4.71044989955707,0.0800292075599228,-0.185317064,-0.125081555,-0.667837917,5.58908755930471,-0.556499692,-0.276107764,-0.351893428,-0.52085802,6.87795102677278,-0.286578902,-0.353956662,-0.113491954,-0.180796067,5.88446037914137,-0.097647752,-0.227034561,-0.140986054,-0.567600022,4.67495325151367,-0.433218574,-0.357774684,-0.293802927,0.0826996799180015,5.50983504693097,0.0594213217660325,-0.129683505,-0.129835286,-0.445002335,5.3346553586489
0.255881847382004,-0.025039732,0.0790820558953073,-1.336689409,4.97412730667263,-0.566041932,-0.216510638,-0.492753985,-0.237284166,7.38628358763185,-0.426859623,-0.308091479,-0.23137543,-0.416233941,4.88647183192465,-0.408326434,-0.320358528,-0.393317033,0.349807298667671,4.1645691057713,-0.195861802,-0.22442737,-0.213217332,-0.716656624,4.66644122582624,-0.102235649,-0.191380615,-0.189964401,-0.482968233,4.36522762930801,0.326527659792884,0.00272383485593466,0.12599422603215,-1.475716946,5.00543726952982,-0.555293708,-0.236646394,-0.498306575,-0.22804128,7.44675361012996,-0.404186816,-0.311041309,-0.219420664,-0.493173176,4.8863336554445,-0.43176675,-0.339184669,-0.385324319,0.382382208503827,4.22397373374001,-0.296164078,-0.276966902,-0.246554656,-0.518716437,4.74370488275992,-0.010550429,-0.14774487,-0.14893223,-0.651619725,4.28072668226741
-0.460806502,-0.311646891,-0.332818169,-0.44356775,5.74410008152038,-0.295988928,-0.288153422,-0.266505436,0.0845563035239534,5.42427980827978,-0.207510578,-0.07358116,-0.189155064,-0.59849508,5.33658602451108,-0.239331189,-0.300602043,-0.20327045,-0.161315484,5.4956970319189,-0.198161669,-0.225377809,-0.221048468,-0.648573858,4.8791253607323,-0.154226139,-0.363004612,-0.112491026,-0.51333466,4.67668636963449,-0.56171817,-0.363983721,-0.345018796,-0.311039651,5.8408671375953,-0.347128859,-0.331209392,-0.276706243,0.187719111644329,5.64692248183849,-0.142496002,-0.028286714,-0.168875382,-0.713957883,5.27063324728892,-0.270044456,-0.305888715,-0.20946921,-0.12027772,5.54288016644623,-0.16833051,-0.212230325,-0.210882976,-0.666945098,4.8356329933117,-0.086065971,-0.336035382,-0.075592403,-0.62865046,4.65469498689106
-0.293361905,-0.253306199,-0.3506349,-0.31862125,5.44570917764412,-0.680723191,-0.394920481,-0.457132459,-0.036687092,5.34551860056746,-0.243604884,-0.290516311,-0.256145605,0.124609877731428,4.5906340474298,-0.469259063,-0.264250755,-0.305969682,-0.109223072,5.44834996354943,-0.400853453,-0.176002501,-0.271557543,-0.204001554,5.52556869832719,-0.157126192,-0.147103365,-0.234943623,-0.530729829,5.44224670718847,-0.275381218,-0.248512607,-0.371806259,-0.358681093,5.57482159751228,-0.556451685,-0.331610303,-0.395451095,-0.178065711,5.22545102906054,-0.148673141,-0.257774172,-0.209707995,-0.028886479,4.45040195158137,-0.423310503,-0.256115598,-0.282596866,-0.172661463,5.32672882665939,-0.405966273,-0.191436025,-0.26324062,-0.164271119,5.50007672787619,-0.132951827,-0.130287068,-0.217757526,-0.586702894,5.43423921128879
-0.097432877,-0.179803715,-0.181453112,-1.064380031,7.03750685006839,0.0571733501270073,-0.208482563,-0.18754992,-0.353003993,4.87677194641648,-0.222004504,-0.145781087,-0.326061335,-0.538389628,5.99852308155583,-0.532641203,-0.210423004,-0.411880979,-0.214219869,5.60780817704867,-0.265022544,-0.190029433,-0.325517043,-0.021773437,4.99561892363904,-0.23468469,-0.15824471,-0.322310496,-0.29429069,4.54291241848267,-0.100784542,-0.16968479,-0.207141259,-1.079983469,7.08352902940534,-0.028704275,-0.26752475,-0.203761899,-0.220202455,4.93858942970859,-0.131492777,-0.124634034,-0.267300312,-0.717515197,5.82812713687677,-0.481444942,-0.177870149,-0.400127281,-0.292931608,5.49085914499089,-0.277202123,-0.205454544,-0.315754442,-0.006845035,5.00176531645537,-0.121338254,-0.099879372,-0.277281348,-0.494604929,4.41968286832135
0.0806655219618545,-0.209972338,-0.086833677,-0.884643485,6.12828191952244,-0.2984269,-0.355653835,-0.096342557,-0.35008333,5.70951896002831,-0.116363641,-0.200465195,-0.22433673,-0.42918153,4.74543362402416,-0.271405353,-0.235691884,-0.27863769,-0.318332952,5.59132209361734,-0.168503231,-0.252807026,-0.204632202,-0.596985837,5.06578944476589,-0.385773761,-0.351794176,-0.199421798,0.0917404998612175,4.26948907358148,0.0621006747684755,-0.216299783,-0.094798558,-0.866501169,6.21010391856411,-0.35802579,-0.445613691,-0.041170703,-0.325139672,5.89087010075177,-0.042019312,-0.164808935,-0.176828235,-0.562515096,4.64190546013006,-0.320347908,-0.264508529,-0.309094132,-0.262983133,5.81834725560217,-0.084269373,-0.205659742,-0.183578123,-0.69421116,4.88330436778829,-0.335945154,-0.323701647,-0.169452531,0.0290088472441943,4.20637340018607
-0.166041402,-0.13779845,-0.319983955,-0.092466043,4.60904184434617,-0.156274483,-0.23121909,-0.33884387,-0.315783401,5.48782086868053,-0.281721064,-0.32513516,-0.13815245,-0.249398306,4.54633126171722,-0.110557158,-0.155996727,-0.233417762,-0.401387696,4.87578849036202,-0.261010105,-0.360512127,-0.18879851,0.0426593895126056,5.4770844282721,-0.272621706,-0.267408821,-0.295983934,-0.326315684,5.13742272261904,-0.318877421,-0.154448411,-0.409641967,0.170646512463793,4.79587168726023,-0.089782948,-0.209861349,-0.309413127,-0.406797195,5.29825033810503,-0.150793099,-0.262341691,-0.085015801,-0.461853726,4.40689834926681,-0.11690269,-0.163548648,-0.239604146,-0.410696915,4.94322194658378,-0.312440646,-0.385328769,-0.194782534,0.122870808331485,5.57753021041927,-0.162967743,-0.248854527,-0.222172042,-0.516423651,4.98758440431705
-0.582269808,-0.341095303,-0.378215465,-0.227361501,6.54035010480091,-0.236234059,-0.150907328,-0.284325138,-0.375886552,5.8125547180863,-0.239581656,-0.302938574,-0.197225047,-0.724662332,5.65111401076227,-0.20377421,-0.240912106,-0.119901754,-0.296729599,5.87827488101109,-0.591505227,-0.393014767,-0.395973235,-0.060448772,6.13382487535642,-0.075876176,-0.137237381,-0.219222136,-0.585830372,5.46321473739886,-0.804883536,-0.439666651,-0.509590555,-0.092611289,7.16793857436133,-0.225202578,-0.142259689,-0.279410373,-0.414598196,5.73356097098038,-0.153822496,-0.244562789,-0.169508872,-0.876405855,5.52229722305955,-0.256371137,-0.297880572,-0.112014789,-0.207505392,5.99635715892037,-0.754851142,-0.458508717,-0.458578385,0.169644166782164,6.48976778159812,0.0379273021210886,-0.094569432,-0.16378612,-0.78150335,5.31118998346631
0.217234797954907,-0.056286383,-0.040692418,-0.56530286,4.81160475872111,-0.432653325,-0.261609534,-0.399886713,0.184802237171083,4.82557926108714,-0.503098282,-0.158176471,-0.432122142,0.275839087380949,4.24053190554671,-0.237080151,-0.238019071,-0.25357245,-0.472316899,5.50323172471133,-0.181268852,-0.218638794,-0.302025181,-0.13111772,5.65731886858878,-0.383656866,-0.147257076,-0.429539775,-0.306478461,5.15459632621893,0.29588348640168,0.000228342521878288,0.00308504814629125,-0.721039467,4.77880320948875,-0.595665904,-0.22303485,-0.56860399,0.338712185735429,5.20434304669527,-0.353557823,-0.101311631,-0.374430088,0.0176336122624031,4.07051281288716,-0.18233917,-0.210038656,-0.237084615,-0.5149227,5.32996268275652,-0.28472873,-0.252803042,-0.352747622,0.00648077848873582,5.87887027865607,-0.292377628,-0.110523853,-0.385324509,-0.480654268,5.05271339454366
-0.192216581,-0.260885955,-0.22580536,-0.039538566,5.54228898456317,-0.621885885,-0.478514472,-0.264491357,0.278951152245844,8.00734038056433,-0.229207038,-0.283238908,-0.209338859,-0.037727622,4.48056538495428,-0.665782822,-0.424782695,-0.325586212,0.397249846696549,5.72122728443461,-0.378399303,-0.3315679,-0.244835105,0.162121502766282,5.63155427611841,-0.472103536,-0.318761391,-0.291499543,0.0743658478124347,5.76326871094229,-0.223336812,-0.279099667,-0.260646215,0.0519522831152422,5.76902993599441,-3.053824594,-6.375216453,-8.602705904,13.5876627509606,1.45140262042321,-0.143367378,-0.233919169,-0.185093477,-0.158435434,4.40071036370514,-0.665727182,-0.429818651,-0.331086901,0.405252516949754,5.73298651850374,-0.366155557,-0.329485963,-0.227435561,0.145643583702313,5.59212604411232,-0.325100002,-0.25160702,-0.224850717,-0.198341293,5.47850446984575
0.0939815671163224,-0.224690449,0.0646119482631307,-1.133393059,5.61692993308812,-0.230175259,-0.260024164,-0.228176669,-0.229399372,6.54744858076601,-0.338901819,-0.111301642,-0.31930941,-0.140457577,5.75978879186538,-0.170265508,-0.192743069,-0.212364022,-0.501649912,5.80843737007397,-0.42381849,-0.320924896,-0.360188761,-0.019365707,4.7258275900396,-0.30622491,-0.369082231,-0.148121407,-0.094550521,4.92343096699044,0.20268425789912,-0.198834894,0.14963715317177,-1.337811148,5.6308499385703,-0.329143585,-0.288362405,-0.327304342,-0.060695641,6.83189362183668,-0.278755312,-0.06539349,-0.305444217,-0.254101953,5.72168978689542,-0.231980612,-0.21182535,-0.253472065,-0.437957768,5.95767583768665,-0.544962551,-0.345143313,-0.439617393,0.243699939886051,4.94092260526139,-0.182501753,-0.307026215,-0.10957285,-0.286477301,4.73221967214485
-0.265968899,-0.272525806,-0.31455937,-0.581746933,7.84310358371795,-0.173068296,-0.251580563,-0.124801628,-0.446850517,6.38333932942925,-0.499437158,-0.295581764,-0.309035415,0.184526730108009,5.81659433364318,-0.347289514,-0.274569375,-0.26266547,-0.225817486,5.03319681033592,-0.235342375,-0.206869793,-0.25241961,-0.324308832,5.48802017563609,-0.234951589,-0.249669729,-0.347301753,-0.571173564,5.82263030505989,-0.345976953,-0.34148718,-0.333249315,-0.540894056,8.31630078542261,-0.193605543,-0.266027761,-0.111943818,-0.387993075,6.48954454412521,-0.388773925,-0.256379396,-0.255128219,-0.00495834,5.58545004692507,-0.337435624,-0.27635952,-0.245377446,-0.278678535,5.04006655947238,-0.218964067,-0.184883592,-0.27016232,-0.364012369,5.50082462655428,-0.108674486,-0.198987359,-0.279675663,-0.769811204,5.55014360978158
-0.077754131,-0.363425461,-0.161427552,-0.259080345,3.84188392443987,-0.389459981,-0.320280323,-0.351165766,0.306368185154787,5.74916583228473,-0.477927426,-0.284554506,-0.273936362,0.30046231810303,5.04582707317927,-0.231246128,-0.239817882,-0.300094465,-0.194450591,5.98245667963351,-0.283939342,-0.239294698,-0.253629271,-0.572228369,5.88125808602177,-0.117590726,-0.203067555,-0.176854781,-0.400198968,4.7394891847903,-0.190634784,-0.465809253,-0.137598319,-0.109170416,3.95903386674408,-0.41340977,-0.329830214,-0.354517521,0.381331381843364,5.87525879366976,-0.344450304,-0.203648272,-0.244214751,0.110761319816933,4.79322915021946,-0.279342079,-0.273433944,-0.325760847,-0.11526625,6.07381381391599,-0.282648693,-0.224372896,-0.256325334,-0.572015598,5.83658526903784,0.006870208989789,-0.132149323,-0.123617468,-0.616888739,4.5705908109333
-0.103247066,-0.075548992,-0.26713454,-0.547492664,6.51992764908461,-0.336896581,-0.285934052,-0.231390548,-0.136869636,4.21959203351416,0.031679502638132,-0.08986365,-0.182723672,-0.232354315,4.07244809648067,-0.430913385,-0.242490341,-0.388950382,0.0255659276963136,4.4955769962163,-0.095739501,-0.202652264,-0.229613195,-0.534578572,4.39651735259797,-0.417659904,-0.239831332,-0.353194261,0.171959461498106,6.41073352394577,-0.116708818,-0.041843613,-0.327478465,-0.543402037,6.65551054248396,-0.385855717,-0.302426307,-0.263944142,-0.077794913,4.32062104875877,0.0795420556164875,-0.065653072,-0.161687258,-0.291477179,4.02726407461972,-0.441166056,-0.282290893,-0.375796115,0.0408202317121996,4.51458893802811,-0.139754992,-0.225061589,-0.255732686,-0.445225632,4.44506816806578,-0.313982903,-0.192522421,-0.301835668,-0.005538557,6.17849263067477
-0.544813922,-0.270900934,-0.43298844,-0.041636949,5.35519925068666,-0.282850294,-0.272278609,-0.362910887,-0.264414747,5.13636976944735,-0.231419058,-0.136303595,-0.276116221,-0.236076144,5.26018521011533,-0.098435544,-0.260039599,-0.19505093,-0.603919906,4.86374425000854,-0.256325009,-0.222033284,-0.251433252,-0.340626452,6.27059883275799,-0.016478492,-0.149872062,-0.152682816,-0.566521598,5.68167432674995,-0.53456264,-0.274886655,-0.423786441,-0.084270566,5.38361082778242,-0.334987365,-0.255436758,-0.412279706,-0.185433496,5.35834574759154,-0.17086257,-0.157861393,-0.199487701,-0.311793623,5.12447169038339,-0.071281545,-0.264245928,-0.170482053,-0.640511425,4.88385024764292,-0.216456199,-0.188942008,-0.259761797,-0.385535046,6.18163275353769,0.0423711677682391,-0.124208512,-0.1223092,-0.669206252,5.54197188579583
0.0429752681331695,-0.227405836,-0.121201836,-0.704758817,4.73715014725437,0.149400809199608,-0.314474766,-0.021829634,-0.962418293,6.11281248263222,-0.129784533,-0.205339439,-0.340434824,-0.480481098,4.85313954357063,-0.544178527,-0.396762974,-0.257733786,-0.16409907,6.17313027530237,-0.136581867,-0.196356341,-0.285787674,-0.31736888,4.8645930631376,-0.167878133,-0.240432447,-0.227651835,-0.240547517,4.8700757316579,-0.05028145,-0.296941299,-0.127389586,-0.545623742,4.89717262282107,0.160267433945251,-0.299643907,-0.033134731,-0.982508546,6.085511674,-0.05904688,-0.187196096,-0.289757774,-0.599425773,4.76641738807012,-0.539879457,-0.357185291,-0.293753896,-0.144971264,6.15128074737734,-0.20366985,-0.233103532,-0.296622269,-0.21432291,5.02331815306526,-0.137777083,-0.209904497,-0.223080978,-0.285877268,4.85847377929511
-0.201646807,-0.237739157,-0.139333681,-0.256136687,6.69659529278563,-0.177957584,-0.150262188,-0.454547843,-0.330590974,7.11918087760387,-0.300395906,-0.333583975,-0.205388282,-0.303173648,4.62510763274134,-0.184779995,-0.173500864,-0.291471452,-0.289198528,5.82670154766421,-0.028102614,-0.164868296,-0.200442213,-0.456645202,4.32820107949524,-0.363104095,-0.255055599,-0.323009391,0.0350867503848666,4.72315314062509,-0.127726922,-0.20273806,-0.107372509,-0.357511428,6.52275105544909,-0.2488953,-0.160473425,-0.481431049,-0.245859497,7.12480502739989,-0.264933809,-0.29950167,-0.188265758,-0.390122442,4.6065123026012,-0.029133285,-0.137349135,-0.254314606,-0.515320208,4.91408765980319,-0.032983149,-0.178899914,-0.20163392,-0.436464327,4.35307076155234,-0.36076879,-0.251800023,-0.317750273,0.0195844321656343,4.71471995544404
0.231543133354343,-0.043632572,-0.090038774,-0.858618326,5.19597151005345,-0.087127164,-0.170984227,-0.386701949,-0.44493225,4.4375060950377,-0.280093589,-0.278116995,-0.205885276,-0.391368821,6.57512502306255,-0.35541711,-0.254257492,-0.251579526,0.0668770919467001,5.39016512200879,-0.448437333,-0.302267789,-0.307078017,-0.120393265,5.80206477169827,-0.049028721,-0.185864698,-0.16349793,-0.235967554,5.10151953260775,0.245431892161881,-0.047828482,-0.077523235,-0.877568439,5.16992030175078,-0.104545311,-0.172045295,-0.430295756,-0.430647498,4.60816515578871,-0.181878122,-0.238177048,-0.137637458,-0.612181233,6.42429672344098,-0.4524898,-0.281459238,-0.30073041,0.20273540467983,5.58603731304947,-0.494150677,-0.297412997,-0.346534808,-0.070787675,5.93891465251121,-0.002861757,-0.16555775,-0.13679398,-0.326078243,5.03189239567261
-0.166747678,-0.289639755,-0.239971597,-0.687825889,5.38910979704256,-0.257314919,-0.382515812,-0.218905735,-0.18675263,3.87569720904246,-0.405741419,-0.408636647,-0.301542991,-0.103831187,5.96434831681653,-0.203270587,-0.222429238,-0.295277041,-0.329028764,4.51218515917634,-0.187892311,-0.186154045,-0.258715584,-0.337824283,4.45688700241866,-0.150515544,-0.291743547,-0.124207959,-0.468091725,4.8700280962543,-0.119112254,-0.277353508,-0.21450944,-0.784737781,5.33111002364642,-0.103210364,-0.321321335,-0.174621875,-0.453061003,3.74376492010972,-0.299020425,-0.349567229,-0.273268069,-0.271587094,5.71446754945027,-0.128803437,-0.140329657,-0.29501524,-0.457511413,4.39830061946524,-0.231672688,-0.188719803,-0.292321538,-0.256251136,4.47000920579463,-0.03294915,-0.225857301,-0.09356456,-0.681207509,4.68756051793343
-0.447985911,-0.004462314,-0.545912354,-0.544581185,5.65200367048199,-0.218200685,-0.327805077,-0.151407239,-0.255680061,6.1870733734642,0.0495294395933141,-0.20080141,-0.237815618,-0.272691241,3.76716225095665,-0.412364874,-0.455133512,-0.237315874,0.2633584501141,4.26318875145786,-0.163414014,-0.171727597,-0.263551589,-0.315390046,4.61134392909725,-0.143647064,-0.270623135,-0.247312249,-0.351745372,6.01203937815314,-0.720713803,0.092714462824361,-0.802670004,-0.37442561,6.85321151655042,-0.250440264,-0.318422094,-0.19070891,-0.189103379,6.34012607485668,0.11370922380541,-0.153989627,-0.221166372,-0.386046568,3.72787974855588,-0.320454871,-0.450069534,-0.184029948,0.129064207727234,4.27945927472823,-0.24182568,-0.214471215,-0.29136973,-0.179469347,4.69756118585197,-0.061952391,-0.219255589,-0.223130549,-0.534002623,5.75563694127126
-0.458646938,-0.258125599,-0.306227455,-0.066130682,5.89954902926465,-0.128704623,-0.266014126,-0.159990884,-0.37971585,6.03528323786824,-0.112712443,-0.226664506,-0.254913262,-0.724851916,4.29209202579062,-0.123814117,-0.149887015,-0.236729427,-0.482119929,5.93825383571604,-0.379626143,-0.376651003,-0.230453735,-0.185642538,5.87773648111305,-0.418344209,-0.319559443,-0.23753621,-0.14914377,6.44676098390857,-0.541805684,-0.26372064,-0.356167691,0.0181183170517405,5.94417267140297,-0.181124001,-0.258449701,-0.201337452,-0.266686962,6.01486168160726,-0.104288272,-0.210566686,-0.249595536,-0.75854776,4.32977607459045,-0.13201955,-0.15682343,-0.236565395,-0.478403733,5.95788702848374,-0.430006134,-0.42774068,-0.216702316,-0.13060648,6.040571276,-0.369080449,-0.294174631,-0.224973511,-0.201992617,6.36587620345221
-0.189474838,-0.350260251,-0.057265344,-0.438549463,7.51564576779974,-0.199580536,-0.414540149,-0.133872213,-0.590148141,6.35095845544137,-0.15982515,-0.249962547,-0.108419322,-0.430275567,4.34790287817549,-0.345784618,-0.247219998,-0.235913576,-0.073265439,5.33896144716321,-0.33233348,-0.287845212,-0.250735483,-0.430190214,5.81250189650524,-0.447727019,-0.238726029,-0.307215705,-0.120712402,5.52329722176506,-0.195581886,-0.342536624,-0.063240716,-0.419896078,7.50545039653232,-0.206241082,-0.43094758,-0.112066229,-0.626071792,6.44040806231408,-0.049375888,-0.218911369,-0.039068412,-0.642527773,4.26310042527149,-0.359914927,-0.221475425,-0.28199005,-0.076535802,5.36930029201013,-0.315917492,-0.26412973,-0.256157404,-0.437233834,5.69796292698575,-0.341444652,-0.213552348,-0.235348213,-0.27577176,5.26032144376435
-0.203821481,-0.14346271,-0.224163838,-0.928652816,8.09075284565108,-0.50114415,-0.266321729,-0.406143546,-0.220409694,5.39000260941385,-0.615845339,-0.456386939,-0.356632124,0.358961473945256,4.75285749000548,-0.619122435,-0.305230317,-0.358782416,0.0130931053444909,6.409147606,-0.203908314,-0.249794554,-0.2361708,-0.494704526,4.97542485033451,-0.272931299,-0.123822078,-0.312796059,-0.219704206,6.5211853464842,-0.206537535,-0.114322884,-0.255283831,-0.953601151,8.27242717673968,-0.541674751,-0.26975227,-0.433734428,-0.1818351,5.41066585160129,-0.434777044,-0.379872205,-0.278811572,0.00542065654656118,4.65214502594755,-0.640769739,-0.309713343,-0.373970221,0.0419919224798135,6.52881624635521,-0.185860374,-0.250492172,-0.206137909,-0.547918609,4.94058101901433,-0.193818855,-0.107901207,-0.253402624,-0.377622352,6.29980132094114
-0.027273612,-0.181692054,-0.28324888,-0.626780541,4.77342788651866,-0.218401814,-0.206777865,-0.322610322,-0.158381723,4.92618137196717,-0.017370292,-0.152402072,-0.129229072,-0.404361501,4.93241152608309,-0.180511014,-0.203551644,-0.149449573,-0.602365391,6.4264577356661,-0.341921924,-0.273165929,-0.239914866,-0.28703449,5.3419133075553,-0.110393301,-0.116934574,-0.23175677,-0.43807086,4.889411304,0.022967802536955,-0.170603328,-0.268477262,-0.723314564,4.75113249887572,-0.203394682,-0.194106957,-0.323988289,-0.206965131,4.94874749641937,0.0132770227525691,-0.144118997,-0.120235474,-0.465020645,4.96757046222975,-0.152498397,-0.174335722,-0.157593161,-0.656887576,6.35537678116206,-0.39384756,-0.314968114,-0.23184515,-0.185495374,5.42004392908458,-0.056831885,-0.096189917,-0.199996542,-0.533627102,4.8164967008317
-0.101474204,-0.011240689,-0.23754655,-0.57974243,4.70228466064003,-0.284903234,-0.06929568,-0.426878854,-0.275734659,5.32899772064984,-0.502389855,-0.312579832,-0.269511019,-0.128554736,5.00572379503023,-0.024759531,-0.163064003,-0.165094381,-0.653283791,5.26049890211549,-0.181905808,-0.369181776,-0.086833307,-0.210200646,5.17731276157976,-0.556341403,-0.352702718,-0.369824784,-0.052972043,5.05062459747788,-0.036017717,0.048143523611451,-0.214998275,-0.695653452,4.6398910181268,-0.385601239,-0.036162942,-0.546587764,-0.210847722,5.7751330496918,-0.466912862,-0.317006399,-0.231151515,-0.18726108,5.04800297118722,-0.019782134,-0.168106731,-0.166090161,-0.659297269,5.26685997934623,-0.151245509,-0.389232888,-0.05248173,-0.287396157,5.37686057048856,-0.442741851,-0.299025884,-0.317417696,-0.217228129,4.79869605981646
-0.532818681,-0.377117482,-0.283082079,-0.068286804,6.42234805585085,-0.173624306,-0.299819961,-0.094574399,-0.435768368,4.33165407432136,-0.282225124,-0.152819664,-0.28266418,-0.137679608,4.55244655337739,-0.398112842,-0.31458135,-0.276928337,0.192287614875479,4.75175565545715,-0.199563181,-0.263386838,-0.209386629,-0.585959807,4.49726084310498,-0.07459947,-0.232889663,-0.156013835,-0.490010586,5.08791377878401,-0.638029204,-0.457094366,-0.269539474,0.143068955813022,6.83652815577209,-0.139799641,-0.267195538,-0.125480649,-0.481602995,4.36540408936609,-0.189723625,-0.13154488,-0.222203406,-0.287401257,4.39273273105775,-0.557128195,-0.349267469,-0.358484677,0.485899490990215,4.93117098365219,-0.224375544,-0.28163666,-0.224381915,-0.585083915,4.53416207706783,-0.021363829,-0.213849639,-0.125822395,-0.573437877,5.00716323147448
-0.066608119,-0.162819086,-0.271356052,-0.355785594,4.71947480039412,-0.345521618,-0.34661206,-0.206885737,-0.098212717,5.41702002246197,0.166391114317111,-0.093053123,-0.202553855,-0.655477888,3.61396289547728,-0.226999926,-0.319495504,-0.239907166,-0.263629878,4.86132196698675,-0.306055766,-0.337868509,-0.163754912,-0.015021073,4.94480984034624,-0.422251649,-0.306219105,-0.332056272,0.114201629272788,4.42707444524123,-0.203200876,-0.194183902,-0.352290528,-0.106613662,4.86331276917667,-0.289204648,-0.314999871,-0.178564713,-0.202752427,5.41671639616001,0.203254876147791,-0.098925191,-0.159927144,-0.72971559,3.58526099835256,-0.2848511,-0.348349586,-0.245127581,-0.189685148,5.00193604140471,-0.299722662,-0.345024935,-0.155153888,-0.010002758,4.92385829631317,-0.314395212,-0.274246655,-0.25022894,-0.09083881,4.25705384391989
-0.560529262,-0.414462615,-0.294659179,0.234004953140667,4.27105918647606,0.00532010846883148,-0.004777443,-0.215836783,-0.779320974,5.18720944183337,0.103592092483404,-0.087046741,-0.194541919,-0.533993026,4.10253184984983,-0.289023887,-0.28647499,-0.209218494,-0.19990594,5.79112087149022,-0.541356393,-0.343546331,-0.296763316,0.093153146383992,5.73683494945926,-0.318395091,-0.243853484,-0.18727914,-0.196132985,5.63970366221688,-0.643367136,-0.495522516,-0.304388647,0.34587455405227,4.37264692722017,0.0505323051125343,0.04494125281586,-0.220369971,-0.891693632,5.25656109760973,0.169435147953091,-0.067299994,-0.156103679,-0.666140871,4.04885063688406,-0.33224838,-0.330710812,-0.209325561,-0.143801117,5.92022867276263,-0.588679647,-0.386931694,-0.291144326,0.172688210597324,5.7541432220143,-0.235775752,-0.209567281,-0.148640666,-0.33672887,5.55586329485465
-0.446240709,-0.362085968,-0.237918776,0.216156776294458,6.394812004,-0.186102917,-0.152641502,-0.289405191,-0.140355967,4.3043493462867,-0.071511924,-0.189994986,-0.183098024,-0.606352004,5.27247365718006,-0.074571385,-0.186214119,-0.151668198,-0.737272265,4.72620594427729,-0.173275043,-0.309629785,-0.195259953,-0.171291669,4.12146012390171,-0.293234005,-0.270764973,-0.173885117,-0.305537767,4.85524161277066,-0.455704875,-0.366309667,-0.247357952,0.229213812095369,6.46425030518021,-0.350507262,-0.169411243,-0.363953978,0.0987076924284715,4.45309694370124,-0.014011882,-0.144246585,-0.172719198,-0.700637059,5.21057677772832,-0.003931223,-0.163609853,-0.109779785,-0.858863262,4.6530029751342,-0.116949984,-0.30752788,-0.154712006,-0.268188877,4.1043664417649,-0.200569789,-0.223404119,-0.131970353,-0.456432093,4.73247879619317
-0.527316041,-0.348980808,-0.45081979,0.538214085402098,4.80617074747216,-0.366108578,-0.175099013,-0.333695283,-0.512050794,5.53310687025066,-0.251057416,-0.256776769,-0.219915309,-0.373745997,5.69393697896364,-0.154585555,-0.154457242,-0.240739167,-0.53733398,4.51049517449533,-0.318458606,-0.153231312,-0.314745437,-0.318507019,5.78479481769993,-0.484217044,-0.391454696,-0.302723212,0.329141808531228,4.42879609722057,-0.898924215,-0.515156841,-0.552913122,1.13290554972762,5.37020057585296,-0.433355575,-0.139798631,-0.450022093,-0.355594637,6.02149087057428,-0.167555213,-0.225503982,-0.17409543,-0.506282816,5.62757070341734,-0.107165239,-0.09704996,-0.245756164,-0.630404908,4.45675011087052,-0.285330873,-0.141640054,-0.287645975,-0.345624036,5.67060289239278,-0.365363466,-0.338165695,-0.256443611,0.144637529440876,4.21519768945356
-0.264067848,-0.326128968,-0.230969971,-0.264599716,4.67301045209296,-0.257214892,-0.312529269,-0.278745741,-0.012194549,5.82556919295427,-0.377150702,-0.223277123,-0.100306357,-0.489377651,6.06796713472192,-0.284634142,-0.259417516,-0.25547031,-0.309041812,4.88893509201361,-0.52757464,-0.24668437,-0.422937453,0.151834921301111,4.64339097993068,-0.230691998,-0.295337031,-0.195956077,-0.222297563,6.38146766213699,-0.236747135,-0.298291449,-0.233032835,-0.301215354,4.53158006081548,-0.375931708,-0.422030261,-0.276489698,0.210771749526773,5.97197821577416,-0.312868774,-0.170141507,-0.086860768,-0.616210285,5.98290181483273,-0.370054581,-0.305575407,-0.301118983,-0.166034345,5.03377065183113,-0.59567855,-0.225796982,-0.47221306,0.225714062466412,4.68766741524821,-0.128819144,-0.239650412,-0.160740686,-0.406514746,6.12435414
-0.09256211,-0.059830402,-0.428220066,-1.184427546,5.74879823550545,-0.467704565,-0.456489504,-0.170647492,-0.079289605,6.05340422773405,-0.629223237,-0.433466066,-0.371580958,0.510088177943647,5.86175587141509,-0.169277929,-0.192990872,-0.295655192,-0.397871309,5.15461252521332,-0.379936557,-0.211712966,-0.338351467,-0.196602811,5.30021615611657,-0.422429565,-0.31885285,-0.1954509,-0.074996103,5.43096529399956,-0.176383096,0.0225949368829605,-0.577926711,-1.680389574,6.43199413741369,-0.510294435,-0.467935885,-0.168583777,-0.040242062,6.26054852182524,-0.579238558,-0.432408041,-0.35159354,0.414278633823379,5.87303492691831,-0.165662216,-0.175716167,-0.312079611,-0.420692891,5.19869993067874,-0.382366113,-0.217998275,-0.328282415,-0.166258453,5.30240700062159,-0.301251586,-0.246820208,-0.154854883,-0.250572196,5.22087798738969
-0.372591657,-0.224570401,-0.288740451,-0.274007223,5.33884160389288,-0.619596797,-0.379568514,-0.387296152,0.742831111761746,5.13813565653845,-0.746656016,-0.429550758,-0.341343752,0.538371478154054,7.27576062064437,0.0239091667026286,-0.129785159,-0.271032688,-0.575252807,5.31760048982776,0.036480685129924,-0.160740867,-0.044672382,-0.741366423,4.8889841681002,-0.163597744,-0.204219619,-0.267683411,-0.243722946,4.77847680953083,-0.381999591,-0.259496793,-0.258470198,-0.26556142,5.35898601167845,-0.938198407,-0.480105689,-0.457210698,1.20462482016228,5.43999149096422,-0.613194643,-0.352748017,-0.297854592,0.364831339158674,6.64187942777384,0.012346224105202,-0.14273727,-0.277547166,-0.527399193,5.33021416443005,0.0963637983914404,-0.126633188,-0.026623304,-0.842618384,4.82765116717387,-0.097166078,-0.173729472,-0.238085224,-0.380295321,4.74490565673796
-0.170134987,-0.269853728,-0.084842317,-0.613674376,4.79474698788285,-0.452916313,-0.356713058,-0.282305285,0.106426451158441,5.10209839638279,-0.365992759,-0.203791315,-0.376367451,0.0693413280930693,3.56028670676303,-0.275278236,-0.134756236,-0.288369868,-0.133736302,4.97063890383425,-0.305832692,-0.201550302,-0.332312152,-0.074848694,4.23645511197935,-0.499911958,-0.330790805,-0.262693523,-0.063196166,5.68790022626176,-0.146869539,-0.285628932,-0.041596101,-0.653382633,4.73907101033912,-0.471081485,-0.370082648,-0.261239274,0.127439243064554,5.07344938118063,-0.349630226,-0.217657841,-0.346833942,0.0585615263339806,3.55658065317817,-0.434779755,-0.149411175,-0.347433061,0.0810249396144585,5.02009623391933,-0.364906359,-0.222264398,-0.356486581,0.0255604932926203,4.30276789115219,-0.403060897,-0.277143219,-0.224091166,-0.21841312,5.48503041395565
-0.22868475,-0.230732513,-0.289118105,-0.244134593,5.55228476532458,-0.120143392,-0.321381871,-0.140189648,-0.400617182,5.64428259076232,-0.007780825,-0.242641897,-0.074434543,-0.562230939,3.41733475071299,-0.152148506,-0.137860749,-0.30998449,-0.401184,4.57040580108602,-0.242347956,-0.291565903,-0.250070548,-0.246321133,5.92867834229944,-0.156867102,-0.214560523,-0.234308357,-0.755548147,5.19107218233165,-0.223113571,-0.269227148,-0.272350274,-0.26402512,5.50125966707059,-0.198060263,-0.332219777,-0.179786616,-0.290197861,5.71481619883164,0.0408912633826315,-0.220579571,-0.048933536,-0.665451929,3.39715788350251,-0.159479943,-0.158552753,-0.292224546,-0.400489534,4.56391416672393,-0.251171504,-0.315694448,-0.234974377,-0.232279472,5.96993779678784,-0.105241892,-0.201349804,-0.203083689,-0.848584556,5.17372681127796
-0.255324197,-0.255183668,-0.242804595,-0.347918067,5.27512140639809,-0.192438104,-0.23871584,-0.20823708,-0.82570849,6.73992454218849,-0.283796655,-0.307385902,-0.316220545,-0.036775155,5.38205340193576,-0.179990938,-0.168449693,-0.22876298,-0.355656488,4.37716371463507,-0.242718713,-0.276709795,-0.08097022,-0.30975379,5.70344875503014,-0.182677254,-0.262651545,-0.172348781,-0.516258683,4.84453264250476,-0.328972244,-0.279535732,-0.274848112,-0.257537417,5.42374172254348,-0.14614847,-0.2220116,-0.197053079,-0.902223931,6.57948702935618,-0.26854829,-0.276596301,-0.314291673,-0.069815388,5.36608699258805,-0.141428146,-0.112152408,-0.237645433,-0.438844923,4.3495686879163,-0.211454769,-0.252858862,-0.086362018,-0.363622008,5.59183319126816,-0.093109051,-0.213303144,-0.13618476,-0.673221303,4.67917248290264
-0.36820449,-0.424875777,-0.111625329,-0.227427548,5.10578935960524,-0.267668513,-0.141481091,-0.239375082,-0.184193832,4.98385532227218,-0.109427858,-0.277375422,-0.229851197,-0.463280842,4.81923406661229,0.00611897037050236,-0.113227943,-0.11690241,-0.550628539,5.06940557838638,-0.510388993,-0.34327617,-0.314491886,0.21063032827482,5.34984617525207,-0.286052156,-0.267349077,-0.277992004,0.0385417735484152,4.54386382296331,-0.509850196,-0.494283797,-0.124043358,0.0102057867638304,5.31986844406554,-0.237439431,-0.123800546,-0.206901597,-0.265969233,4.90536009528008,0.0374953620520687,-0.218257656,-0.130501669,-0.742833405,4.6164906774685,0.0599525164478989,-0.082361252,-0.093758836,-0.644689622,5.00410551673694,-0.522398046,-0.362657376,-0.278781681,0.237744258958865,5.31826006402301,-0.196012984,-0.22301679,-0.245682004,-0.097761706,4.44911010069013
-0.496106364,-0.388940641,-0.214413754,-0.524519227,6.80381199267944,-0.293130214,-0.245281704,-0.248019176,-0.207558644,6.17232191180731,-0.355582395,-0.339121213,-0.301342586,0.00562483325053824,4.5153336630294,-0.23345187,-0.258519826,-0.270635326,-0.135215514,4.6955944085252,-0.366803802,-0.244603328,-0.255230675,-0.06573862,5.26339716369682,-0.115884004,-0.12192662,-0.239289907,-0.560201039,4.79203006474895,-0.446776027,-0.419531982,-0.140676577,-0.643596416,6.62638496759539,-0.305857098,-0.286610831,-0.19653408,-0.220645974,6.17018267627649,-0.174527572,-0.248442723,-0.240709892,-0.32077889,4.24015476572924,-0.24897489,-0.258796989,-0.278835534,-0.105896141,4.72795615377238,-0.396030865,-0.244749781,-0.299985648,-0.00763232,5.36747396768617,-0.059696651,-0.114728812,-0.182663943,-0.657945543,4.69154211354016
-0.475262926,-0.401108134,-0.286226246,-0.362268063,4.0834617996684,-0.030421693,-0.251791126,-0.143050096,-0.517655277,3.96570809500847,-0.065219827,-0.258818704,-0.297220401,-0.051566972,4.17323835943847,-0.482030176,-0.364056113,-0.368198152,0.229730626099462,5.07720381453625,-0.482805861,-0.30762843,-0.453757364,-0.237894608,5.42149380251267,-0.390169632,-0.235673783,-0.327642981,-0.337911371,6.50837380823309,-0.265476413,-0.39522661,-0.034775245,-0.571232748,3.77376799832431,0.0696117486132646,-0.235042079,-0.087454938,-0.616271602,3.90168488907506,0.0453547452149219,-0.201857937,-0.257000118,-0.229268904,4.05420388147178,-0.607665021,-0.361452947,-0.460982263,0.380763502064491,5.23435970912856,-0.47780717,-0.238537727,-0.507053406,-0.270818152,5.50269018376805,-0.24367763,-0.161577984,-0.272104257,-0.57616099,6.26377384304194
-0.347486688,-0.272281877,-0.368490394,0.232507539265689,4.91140086449978,-0.152907996,-0.251145295,-0.272300798,-0.307324028,4.41758929073927,-0.211844368,-0.291612871,-0.167091197,-0.675804225,5.34216855639054,-0.395237668,-0.233015532,-0.311338181,-0.306197707,5.99248420246565,-0.196399156,-0.255057626,-0.19288133,-0.406352111,5.81285239024926,-0.152310612,-0.167369159,-0.291263416,-0.213634362,3.90574757955999,-0.328798917,-0.360986204,-0.276096142,0.180481156818637,4.81970119630625,-0.139348399,-0.262627246,-0.252281767,-0.279037506,4.39898078362759,-0.149307216,-0.260303878,-0.149622787,-0.742670209,5.2113757591551,-0.374925002,-0.245763271,-0.287740169,-0.320411938,5.92812399688701,-0.187258123,-0.247322167,-0.193850447,-0.406634523,5.82851245252171,-0.059903808,-0.139339194,-0.240398414,-0.381365033,3.81939288010381
-1.05716209,-0.45358959,-0.402210002,0.610988581950725,7.27585821005643,-0.230951924,-0.241570662,-0.248897927,0.0310372851683805,4.72203478621526,-0.109394057,-0.161181397,-0.248645117,-0.292934214,5.44740566220776,-0.281370919,-0.287969642,-0.206572717,-0.112315754,5.40342659325002,-0.336839586,-0.238604557,-0.332332819,-0.149091667,5.36433183224707,-0.284133874,-0.259993361,-0.25491501,-0.084402457,5.54372482654202,-1.142245685,-0.425061632,-0.494408538,0.868536564367355,7.26054445619366,-0.202419651,-0.236474028,-0.231375395,-0.000785422,4.6889218532069,-0.025971044,-0.131207161,-0.206730818,-0.412748736,5.23933974276082,-0.28693191,-0.279101445,-0.235926148,-0.111096429,5.41317642255438,-0.379547353,-0.248024089,-0.345674728,-0.076610876,5.45885468081402,-0.211505907,-0.222938333,-0.21342513,-0.2078474,5.39009144246961
-0.642441532,-0.344834584,-0.309654815,-0.046204323,7.30190280954622,-0.783840228,-0.41802697,-0.392756558,0.658804167022975,6.34139051188426,-0.505091588,-0.256495044,-0.297054324,-0.032317708,6.30148530002703,-0.358449942,-0.224662669,-0.302845615,-0.451003674,5.22533528366496,-0.296013818,-0.193057853,-0.292156948,-0.426816043,6.29831916679001,-0.29068776,-0.228697389,-0.282236082,-0.020958274,4.58105289826604,-0.714594989,-0.364212536,-0.340867502,0.0239619752901438,7.56743324805919,-0.689331924,-0.387830049,-0.353745207,0.445749507560248,6.18942790441611,-0.461687678,-0.238015307,-0.255351262,-0.140992792,6.15039539200375,-0.427274049,-0.246128082,-0.347368479,-0.33799513,5.341346415,-0.41861777,-0.249007393,-0.334711622,-0.210995976,6.52374358159798,-0.217799796,-0.196860786,-0.238503677,-0.15455202,4.48230776040268
-0.423392903,-0.168372539,-0.291561495,-0.20951664,5.22393600881732,-0.054728572,-0.307299639,-0.105359151,-0.726746242,5.45306666922329,-0.280228619,-0.184242175,-0.260959824,-0.492616286,6.32797063978692,-0.402265791,-0.237638346,-0.41984259,-0.061247233,5.40054717799817,-0.198337517,-0.162419344,-0.165592118,-0.467962672,6.21633361926024,-0.585660222,-0.338695453,-0.298707566,0.118667427291132,5.45529821143801,-0.516528737,-0.20130641,-0.321221599,-0.05887974,5.33143513472772,-0.048533631,-0.316890662,-0.102353831,-0.723690893,5.43367243443635,-0.219365251,-0.127365968,-0.251031192,-0.606345694,6.19911827626088,-0.428411765,-0.222844389,-0.444500908,-0.021914005,5.78016680237472,-0.161227686,-0.150769545,-0.137596925,-0.537186987,6.13685404770816,-0.492247451,-0.280877308,-0.272024932,-0.029520527,5.29653775197705
-0.506001757,-0.332878392,-0.231622588,-0.14786479,5.88572816147395,-0.956992481,-0.378194094,-0.560078383,0.0600515664281057,5.36607463370201,-0.278439092,-0.355869176,-0.114790614,-0.556289015,5.68352882516641,-0.336731314,-0.312809516,-0.335373535,0.222567336601907,4.79328377151668,-0.16620066,-0.332830835,-0.216586916,0.00225761211263265,4.18385757918457,-0.233774901,-0.228471388,-0.109789132,-0.164898826,4.8465659494306,-0.567255527,-0.349894143,-0.262287042,-0.055989503,6.03713283802837,-1.665457244,-0.664409251,-0.883326452,1.26375852539376,5.85367376051384,-0.21592361,-0.317821643,-0.106143465,-0.64309333,5.68868912872562,-0.337918013,-0.331287294,-0.306766028,0.25190345473615,4.70789532532801,-0.243728602,-0.380178352,-0.25204579,0.127504240258781,4.26155483971468,-0.162929279,-0.193301447,-0.080102761,-0.274898299,4.7568896042852
-0.08949766,-0.297043163,-0.206325281,-0.6041608,4.73079382583546,-0.092009612,-0.183473955,-0.227695008,-0.209788202,4.64028343312449,-0.200695717,-0.239998678,-0.28335803,-0.067478554,4.22511647791381,-0.597952148,-0.318372796,-0.349399942,0.0506538913646606,5.89822084221876,-0.306203463,-0.229146592,-0.269829266,-0.185529608,4.31704495835758,-0.266370868,-0.257211933,-0.199512001,-0.788243825,6.48378412460247,-0.089822979,-0.289491502,-0.208703877,-0.615944558,4.68662030620097,-0.128993836,-0.151432133,-0.266997834,-0.188579974,4.64986146392644,-0.109104916,-0.173459271,-0.252887199,-0.252727968,4.12800221123406,-0.602087916,-0.323953177,-0.345653555,0.0508501109731851,5.87290372960156,-0.256271732,-0.207440367,-0.247956757,-0.233311336,4.26022499906832,-0.208771523,-0.228977203,-0.176083804,-0.878208675,6.38628850419087
-0.207321003,-0.188428999,-0.321498267,-0.023385648,5.45376546279577,-0.595695934,-0.134689855,-0.397007674,0.230591229337991,6.20902069633619,-0.692005023,-0.324530811,-0.457901317,0.470427618319873,5.07498275176703,-0.219755774,-0.258139283,-0.191981992,-0.330289284,4.53622126207035,-0.334690842,-0.306205661,-0.252324671,-0.04551568,4.77906076922697,-0.056432135,-0.194672228,-0.095474537,-0.707408615,5.27490083382892,-0.423975112,-0.288178913,-0.458322507,0.347470278717719,5.89171528107597,-0.594352657,-0.124221862,-0.404347448,0.219537813120223,6.20748097418934,-0.607080635,-0.30674584,-0.429311959,0.278276957179429,5.00297878359478,-0.272802035,-0.275850774,-0.208085388,-0.259319021,4.65839184320205,-0.277195197,-0.298094623,-0.20734474,-0.126398062,4.68641775133216,0.0270469791455667,-0.134314982,-0.084318318,-0.855235893,5.15304146209613
-0.361333391,-0.326288822,-0.200565995,-0.079084273,5.18090043346208,-0.361056828,-0.255106024,-0.348675733,-0.021104918,5.86462732847541,-0.530992277,-0.086422206,-0.391403331,0.0742684457403654,4.78563471962302,-0.513827737,-0.2325139,-0.41917338,0.189231578885459,6.04243933864704,-0.337604704,-0.339692653,-0.204355321,-0.183784856,5.18774091226202,-0.314877822,-0.300820601,-0.243314679,-0.317462648,4.87585266010767,-0.439536763,-0.308610438,-0.297122915,-0.008349312,5.28384237692597,-0.506855425,-0.282010812,-0.437312025,0.194471631014427,6.20120864878814,-0.415724591,-0.022050958,-0.33578785,-0.166704826,4.69835673993911,-0.537800503,-0.232803729,-0.432229649,0.220099632004147,6.04190053692588,-0.324515177,-0.331373761,-0.195697794,-0.200276284,5.16799793119643,-0.196076562,-0.234641322,-0.207585291,-0.541690728,4.68461779146021
-0.634912823,-0.362832703,-0.444981058,-0.209714563,5.76545634499101,-0.455310074,-0.226749729,-0.370158289,-0.029655853,6.8338709610542,-0.282695503,-0.147345714,-0.368381866,-0.354554343,5.51675788157638,-0.308528543,-0.130508301,-0.346421445,-0.18908946,4.37675286962349,-0.296635775,-0.197075634,-0.392313452,-0.483908006,5.11213150798774,-0.009959721,-0.236081929,-0.110724874,-0.614245086,4.26197296189814,-0.748896835,-0.320633189,-0.546551463,-0.115944981,6.05158195513756,-0.468790701,-0.237491904,-0.356321517,-0.022352488,6.96968056238464,-0.239602093,-0.134334333,-0.328422397,-0.427701309,5.38038088782434,-0.281535628,-0.139536174,-0.317886218,-0.227096805,4.28302905394296,-0.387903357,-0.216555301,-0.437779598,-0.372874312,5.37445979913593,0.0280526858607669,-0.210868997,-0.099959709,-0.674101653,4.21963278306838
-0.493548762,-0.389855711,-0.39916842,-0.14411222,4.77611011607831,-0.287564749,-0.238110171,-0.279502036,0.114318548054867,5.28103264294558,-0.472549058,-0.306969929,-0.32338633,-0.124431179,5.60192869708712,-0.30424228,-0.260872852,-0.249401797,-0.233146831,6.52101039337853,-0.272994979,-0.319985094,-0.213405369,-0.09983359,5.18372958591661,-0.098918908,-0.284904054,-0.199234508,-0.483999109,5.2877322192362,-0.638271286,-0.521860102,-0.406985152,0.0143855162082288,4.99586775027824,-0.307526443,-0.271191069,-0.278102492,0.164587888155241,5.41061671462116,-0.384126444,-0.299393479,-0.26355275,-0.23952465,5.58907189908095,-0.411257111,-0.374189913,-0.243874715,-0.059346703,6.85828488685303,-0.301138,-0.36294524,-0.187498067,-0.064700201,5.34122216164032,-0.035835432,-0.260667233,-0.170489612,-0.605008,5.21955881589915
-0.207796232,-0.376228457,-0.236567013,-0.042315368,4.65767174176302,-0.230033003,-0.29571887,-0.201552871,-0.811337348,5.45048691098697,-0.09488495,-0.175321916,-0.133591737,-0.449080304,4.72811977428671,-0.083290161,-0.1724031,-0.19856115,-0.468653789,4.99566033283101,-0.310224849,-0.212850414,-0.251054719,-0.234362805,5.67077166430426,-0.171084243,-0.271394151,-0.210979105,-0.365341933,5.00679653103799,-0.141776277,-0.339597205,-0.234830186,-0.129105605,4.58771278998044,-0.154284318,-0.25007878,-0.188259188,-0.90374465,5.27666998991947,0.00906390649421234,-0.136539868,-0.078302659,-0.638798997,4.63571956706704,-0.114606407,-0.196437784,-0.190930178,-0.42029537,5.0618937114663,-0.280042929,-0.227427616,-0.204869595,-0.275883539,5.57176642228069,-0.104720039,-0.232612801,-0.188263632,-0.484909441,4.89626407264004
-0.188851839,-0.286066632,-0.258087563,-0.305410955,6.18848159700562,-0.224513911,-0.275533495,-0.188140407,-0.413103662,5.00703330590634,-0.509025831,-0.23139973,-0.383350227,-0.11204787,6.34513984313432,-0.315630053,-0.202588025,-0.216219381,-0.392700139,6.0288148411084,-0.152732169,-0.154075853,-0.163735967,-0.423116142,5.33171092030193,-0.262139639,-0.241320902,-0.207472886,-0.336390851,5.8030538645194,-0.309651539,-0.360421122,-0.324599778,-0.147490205,6.4308209271289,-0.299610821,-0.329328315,-0.212084746,-0.349999155,5.10660532660475,-0.419913973,-0.186311564,-0.346050865,-0.312493635,6.25615509541943,-0.352450334,-0.248559631,-0.221393718,-0.355049394,6.16365319399763,-0.194388236,-0.163833886,-0.189765471,-0.357647281,5.39396383891448,-0.227952864,-0.231024104,-0.186418708,-0.399791189,5.77621089878221
-0.319853638,-0.257229396,-0.382260198,-0.221268687,4.64198966432456,-0.478924284,-0.23361768,-0.344348904,-0.058463155,6.60910489204912,-0.52437687,-0.28648714,-0.384855614,0.210072143119571,5.88207169692993,-0.332590991,-0.407009763,-0.200654011,-0.134578875,4.72909052219155,-0.318761702,-0.26735746,-0.268210855,-0.069610668,5.95385178862437,-0.282883649,-0.242703132,-0.216802982,-0.384262241,5.21993132192624,-0.537602314,-0.362746688,-0.428051921,0.133698376170709,4.88536631786134,-0.515697381,-0.22051748,-0.387020514,-0.040120034,6.99916883049008,-0.42124616,-0.250754745,-0.345807081,0.0129873121177141,5.79404442824431,-0.340178642,-0.398801292,-0.227395593,-0.143564637,4.74145721695749,-0.262521147,-0.237564722,-0.24767579,-0.130702394,5.72794413769055,-0.226041923,-0.217643151,-0.179413212,-0.49102092,5.14403769971399
-0.491861133,-0.288733164,-0.263088579,-0.188843406,5.08596541244919,-0.045376687,-0.205427245,-0.21301579,-0.727499704,6.49551165571516,-0.205231387,-0.192684176,-0.379429626,-0.366578487,5.08479456678326,-0.108423565,-0.187251869,-0.203381106,-0.374173265,4.59323602332874,-0.366355117,-0.266280202,-0.26994699,0.157528552857019,5.10689801961245,-0.229403225,-0.283330506,-0.176523353,0.0332413197514096,4.79524334598301,-0.487015485,-0.300840349,-0.236180994,-0.187221206,4.99564312376956,-0.071818284,-0.234725621,-0.224749445,-0.683306024,6.59566614984472,-0.04556121,-0.122064069,-0.303986235,-0.615844462,4.8394461768314,-0.075435446,-0.173904003,-0.188339443,-0.438243095,4.57392006557762,-0.357391774,-0.232912903,-0.276984243,0.153347889011856,5.09403881193093,-0.137467628,-0.232477056,-0.138183052,-0.090599272,4.60284987075653
-0.033165286,-0.079119828,-0.202414242,-0.926697755,6.30526089654795,-0.151198683,-0.17269319,-0.271693061,0.00141724530285462,4.44374263723824,-0.005640719,-0.245207079,-0.131126783,-0.369935439,4.11973983404751,-0.313023687,-0.229094571,-0.296611181,-0.212339579,5.89851627848546,-0.044817738,-0.24289848,-0.075783253,-0.555488173,4.96137599701757,-0.201072889,-0.168867366,-0.30989408,-0.144561462,4.47039044792915,-0.029899459,-0.061205423,-0.210508716,-0.953415512,6.24046551822242,-0.230390993,-0.189994247,-0.320274122,0.119738980079224,4.56600907910844,0.0609916511880686,-0.204367561,-0.099868588,-0.475051284,3.99926675015801,-0.252551894,-0.200699706,-0.279997789,-0.32237106,5.78837387014245,-0.003265869,-0.219874613,-0.058715739,-0.63600085,4.91254431390801,-0.095785506,-0.156131448,-0.23075945,-0.304031883,4.32331093757607
-0.294629545,-0.228044545,-0.344408689,-0.14398852,5.02937620380255,-0.298582834,-0.293878716,-0.235076313,-0.437316957,5.81554736572777,-0.077725134,-0.147743394,-0.182453497,-0.354787907,5.0653227932661,-0.08498628,-0.175716992,-0.26374212,-0.487381679,4.18908476009448,-0.106793051,-0.231494524,-0.173867722,-0.281172223,4.11615468611709,-0.431379357,-0.303031499,-0.301318106,0.0429679549007128,4.77965872450372,-0.265261947,-0.242585483,-0.310336902,-0.15582765,4.9950120067304,-0.398283667,-0.299746341,-0.282247809,-0.331092025,6.15651847436903,0.0108214034572267,-0.103495067,-0.146351203,-0.493961152,4.93697371630081,-0.05517201,-0.1572881,-0.270902269,-0.512471217,4.18991934690021,-0.096269771,-0.205679526,-0.188293887,-0.3188131,4.10263251303431,-0.275109357,-0.234234186,-0.229747489,-0.194980368,4.54230869073609
-0.147158666,-0.256382625,-0.159995515,-0.487234096,6.57568232671462,-0.102416723,-0.142147451,-0.207947567,-0.948936561,5.38064960056358,-0.337935335,-0.230962513,-0.299293305,-0.172605708,5.49650087424773,-0.248815067,-0.373666486,-0.102747207,-0.189578352,5.93730837260984,-0.254628931,-0.241058108,-0.289479187,-0.153865628,4.86481145731461,-0.400000762,-0.255715291,-0.260407647,0.0429448970965264,5.6994550335124,-0.149423897,-0.289146181,-0.120087022,-0.476620725,6.68383137672014,-0.153774213,-0.1258993,-0.247084084,-0.89787556,5.52725874629897,-0.253216878,-0.220480687,-0.225059778,-0.333686976,5.32466384760348,-0.26073441,-0.391048302,-0.100241353,-0.16964728,6.05804953620857,-0.269367139,-0.234168748,-0.307913798,-0.131574545,4.95603738447067,-0.323399158,-0.199486983,-0.244455664,-0.086338041,5.57788801660055
-0.059714627,-0.276832926,-0.079110888,-0.441801149,5.77323936678813,-0.256223749,-0.31319871,-0.061403769,-0.776793458,5.9779379392804,-0.247590004,-0.137748589,-0.224267809,-0.587321443,5.96731135348344,-0.248248657,-0.246987324,-0.305147595,-0.207499139,4.86516747559087,-0.343525263,-0.283809223,-0.247082675,-0.1534771,5.59418305781305,-0.167131722,-0.293350706,-0.217397812,-0.315897033,4.27523905410369,0.0378918696191009,-0.233378712,-0.02044527,-0.633970258,5.64052089707587,-0.238278716,-0.302502414,-0.032025512,-0.821091267,5.95066501708973,-0.141415291,-0.106073715,-0.162027353,-0.758212678,5.80711396655358,-0.271315119,-0.277120569,-0.296382666,-0.212850257,4.88384062312308,-0.406884806,-0.304101228,-0.275897877,-0.033929024,5.65352700476955,-0.064899127,-0.240070694,-0.177683809,-0.471556752,4.10829996252958
-0.109292484,-0.038206761,-0.41044742,-0.324431945,5.85846200263994,-0.609386387,-0.311941705,-0.295191783,-0.029193804,6.83215174954482,-0.346475963,-0.274070586,-0.353398729,0.0786341248500817,4.62296738712295,0.0014412485634986,-0.081780952,-0.301855429,-0.343803491,4.24727733685368,-0.361174093,-0.215571829,-0.382014918,-0.312700508,5.40753504030183,-0.037285787,-0.140676187,-0.175430509,-0.636151762,5.52282977795367,-0.130097616,-0.037705995,-0.433122793,-0.285446014,5.94234063305755,-0.635636502,-0.361716923,-0.29125873,0.0563228960387446,6.79253250828978,-0.221102261,-0.216514683,-0.29956941,-0.14914123,4.42638116326553,-0.052903784,-0.08804285,-0.337332388,-0.24078532,4.35212007841298,-0.386244278,-0.216030545,-0.390436252,-0.264558985,5.42030007325073,0.000631757455083416,-0.106489448,-0.167287796,-0.715384258,5.51716480685615
-0.674665459,-0.250558921,-0.428506215,0.218617452962945,4.81002108234575,0.0891916588418295,-0.361227406,-0.111410759,-0.40066504,4.66286515078004,-0.192088001,-0.243318854,-0.167771818,-0.208746891,5.74659293565289,-0.455683885,-0.353427178,-0.306285126,0.0148814659069635,4.96468647468466,-0.024507773,-0.146487498,-0.228282673,-0.625361919,4.83995130873503,-0.323295046,-0.171373775,-0.270703033,-0.164237165,5.23068431158459,-0.795113863,-0.279429273,-0.480051804,0.492999369369148,4.84340967705358,0.0814162477993581,-0.387339301,-0.096560328,-0.340804736,4.8312749560372,-0.070728253,-0.190490797,-0.126697665,-0.393473964,5.50150861659852,-0.517247855,-0.407138351,-0.309745745,0.0929644647004366,5.17549240456824,-0.049157637,-0.160005374,-0.237739184,-0.578866572,4.90330320212857,-0.211677205,-0.132024875,-0.215981488,-0.340175766,5.09016613635919
-0.163241882,-0.273105982,-0.199447005,-0.271321223,5.16712574843946,-0.306098555,-0.301318071,-0.226538376,-0.625747598,5.53259956062896,-0.618725751,-0.192657604,-0.302944228,-0.22330356,5.72711494387359,-0.280416391,-0.257046475,-0.20329283,-0.535171702,5.43287889937048,-0.4962726,-0.29465447,-0.361968588,-0.019540673,5.67733976018976,-0.172601062,-0.266369526,-0.130113916,-0.392117031,4.53510509792298,-0.250844854,-0.279329364,-0.248838995,-0.161399956,5.3104959829053,-0.179632477,-0.236143706,-0.182716403,-0.844980206,5.36374919486756,-0.557987908,-0.185459293,-0.266920127,-0.301415012,5.68783939627117,-0.336445167,-0.267688274,-0.240475186,-0.461352722,5.47763925879387,-0.521643985,-0.287069688,-0.403636066,0.0381810076590014,5.66340581027952,-0.053312192,-0.20771966,-0.082229804,-0.610187412,4.41196811952164
-0.485388427,-0.191542986,-0.345345172,-0.143348287,5.52679309485442,-0.06429832,-0.307404933,-0.098491343,-0.241962266,4.87333695820147,-0.056874467,-0.251142696,-0.199677518,-0.702232865,5.78660054062232,-0.52027081,-0.318686925,-0.280599275,0.0393771118492368,5.88044468694936,-0.197746076,-0.214138504,-0.174483486,-0.160220515,4.43735127919763,-0.409265272,-0.330123528,-0.220854074,-0.206839002,5.8794738339685,-0.462603305,-0.167757163,-0.346553657,-0.182966114,5.40633291200949,-0.107083765,-0.321971635,-0.114767753,-0.176944874,4.95989413993854,-0.033493527,-0.227724454,-0.18853271,-0.732373597,5.74188258273982,-0.514482807,-0.326428204,-0.293431397,0.0573373500738205,5.909879336,-0.26120907,-0.246066303,-0.19505848,-0.074727901,4.54387014156863,-0.319150549,-0.272879411,-0.179748005,-0.349255256,5.65441312649073
-0.510233615,-0.291894886,-0.202760584,-0.362540991,8.52762054054207,-0.011786023,-0.250693391,-0.06450904,-0.929818463,6.58446946697253,-0.726416584,-0.231619867,-0.430391671,0.17637225637266,6.70964981720933,-0.277367827,-0.328813777,-0.240293937,-0.233626401,5.75523797752908,-0.226117251,-0.238087278,-0.253570954,-0.107733954,4.8319254096468,-0.4731356,-0.264822707,-0.238321591,-0.111832946,7.36386638292452,-0.488858085,-0.298031574,-0.186178923,-0.373380748,8.38840913905534,-0.036992015,-0.228470224,-0.102013522,-0.843673236,6.48695470713783,-0.6821037,-0.187228866,-0.406259993,0.0753055391773767,6.70081269323312,-0.213010168,-0.302334302,-0.228062003,-0.323806584,5.62237326685376,-0.358330626,-0.315355384,-0.298838041,0.0619070887455135,5.01277092318427,-0.429784874,-0.247269788,-0.209187296,-0.203355935,7.26659665098755
-0.242790719,-0.205863732,-0.32195271,-0.248906663,5.47056323874013,-0.097515217,-0.308357791,-0.131331769,-0.255515864,6.3572129642958,-0.244628873,-0.320946264,-0.163293391,-0.175547341,4.40382485049409,-0.160112793,-0.290533934,-0.184099066,-0.333626717,5.30260102130736,-0.267974077,-0.329557765,-0.259415395,-0.243085586,4.78641010402952,-0.274611035,-0.229521487,-0.268197171,-0.733014629,6.94725284573102,-0.262826458,-0.200224858,-0.34790598,-0.233497132,5.63453992611857,-0.219290124,-0.368755412,-0.164630934,-0.004640906,6.54864300066123,-0.142452719,-0.283609949,-0.102045369,-0.339639517,4.20566517997512,-0.260179503,-0.338662532,-0.227543659,-0.171967131,5.50084652854778,-0.258765006,-0.366073474,-0.244389688,-0.288793686,4.91356583554053,-0.231278886,-0.226151492,-0.234903272,-0.809784007,6.89052948585904
-0.606042406,-0.34012882,-0.350284715,0.435043087465627,4.43266879438988,-0.169839014,-0.377329831,-0.15730571,-0.534480192,5.87062592746451,0.0139533607928239,-0.150054012,-0.182832308,-0.550565266,4.89456228496967,-0.279153808,-0.151073213,-0.285700573,-0.368028894,6.28178604998062,-0.269920517,-0.286382076,-0.270222484,-0.029870819,4.45148788077431,-0.43908049,-0.227048342,-0.321457505,-0.025072664,5.20053800901431,-0.739393304,-0.390423467,-0.378444466,0.688121757356777,4.54863958817806,-0.132740175,-0.366161998,-0.141630492,-0.613625305,5.79893187562135,0.0324960438122864,-0.14836,-0.160441516,-0.581724191,4.91057737328296,-0.275883768,-0.14678575,-0.290592561,-0.361411394,6.21953054253391,-0.259501311,-0.275544467,-0.289224778,-0.058388399,4.45873414632913,-0.252976243,-0.157246613,-0.238964909,-0.339588418,4.99666446673566
-0.148641654,-0.192513265,-0.259945276,-0.596361927,6.18148161250229,-0.532030447,-0.220791611,-0.328734671,0.181639436721534,5.377770692,0.0412506795816652,-0.048587508,-0.215375334,-0.803501994,4.98880109238132,-0.245735682,-0.202167957,-0.303136488,-0.384360309,5.45303098412696,-0.259940352,-0.230362236,-0.263620706,-0.425987793,5.80923328823139,-0.382852231,-0.3707551,-0.20262394,-0.247205426,5.24263433222875,-0.071355646,-0.130149336,-0.252655413,-0.690784527,6.05669900231378,-0.644055394,-0.279299916,-0.353097824,0.333097300849938,5.47747369777353,0.118262523425779,0.00312132937879005,-0.189541295,-0.985691105,4.98267964898794,-0.135664475,-0.166532398,-0.25868352,-0.535264284,5.24600246157148,-0.356186918,-0.300055784,-0.266495195,-0.28809774,5.86842556392101,-0.324127594,-0.336343728,-0.189492793,-0.369893692,5.20046071038595
0.0995772031628228,-0.174307304,-0.136608376,-0.771585699,4.34509387120015,-0.080135943,-0.13437271,-0.323870429,-0.332892387,4.40480329786858,-0.113530113,-0.23870068,-0.179403603,-0.606181532,5.57389355479196,-0.233871451,-0.273421054,-0.181258874,-0.433180857,5.32181853737631,-0.237256077,-0.325905488,-0.176135337,-0.038000662,4.39689659590647,-0.186662559,-0.299099765,-0.12573621,-0.428766574,5.9423198839116,0.175582781351354,-0.122524972,-0.116440036,-0.885634559,4.22802459399504,-0.107890176,-0.115202012,-0.35556531,-0.339134325,4.46804698041167,-0.07492485,-0.203933328,-0.163805325,-0.682855023,5.39411301553603,-0.208855388,-0.264845772,-0.185382876,-0.480846232,5.33226675181709,-0.283013086,-0.366340519,-0.175869581,0.0348763867594321,4.40219402148181,-0.073561489,-0.258430602,-0.081237082,-0.611956843,5.80656128871003
-0.467490043,-0.429072092,-0.234412253,0.296136574806449,3.88127879140072,-0.586367784,-0.283812999,-0.444324079,0.274232472618187,4.60510728323384,-0.565926747,-0.4166853,-0.30808421,0.305146032009371,6.405488049,-0.083009571,-0.15331509,-0.25945921,-0.523055261,5.28436263859023,-0.15884008,-0.231658959,-0.270274273,-0.394488905,4.99013669324259,-0.391971928,-0.260189402,-0.343759058,0.059998242414383,5.20688930447044,-0.435383355,-0.442340905,-0.172376254,0.186605706349167,3.86156933665701,-0.701107935,-0.333714995,-0.487408672,0.458251695177778,4.79966287163221,-0.376877446,-0.342653718,-0.235063341,0.0268022140486208,5.92864532045341,-0.071780751,-0.124003461,-0.268156836,-0.555710622,5.29809931303537,-0.187146212,-0.244254313,-0.297937368,-0.393696329,5.17283012725846,-0.267964517,-0.219963026,-0.270001455,-0.144096709,5.00688004369571
-0.254802114,-0.353417315,-0.318987373,-0.25010145,4.92448012925091,-0.1887241,-0.279739347,-0.278817057,-0.142876251,3.97403119464208,-0.262753961,-0.252632553,-0.176286507,-0.269118641,6.66110066755279,-0.261039665,-0.297943791,-0.167261016,-0.281358853,5.13893018859296,-0.033676381,-0.142828724,-0.213900514,-0.525121415,5.17501730319768,-0.276724579,-0.228044201,-0.298612694,-0.550277059,5.83156775533333,-0.369822274,-0.391197994,-0.381422257,-0.093672177,4.94314109345564,-0.242895818,-0.308356254,-0.306663171,-0.086282822,4.07008274788647,-0.101593124,-0.196623325,-0.108095343,-0.511728158,6.39406428832333,-0.290311781,-0.32213964,-0.176842185,-0.258391295,5.20552646168593,0.010107719264932,-0.109038035,-0.213103979,-0.602400486,5.1347320710782,-0.188440296,-0.168749531,-0.281509598,-0.719799506,5.7196697588601
-0.590022448,-0.292577914,-0.360465581,0.202685132083706,8.02332927121089,-0.762075557,-0.422994069,-0.234538836,0.390227095713616,6.52815320583087,-0.270058783,-0.279063289,-0.326568281,-0.418523622,5.10360741582194,-0.306208082,-0.214500161,-0.348265694,-0.318318087,5.7242831929208,-0.114897723,-0.169702395,-0.178959754,-0.609456927,5.80499898045875,-0.291187886,-0.207811635,-0.204864532,-0.188563691,5.0598821183512,-0.588396303,-0.260542876,-0.382076013,0.193041713347474,7.87610885561164,-1.14851093,-0.582560254,-0.308403871,0.845398955265293,7.21239843072919,-0.206678137,-0.260416503,-0.279523677,-0.517454995,4.91813977079734,-0.316007307,-0.192917232,-0.384297229,-0.307485222,5.7975104520434,-0.105993666,-0.15306147,-0.18803361,-0.643180667,5.85996350832541,-0.241787888,-0.189208338,-0.177561557,-0.293086545,4.99745211637816
-0.080550723,-0.197432161,-0.201439141,-0.739871793,5.19341067903433,-0.279543528,-0.337463905,-0.138565471,0.0222023712844491,4.49468891956852,0.188904491584994,-0.347425197,0.00558445412579513,-0.67869894,4.20943480422123,-0.301800988,-0.18748987,-0.306992646,0.0837906472185016,3.75664668773506,-0.206150107,-0.190931495,-0.288915166,-0.340039526,5.43999168636397,-0.166929945,-0.185777966,-0.26165039,-0.433639633,4.95945609208706,-0.122257118,-0.270663961,-0.177009711,-0.597159472,5.20955864541504,-0.294738773,-0.408028466,-0.067077011,-0.016621876,4.72430831688027,0.170562508897119,-0.332754771,-0.010401779,-0.679674071,4.20346174059585,-0.284527428,-0.17915796,-0.297558722,0.0626325263567247,3.71293768240869,-0.198667688,-0.212511456,-0.263271055,-0.379709095,5.42130287567422,-0.083164888,-0.162145924,-0.21128928,-0.579826278,4.88695550597265
-0.548479672,-0.108982186,-0.48545326,-0.270485336,8.37545572370035,-0.407330498,-0.387271566,-0.258778665,-0.173054763,5.97862272918818,-0.247016689,-0.151539341,-0.286180737,-0.331064366,5.15084896824451,-0.389438378,-0.260827202,-0.357121665,-0.005550934,4.94442189434669,0.0454113349738284,-0.185975038,-0.189199693,-0.481409086,4.93584893668052,-0.130530827,-0.136515696,-0.257308353,-0.63295634,5.93846985677643,-0.613191295,-0.149440891,-0.510739287,-0.120030675,9.32471216283143,-0.785100874,-0.609325804,-0.331956519,0.356181631955026,6.76388835736986,-0.120618175,-0.091092219,-0.25796629,-0.553103214,5.03560776965896,-0.380250636,-0.242510012,-0.371371665,-0.052497241,4.98794253088219,0.0392045172376047,-0.196060514,-0.18034421,-0.471874822,4.95109084338628,-0.044022431,-0.087842012,-0.224616347,-0.794856536,5.83974170480102
-0.209520567,-0.056487497,-0.321679461,-0.507373295,5.15992426598269,-0.483672989,-0.399693399,-0.342324721,0.241553685996181,5.63561657940982,-0.01585792,-0.288640844,-0.096676004,-0.751754146,5.0915332418145,-0.325120456,-0.273270184,-0.239469597,-0.08436027,5.27052674356845,-0.170249487,-0.274421776,-0.253563592,-0.27461967,4.83817431948731,-0.119624729,-0.186988497,-0.218136849,-0.294226874,4.75157540362612,-0.197734246,-0.01079464,-0.34516982,-0.510687912,5.26376303585958,-0.463363824,-0.389018558,-0.357379213,0.213862265269349,5.72830473469397,0.0752458498477177,-0.258058134,-0.061831512,-0.910776649,5.0162825296498,-0.339159601,-0.256178119,-0.252088033,-0.06395712,5.20208317482077,-0.236368318,-0.311644699,-0.265337633,-0.183419471,4.87510414312047,0.0117371646477793,-0.154166719,-0.132354603,-0.538397339,4.6040915245704
-0.63796055,-0.202056382,-0.446039605,0.26160346375828,4.90624591873165,-0.265538403,-0.164866358,-0.370801327,-0.279573946,4.7607048735007,-0.428553367,-0.349834885,-0.166195318,-0.450214209,6.22675494500224,-0.042599127,-0.234727855,-0.140311326,-0.707335159,5.32601621055573,-0.29506616,-0.303374062,-0.144722435,-0.239358536,5.42225104041481,-0.245457237,-0.24479968,-0.292387307,0.0765719416552686,4.25553581189907,-0.689380613,-0.210155268,-0.476584529,0.35194351854664,5.02464871160399,-0.279973108,-0.183167516,-0.382351303,-0.246987718,4.81640321384105,-0.436880391,-0.350974586,-0.168079709,-0.44743139,6.22902475391933,-0.070018688,-0.252940753,-0.151559519,-0.660645312,5.40207885942399,-0.238878467,-0.287704763,-0.107647365,-0.336131284,5.31675396608448,-0.204106206,-0.238256423,-0.261492518,0.0178177353508438,4.20274461720252
-0.155689961,-0.234410557,-0.186041536,-0.717678773,4.57704934985553,-0.267747976,-0.177129971,-0.275258261,-0.695209922,4.50918324785252,-0.365685058,-0.342595505,-0.134651631,-0.179533125,4.368074675,-0.193743064,-0.209970446,-0.20154601,-0.592817197,5.11488178359194,-0.454398774,-0.265363327,-0.459134038,0.125423632515879,4.47589850836509,-0.534885857,-0.339902731,-0.323462465,0.206532364034432,4.56707698212894,-0.104925036,-0.204991246,-0.174228531,-0.8353644,4.58579746023364,-0.364921882,-0.161085846,-0.355070266,-0.543098103,4.67510822561636,-0.265972348,-0.282380839,-0.097914686,-0.303871242,4.23999499333234,-0.22329609,-0.201488001,-0.228097915,-0.550189649,5.1625116120789,-0.676633273,-0.299628809,-0.590571979,0.42277229928317,4.77091285911989,-0.384170743,-0.272592196,-0.255940787,-0.041724305,4.29861490394516
-0.136335813,-0.271808179,-0.188015629,-0.550611632,4.89532936348457,-0.102805667,-0.11588437,-0.189632867,-0.307313063,5.01831451377658,0.191088764498841,-0.148249956,-0.126039151,-0.391727674,3.22079617522549,-0.258490884,-0.314829673,-0.193191834,-0.212808592,4.7206939514967,-0.053468963,-0.10951188,-0.174237753,-0.727984648,4.84111514746425,-0.08310648,-0.166869341,-0.252135375,-0.415250557,5.234081167,-0.127886505,-0.312618559,-0.141788953,-0.577415801,4.92160688587868,-0.131060407,-0.149664321,-0.168273689,-0.264632932,4.98505894709846,0.224509024635439,-0.106695922,-0.130738273,-0.439025786,3.19084885491522,-0.170785273,-0.266920125,-0.152894964,-0.365867121,4.57168527929088,-0.023303033,-0.103391118,-0.152144503,-0.786963741,4.80239327961512,-0.054059317,-0.151253626,-0.233207292,-0.471161103,5.20445324115726
-0.408334796,-0.284515132,-0.243969814,-0.276251436,5.21376620694502,-0.16138296,-0.160810001,-0.379085776,0.0765446619194254,3.60409970481558,-0.314826186,-0.323272883,-0.18120721,0.107937563404567,4.55822971758657,-0.129739953,-0.267742568,-0.227473513,-0.361298349,4.97515418547654,-0.113683316,-0.141988895,-0.200976168,-0.332983042,4.22631145726936,-0.259079242,-0.26693959,-0.179081391,-0.248615613,4.90176907544791,-0.347945073,-0.237032119,-0.230053549,-0.369558089,5.06923734279443,-0.423752996,-0.17961506,-0.565306465,0.408654673947346,3.8372065276136,-0.251666632,-0.277991923,-0.160494022,-0.00287797,4.51387103747676,-0.146306417,-0.26202243,-0.237629203,-0.334597752,4.99131613554722,-0.120862866,-0.159800901,-0.182744275,-0.329159697,4.22719994028252,-0.132446087,-0.20294815,-0.132673995,-0.463715046,4.73283212635456
-0.374615837,-0.288759951,-0.195672538,-0.410014939,8.13567843283188,-0.103229082,-0.188571513,-0.197011313,-0.379865733,6.17080701164343,-0.149969448,-0.129790668,-0.297560449,-0.752657768,7.35037572157292,-0.114370909,-0.349929218,-0.203997447,-0.364928785,4.77014266832867,-0.283892627,-0.212345843,-0.268927415,-0.249337585,5.47226848765896,-0.213455683,-0.229393306,-0.280248628,-0.313241276,4.87463075270088,-0.365131876,-0.29695022,-0.177218394,-0.414340644,8.15616035204125,-0.114241555,-0.189871547,-0.219202355,-0.361132084,6.10826960181511,-0.128693702,-0.151215676,-0.262528808,-0.769421359,7.32991544389739,-0.148576575,-0.37888047,-0.200758439,-0.339863589,4.85306367304438,-0.242291435,-0.197438527,-0.250169078,-0.311928398,5.34323500869221,-0.157062747,-0.165628589,-0.283757199,-0.418834952,4.85884976012552
-1.074579379,-0.435410787,-0.552067447,0.535426441138898,5.54001056353108,0.278206447451947,-0.045547694,-0.121755342,-1.079782197,7.00147024263234,-0.25982204,-0.146713132,-0.308964391,-0.309249479,4.79955193149829,0.0194730874985407,-0.098865767,-0.269481341,-0.697676263,4.67110199465117,-0.364779771,-0.153313764,-0.433466488,-0.39734737,5.53175872054267,-0.219202604,-0.191742586,-0.241208525,-0.187042097,5.15119848454894,-1.317421866,-0.550188474,-0.618611901,0.765509829285693,5.77529950240052,0.356776666933448,-0.009344436,-0.100617997,-1.238490896,6.94553636905539,-0.174968675,-0.107624578,-0.285108143,-0.465362165,4.71669962362848,-0.01356163,-0.131479015,-0.274190219,-0.639317332,4.70918891986478,-0.35364716,-0.152176518,-0.421900892,-0.423612537,5.65869480998778,-0.165220889,-0.174676804,-0.211918966,-0.30553676,5.07233098378482
-0.111652916,-0.255238054,-0.251304955,0.0882224207151079,4.88364504507117,-0.423103812,-0.199016326,-0.436679479,0.0178776696462021,5.96778359370462,-0.044225227,-0.102732783,-0.217389286,-0.597213645,5.19280258708035,-0.104309893,-0.287217712,-0.22098028,-0.325557674,4.72740656355409,-0.344792665,-0.269091455,-0.220337651,-0.204885293,6.43816909606294,-0.266420867,-0.337891999,-0.198669554,-0.374800365,5.18921496373869,-0.373156116,-0.33693408,-0.340597213,0.470362562633912,5.10535015441375,-0.400661911,-0.180321843,-0.4343694,-0.041170635,5.90707566578545,-0.014781965,-0.125096218,-0.168590445,-0.603751977,5.12753169352997,-0.122556916,-0.279216529,-0.236423578,-0.304016903,4.74976290936247,-0.321851745,-0.286918114,-0.183450282,-0.246293645,6.43114531709666,-0.130201033,-0.264714237,-0.142146068,-0.57722213,4.89324264637594
-0.170120019,-0.140232479,-0.246685399,-0.639849686,6.23638058283465,-0.359840754,-0.272861705,-0.284730218,-0.237691134,6.88421176275074,-0.262919025,-0.376480702,-0.1313769,-0.229834466,4.78832375854608,-0.395257193,-0.19747614,-0.342412851,-0.033177876,5.20103208157179,-0.601893321,-0.519901766,-0.286105405,0.244392119107632,5.36953472891148,-0.191671798,-0.305115434,-0.206539306,-0.331693359,4.2303749049534,-0.182534795,-0.137560894,-0.253329226,-0.645104352,6.31587854474573,-0.397564286,-0.280239829,-0.326860124,-0.222093372,7.21684392648116,-0.17050443,-0.29276102,-0.110583446,-0.366722495,4.60903328096992,-0.495316034,-0.23769906,-0.357557237,0.142617837249304,5.26977129321464,-0.680974558,-0.569527777,-0.300225225,0.284983790573761,5.62771346295701,-0.106604081,-0.258365794,-0.163817683,-0.476170369,4.11212367914835
-1.359667792,-0.533966167,-0.49467884,0.87571210784648,8.9629225294267,-0.398270909,-0.399619739,-0.223533868,-0.412816202,6.51758416150451,-0.202498236,-0.303854149,-0.244015648,-0.705321615,4.68231968766877,-0.213649761,-0.252421643,-0.21419133,-0.15744854,4.84773165307314,-0.11711602,-0.232380456,-0.181409773,-0.420193324,4.95055817472278,-0.393273311,-0.332144157,-0.312233428,-0.182610352,5.52930111640731,14.8362400113849,-3.717351397,-1.445935545,-250.2921562,170.608954229179,-0.411667857,-0.363067204,-0.276000281,-0.424981521,6.6729808733228,-0.091226194,-0.222413046,-0.209923696,-0.824408219,4.48214802814848,-0.220636336,-0.233520434,-0.226255216,-0.16248305,4.87899902440571,-0.062275138,-0.20935758,-0.16190488,-0.501564714,4.8296226817342,-0.25028623,-0.27570488,-0.247543299,-0.388283515,5.27315317609778
-0.216601967,-0.220811491,-0.345558678,-0.351271449,5.99444250992959,0.0115552832240888,-0.211037867,-0.208178227,-0.504156699,4.06091989462811,-0.300630506,-0.246355456,-0.282987322,-0.040833209,4.27021755299552,-0.444709577,-0.250057286,-0.304771301,-0.420027286,5.81267003121596,-0.407897974,-0.362921514,-0.230256016,-0.017998921,5.16602872366847,-0.318683046,-0.230948424,-0.209037916,-0.168368585,5.14446911562629,-0.203152057,-0.178980621,-0.406298536,-0.409774137,6.19847755157917,0.050604698967187,-0.181342804,-0.222184118,-0.566652771,4.0821602409195,-0.159806853,-0.167366738,-0.253590226,-0.256056695,4.16480729431593,-0.458400742,-0.226173994,-0.347657539,-0.479358405,5.94877630406519,-0.462725484,-0.419248398,-0.225197493,0.0765764885032193,5.34901341017451,-0.228167848,-0.187742561,-0.169308974,-0.318723279,5.01587110371356
0.0592901048973259,-0.107490794,-0.194507695,-0.590402114,3.60789834820948,-0.372059485,-0.206824096,-0.333567359,-0.179002842,5.03993511593505,0.0178238429994087,-0.141386001,-0.276459372,-0.265931035,3.54669062767782,-0.049862144,-0.187156277,-0.236361006,-0.392659845,4.74392967289509,-0.294082394,-0.320348644,-0.232951611,-0.009669478,3.86057069050026,-0.063932813,-0.14918186,-0.214885026,-0.240756088,4.56600984635392,0.0658539002131413,-0.124135473,-0.169748489,-0.576775817,3.5863490775678,-0.287236723,-0.152375389,-0.307157741,-0.35121653,4.87861098741803,0.073943355212118,-0.118302318,-0.262357305,-0.353633802,3.48809309637919,-0.067262549,-0.174721056,-0.260039929,-0.346075728,4.78133576830629,-0.264032283,-0.29226633,-0.235143597,-0.04383354,3.80357824191323,0.0204869759922846,-0.127642984,-0.168412569,-0.372881528,4.45179056711899
-0.643605849,-0.315025226,-0.331636551,0.387925472133836,7.53771128262325,-0.389844401,-0.27893396,-0.167060929,-0.348923448,6.88730592592152,-0.098279568,-0.189778923,-0.202570129,-0.532163434,4.86588239079076,-0.280362351,-0.304655424,-0.282336049,-0.26071443,5.41318347931754,-0.406298895,-0.304038869,-0.282909695,-0.259210018,5.07133256871991,-0.103611132,-0.268729142,-0.179726661,-0.320801554,4.76754599210206,-0.811639157,-0.356013967,-0.405181683,0.696644261861054,7.74016112031508,-0.347418478,-0.277511038,-0.117024976,-0.401248648,6.82158545024647,0.0251398858748726,-0.08782434,-0.202788095,-0.726314686,4.78002659501404,-0.297248278,-0.269363082,-0.32569552,-0.209745578,5.49504274825792,-0.442421206,-0.326603519,-0.287374924,-0.22012619,5.11738964964117,-0.024945814,-0.218718576,-0.166084847,-0.44300113,4.64867203911367
0.00727792593273658,-0.079227423,-0.22906869,-1.000061193,6.2191917953508,-0.494124302,-0.3929958,-0.336052523,-0.191527312,6.66798991546151,-0.461226078,-0.305828679,-0.307031833,0.18726023392454,4.96472139145932,-0.365827067,-0.255597363,-0.243049287,-0.018805765,5.21184646359551,-0.453032365,-0.255123522,-0.347214263,0.0877726568628263,5.6388537940214,-0.349322621,-0.30365815,-0.201562927,-0.037513781,4.91749325928982,0.0502341822853533,-0.056362711,-0.206765164,-1.086072508,6.13032602361365,-0.686312848,-0.473307251,-0.43042533,-0.062739057,7.36736559518301,-0.352395069,-0.241289455,-0.285263068,0.0316541475163407,4.81105525309703,-0.348634658,-0.237337786,-0.250191497,-0.020272478,5.15950630334725,-0.478745164,-0.244488811,-0.379563687,0.140676641327073,5.61041411060619,-0.27408985,-0.274555544,-0.149196009,-0.177762255,4.82184605753085
-0.240636838,-0.315458375,-0.159439409,-0.465741305,5.25115250467064,-0.183950149,-0.289645174,-0.10615934,-0.442796234,6.64365295946908,0.00593413920091844,-0.254217019,-0.146119316,-0.792067507,5.38146767555043,-0.394959837,-0.330398534,-0.290200213,-0.252124029,5.49596246916261,-0.331442235,-0.279323085,-0.25482039,-0.181191778,5.50229989035807,-0.170572248,-0.21846354,-0.207374621,-0.22764314,4.94232488459449,-0.347050811,-0.383592656,-0.160867219,-0.319596999,5.3897195306457,-0.290850863,-0.349469887,-0.144768382,-0.320674658,7.09952530848732,0.0750610430758733,-0.212238409,-0.128759696,-0.884899884,5.21690210376574,-0.404531936,-0.339672573,-0.284042109,-0.235147015,5.47277144452166,-0.341214099,-0.283211986,-0.257834124,-0.165100042,5.49480668612771,-0.117223856,-0.192813201,-0.190702351,-0.319341729,4.90673080493405
-0.161528269,-0.218301897,-0.308536548,-0.585323858,4.99197768661658,-0.780132742,-0.548093961,-0.351110929,0.3021040357109,6.30508732918615,-0.383675608,-0.203193348,-0.44706747,0.136180372350591,4.183758363,-0.284457621,-0.294014225,-0.248666043,-0.393996578,5.07765270223999,-0.374634172,-0.345554516,-0.268640771,0.263823406921653,4.18517341582891,-0.347985882,-0.253928651,-0.326702889,-0.067460446,4.84301454354772,-0.304764931,-0.304226226,-0.336205954,-0.438726612,5.13569782730789,-1.084795641,-0.693431866,-0.506385898,0.668166362788708,7.80054317392918,-0.335584684,-0.206802209,-0.403145935,0.0550236655323114,4.16649198725617,-0.342013591,-0.319252746,-0.283268259,-0.32872684,5.08121888910639,-0.354579431,-0.338225632,-0.241213515,0.230407192321097,4.1455366604881,-0.189231018,-0.200365489,-0.262289087,-0.32218331,4.61906586276753
-0.30975376,-0.154488757,-0.371521464,-0.475157491,5.49094451723177,-0.325802305,-0.428761497,-0.306712046,0.0187691896519752,5.48256106651687,-0.288359204,-0.285352452,-0.274550423,-0.222416622,4.6093390638936,-0.179649823,-0.172711982,-0.198903715,-0.475277659,5.13370645779485,-0.151135569,-0.194356454,-0.29107576,-0.387245909,4.92771344270199,-0.430143978,-0.206579687,-0.315611787,-0.255479679,6.50157378654745,-0.486948397,-0.253828017,-0.406818804,-0.331485733,5.72441347584094,-0.354655147,-0.484461562,-0.298781655,0.146586737605601,5.53616086318139,-0.170557495,-0.240430261,-0.202825899,-0.446636416,4.47017501659391,-0.227396257,-0.215507391,-0.195361478,-0.384594422,5.14505655335791,-0.209431963,-0.206897967,-0.325467971,-0.335392028,5.08979719985849,-0.334963275,-0.173309535,-0.275142195,-0.443561602,6.24949954318545
-0.191968401,-0.233203328,-0.244403641,-0.251231248,3.96636154087023,-0.114350859,-0.172052905,-0.126678186,-1.061105173,9.31845952503571,-0.290708871,-0.268486984,-0.248299598,0.115315492305286,3.98448493920646,-0.1458078,-0.178202451,-0.178132802,-0.721970734,5.50363977598591,-0.212814873,-0.237386253,-0.218163846,-0.493951697,4.74533010768678,-0.112057006,-0.177445199,-0.247917358,-0.359051657,5.53394472866169,-0.287816278,-0.235340984,-0.304850237,-0.108037386,4.04437995335684,-0.146382946,-0.206767252,-0.139867593,-0.991171029,9.37365038105907,-0.209518472,-0.19410394,-0.239217686,0.0181957766703409,3.89816524062587,-0.083699978,-0.179299832,-0.123792701,-0.813789438,5.39951409797152,-0.216009694,-0.233164544,-0.217617455,-0.494652041,4.7192678632514,-0.050979895,-0.149296435,-0.227861147,-0.477930369,5.52323049962814
-0.529047343,-0.194906349,-0.528809016,0.217268691031413,4.88862222727382,-0.375692127,-0.4115824,-0.344621746,0.0596319801714431,9.40800383330717,-0.24628907,-0.236495792,-0.399530063,0.0859960793596017,4.22354193695912,-0.011702597,0.00898107801715665,-0.276989123,-0.696629543,4.05848155364257,-0.540803967,-0.206302679,-0.425666693,0.0511125114838361,5.56206765506192,-0.368423865,-0.285053865,-0.389452569,0.0263264368698422,5.05503091710282,-0.676491205,-0.239914774,-0.622504071,0.429248985815524,5.18691493401765,-0.486696672,-0.492253242,-0.344347148,0.247219463634065,10.5742128665356,-0.13293979,-0.205165117,-0.316674237,-0.098911602,4.07417052922078,0.0453444858292996,0.0439559533956342,-0.267583604,-0.79860756,4.03331861303276,-0.513142662,-0.191090135,-0.425955043,0.0330570773234927,5.50215131280521,-0.327338972,-0.263315994,-0.369929443,-0.049220857,4.978349761
-0.40734551,-0.318791164,-0.250508064,0.233781453325223,5.38938746135139,-0.276996479,-0.26042702,-0.263115753,-0.33980954,6.05493508355002,-0.893001257,-0.45866382,-0.385364799,0.548024095611324,5.90719595922921,-0.458050723,-0.210455138,-0.33096141,-0.119455629,5.97496576176649,-0.336080771,-0.249727501,-0.286897969,-0.096815615,5.28056487181866,-0.341108265,-0.19989254,-0.315989786,0.0063315377344252,4.24226563761108,-0.429040035,-0.362575107,-0.251674355,0.291440659517099,5.54334640949711,4.00206386998223,7.79580351157127,2.6974674815668,-16.66377565,1.65420858234232,-0.787219331,-0.378331799,-0.37040745,0.364239816774099,5.84427249984656,-0.466615821,-0.224609884,-0.330451772,-0.086409445,6.02586582052032,-0.36168114,-0.25291103,-0.303219025,-0.096516998,5.38618620707325,-0.254590745,-0.176702459,-0.258925688,-0.152097413,4.14872483138092
-0.414702836,-0.317314065,-0.225410924,-0.168920973,6.06725232428495,0.0680877308723509,-0.128783301,-0.146577238,-0.542695807,5.10353374149058,-0.420024269,-0.341583481,-0.165433473,-0.072940223,6.01646507760688,-0.127165273,-0.298541162,-0.149647535,-0.236327138,4.86530014621306,-0.387507825,-0.310507609,-0.26425927,-0.128523759,5.93419002008072,-0.478970471,-0.344316523,-0.229267204,-0.082817928,5.65216061849954,-0.437969294,-0.317199007,-0.268666803,-0.110919398,6.12847676385495,0.045511748253915,-0.119243804,-0.174534494,-0.501133985,5.1243018075244,-0.24407854,-0.255649761,-0.105815869,-0.397109075,5.78589452541812,-0.144082678,-0.326400439,-0.129061399,-0.200283072,4.96794096929089,-0.424347491,-0.329254988,-0.28883903,-0.088766863,6.05560461434774,-0.39714672,-0.317274329,-0.18546594,-0.225233056,5.57076639722448
-0.154855448,-0.236258072,-0.216005139,-0.223022205,4.83067741860434,-0.517310471,-0.276213751,-0.255397522,-0.108542081,5.04032516861662,-0.23323305,-0.170702198,-0.294157467,-0.224045067,6.56606440898479,-0.340846749,-0.176955608,-0.339630916,-0.137693379,5.09220307907581,-0.363746229,-0.267220233,-0.253566622,-0.418722467,6.06698389744281,-0.110324197,-0.231525927,-0.176449674,-0.427976568,4.98697798491556,-0.125142645,-0.242962437,-0.215516366,-0.278412662,4.88597959360529,-0.457943305,-0.241564086,-0.237040038,-0.206721196,4.98805903060508,-0.234485569,-0.188920414,-0.282566872,-0.237835809,6.71719266934678,-0.370015695,-0.194790493,-0.344745762,-0.080360564,5.16806165038661,-0.338298207,-0.231630128,-0.26301134,-0.448232912,5.96490781214834,-0.052526427,-0.215196838,-0.125614143,-0.527932102,4.9366981115756
-0.383680442,-0.34355829,-0.278440493,-0.008997491,6.69525125762416,0.156929483298435,-0.06425407,-0.19090277,-0.866486774,4.58661365993278,-0.624930901,-0.426995779,-0.277035243,0.07358839926646,5.44424517128787,-0.192794617,-0.242135583,-0.174279966,-0.487128172,5.68971809536505,-0.024158244,-0.250571252,-0.215916741,-0.632206903,4.92510337716733,-0.242294265,-0.228831354,-0.231139821,-0.320981456,6.09422800148645,-0.393000554,-0.336614257,-0.280457838,0.0668763655963697,6.42588915754558,0.162964541228305,-0.080052236,-0.183716421,-0.846517908,4.55919818185041,-0.583162752,-0.389004176,-0.26527753,-0.039809401,5.31474863808047,-0.146768219,-0.206569215,-0.177368627,-0.574311202,5.58431453216412,-0.021873765,-0.254646754,-0.212486194,-0.643424473,4.87429569893315,-0.134159782,-0.177190058,-0.183707313,-0.495801192,5.885884802
-0.282898761,-0.126944716,-0.32672177,0.0453484969939662,4.19323927496451,-0.098878915,-0.168715557,-0.189411788,-0.287952256,5.74561553293812,-0.596200648,-0.416449797,-0.33531603,-0.174513562,4.80341268021526,-0.076551546,-0.17710432,-0.173966774,-0.37122787,5.32678587702412,-0.298446995,-0.302938786,-0.162632487,-0.267409964,5.50099898896193,-0.367183593,-0.183081697,-0.35540469,-0.118280294,5.25623235235998,-0.323408251,-0.098775065,-0.362077789,0.0592244767956013,4.26598757523764,-0.034000039,-0.110547799,-0.183416345,-0.389702388,5.59661197668751,-0.342011357,-0.333091852,-0.214650058,-0.534390434,4.52303757553852,-0.043541174,-0.154981696,-0.160760642,-0.438180958,5.24976378623513,-0.320440205,-0.312613935,-0.157491712,-0.237660768,5.51695948093458,-0.255033117,-0.159457855,-0.298855656,-0.290632274,4.95234615010719
-0.299669374,-0.339315779,-0.240759772,-0.506343022,5.87925485251674,-0.532664746,-0.227746538,-0.400682368,-0.611380828,5.91623273091683,-0.040417621,-0.095478476,-0.251821736,-0.55987597,6.53761514708416,-0.415952289,-0.274021495,-0.295713866,-0.02366241,5.86786406214591,-0.207547906,-0.148644896,-0.26003981,-0.584954479,5.07142233234659,-0.398555179,-0.294826921,-0.371155218,-0.049357179,4.5979376318749,-0.180693848,-0.28419333,-0.203177565,-0.624739195,5.51281285427019,-0.505489889,-0.215438031,-0.419605976,-0.624863868,5.89334407081002,0.0384089470254785,-0.056807241,-0.225379693,-0.697978336,6.45156511554858,-0.485187992,-0.335606739,-0.278004348,0.0563565154751079,5.99921003184883,-0.16368163,-0.123688458,-0.250450076,-0.627028967,5.00595676110089,-0.256078452,-0.246067609,-0.310180349,-0.251798266,4.37633824173724
-0.309836375,-0.43773719,-0.211137594,-0.140376417,5.55176772542898,-0.229206418,-0.284803927,-0.126156299,-0.782519705,5.90741721983806,-0.41672019,-0.173420783,-0.497258469,-0.155357371,4.95846308668284,-0.185871633,-0.24492075,-0.214636497,-0.360766951,4.98323518611974,-0.131496934,-0.157034638,-0.173189816,-0.50329093,5.2322543037816,-0.205198529,-0.201305442,-0.289261986,-0.176911272,5.02821427498263,-0.404940808,-0.447682936,-0.240789397,0.025630078375391,5.53321147771352,-0.174041808,-0.255589855,-0.109348555,-0.891111349,5.82908002040551,-0.345214634,-0.195375816,-0.420569868,-0.266749017,4.8854544427939,-0.167380556,-0.234124719,-0.202600997,-0.371317433,4.90100133897856,-0.097396955,-0.129474745,-0.165385105,-0.574892682,5.18716058744799,-0.107758344,-0.167948406,-0.242184219,-0.329913157,4.9008955923679
-0.20244265,-0.369738499,-0.150662794,-0.21031767,4.61391156298387,-0.33951197,-0.345436338,-0.272193094,-0.284838151,5.07400043740541,-0.309093199,-0.218638088,-0.245018776,-0.409199527,5.7262859912269,-0.109047335,-0.22646608,-0.307012629,-0.418836845,5.15393513605579,-0.470576265,-0.276078456,-0.266331227,0.212867866132558,5.01238319567082,-0.45262367,-0.367710497,-0.270799636,-0.03637987,6.10825226630765,-0.198724786,-0.395629926,-0.107583361,-0.229413155,4.6742949240982,-0.392425413,-0.359820154,-0.27474448,-0.172522242,5.06506600173526,-0.250047401,-0.208866733,-0.20324712,-0.528795061,5.67353642668888,-0.11092095,-0.201207943,-0.328756993,-0.422628448,5.10702168660662,-0.498556334,-0.283783002,-0.276864774,0.275899393996014,5.05503069506445,-0.339693424,-0.305539887,-0.230801449,-0.233815614,5.8285299080024
-0.568661938,-0.319177514,-0.457520306,0.555784462153918,4.85954370610828,-0.012784391,-0.138097276,-0.217143283,-0.90418103,5.29326542240051,-0.053891566,-0.262212597,-0.133896837,-1.183231037,5.06374457672734,-0.49668373,-0.354290903,-0.310450616,-0.360118211,6.46953440058863,-0.279789261,-0.232356188,-0.219940028,-0.407009825,5.55480307243795,-0.242241323,-0.235394818,-0.204654218,-0.348866164,5.20920744500729,-0.792388816,-0.378621113,-0.545551298,0.92350253875069,5.29828941574051,0.059765051704979,-0.100386538,-0.205452081,-1.034125952,5.2592632044498,-0.095050204,-0.252370835,-0.166086901,-1.115209864,5.12444635316696,-0.552400695,-0.369953814,-0.333243382,-0.290861246,6.77297003746347,-0.413380412,-0.287100881,-0.288011994,-0.268037402,5.71209235242503,-0.203287859,-0.217901229,-0.181919381,-0.422464164,5.22249474847868
-0.383798517,-0.233006553,-0.297011155,-0.212505032,4.80885295134418,-0.001626724,-0.243704555,-0.237080492,-0.431497506,4.78665671604096,-0.430496929,-0.303039809,-0.290864953,-0.139536216,6.63920322408076,-0.191970228,-0.316807923,-0.165643991,-0.358400306,5.87096608808121,-0.295537968,-0.257334034,-0.214991235,-0.025385709,4.9405313453495,-0.370030327,-0.21735733,-0.226822223,-0.23318779,5.64267638790766,-0.41902747,-0.192089455,-0.373984127,-0.137289066,4.836645057,-0.072621567,-0.33237849,-0.211729171,-0.334117702,4.98752203629708,-0.3935082,-0.294950484,-0.291641959,-0.202498842,6.70072286675943,-0.189666755,-0.318667129,-0.156175322,-0.390024959,5.8740455705315,-0.3584806,-0.314836869,-0.20066018,0.0372395011979181,5.06050310709277,-0.243298669,-0.132992785,-0.19418753,-0.46952936,5.46625535891411
0.0474090594468096,-0.251489195,-0.264300583,-0.322631077,4.89066704267898,-0.193704077,-0.319398073,-0.247936525,-0.046599582,6.10478973712088,0.0689072991790081,-0.21492055,-0.108108573,-0.873536523,6.69615335525079,-0.252496954,-0.291698578,-0.186939962,-0.342488516,5.88177444561367,-0.38225398,-0.281094276,-0.257522953,0.0928961968482757,5.43161638517755,-0.41867251,-0.244605976,-0.258083937,0.0984177729600355,4.85063916877141,0.0743286788244358,-0.249331055,-0.262611201,-0.33231187,4.91096318357977,-0.226662609,-0.344804017,-0.253987479,0.014326988555897,6.33932210628593,0.0687515467562899,-0.235458139,-0.07996986,-0.899888473,6.83922996905228,-0.248953581,-0.322071938,-0.16364135,-0.326744416,5.98004216914142,-0.362254766,-0.287482376,-0.254297995,0.0552848837135132,5.41055283591599,-0.351592984,-0.218501914,-0.216985951,-0.01832228,4.75146104399431
-0.526698076,-0.214832121,-0.43664439,0.0138121612978365,6.09541643633994,-0.163543721,-0.272861815,-0.206845761,-0.546507946,5.12622662437474,-0.354496664,-0.356093113,-0.213641099,0.15023980732495,5.15381396681838,-0.288108567,-0.31171887,-0.150553781,-0.5044038,5.83026537862391,-0.136045869,-0.217297446,-0.165208963,-0.369857231,5.01433335052268,-0.100254742,-0.249725876,-0.223988079,-0.287381704,4.48966797762806,-0.549012591,-0.216228562,-0.435474283,0.0749458758668168,5.92424382097826,-0.246210491,-0.332043635,-0.204611152,-0.4740941,5.22286170929572,-0.182503609,-0.281000165,-0.138567662,-0.149773573,4.91518533663542,-0.280373018,-0.30585117,-0.147827062,-0.522778687,5.78867808813312,-0.078266321,-0.188235836,-0.148506388,-0.45057534,4.89887288269243,0.0122488089349962,-0.182833803,-0.187835933,-0.463336701,4.31720328550469
0.113345764379139,-0.237441593,-0.054423146,-1.358033953,5.88649262493465,-0.348768943,-0.176676752,-0.352570489,0.245701308775076,4.47179092090127,-0.178319641,-0.353303982,-0.193911047,-0.207408497,5.15889891791094,-0.275303049,-0.244067231,-0.315806194,-0.165968775,4.91454073266253,-0.42366471,-0.255166531,-0.310456637,-0.009461084,5.28821624786159,-0.159405977,-0.170492476,-0.200544438,-0.577017487,5.95523070119368,0.143494664046692,-0.234300554,-0.024958175,-1.413120202,5.84850469696278,-0.406011065,-0.147016805,-0.42250567,0.331783201203078,4.54588823265741,-0.074756677,-0.296889302,-0.160259218,-0.363456939,5.04133503892035,-0.32768606,-0.259123287,-0.346939047,-0.084067061,5.05213469838769,-0.478840719,-0.247503319,-0.355645758,0.0944852606720255,5.30479929828679,-0.127067217,-0.156880251,-0.186634122,-0.63801895,5.96685749731852
-0.202278885,-0.294550269,-0.160921516,-0.857300885,5.43516613504171,-0.548339484,-0.177630173,-0.384314863,-0.139173651,5.61196122642853,-0.45157937,-0.340590238,-0.261741524,-0.198726068,4.92708356962044,0.0660855193959611,-0.153210876,-0.193274929,-0.838553002,4.77605753905048,-0.0586091,-0.232504028,-0.15272409,-0.686059687,5.83686566983506,-0.340119069,-0.278901707,-0.231728249,-0.09693892,5.12672920299284,-0.164896149,-0.300481145,-0.137862191,-0.961603332,5.31438536845087,-0.870638164,-0.230361613,-0.549509727,0.228441490316104,6.14664950747513,-0.364329526,-0.296326396,-0.195097801,-0.343824394,4.85584323221713,0.0426558379948556,-0.166995939,-0.207828211,-0.807407567,4.82912643085548,-0.117126734,-0.274818633,-0.159436685,-0.593626868,5.95294570993573,-0.204711046,-0.233015894,-0.171460359,-0.322440401,4.9738316295178
-0.379842693,-0.298940332,-0.238216465,0.126391287030438,4.90639664920888,-0.40028982,-0.327108733,-0.268612128,0.134415644044291,4.52940412211957,-0.178906919,-0.312200266,-0.219486471,-0.365135224,5.2833520017398,0.0482349135881463,-0.190244663,-0.163098223,-0.572988835,4.60545238862363,-0.105632416,-0.209802485,-0.240270025,-0.760628481,5.77591005027215,-0.31209658,-0.376094834,-0.141932236,-0.058851427,4.86496500331184,-0.345900637,-0.293115899,-0.212989037,0.0414320047789195,4.85507526025203,-0.528111406,-0.380995048,-0.313920259,0.239947365024488,4.66039374020862,-0.071608027,-0.270298765,-0.170441759,-0.542341025,5.16710359341555,0.0824951018372806,-0.177629906,-0.146439231,-0.639559671,4.55283903575379,-0.101647904,-0.232660263,-0.205773158,-0.820964009,5.74715522840426,-0.194162282,-0.303337304,-0.113949276,-0.230107257,4.71567935012799
-0.282323944,-0.218957595,-0.310153897,-0.11217524,5.20789506653275,-0.106161415,-0.216868247,-0.135454547,-0.569540278,5.62032902900775,0.0563306693703387,-0.266435131,-0.085793084,-0.735306418,5.88273534704746,-0.295182791,-0.230708015,-0.278513318,-0.329284238,4.91913536617856,-0.405609256,-0.317371773,-0.267772799,-0.060652797,4.64493379088166,-0.220286299,-0.2857491,-0.293556068,-0.237328826,4.31059389647556,-0.298148082,-0.196538979,-0.350678192,-0.082909305,5.28130529726111,-0.129213592,-0.255850216,-0.093628015,-0.547193071,5.63126257738261,0.0819672943117137,-0.234502218,-0.087571043,-0.789182863,5.86901412182785,-0.278734178,-0.227124537,-0.278122401,-0.336949226,4.87974225852854,-0.375132008,-0.312380696,-0.246439816,-0.123916079,4.60591741109008,-0.110139641,-0.254530749,-0.230473377,-0.429829307,4.11170346623172
-0.192929538,-0.335173526,-0.160975278,-0.127916102,4.67968172885612,-0.215546868,-0.158144947,-0.312283352,-0.231940605,5.74512155420081,-0.56801604,-0.398367729,-0.33656448,0.298146282689748,4.30311413376242,-0.385718077,-0.332823971,-0.236264721,0.0878095558648033,5.36252489833877,-0.129633363,-0.238133669,-0.282646339,-0.244926388,4.2127926126852,-0.528506031,-0.247254382,-0.282039056,0.123285518711578,5.43196535658105,-0.238893718,-0.380320201,-0.155966098,-0.083444044,4.77864277937368,-0.144660004,-0.120441925,-0.28956141,-0.334923519,5.62079583699206,-0.362537527,-0.306811486,-0.258367634,-0.080095816,3.96964183947531,-0.328347259,-0.30337982,-0.221069191,0.0300122703368156,5.25627182862502,-0.132865849,-0.263031813,-0.259167394,-0.229680767,4.26197540302982,-0.389132015,-0.182490005,-0.21892059,-0.102923994,5.20917830255117
-0.196218297,-0.195817328,-0.198967199,-0.116745984,4.26067378714754,-0.471110303,-0.294306261,-0.435587144,0.287444740959333,4.05519406366262,-0.089835561,-0.127383869,-0.229158729,-0.393139701,4.05661299512934,-0.229377078,-0.328492493,-0.285673253,-0.317837118,4.56184123804925,0.00542771737781722,-0.255163698,-0.131551169,-0.424528269,4.04918174913688,-0.271556952,-0.37912474,-0.191111998,-0.029209964,4.33356117654612,-0.232764077,-0.180993928,-0.230476914,-0.038988799,4.25982941637724,2.57958314635958,4.74377195995014,-7.159692061,-36.86620225,170.59480693596,-0.088076432,-0.129917106,-0.22358431,-0.407989339,4.11403870052681,-0.230476465,-0.311247701,-0.302813698,-0.380727503,4.59877498589482,0.048104177765605,-0.236023556,-0.109723125,-0.485091624,3.99805870406442,-0.205395748,-0.35453114,-0.135099822,-0.174887987,4.28517010023329
-0.480171645,-0.414945817,-0.234346185,0.180034981496676,5.94208959780946,-0.725367865,-0.250327983,-0.518142999,0.367557757384348,5.23875542757503,-0.147220938,-0.286599817,-0.158643264,-0.321753321,4.30590104788913,-0.429595177,-0.295427407,-0.265183791,-0.257616926,5.87377129502241,-0.341923349,-0.234427733,-0.294477646,-0.138573949,5.23543747184635,-0.297382326,-0.262803757,-0.242528214,-0.460383639,4.6197967723957,-0.505073855,-0.389295649,-0.284571218,0.184786692849303,5.92334395838168,29.0545487539951,-5.438835765,6.92001714007034,-52.88544136,170.564331917356,-0.105874832,-0.250698388,-0.146313597,-0.409726603,4.26448263446821,-0.460483734,-0.302111848,-0.282364444,-0.210724675,5.90524001777602,-0.311779734,-0.210070151,-0.287030945,-0.200444806,5.1349071458901,-0.230231333,-0.219719157,-0.225416171,-0.60157937,4.57498640215039
-0.113046266,-0.352570598,-0.093883868,-0.385743705,6.63271533429682,0.0735679533548617,-0.194697887,-0.090533004,-0.995059049,4.78859352736932,-0.194851005,-0.343333561,-0.207994197,0.0175935725037455,4.32475131430683,-0.204623906,-0.217330023,-0.23335408,-0.190104645,5.02916389794835,-0.171104846,-0.193942184,-0.199944509,-0.080321456,4.28329807711962,-0.210839192,-0.222741399,-0.224990425,-0.396596307,6.6947804060797,-0.219007276,-0.43227628,-0.091921824,-0.239706492,7.10072119190809,0.111774065572603,-0.166697241,-0.086417491,-1.063592232,4.74785216929004,-0.148395632,-0.308066396,-0.192619263,-0.087671891,4.28271339194331,-0.164443106,-0.203537413,-0.204726051,-0.253804358,4.95978621732877,-0.130363143,-0.175091549,-0.195701318,-0.151313117,4.26447228558484,-0.131844159,-0.167692277,-0.221482546,-0.558485355,6.65353911793213
-0.229853914,-0.089866961,-0.308730726,-0.186741106,5.08241406484178,-0.106090315,0.00510782890032091,-0.354506857,-0.164844925,4.86591043932475,-0.065441801,-0.141893722,-0.202292636,-0.226358622,5.255180673,-0.128618418,-0.198372592,-0.212990061,-0.096842946,4.25988942146019,-0.054138193,-0.176005087,-0.236274624,-0.679193938,5.30068764892125,-0.001295318,-0.067475456,-0.182740019,-0.80448279,5.10844034827726,-0.23446588,-0.143543438,-0.278464212,-0.180320628,5.08263739406148,-0.115578468,-0.003371126,-0.363448704,-0.145115074,4.93314721855344,0.0528263451379456,-0.1370835,-0.110595259,-0.425667876,5.10457641504867,-0.108744752,-0.177762317,-0.220476384,-0.116626602,4.24888584563526,-0.092673155,-0.159041874,-0.279063308,-0.637655733,5.3727300726337,0.0966876045790041,-0.03075821,-0.123833184,-0.989096278,5.00500729223142
-0.275483388,-0.241653144,-0.319551494,-0.335822889,5.37318465668795,-0.311506498,-0.192441569,-0.240409055,-0.129294922,5.46622648860264,0.104111305605438,-0.214279851,-0.107342106,-0.670957137,5.16161324283429,-0.224215024,-0.189946285,-0.30145715,-0.325087175,5.29333831941796,-0.582580563,-0.430799422,-0.248367337,-0.115411606,6.54958891524401,-0.196772692,-0.202419599,-0.202885144,-0.54583076,5.1446579765526,-0.272790696,-0.200461218,-0.340671847,-0.336525694,5.38786114375011,-0.280709176,-0.176943078,-0.218755992,-0.179780712,5.33997660954575,0.168175786917318,-0.193389472,-0.07639372,-0.800592173,5.1660879216368,-0.212126679,-0.179434546,-0.299001924,-0.357697982,5.26462821353033,-0.713935518,-0.500756573,-0.285928863,0.0714683912765916,7.04427604238492,-0.164326238,-0.183766729,-0.189089727,-0.620515181,5.12847758576022
-0.259297832,-0.220129293,-0.187905189,-0.399708527,5.99743269606014,-0.344070965,-0.275284712,-0.242583811,-0.168718277,5.19106269019203,-0.003931899,-0.287361907,-0.128443357,-0.358237337,5.6819729889793,-0.133821619,-0.202930669,-0.25898483,-0.403706117,5.06039037335179,-0.068562663,-0.105567166,-0.240028824,-0.603824449,4.78563464834996,-0.436896278,-0.234932467,-0.326445435,0.0349385210497098,4.67977188079439,-0.210179951,-0.200884507,-0.180340033,-0.459878049,5.87696027312476,-0.332861797,-0.25681054,-0.245046764,-0.148566014,5.18881315855902,0.0599437981491837,-0.254957701,-0.101319749,-0.465903326,5.51330189403708,-0.120132902,-0.180283665,-0.267991066,-0.46733138,5.04138738088053,-0.0234058,-0.086917097,-0.233189019,-0.667255117,4.74529885756799,-0.41173202,-0.222208333,-0.301005867,-0.022953081,4.6570224818093
-0.726929346,-0.32640046,-0.547968313,0.613653662680684,5.15003001007902,-0.275569704,-0.079828364,-0.308336825,-0.460736273,6.34373975461548,-0.184282113,-0.143701627,-0.285211029,-0.346727516,4.80063217139338,-0.151011881,-0.313755847,-0.14936094,-0.21716255,4.98060881755153,-0.03204187,-0.221143393,-0.049422443,-0.995038971,5.19973776666429,-0.000123126,-0.149519582,-0.146338584,-0.634934962,5.23943524951662,218.690148347189,-6.8372736,-0.724046119,74.0552127037353,167.798758496035,-0.29235505,-0.072969264,-0.328451096,-0.427628118,6.41441498242275,-0.018728665,-0.079172855,-0.214802661,-0.61430172,4.57474089880787,-0.162716209,-0.335323939,-0.13968764,-0.174745458,5.01762064098512,0.00452580120070962,-0.212062474,-0.019601877,-1.057277182,5.16278592729486,0.0663524527879584,-0.135655799,-0.110119952,-0.756296821,5.1991942826799
-0.641918505,-0.397702508,-0.373155466,0.447183186458994,5.61559285959782,-0.099708632,-0.270814215,-0.127644467,-0.769955808,4.82444833347096,-0.109666247,-0.123307411,-0.320945502,0.0198431318662855,4.04793655621682,-0.33853618,-0.254712577,-0.262159205,-0.41002404,6.10360861505727,-0.160713296,-0.277222225,-0.327597787,-0.304917715,4.71266623225578,-0.404258826,-0.280422984,-0.248959734,0.0120733467555553,5.52556637327028,-0.823737182,-0.52943744,-0.387668212,0.798297097683272,5.87851528718834,-0.107464486,-0.289611817,-0.112775671,-0.801805132,4.90959943485812,0.0451871545570522,-0.044100508,-0.281446239,-0.246506567,3.92685452450701,-0.362064498,-0.26550327,-0.271303111,-0.352824629,6.07267213593496,-0.188563329,-0.285039562,-0.339338145,-0.25162986,4.75868975620109,-0.312687528,-0.243110463,-0.208332732,-0.121672437,5.31728540166977
-0.135591351,-0.207758872,-0.151134532,-0.34575806,5.4358853606736,0.116111312939668,-0.273918971,-0.053941622,-1.122723213,5.12516511809454,-0.151704639,-0.260405923,-0.174851745,-0.836036202,6.25117907063465,-0.044603407,-0.146459735,-0.282060691,-0.656043525,3.97484017154463,-0.251892784,-0.313567631,-0.222247741,-0.248549598,5.5929735476646,-0.116048265,-0.174539289,-0.189996643,-0.411988668,5.59806096247827,-0.167140119,-0.22351115,-0.178327724,-0.283184026,5.47704684385148,0.11082353235689,-0.347687566,0.0396440723024781,-1.175013708,5.2552156686593,-0.093416653,-0.207306569,-0.170420056,-0.944265431,6.14294384811855,-0.059140739,-0.165495967,-0.274236705,-0.646297324,3.97989401231758,-0.36320163,-0.390521106,-0.256795372,-0.059874497,5.8905704807692,-0.085820368,-0.164370271,-0.16998266,-0.510275058,5.67378945631364
-0.22087151,-0.252466299,-0.099799655,-0.333873998,4.86997218094428,-0.385129869,-0.23269281,-0.194628401,-0.240471782,7.84143324606844,-0.40443322,-0.342346932,-0.164134064,-0.030034226,6.57079570515031,0.0732054184692485,-0.152222087,-0.235786708,-0.484355243,3.782150864,-0.198153889,-0.275263944,-0.233677868,-0.373477439,5.312832872,-0.077734017,-0.250204806,-0.162831171,-0.462123036,4.90406173692018,-0.361077133,-0.341573751,-0.120278783,-0.128293834,5.03374158347193,-0.41812133,-0.257495151,-0.177756989,-0.194480621,7.86914556304526,-0.396606475,-0.335310382,-0.145826885,-0.032393497,6.56242987731031,0.0960190255464368,-0.156829022,-0.21273083,-0.509978598,3.77275543292861,-0.163776713,-0.273642659,-0.210396996,-0.427681535,5.29118964678749,0.0029235278078073,-0.199249524,-0.140779142,-0.60014824,4.76764072535488
-0.730135155,-0.563772061,-0.259330262,0.541323417572846,5.73705677154044,-0.631518651,-0.333408451,-0.401858029,0.115012754431153,4.84423828555462,0.0827147351816989,-0.156948135,-0.192871258,-0.765164308,4.22503040718038,0.0457660602928733,-0.106330818,-0.280547091,-0.614996852,4.75861974984609,-0.186168584,-0.184293771,-0.250409495,-0.360182564,5.19045205091129,-0.370061723,-0.226926321,-0.285591917,-0.096460026,5.28439053254346,-0.744159057,-0.590244538,-0.225679043,0.558955163109094,5.57987269620961,-0.838110413,-0.351801758,-0.498273467,0.270923106963936,5.11046753062339,0.134805602065526,-0.16201214,-0.134666246,-0.864635515,4.1781633153394,0.0522411206851449,-0.102777237,-0.278124217,-0.63757591,4.77250250404521,-0.251971285,-0.208269174,-0.281340594,-0.235019492,5.32518951637506,-0.296567632,-0.197686987,-0.24827941,-0.21605435,5.1368177454981
-0.396373738,-0.26070028,-0.214859885,-0.342148604,5.80322195624121,0.133780490374657,-0.167147538,-0.141532189,-0.676631805,4.74073813477025,-0.318853217,-0.314946845,-0.182277342,0.0920089581775671,5.99655954760756,-0.476810344,-0.254207242,-0.385846055,0.203312505362228,5.92021714339005,-0.067589374,-0.251014586,-0.160696333,-0.402610444,4.40395579203192,-0.030345444,-0.209779629,-0.092937928,-0.59173142,4.85719568223515,-0.369724002,-0.243215321,-0.217217052,-0.359538314,5.73928819720611,0.140052900087192,-0.194292041,-0.102159733,-0.709622791,4.76963891961833,-0.312760663,-0.301541667,-0.163726507,0.102931435475539,5.97065532060248,-0.50140376,-0.285478614,-0.370568858,0.243743519582935,6.0913752202444,-0.062478935,-0.249689934,-0.167966013,-0.394614385,4.39114039131213,0.0248383307457254,-0.174408875,-0.068487697,-0.710842465,4.8148631819922
-0.271176702,-0.45706659,0.176458512783581,-0.298335117,5.14663804630684,0.0312000881151933,-0.205629732,-0.10749066,-0.855716463,5.84034812050391,-0.006258487,-0.234532212,-0.128327029,-1.073927569,5.24385064200399,-0.169611769,-0.246389842,-0.188233955,-0.127143616,4.85462787471698,-0.371214696,-0.22749054,-0.348745761,-0.117266713,4.9982842510114,-0.835451391,-0.445574017,-0.409846666,0.285487016286827,6.81020579120657,-0.118738722,-0.466437143,0.368707825415186,-0.725556691,5.32344162813042,0.0959689095277399,-0.199738549,-0.050048932,-0.978605606,5.77400710940787,0.0758558336778911,-0.249438891,-0.045952217,-1.24528132,5.26856490153752,-0.159167431,-0.216760034,-0.211681563,-0.13917502,4.8230955688987,-0.342001919,-0.218311673,-0.326232522,-0.17200968,4.88777091492175,-0.646302039,-0.332615445,-0.363134335,-0.028524871,6.4870655354242
0.0777387028981682,-0.250981141,-0.136844079,-0.572554407,3.81868313168537,-0.001777998,-0.269949535,-0.111098714,-0.738562652,6.18299724727266,0.236818470579828,0.0525082335603936,-0.181935265,-1.002337948,4.77978913056451,-0.409704655,-0.149751329,-0.382893687,-0.210565676,6.22458846829911,-0.025140191,-0.158847932,-0.200271876,-0.480794993,4.51482953820122,-0.496957985,-0.316291311,-0.380195448,0.314559588383289,5.23121155649807,0.0916807414807349,-0.25770067,-0.121836757,-0.62927915,3.83496553760704,0.0272878256865197,-0.260835027,-0.10034258,-0.74890537,6.07457194726992,0.345144673221166,0.0582540251668364,-0.094852296,-1.167843003,4.6924866548576,-0.437618383,-0.168555484,-0.408117881,-0.129156777,6.2419584339605,-0.026910604,-0.170859754,-0.182260979,-0.487420298,4.54756239493217,-0.341075272,-0.234597059,-0.316066746,0.049851126304795,4.86659953346076
-0.612789301,-0.308501064,-0.335220283,-0.211480377,7.04153091856742,-0.299709544,-0.283330186,-0.23418969,-0.336265585,4.59883214480844,-0.152742977,-0.163814933,-0.197935963,-0.563715305,5.56135844609507,-0.29823972,-0.337594117,-0.191823098,-0.037079055,5.00954593489163,-0.366337012,-0.262525628,-0.330172303,-0.094949182,5.13136158883832,-0.304570376,-0.292444897,-0.175814246,-0.15963481,5.02757053097805,-0.655189509,-0.313959143,-0.382196376,-0.182968741,7.13010728956604,-0.283944602,-0.26333201,-0.255299652,-0.317674986,4.48356403394125,-0.077087157,-0.139977139,-0.157158898,-0.683744955,5.43927349730134,-0.285795849,-0.340837371,-0.167846661,-0.043021289,4.94679369885962,-0.323974224,-0.218136484,-0.318524831,-0.151621606,5.09736427411244,-0.178090136,-0.235555233,-0.114869641,-0.379493857,4.82743403645835
-0.271308429,-0.150038427,-0.178394344,-0.172626049,6.05568284686193,-0.178289102,-0.212935096,-0.214852567,-0.463725803,5.03854637221299,-0.206053869,-0.182137812,-0.265287925,-0.399748231,5.69502240414629,-0.317821376,-0.298171499,-0.262023276,-0.21992494,4.33982101593541,-0.372519525,-0.257149879,-0.355412036,-0.349487196,5.14004920219672,-0.391828387,-0.204907961,-0.324003157,-0.194368138,6.44945419480561,-0.257777212,-0.113464278,-0.190480509,-0.214139693,5.99078871171503,-0.200914334,-0.230915591,-0.211397142,-0.474193479,5.14280621156703,-0.137349266,-0.175160556,-0.226885883,-0.512414744,5.62052138358693,-0.26218479,-0.259892288,-0.272187412,-0.320427545,4.27062850564342,-0.440763459,-0.289696045,-0.386640514,-0.359906356,5.32174560717791,-0.317134333,-0.183163249,-0.280019251,-0.303442501,6.27581772785332
-0.545492833,-0.364188257,-0.424073351,0.115035902017001,4.85708948090327,0.0552366178676774,-0.130829801,-0.05278733,-0.66796971,5.31070861707846,-0.152334838,-0.316620899,-0.005079535,-0.283947461,4.54462214946856,-0.236523674,-0.279377073,-0.249036069,-0.025214041,4.9216788350316,-0.537211649,-0.288598152,-0.42909676,0.0227457288903887,4.46424713045829,-0.091907447,-0.20971012,-0.200116281,-0.337710977,5.17826291721011,-0.572255858,-0.331082296,-0.492754668,0.143174263605183,5.18822338081481,0.0416998359942777,-0.129913198,-0.065848267,-0.634697466,5.27641608243164,-0.017291325,-0.234835371,0.0154515468093311,-0.513270061,4.42572518045143,-0.321641,-0.351429328,-0.224290222,0.0124033411336081,5.43203920036837,-0.642463727,-0.296565436,-0.53194165,0.199475556821704,4.56014303972614,-0.023550025,-0.180424956,-0.173824382,-0.45070766,5.0997074514786
-0.153909776,-0.329554806,-0.200521319,-0.307558845,4.43099014575686,-0.67725229,-0.407581651,-0.335498355,0.46038948558424,7.05697040701204,-0.044639119,-0.181011864,-0.153665254,-0.362976466,4.18162663894146,-0.106057576,-0.242910978,-0.15355416,-0.791177312,5.79064524452389,-0.157358358,-0.227583574,-0.20817219,-0.335429003,5.3766325399985,-0.47352488,-0.363376869,-0.259822125,-0.111144445,4.46848072916553,-0.151753642,-0.341297808,-0.196357771,-0.37165255,4.51914684850167,-0.904338339,-0.455996053,-0.444174524,0.790466964575156,7.16206267347185,0.0265867937302073,-0.1262089,-0.153543493,-0.467044155,4.13224087012078,-0.11836619,-0.222851059,-0.190251107,-0.763061924,5.76110377054389,-0.093791938,-0.199441234,-0.181260311,-0.416816202,5.18166149490979,-0.378454685,-0.320382136,-0.199617007,-0.27598863,4.30799575310909
-0.423421429,-0.320787109,-0.216043445,-0.244334053,6.06038808387171,-0.417393776,-0.228401251,-0.175373714,-0.050108499,5.1393244098019,-0.196923512,-0.364144425,-0.155267351,-0.222352616,5.23349972196333,0.0725068549041588,-0.126973404,-0.162973197,-0.909708174,5.10680744272607,-0.658092834,-0.342228547,-0.401960578,0.315067129247216,6.26000075723733,-0.062754327,-0.18442064,-0.164768063,-0.524101005,5.60455425811629,-0.418609253,-0.351394365,-0.171699643,-0.300503162,6.05024921761785,-0.393917009,-0.223799748,-0.159486358,-0.089496425,5.13347902738303,-0.027508178,-0.297930739,-0.079771526,-0.479400583,4.89933752798606,0.121901606567559,-0.098794428,-0.148193736,-0.99798528,5.04606829735003,-0.85167155,-0.490294958,-0.370642984,0.609085344232208,6.22566418424608,-0.029314426,-0.146391182,-0.157113819,-0.583799472,5.52552929186911
-0.190875781,-0.180068002,-0.352373484,-0.573963902,4.49423944346091,-0.257345688,-0.195182124,-0.332447714,-0.213301086,5.31438862614154,0.076338293754207,-0.335784476,-0.160855345,-0.367045012,4.43753241660414,0.102412740572217,-0.14642583,-0.112296168,-0.641781167,4.2637200004274,-0.201992941,-0.237940182,-0.187639626,-0.39035559,4.92312049577812,-0.408148096,-0.189047532,-0.395253752,0.0400838048879085,4.50425292822535,-0.152450425,-0.153441856,-0.330453861,-0.647930865,4.40283858356218,-0.362867266,-0.257488602,-0.351997394,-0.002376529,5.41967062504857,0.180917659122508,-0.250562171,-0.138237855,-0.534282442,4.25779058936743,0.100407254943669,-0.146328175,-0.110800837,-0.633352613,4.26746690261123,-0.223353771,-0.260386825,-0.192465644,-0.34864079,4.99350645169904,-0.318278528,-0.164139444,-0.333920946,-0.119771554,4.40928455280882
-0.690604713,-0.400982623,-0.42921926,0.395769623767306,5.50170470479976,-0.306495301,-0.270949199,-0.214681604,-0.270927881,6.99522700568973,0.113599629986181,-0.181526051,-0.067756346,-0.403020844,3.76610749643136,-0.571821008,-0.279436928,-0.40859529,0.118938024773636,5.89681048127355,-0.035903067,-0.138861993,-0.254177126,-0.440125844,4.80913126006826,-0.286358477,-0.230359302,-0.33315309,0.107239470594043,4.1726922970143,-3.922446026,-1.225156295,-2.52014104,-16.6849605,168.332729553197,-0.270363899,-0.259625238,-0.190997098,-0.349953702,6.93718644937911,0.152622296569458,-0.142252451,-0.081290384,-0.481933041,3.76624839785774,-0.645744739,-0.302123666,-0.456239807,0.248451513643313,6.03524993725464,-0.028467164,-0.153630258,-0.245693371,-0.440363789,4.79377841535523,-0.123167235,-0.170057888,-0.259097621,-0.149995855,3.96898480459582
-0.42696069,-0.353681828,-0.275771237,0.1479973096859,4.46396512840521,-0.403073316,-0.3528676,-0.140232222,0.189914335555514,4.94993471348443,-0.285290696,-0.316942789,-0.188494047,-0.335156319,6.49130517114332,-0.659518211,-0.449990628,-0.282967678,-0.095888132,5.8157643813804,-0.153963392,-0.247401359,-0.250842805,-0.596966335,5.46059016504468,-0.353955533,-0.264988139,-0.267652778,-0.120974977,4.52372671043215,-0.713437557,-0.295310421,-0.581241733,0.479840916656975,4.94250754949653,-0.492413764,-0.390767332,-0.17981496,0.289486221368161,5.22075296598159,-0.231381804,-0.271664961,-0.182130197,-0.442885649,6.27646486647247,-0.714870045,-0.510290038,-0.255587858,-0.036142486,5.91017328934495,-0.178048607,-0.261175421,-0.237896924,-0.576004877,5.53182526290194,-0.288459253,-0.222407886,-0.235829012,-0.232159551,4.43370588723793
-0.676934804,-0.396489904,-0.31741737,0.105445082392637,8.12547477888056,-0.232867537,-0.256023764,-0.265402836,-0.075392629,4.74754059839999,-0.284447683,-0.24504975,-0.253309469,-0.17740938,5.83228432432579,-0.340715407,-0.267529371,-0.312771898,0.00401202731822117,5.51509068072278,-0.386261511,-0.246000101,-0.342728191,0.103186440360711,4.47572822736416,-0.413857548,-0.340772171,-0.345174648,0.0716625556009327,4.92697315314902,-0.620336528,-0.349897616,-0.311414372,-0.016747514,8.09577712461456,-0.258630864,-0.2652947,-0.28032067,0.0153024643401142,4.75778134827759,-0.095858644,-0.16598338,-0.183323651,-0.493087311,5.51876258564502,-0.424516662,-0.298238936,-0.366191732,0.106939052827631,5.75709077899747,-0.3286227,-0.208175635,-0.330829883,0.0045147001465378,4.37909720145296,-0.287147522,-0.294744375,-0.283993924,-0.130417893,4.69945169574783
0.044911050350275,-0.196816595,-0.00508747,-0.966852889,6.49595998428984,-0.911324982,-0.452650545,-0.501296464,0.407572707577057,7.12404284876272,-0.351263017,-0.292067205,-0.213118918,-0.29914019,5.46777730087525,-0.26501274,-0.238923362,-0.301698576,-0.311018615,5.67521980989883,-0.21880666,-0.296877655,-0.266358304,-0.141197029,4.26868957268432,-0.015192851,-0.171856015,-0.251896736,-0.511902296,5.22761674947514,0.0498900157940516,-0.203919407,0.00062202662680047,-0.971306074,6.5378572131068,-1.428925983,-0.557716583,-0.821754513,1.05242277748517,8.05272166748096,-0.254773858,-0.255248919,-0.173536709,-0.432595909,5.25129713418457,-0.257394228,-0.222795753,-0.310733777,-0.308186503,5.70679770776763,-0.247693967,-0.344979261,-0.243526343,-0.094935611,4.33311323380828,0.0726492521372259,-0.123293543,-0.221434766,-0.648330539,5.04496250114789
0.017034768914916,-0.149518324,-0.204814325,-0.717133227,4.41645955633827,-0.316936949,-0.233633712,-0.201066711,-0.224319886,5.67872153480376,0.192854683962322,-0.181975193,-0.146263819,-0.43429061,3.1411396262263,-0.552449172,-0.304644613,-0.349136624,0.285631753260328,5.1428165181205,-0.104378403,-0.164945152,-0.213344113,-0.553334624,5.0815964279267,-0.09525473,-0.216389585,-0.15277052,-0.572202372,4.68225230644034,0.046734000457659,-0.168693288,-0.175027499,-0.773104875,4.3881967209342,-0.288474183,-0.242428156,-0.181798828,-0.297247133,5.64464360951042,0.237230078052709,-0.169978077,-0.096147596,-0.536486681,3.06347979548422,-0.592257265,-0.320928505,-0.352503252,0.337559467828085,5.25321003895565,-0.095268113,-0.167982028,-0.20139321,-0.599889677,5.00915317813347,-9.06E-05,-0.183444335,-0.096823623,-0.72143554,4.57397251426841
-0.267723255,-0.290765638,-0.336559492,0.238884888729642,4.49838212134259,-0.651999305,-0.579696273,-0.255839011,0.268471740255028,5.67252673766262,-0.33630107,-0.373505457,-0.069262276,-0.057154855,4.34487188918196,-0.104340449,-0.229555382,-0.150830324,-0.645965326,5.60129056191864,-0.307135822,-0.244607801,-0.265764022,-0.134569684,6.44495930826831,-0.401872874,-0.318112869,-0.299728963,-0.077295833,5.51079037963966,-0.245464615,-0.254250443,-0.372254123,0.242570750448935,4.4213460799096,48.5512788767353,-2.097757974,14.5213196536568,-292.0641363,167.055043790344,-0.253702641,-0.320341229,-0.061970752,-0.179018786,4.15738180165227,-0.08838298,-0.229567914,-0.133188645,-0.680920449,5.57049977405783,-0.377802824,-0.227365944,-0.364036127,-0.030524753,6.63796779013561,-0.33509399,-0.290213138,-0.260791255,-0.167805896,5.37081691981611
-0.422771027,-0.230475566,-0.462621364,0.149706170254655,4.54889871120829,-0.458338439,-0.273176449,-0.268246384,-0.258313674,7.21483604832273,0.0627885518849018,-0.194675837,-0.143292035,-0.965271531,4.63255104178605,-0.188596344,-0.241516029,-0.208060997,-0.506976019,6.3980934813518,-0.141287978,-0.165902667,-0.27925373,-0.370013131,4.86257863775367,-0.375330563,-0.300711798,-0.227973243,0.0252473073161836,4.59666836664886,-0.383775191,-0.162507214,-0.517607764,0.0323423997854023,4.52860607438603,-0.426118344,-0.255508079,-0.244844582,-0.268190059,7.18304275209559,0.149848839685571,-0.139522377,-0.107017606,-1.127241762,4.52030990766953,-0.180388004,-0.259600986,-0.184662716,-0.526250379,6.46449919725511,-0.176949318,-0.211869553,-0.273465444,-0.303687121,4.91165301547385,-0.346256336,-0.282037936,-0.210152259,-0.056233652,4.58398817840777
-0.184910343,-0.246405191,-0.134114311,-0.375284422,6.63823866915386,-0.247541439,-0.24841574,-0.33472703,-0.155313756,5.11726529251295,-0.116278278,-0.337620588,-0.08090217,-0.300608506,3.92744812952725,-0.112584829,-0.115271125,-0.263407566,-0.359971665,5.62906012268896,-0.097137283,-0.182156449,-0.282564086,-0.211647794,4.64535508035495,-0.028615966,-0.198441499,-0.17711008,-0.361228333,4.2748025935387,-0.187620627,-0.244745934,-0.140671841,-0.370336815,6.63743651886829,-0.227169454,-0.223071159,-0.331957309,-0.175917033,5.06653962402291,-0.007104466,-0.235900241,-0.080593208,-0.503888346,3.80734647268742,-0.16074601,-0.139987255,-0.28959526,-0.274125134,5.66057122979022,-0.094110481,-0.174748749,-0.310085217,-0.224534963,4.71051533001463,0.020824479596313,-0.161551847,-0.166439916,-0.451690459,4.22713311755601
0.240612692411099,-0.171335032,0.0200879528419988,-1.333825087,7.15922952752294,-0.194900221,-0.215995678,-0.20409106,-0.789987024,5.5274778652066,-0.004909622,-0.141483726,-0.193854911,-0.712350171,4.31662984913434,-0.162519835,-0.22048046,-0.132195704,-0.380013911,5.78796481980115,-0.492022982,-0.31480691,-0.370819283,0.22176204215927,4.94740141548001,-0.111716022,-0.192129268,-0.242687055,-0.313699477,5.40902156647653,0.240203377778648,-0.163463412,0.0234283042982196,-1.348878894,7.14954668380629,-0.17460259,-0.208186912,-0.201041521,-0.785467485,5.44854961567162,-0.009156274,-0.126028612,-0.198950896,-0.7223876,4.38258047076769,-0.165189566,-0.210555646,-0.143168575,-0.365725209,5.79420933368083,-0.524391461,-0.304413564,-0.399569035,0.249897302558664,4.99666778460803,0.00847897146096778,-0.139356678,-0.191656828,-0.503916066,5.20686348957185
-0.130443573,-0.277818655,-0.150143927,-0.44339042,4.33981375397148,-0.371525427,-0.23620589,-0.27346632,-0.690419137,5.55724507364235,-0.546815945,-0.470091875,-0.235983042,0.173578871011689,5.04763424504984,-0.379092428,-0.284627256,-0.308322814,-0.069858608,5.6691830840863,-0.209459965,-0.24208294,-0.154771776,-0.602785595,5.17242943639593,-0.14987365,-0.20046016,-0.284314842,-0.569085601,4.92935790447455,-0.120170039,-0.26812081,-0.13269531,-0.449396372,4.27180707129927,-0.571671461,-0.326746702,-0.338952928,-0.413176714,5.71847543521309,-0.462379096,-0.410038728,-0.217366899,0.00921716544331316,4.93355376132757,-0.392086362,-0.303293638,-0.307759581,-0.057650839,5.74814833496774,-0.227666504,-0.215553884,-0.185554523,-0.541850584,5.13058256023717,-0.050306419,-0.153855574,-0.242625558,-0.746821923,4.77276325152706
-0.47074993,-0.336457234,-0.370423186,0.0541051237484698,4.44295565231803,-0.380255319,-0.245225862,-0.27210204,-0.216351723,5.84751514656258,-0.350918905,-0.279034568,-0.305230319,-0.374550714,6.05794286079402,-0.46801344,-0.288663006,-0.334408001,-0.128931446,5.47307829552055,-0.293443744,-0.137325864,-0.283518847,-0.547149073,6.52147814589083,-0.175086778,-0.17272401,-0.190531704,-0.248335948,4.41080792066944,-0.555679343,-0.322296971,-0.429111173,0.0794219335482568,4.59694718302432,-0.441016186,-0.279244524,-0.304054825,-0.120828858,5.95928810680957,-0.230478502,-0.265314519,-0.227124594,-0.584043999,5.76399411959301,-0.458227633,-0.27977023,-0.328548573,-0.154995875,5.47229751945594,-0.288958469,-0.137190121,-0.276471298,-0.568638896,6.48021381137739,-0.071556655,-0.115750208,-0.15491314,-0.430747597,4.30188482886391
-0.337289133,-0.342539203,-0.235218543,-0.144678417,5.1084989421867,-0.627653554,-0.242766006,-0.386831413,0.19569803515001,6.95713577757926,-0.256807867,-0.260187336,-0.236730048,-0.006687831,5.47559231753953,-0.308818056,-0.292581098,-0.217956927,-0.356414856,5.77147860958959,-0.181079494,-0.279344316,-0.257968949,-0.181699819,4.49499855661214,-0.104154658,-0.161903433,-0.125547959,-0.545405047,5.38220547318583,-0.752816731,-0.584592081,-0.308040855,0.519829593900577,5.44466268668463,-0.703634751,-0.268932122,-0.412694229,0.294853867783432,7.02693749623812,-0.233372036,-0.268794769,-0.208640173,-0.067597055,5.48687436926636,-0.362546846,-0.327345495,-0.225397195,-0.324985031,5.87204871890698,-0.197726841,-0.309815805,-0.256225361,-0.144536928,4.58029108608943,-0.038739215,-0.130134492,-0.098872682,-0.643049261,5.28049977136125
-0.160157129,-0.256096134,-0.222997818,-0.24271732,4.89094224166473,-0.317879139,-0.458858338,0.0614955675509567,-0.374189556,6.09194840098175,0.0913406533464949,-0.092406659,-0.184505328,-0.696048877,4.27409751822383,-0.307364443,-0.192933661,-0.306351277,-0.310312283,5.32786909425499,-0.53768756,-0.187461535,-0.331414248,-0.059009866,5.98188644753074,-0.154882745,-0.227559332,-0.226074901,-0.473570174,6.56680326625229,-0.226875634,-0.283391937,-0.258078365,-0.137413551,5.02329637191864,-0.554814803,-0.673251113,0.0168912679094288,-0.141597033,6.73716668158136,0.144930699209121,-0.073682254,-0.155959417,-0.786304725,4.23081004567215,-0.259624002,-0.13513592,-0.314613035,-0.369286385,5.26310533569137,-0.689558798,-0.2465214,-0.384242976,0.168787970816392,6.28312464072039,-0.074159009,-0.202377158,-0.172568395,-0.61920206,6.34403728818637
-0.294731492,-0.332963021,-0.338190557,-0.172963932,5.22778518062641,-0.352581193,-0.325631592,-0.375343244,0.440627490944559,5.11665296181123,-0.432212558,-0.221972068,-0.328305558,-0.207614752,5.41837525126795,-0.196240649,-0.243012255,-0.183212219,-0.309491695,5.21698047374996,-0.345270386,-0.257369964,-0.287951909,-0.195232123,6.37245658596613,0.0731229587294764,-0.24539955,-0.131047856,-0.77708875,3.80157278498426,-0.504549852,-0.381912587,-0.499081137,0.0136846560589236,5.69976074807379,-0.355526464,-0.333019833,-0.362234726,0.453588107931901,5.07981930560706,-0.400252319,-0.210549202,-0.310035326,-0.278162084,5.45678503202554,-0.203001922,-0.234181712,-0.201526577,-0.295179299,5.26883792303788,-0.338080863,-0.229491538,-0.306380766,-0.214979375,6.43361158784308,0.154362926589834,-0.202649939,-0.08997598,-0.92960799,3.71913948052483
-0.27056853,-0.304729937,-0.188769943,-0.265112218,5.8819686810932,-0.34018851,-0.12850112,-0.361040644,-0.385401446,5.0941589352102,-0.233169442,-0.073004183,-0.300889327,-0.33470642,3.8151198594655,-0.594391382,-0.340338564,-0.354540781,0.422420849842131,5.11458302689052,-0.494721515,-0.317835852,-0.315037188,0.143543742224248,5.48037813605882,-0.139990944,-0.286893939,-0.114042797,-0.342995233,4.04541891031157,-0.235968447,-0.291319586,-0.159677532,-0.309673101,5.76135818741363,-0.387454021,-0.130987762,-0.39110319,-0.309713082,5.13150064653566,-0.169954889,-0.037206477,-0.281930601,-0.455660973,3.8165118783578,-0.705320971,-0.393116414,-0.406498153,0.560913340149077,5.50604100513784,-0.537038076,-0.346347024,-0.32794726,0.242185119072885,5.50796933462773,-0.043635078,-0.21838217,-0.100920458,-0.503013209,3.92402632503872
-0.178131818,-0.15826956,-0.341073261,-0.562920581,6.34906735484201,-0.377572345,-0.25851349,-0.30784799,0.0848151853480534,6.45798573800139,-0.155413578,-0.26947118,-0.15833587,-0.448997364,5.35270374022203,-0.163095342,-0.28719179,-0.163756081,-0.650227567,5.22892946435958,-0.674674832,-0.292019396,-0.371794604,0.224450355650256,5.43629794034499,-0.259479439,-0.279991386,-0.14958351,-0.339653951,4.71872688999213,-0.181690868,-0.147356903,-0.358323119,-0.520383534,6.34244168834212,-0.576136518,-0.3131016,-0.425386339,0.310172782206702,6.84978992385394,-0.055762727,-0.195313078,-0.150472687,-0.582063121,5.20481165354705,-0.139813553,-0.298732098,-0.12110374,-0.68871225,5.20947326106414,-0.579472858,-0.249626828,-0.342478356,0.0661301531268042,5.21945526055959,-0.172684646,-0.234904048,-0.117320255,-0.494845836,4.64292158474508
-0.188657494,-0.363036191,0.00190741692838957,-0.902717856,4.86170247087104,-0.800483802,-0.311451768,-0.359571045,0.601778820650232,4.9520980151088,-0.358373734,-0.24114189,-0.24634733,-0.290215451,6.1726304123409,-0.023972237,-0.226790079,-0.211801056,-0.504178837,4.43893421087143,-0.335995115,-0.317402501,-0.312138158,-0.157668497,4.76044432626649,-0.301799921,-0.318903966,-0.254031219,0.0236716119299854,4.8527186975245,-0.118257427,-0.371108849,0.0833343113734303,-1.143570156,4.865323479,-1.009093101,-0.364446861,-0.431544501,0.899548079923068,5.27142795254185,-0.291969175,-0.212057293,-0.214677506,-0.383480813,6.10434291958514,0.0131473042757346,-0.218860756,-0.195007855,-0.555581008,4.38283673573636,-0.360525509,-0.328785978,-0.321871189,-0.115543238,4.79247488228951,-0.223191627,-0.297215103,-0.200695425,-0.115139573,4.78507739290436
0.0191899843416217,-0.217520411,-0.140542026,-0.522204793,4.35028932821175,-0.167420349,-0.297554215,-0.174517446,-0.706427295,6.21899002008207,-0.266580245,-0.199627506,-0.309636506,-0.552900072,4.96522667875119,-0.391077689,-0.273134159,-0.325329026,0.020224349179684,6.17164375684639,-0.158169562,-0.246907913,-0.234894826,-0.383357707,5.35969290205758,-0.121104609,-0.188854911,-0.221650691,-0.392987348,5.58303640275398,0.0282755508868147,-0.212990282,-0.130348485,-0.522035626,4.30042236297186,-0.112670492,-0.349166203,-0.076064602,-0.793645938,6.29567972104451,-0.21092681,-0.156080953,-0.296421414,-0.635676404,4.89320208950835,-0.445854609,-0.295312087,-0.339242843,0.12879223784771,6.29033587921738,-0.146939102,-0.240581848,-0.224359465,-0.419694449,5.27827587889123,-0.049790402,-0.158769626,-0.18112198,-0.524683999,5.47788803171928
-0.778243329,-0.340608988,-0.393700281,0.403363525393346,5.81829268580215,-0.279331883,-0.221177888,-0.352588197,-0.518808938,6.10324201240319,-0.017531102,-0.125476381,-0.176937451,-0.747736174,5.28568619006646,-0.31757276,-0.240904204,-0.370513763,0.0943047930489602,5.30205411276985,-0.120833119,-0.217276533,-0.229458343,-0.79050282,5.82437865685801,-0.088057934,-0.241836229,-0.193597737,-0.629524871,5.29075299148214,14.9306589628051,6.17444584618347,-5.548966522,-55.91830307,2.04603835925913,-0.546226328,-0.276386087,-0.576905352,-0.246783996,6.75915206590711,0.075395682409508,-0.076383794,-0.13902218,-0.885543869,5.16369088487888,-0.477322552,-0.322599223,-0.447574007,0.366379952442771,5.58943287372418,-0.100573678,-0.216083843,-0.221334502,-0.807710927,5.70956016148694,-0.003055845,-0.213486662,-0.155657753,-0.766648366,5.19125145679848
-0.393256078,-0.182653392,-0.353102362,-0.133671326,4.87026031397535,-0.775073089,-0.390909331,-0.512247804,0.929344354187864,5.37774520610891,0.00395900269972844,-0.173497266,-0.118149964,-0.468261156,4.74803315965445,-0.230869217,-0.195750301,-0.380574691,-0.271162295,4.97618574348199,-0.163499056,-0.289031086,-0.135004237,-0.313089402,4.80455208706072,-0.473166969,-0.38247234,-0.269137126,-0.000293364,4.79662858089758,-0.566801273,-0.242072587,-0.412339266,0.140816786891335,5.01962031683711,77.6747153003493,-4.317117933,-5.621431236,-210.9046159,169.998307413972,0.0583871681468532,-0.14471467,-0.103596175,-0.577122576,4.69141266972317,-0.271388632,-0.211675753,-0.405060068,-0.270435419,5.13646795948384,-0.203996003,-0.330652901,-0.14096122,-0.255599023,4.94697597041983,-0.371284609,-0.321624161,-0.235276111,-0.137137042,4.63357399705279
-0.427325557,-0.311336313,-0.340103706,0.198859372934443,4.40229907754854,-0.099157911,-0.293617448,-0.276415335,-0.023370702,3.81167869532923,-0.217809363,-0.104574504,-0.160399525,-0.898988099,8.41278341386915,-0.46161929,-0.330993629,-0.252715601,0.217191253647036,5.90107264240047,-0.129254119,-0.193155506,-0.212452621,-0.619021979,6.01718513015607,-0.107172351,-0.155296207,-0.293540768,-0.281347184,4.4692880567053,-0.381830015,-0.286204148,-0.3186392,0.122959821149269,4.39428461449703,0.0130373135116898,-0.268389144,-0.217318965,-0.158147506,3.68475791298424,-0.158991788,-0.065313899,-0.151539071,-0.981978239,8.39601608624451,-0.39298253,-0.325073969,-0.189982781,0.0936016494380644,5.68040118524572,-0.141055981,-0.183602329,-0.231153287,-0.624146914,6.07187711632208,-0.026736002,-0.13006825,-0.250356437,-0.411843722,4.39214732231213
-0.288503626,-0.212184788,-0.311116926,0.0178578599027266,5.4319466297727,-0.37549032,-0.316543077,-0.245356855,-0.220056209,6.63947737058571,-0.19959116,-0.297487367,-0.070633289,-0.352267149,5.44083004057309,-0.468095067,-0.432812587,-0.254943724,0.0397631017419824,5.38115093467592,-0.277286067,-0.269214379,-0.218304975,-0.141921828,6.36891839613283,-0.015415313,-0.22538067,-0.085798952,-0.58921158,4.46683248166979,-0.320345121,-0.191398982,-0.339648738,0.106015828947397,5.47297931373611,-0.383445223,-0.333519677,-0.238942041,-0.214790703,6.72939723478162,-0.153075007,-0.269029631,-0.046067748,-0.448912963,5.40567498224431,-0.382498181,-0.385291988,-0.263596367,-0.111405839,5.37669779041643,-0.301739286,-0.279607906,-0.22551325,-0.084521783,6.41505580013282,0.0168898694728595,-0.210789084,-0.071641483,-0.648462326,4.46158006746226
-0.438851869,-0.396274918,-0.348818856,0.407018243266259,6.2014807649824,-0.013511189,-0.112036525,-0.266433049,-0.200780602,3.280383325,-0.132967032,-0.26449253,-0.334956978,-0.549343422,4.36208680199343,-0.195592402,-0.227864728,-0.11828047,-0.388911672,5.89704571089905,-0.546258292,-0.30026716,-0.338131676,0.0614600986305276,4.75462105752997,-0.502955828,-0.266985681,-0.339771224,-0.096160317,5.30587013482041,-0.512076743,-0.360215673,-0.436972126,0.55509582517928,6.21944869689219,-0.064265143,-0.11532864,-0.292959374,-0.149508841,3.35022658635117,-0.011531413,-0.209556972,-0.278241772,-0.717259,4.16628049496664,-0.177897491,-0.230722431,-0.100665515,-0.411142151,5.84681717882978,-0.644590685,-0.311978096,-0.410480309,0.20008116604512,4.94337769246979,-0.391847599,-0.216531585,-0.296347267,-0.250558261,5.15074427598103
-0.715985831,-0.426174191,-0.373913818,0.441082731232987,6.57177546500129,-0.368890029,-0.28120595,-0.215410741,-0.428743919,5.14408846442117,-0.277697126,-0.057356164,-0.247721328,-0.574268152,5.84013098319369,-0.471603258,-0.247281693,-0.304026566,-0.042709382,6.67340946334378,-0.097994224,-0.164460539,-0.235474718,-0.245532075,4.94568052953772,-0.219150662,-0.277687797,-0.201203722,-0.332510383,4.70336456815861,-0.884585602,-0.527527016,-0.396883327,0.731687557319544,6.97037679365084,-0.424094511,-0.291020808,-0.237877781,-0.277648652,5.13695406447089,-0.203592168,0.00277320622515696,-0.232501095,-0.687212758,5.80678523540972,-0.548962769,-0.288624972,-0.321228294,0.0788961986964268,6.9272921324429,-0.152438311,-0.179695429,-0.253064809,-0.160001561,5.02471912358253,-0.122054838,-0.228731675,-0.162877015,-0.505283216,4.54592102684899
-0.338640305,-0.389551923,-0.106142288,-0.239929223,5.15188879005899,-0.091364937,-0.19840109,-0.228439034,-0.884885461,6.09419335544083,-0.749649808,-0.302045994,-0.443221688,0.434476866333414,7.68150713542713,-0.472628045,-0.271724357,-0.365182896,0.0347617031002977,4.56102586288863,-0.437316897,-0.335041883,-0.304493237,-0.072742346,4.83378382027908,-0.368320465,-0.183821379,-0.261434663,-0.333202842,5.53481896032154,-0.32400195,-0.429564879,-0.062615721,-0.310332156,5.31028718743082,-0.09836353,-0.198950611,-0.240324996,-0.895405423,6.131717722,-0.620502869,-0.260357768,-0.373834323,0.236479852440274,7.18762768828346,-0.491788316,-0.288410496,-0.370576064,0.0646103468385992,4.63971253422538,-0.461119852,-0.350443414,-0.295901756,-0.027181018,4.8816351162118,-0.280596186,-0.143416058,-0.216573212,-0.47966147,5.40099068575209
-0.066685125,-0.26072381,-0.132245677,-1.182863147,4.9926723363105,-0.162531196,-0.248470547,-0.159511442,-0.32959241,4.95674694226341,0.11039495364353,-0.226957626,0.0275545120496327,-0.790806619,5.00878774993029,-0.56541035,-0.256830734,-0.361381594,-0.025222756,6.10406693395947,-0.024204167,-0.129656553,-0.181894967,-0.35649769,4.65279616342648,-0.317762291,-0.31285281,-0.17884554,-0.267346451,4.72435815045386,-0.009162357,-0.248962294,-0.092130738,-1.35045128,4.99529659443369,-0.269506462,-0.282347313,-0.222591381,-0.187281306,5.09612314363064,0.112306822561793,-0.207411941,0.00147555343850912,-0.780283266,4.96165836802468,-0.700881798,-0.297572404,-0.41526112,0.159299556334048,6.2732176424576,-0.028114613,-0.116898084,-0.182217716,-0.355695965,4.63352056986471,-0.206661859,-0.253147689,-0.129847584,-0.445180573,4.5206140950312
-0.262433839,-0.271277393,-0.249492073,-0.030924455,5.23817860851665,-0.091637521,-0.106880208,-0.283763475,-0.187886358,4.05391008569616,-1.044458166,-0.296537391,-0.491062625,0.556624612245449,6.29728736969729,-0.189824537,-0.258539766,-0.316763404,-0.323248431,5.14039868617056,-0.081118634,-0.271375054,-0.150769102,-0.544609792,4.25484773913725,-0.460992919,-0.364191378,-0.278904136,0.091241984454721,5.04927652750495,-0.349636505,-0.307219078,-0.269404289,0.0867187631976826,5.47461762445325,-0.112664997,-0.05044657,-0.338378894,-0.180365481,4.11402358743208,-0.921993425,-0.212396203,-0.438084601,0.329427881343609,6.10314447466962,-0.253204795,-0.281152633,-0.351591359,-0.203181138,5.40759364037654,-0.104079583,-0.27831011,-0.158725299,-0.521179955,4.29971213891854,-0.312009951,-0.285197514,-0.217553912,-0.164466773,4.84744389421839
-0.304046953,-0.178467392,-0.309082922,-0.08512383,6.19050097227414,-0.156829695,-0.21774908,-0.199496089,-0.016642565,6.26763219362984,-0.222006909,-0.287386891,-0.343851941,0.102779725291233,4.79310394262794,-0.135542327,-0.186090831,-0.164468926,-0.4408626,4.99780950452901,-0.330616036,-0.336712837,-0.167185631,-0.267666767,5.44395989332069,-0.367277075,-0.2485134,-0.270130404,-0.161627261,4.78176561662713,-0.324268391,-0.168912422,-0.34265995,-0.054847959,6.23033882344116,-0.330974525,-0.257677814,-0.309732972,0.270285575262345,6.55726312758287,-0.10560774,-0.221872018,-0.273965539,-0.138937174,4.84896543138301,-0.163166164,-0.164499643,-0.203609977,-0.394649433,5.03586862083495,-0.379440719,-0.361958521,-0.174578756,-0.236484304,5.51322234202889,-0.26147059,-0.210419399,-0.222492983,-0.318033804,4.67441017962352
-0.039720491,-0.241224277,-0.219859507,-0.575011185,4.99030527852284,-0.588681965,-0.314568117,-0.355253912,0.311383526175355,4.72804170959031,-0.412479731,-0.27340596,-0.298468487,-0.058097788,5.38696115967784,-0.171716925,-0.236488472,-0.270728802,-0.447663556,6.15085675509387,-0.202589426,-0.259551219,-0.229455247,-0.306358757,5.60207351174066,-0.147824291,-0.175046338,-0.241817012,-0.424880605,5.336536812,0.0471204481980499,-0.210404054,-0.180610673,-0.701361104,4.84393130689196,-0.677310341,-0.388369688,-0.425832273,0.441576086342995,4.92204812151761,-0.366989934,-0.270184914,-0.245263106,-0.175923464,5.30549708935686,-0.16337363,-0.244199305,-0.272479097,-0.442615683,6.21910018579321,-0.22617939,-0.256328973,-0.237030183,-0.284078113,5.53457040821835,-0.088680495,-0.148089424,-0.210546803,-0.526778625,5.23480366315846
-0.325815985,-0.368811227,-0.232559952,-0.207483619,5.05169300456285,-0.099023406,-0.226799403,-0.211781202,-0.466493853,5.4977981423393,-0.435641094,-0.239579879,-0.391998754,0.0159802723098029,5.10531025673825,-0.141154572,-0.122189332,-0.236387564,-0.648781439,5.36899308680159,-0.424702942,-0.327986539,-0.195894027,-0.003715531,4.70478165229417,-0.377650533,-0.18298997,-0.413164925,-0.374006038,6.63194442762805,-0.347159494,-0.399898468,-0.210991059,-0.200085624,5.02421324639279,-0.178693113,-0.268052335,-0.242391149,-0.370786309,5.62725360547781,-0.330873863,-0.188776352,-0.341948681,-0.147706682,4.98179039942999,-0.072647423,-0.111625424,-0.197087389,-0.753751639,5.25307016299393,-0.413258034,-0.318389098,-0.190589627,-0.052163403,4.62789268733107,-0.35688458,-0.158612457,-0.388535626,-0.454497199,6.52004191957066
-0.414668683,-0.394219039,-0.173333915,0.330862823808863,5.3185036114022,-0.39107172,-0.272362583,-0.274904315,-0.39705596,6.10032675976278,-0.471583034,-0.373912013,-0.150113638,0.0470437375880923,5.8602843015485,-0.452432631,-0.345861098,-0.356067757,-0.001973806,6.24677406537621,-0.092544646,-0.153873769,-0.247461183,-0.440520871,4.97125183201847,-0.397220057,-0.212534271,-0.280510104,-0.170680217,5.25912794915218,-0.419395345,-0.434135235,-0.128569506,0.338348673863014,5.38046922932919,-0.501567131,-0.336149777,-0.295026103,-0.334723286,6.3313813249863,-0.386034094,-0.329666598,-0.11943945,-0.072391596,5.69398853077108,-0.435809344,-0.328533991,-0.380014852,0.00469015230981415,6.20729863745126,-0.021407936,-0.115405259,-0.216154546,-0.551779586,4.82420558623495,-0.36881533,-0.195789209,-0.259830984,-0.234260367,5.25890377021791
-0.399876166,-0.384645238,-0.175863557,-0.028735379,6.47175352652552,-0.165462185,-0.27201522,-0.179432153,-0.256563705,4.64078686121185,-0.07320781,-0.097461305,-0.174473069,-0.455121998,4.99072886183827,-0.237570063,-0.117868773,-0.280491838,-0.300332963,5.91864844945726,-0.262286829,-0.225823096,-0.266261572,-0.418086144,5.59013867392466,-0.382534301,-0.286121899,-0.304391829,-0.079580449,5.27823220391203,-0.442427321,-0.426202665,-0.182012555,0.00477853223669226,6.55332250243602,-0.330932694,-0.348580428,-0.218327586,-0.1380529,4.88816701151491,-0.050921954,-0.092783105,-0.164598481,-0.490081639,5.00724739495098,-0.227199473,-0.092550178,-0.291808143,-0.304268419,5.87248530899846,-0.276083891,-0.241071718,-0.259269447,-0.390896251,5.61766576291537,-0.286823511,-0.231459463,-0.26490967,-0.235342601,5.0860741826629
0.320456722905663,-0.018542758,-0.097424844,-1.034933359,4.89838617182789,-0.021913406,-0.1271986,-0.269250777,-0.335115454,4.0004996910118,-0.288588989,-0.188288148,-0.218627594,-0.318151219,5.06702041854357,-0.081858744,-0.259246611,-0.101199759,-0.583760634,4.74469510158741,-0.255025189,-0.289769607,-0.219100887,-0.334985237,4.76768255792264,-0.246153334,-0.328806807,-0.261000486,-0.084876798,4.27136434562524,0.277186307680445,-0.039778468,-0.114521912,-0.937351118,4.90978067961511,-0.000556643,-0.087599405,-0.313155333,-0.387164158,4.06262521886312,-0.23630006,-0.156762912,-0.198083217,-0.39761967,5.02798574758436,-0.070421326,-0.260224482,-0.084924719,-0.617239479,4.73565271227396,-0.367710634,-0.35084555,-0.249775675,-0.138162286,4.90868761638474,-0.149731934,-0.269053092,-0.23024002,-0.215541495,4.09007762666781
-0.187595144,-0.076843114,-0.205256759,-0.598336424,7.42413026735056,-0.473357081,-0.326353202,-0.343104376,0.199657633594163,6.40888515164037,-0.358751436,-0.21483405,-0.364076446,-0.386716707,5.91736042119423,-0.449931734,-0.360213327,-0.370117123,0.0296637474912652,4.46771911645975,-0.444755518,-0.34438456,-0.262368383,0.0402073924626556,4.50017490174564,-0.19880083,-0.216873208,-0.224258102,-0.551904012,5.47331200292041,-0.234050769,-0.133758697,-0.155891517,-0.510683891,7.10931284542097,-0.496541597,-0.367513207,-0.355919038,0.245871614987132,6.44924602321778,-0.294084885,-0.204337363,-0.321762785,-0.526771507,5.8478512191904,-0.701269739,-0.507654749,-0.427292922,0.244111599037714,4.87153320224629,-0.531559837,-0.42124417,-0.262788201,0.130128188400884,4.65729898859573,-0.035202298,-0.138921116,-0.16795762,-0.799161076,5.26597887822829
-0.024818319,-0.106064189,-0.322365686,-0.371856581,4.95968144367785,-0.253763552,-0.197438608,-0.238544357,-0.410525383,5.83202042576899,-0.20459376,-0.304598135,-0.135845509,-0.384237041,4.98208515403609,-0.014805333,-0.165715773,-0.224573863,-0.245557792,4.23033751996683,-0.304628274,-0.257193802,-0.277193325,-0.162681798,5.56052464923392,-0.285487471,-0.211808432,-0.257254112,-0.066692266,5.58594936304372,-0.072835456,-0.169483013,-0.333524718,-0.244265818,5.06095487541307,-0.255695019,-0.18336384,-0.249775831,-0.396825502,5.77779656041007,-0.149762886,-0.277143257,-0.109620434,-0.472061754,4.96607822098136,0.00778227451544012,-0.13513513,-0.23345438,-0.268595114,4.18505483391398,-0.284191695,-0.219469454,-0.295192368,-0.208141457,5.58955036918029,-0.270125979,-0.212973082,-0.237523072,-0.111611613,5.60174743404206
0.232801447954219,-0.219535428,0.0303908816075066,-1.078995988,4.32061736011035,-0.232504373,-0.087968272,-0.296684054,-0.653674186,4.72288912051312,-0.408112549,-0.343811389,-0.198047139,0.0711696174751012,4.61783182997688,-0.587893659,-0.307473516,-0.335914952,0.115668610155542,6.15814970138834,0.0405566332660713,-0.312897194,-0.041421044,-0.424600607,4.45219965248904,-0.358342906,-0.212637407,-0.259082349,-0.120882188,6.14793519399302,0.266859683689596,-0.185779213,0.0266839997530024,-1.138201722,4.23675382516046,-0.169487158,-0.024537128,-0.302333231,-0.766912529,4.71670627830201,-0.235373278,-0.239449193,-0.147694887,-0.193881132,4.3667829067996,-0.620956931,-0.335429036,-0.341258402,0.144090311324308,6.34958108402102,0.0631284204827371,-0.312410669,-0.030621444,-0.427976114,4.42878015400278,-0.283654178,-0.174098581,-0.23475104,-0.249635099,5.9944781491617
0.135798560625888,-0.075619949,-0.175832301,-0.550087417,5.45592590288457,-0.303995598,-0.148197611,-0.250235673,-0.373639282,5.49529392231043,-0.419916653,-0.303885277,-0.213550983,-0.059328889,4.09006631728597,-0.069394424,-0.205438966,-0.184830137,-0.330671177,4.73750619242927,-0.4233939,-0.294521046,-0.322137157,0.193734198200711,4.0139871115874,-0.484357343,-0.439454697,-0.21698628,0.108088847383412,4.51144444636903,0.087283142287813,-0.086446336,-0.210822923,-0.480280345,5.54866371533426,-0.284341409,-0.109439182,-0.283458551,-0.424039291,5.54183323598232,-0.358053218,-0.291247234,-0.178543999,-0.141548377,4.02158627047497,-0.074074582,-0.201614578,-0.198536731,-0.308391923,4.71250455100244,-0.467772269,-0.327470408,-0.303050929,0.247511877021031,4.07530882398064,-0.324689514,-0.369090253,-0.157444552,-0.14964711,4.27104926967251
-0.339602259,-0.391097182,-0.335441936,0.238763554460963,5.22675161174987,-0.396844571,-0.16731191,-0.445307707,-0.006241461,4.1327077679779,0.0564103147474384,-0.139826285,-0.180043994,-1.060637828,5.82059209319972,0.0109414418289642,-0.079474648,-0.248078291,-0.457813236,3.93991285429479,-0.199871407,-0.256864216,-0.277055145,-0.106441647,5.14595403017664,-0.230364622,-0.176905387,-0.327560698,-0.309930693,4.98862751068738,-0.347423524,-0.429716894,-0.35477998,0.28188015333425,5.297232913,-0.443183612,-0.201258795,-0.450704087,0.121126281418282,4.19505057458018,0.0876302751856936,-0.117890596,-0.173220618,-1.128733237,5.80269992043953,0.0283558964161539,-0.029065128,-0.273631554,-0.527255135,3.95115007829021,-0.164329453,-0.236382325,-0.260908194,-0.148074064,5.05966058283258,-0.136071414,-0.148930568,-0.263782773,-0.444482607,4.81792563449038
-0.201182717,-0.295913253,-0.046988873,-0.643808935,8.6024798895266,-0.209701443,-0.300354064,-0.18514388,-0.436008371,5.90756330171166,-0.137805582,-0.258805358,-0.283685593,-0.13280936,5.19379517333353,-0.249802977,-0.192879632,-0.32579745,-0.378722339,5.17784673758602,-0.202274373,-0.201308804,-0.199339169,-0.51059331,5.43034284914458,-0.139978018,-0.288336762,-0.215035467,0.0310406570010312,4.66302469247069,-0.212834689,-0.322924542,-0.030353078,-0.646293205,8.88861654765359,-0.231600043,-0.309404936,-0.18141585,-0.414588969,5.95410160185754,-0.038870794,-0.190793759,-0.255443276,-0.264311638,5.00721042458136,-0.214627575,-0.175743805,-0.314441873,-0.44064701,5.15194483130935,-0.270077031,-0.22736056,-0.228681633,-0.40206403,5.56176571407054,-0.056811837,-0.217351524,-0.184678717,-0.11605053,4.51065454233083
-0.090194948,-0.304199171,-0.059041724,-0.596093444,5.39969949882354,-0.226947568,-0.326872034,-0.207260423,-0.385036198,6.03515931685746,-0.206923825,-0.226918801,-0.261160205,-0.261710113,5.84575103813215,-0.19027491,-0.275589652,-0.223374875,-0.363669785,4.407371927,-0.26080551,-0.257344359,-0.262019719,-0.224407427,5.69549380023839,0.0729189165016245,-0.083932134,-0.232336295,-0.849333239,4.57400609974887,-0.199076886,-0.365050323,-0.073613514,-0.403657397,5.59747561775025,-0.355307736,-0.397635422,-0.233207964,-0.212000629,6.25882026587831,-0.202590951,-0.242143985,-0.246299818,-0.262331367,5.90935931441824,-0.161917501,-0.257312142,-0.234112125,-0.374186099,4.35795972705878,-0.331625376,-0.289560303,-0.283654521,-0.126834708,5.85324764329325,0.163323500326472,-0.058005513,-0.172725683,-1.003974997,4.43503380470062
0.150538722674841,-0.091338652,-0.135266689,-0.942617166,4.48045844333567,-0.277842258,-0.225976518,-0.275950626,-0.19735096,5.20830830882681,-0.182522435,-0.160102833,-0.329757445,-0.155239181,5.47827879002489,-0.006790976,-0.17290688,-0.119778027,-0.62437193,4.72674653226527,-0.072658039,-0.189202557,-0.121305903,-0.78505496,4.8447406149359,-0.423353327,-0.312407406,-0.246953309,0.100815304267901,4.98553166843369,0.224560242880036,-0.072201217,-0.09814617,-1.072694512,4.43510632898191,-0.23305157,-0.215622723,-0.230202498,-0.252568454,5.07994289080729,-0.105972228,-0.130922047,-0.282355182,-0.302958061,5.25756663815423,0.00517972214192634,-0.172513017,-0.11198286,-0.62152537,4.71471887261535,-0.060888906,-0.180675614,-0.120876705,-0.789287405,4.8304370569942,-0.367523166,-0.285541989,-0.224344994,-0.004362771,4.87932491143736
-0.02013113,-0.290231278,-0.173083517,-0.64512375,5.15817926741461,-0.298333397,-0.228272529,-0.289480465,-0.250950955,5.02599082178244,-0.156864799,-0.248878974,-0.079181876,-0.598086213,4.07219921952025,-0.357270502,-0.254874969,-0.333732082,0.035708711501201,5.23279744166914,-0.474323882,-0.278854334,-0.39667551,0.203250103563801,6.16413256370281,-0.465608056,-0.358551271,-0.261896736,0.215371733499619,4.86023312970693,0.0655172992685538,-0.26259155,-0.123451715,-0.783133494,5.00217024817815,-0.346494298,-0.283767106,-0.276251841,-0.175392513,5.10062576251685,-0.074937828,-0.184862662,-0.066626919,-0.724726575,4.01521727653856,-0.343710837,-0.266908504,-0.31644559,-0.007275712,5.26692981392464,6.3857776474854,-1.22845469,-4.236278116,-179.5792687,170.611631145108,-0.320799883,-0.29194842,-0.196633842,-0.001274753,4.54876166293495
-0.430943473,-0.470660415,-0.190017348,-0.054062178,5.11117166667546,0.124957941683375,-0.263854682,-0.094859767,-0.628095581,3.96636667340062,-0.451973981,-0.326201373,-0.233776593,0.0607511983300033,7.49715154058576,-0.257116685,-0.295371285,-0.207992767,-0.875388737,6.31152134298313,-0.228997196,-0.332579056,-0.309242995,-0.387710241,6.21403330659605,-0.271650728,-0.274351879,-0.243838825,-0.017854356,4.67289615553274,-0.505289172,-0.534073588,-0.162559682,-0.014825586,5.14257961869352,0.112198063149755,-0.270907129,-0.104818912,-0.616538248,4.01214960435434,-0.343158981,-0.270797332,-0.203093779,-0.136807177,7.07491292830216,-0.284135648,-0.311419319,-0.208220885,-0.829226398,6.32999447385888,-0.200125272,-0.329749684,-0.293667647,-0.394490359,6.20123538036763,-0.183839741,-0.253602712,-0.195685015,-0.158151941,4.55706672361932
-0.41700993,-0.297801819,-0.415408727,0.214829335120776,5.04217053833948,-0.179252075,-0.085938758,-0.31076745,-0.652930244,7.21458085020815,0.00346569963636122,-0.070026647,-0.190183727,-0.559156719,4.62744560230997,-0.226183558,-0.294101492,-0.196957741,-0.276532319,5.00904328959262,-0.386985508,-0.294712511,-0.248386646,-0.006342336,6.5484899961123,-0.141059466,-0.216218746,-0.161589152,-0.456815568,5.11619338165904,-0.570109675,-0.39240446,-0.451951568,0.446778889899782,5.28865063132837,-0.174501561,-0.100310348,-0.296636296,-0.677954541,7.18006348043869,0.0975356830899027,-0.03899149,-0.125118379,-0.700944827,4.49631348325831,-0.222890984,-0.299642483,-0.177412917,-0.287155295,5.04176704014033,-0.386918153,-0.273804042,-0.259381738,-0.029480393,6.58771007809621,-0.101872851,-0.195250285,-0.146133535,-0.520032366,5.08680524033055
-0.425611233,-0.287930054,-0.23342708,-0.553023072,6.68395164026685,-0.372146789,-0.307236791,-0.318952336,-0.125624108,7.62384613474179,-0.385109388,-0.381065915,-0.305931231,0.0172026770607535,4.01342876677362,-0.102825467,-0.093149247,-0.197669414,-0.530983962,5.77179417323998,-0.313334198,-0.174488749,-0.275189747,-0.306456246,4.2368296015671,-0.17089496,-0.259477078,-0.237804527,-0.295461254,4.07543589416554,-0.343555532,-0.26184952,-0.188401069,-0.699158993,6.5790001191566,-0.34548939,-0.322168927,-0.30606883,-0.159824809,7.92856532203166,-0.312889431,-0.342312591,-0.281938565,-0.142083102,3.99272990041011,-0.119259311,-0.085805612,-0.214040275,-0.522181385,5.83917114201105,-0.340420043,-0.190135312,-0.304039829,-0.252209056,4.29465735428038,-0.076398499,-0.22007861,-0.180152553,-0.443471567,3.98391759636103
-0.410228065,-0.444858216,-0.229380657,0.357628555127639,3.79388353378439,-0.066095186,-0.150516198,-0.235144317,-0.621559378,5.0954080345327,-0.18384011,-0.295893178,-0.181226173,-0.794943825,5.02753956124559,-0.16660965,-0.249870868,-0.28550391,-0.308782652,5.97122228619927,-0.180200492,-0.33630917,-0.106032848,-0.345054051,5.5905953038768,-0.316319526,-0.201032415,-0.385529412,-0.160198167,4.77330272973401,-0.34323509,-0.434662993,-0.17550843,0.216085376286618,3.72023068495635,-0.092025666,-0.171470262,-0.230599846,-0.573284834,5.13603349893436,-0.110147005,-0.243978049,-0.179337088,-0.891398053,4.95757186659925,-0.199964346,-0.272121676,-0.295810859,-0.260579886,6.06512497505787,-0.180728479,-0.348255987,-0.095172083,-0.343312687,5.64835679060894,-0.181076207,-0.146956049,-0.31988381,-0.388715974,4.60295608032808
-0.145002708,-0.218136446,-0.255291772,-0.232383787,4.7734201178345,-0.404839281,-0.181071953,-0.563675156,-0.244098871,5.16351517478469,-0.052761264,-0.289430122,-0.102318489,-0.438791682,5.90445978320836,-0.435127631,-0.327638928,-0.405057789,0.0438231202286661,4.56807880997711,-0.185957167,-0.290874883,-0.237274942,-0.18235934,5.09883001719618,-0.296738729,-0.307652146,-0.232565535,-0.202751811,5.07122924714805,-0.209643543,-0.252147176,-0.271006683,-0.137209562,4.91118990129283,-0.436156607,-0.221689154,-0.594739009,-0.198441132,5.24410310463335,-0.023240727,-0.269494211,-0.09058217,-0.47729656,5.80722753627997,-0.559760013,-0.350656728,-0.480033268,0.179614563190835,4.71882078607737,-0.153282307,-0.264568725,-0.226130889,-0.211971697,4.94975013126788,-0.176972719,-0.257220618,-0.178044882,-0.424653888,4.87290435387641
-0.135669007,-0.275913856,-0.209480142,-0.699745881,5.28602405291224,-0.159956117,-0.1803937,-0.279045969,-0.247960199,4.71025011071794,-0.080709323,-0.258623949,-0.065155621,-0.270263038,4.45746773896778,-0.422243306,-0.323483969,-0.18502358,-0.116619347,4.87935964347866,-0.401691104,-0.358798894,-0.251945075,0.0597555800726328,5.00496452644844,-0.186417615,-0.180859651,-0.297622435,-0.279644396,6.60285006704257,-0.084457906,-0.240159573,-0.213853648,-0.78044193,5.25682630452691,-0.165312441,-0.136846032,-0.326521495,-0.279530455,4.76864281564268,-0.042477431,-0.213946906,-0.071604672,-0.317093206,4.39814664598527,-0.527014231,-0.376607373,-0.2046789,0.0293428283342448,4.99914614292913,-0.528175946,-0.404348607,-0.333916111,0.281296908752112,5.19659417531249,-0.112161549,-0.13999625,-0.265684832,-0.458165947,6.56112136326312
-0.100539973,-0.216816353,-0.129891744,-0.251667151,4.81110462727595,-0.127337616,-0.293855389,-0.143995396,-0.444892797,4.74497670760722,-0.377879089,-0.175023303,-0.29427289,0.144733653001196,5.04604669412869,-0.110370746,-0.278315505,-0.15641385,-0.549408338,5.11237952310642,-0.258156726,-0.336521849,-0.234639499,-0.073249561,5.14020084824418,-0.18877546,-0.196073272,-0.303191447,-0.125963321,3.82761411913387,-1.09E-05,-0.143615381,-0.121266956,-0.391958174,4.57743186933878,-0.046221779,-0.242675385,-0.137914929,-0.595310999,4.65842897065552,-0.35363168,-0.163308354,-0.263904625,0.0786187810284477,5.0544212409462,-0.098787393,-0.279987752,-0.161894833,-0.559143598,5.14764961371033,-0.250650252,-0.344002313,-0.228031496,-0.132294285,5.21271692509317,-0.120757686,-0.166967608,-0.26580139,-0.246863576,3.75657195094271
-0.412411829,-0.245631784,-0.315814781,-0.439429998,6.37061961866346,-0.325849071,-0.206078435,-0.289465604,-0.334361334,6.81647558535695,-0.486442465,-0.326201797,-0.211837359,0.0125852462838671,5.86331662368769,-0.593915151,-0.370555253,-0.346640676,0.235788889251573,5.02786082484691,-0.406526862,-0.334919718,-0.294556264,-0.046381051,5.29458011207824,-0.118538487,-0.215755649,-0.211956479,-0.417292227,4.54563305808197,-0.450750024,-0.2927629,-0.290739744,-0.381167445,6.31709688582965,-0.316727155,-0.234853763,-0.259092469,-0.367806174,6.95079437010176,-0.354597495,-0.263456261,-0.142764444,-0.209172811,5.6309141192082,-0.575238667,-0.343451216,-0.357731442,0.179089713199111,4.92970155744537,-0.417604871,-0.35429501,-0.270746609,-0.034308631,5.3611284940874,-0.042551189,-0.172553745,-0.180843386,-0.548745916,4.46828951098249
-0.06767735,-0.246737242,-0.153875636,-0.642691404,5.34772206906152,-0.180555709,-0.148826912,-0.268027553,-0.311678237,5.57566843979917,-0.104141762,-0.191725676,-0.125423544,-0.503805667,4.72187179615645,-0.283096385,-0.102459847,-0.369364666,-0.389418342,5.96161767460897,-0.383756048,-0.222978939,-0.299161598,0.046725771753897,6.05594057132819,-0.242303519,-0.307013924,-0.202363192,-0.481805796,5.78259035919757,-0.2219676,-0.282366185,-0.220463519,-0.4220224,5.65127276982857,-0.441807629,-0.285132255,-0.422995308,0.205792467861219,5.60312968056797,-0.020760342,-0.144222157,-0.082083011,-0.657227075,4.62539619196505,-0.28516718,-0.079964406,-0.384479153,-0.431604488,6.06731907147107,-0.427090386,-0.232468615,-0.317304577,0.111851591631546,6.29939511465295,-0.127357991,-0.246435136,-0.151410796,-0.659484957,5.54248118994767
-0.45526441,-0.51187691,-0.079107708,0.275393826674911,4.68419732080906,-0.33501553,-0.409859979,-0.210977688,-0.078011284,4.85994586074145,-0.485302842,-0.431311398,-0.089880234,-0.198259652,7.16911728668677,-0.138952736,-0.13961709,-0.218930018,-0.560974489,5.47623407692337,-0.238004924,-0.206318118,-0.21036223,-0.350247211,5.47865560712421,-0.522695979,-0.44286008,-0.273464527,-0.15581034,5.71876694134859,-0.651736112,-0.686738161,-0.018535128,0.565798660184994,5.22081261262488,-0.440000466,-0.495503645,-0.226730172,0.064601692618888,5.12072465697781,-0.418780038,-0.381721225,-0.069406347,-0.276821954,6.997110904,-0.133127051,-0.115518546,-0.224374654,-0.553993212,5.44561562011913,-0.224096627,-0.227599016,-0.179976505,-0.363041703,5.45291399519319,-0.417281779,-0.359304332,-0.253810995,-0.34613944,5.42495002180825
-0.35235763,-0.199821715,-0.333463843,-0.365363125,5.58250016451723,0.0929520052406397,-0.127961251,-0.154687441,-0.506318485,4.82759939448647,-0.234260158,-0.31781602,-0.17929663,-0.306505301,5.65742182709893,-0.47185656,-0.408555763,-0.260317845,0.0896810809766167,4.33736312763447,-0.36402268,-0.258224605,-0.260180364,-0.019416645,4.39663789199808,-0.153863298,-0.241540094,-0.256412677,-0.108529453,4.13485779190456,-0.432286666,-0.205387278,-0.377913,-0.312299417,5.70530570419895,0.0750522806690486,-0.134753894,-0.154945286,-0.489377183,4.86261378699206,-0.20093424,-0.308096242,-0.153440565,-0.408317355,5.66633781602762,-0.528559394,-0.427934068,-0.278554745,0.199042151163191,4.39019941770649,-0.35490285,-0.264003415,-0.256286959,-0.016442959,4.3443027598154,-0.047418537,-0.202274756,-0.186657062,-0.282951982,3.98770188551643
-0.323338375,-0.206646766,-0.334787542,-0.547874864,7.40973341033461,-0.255052293,-0.245797426,-0.224207253,-0.194992854,3.91986070752476,-0.263570105,-0.325821288,-0.168571925,-0.629107459,6.47230096286339,-0.126482581,-0.173521186,-0.220286809,-0.586528622,4.76073693797824,-0.381731617,-0.260021618,-0.287248658,0.0119799303571281,5.20159482389999,-0.238598662,-0.219051965,-0.230989328,-0.633027791,5.83474812524664,-0.256651244,-0.183878916,-0.314882687,-0.645878131,7.35699062432943,-0.233633998,-0.235417616,-0.210160779,-0.257697811,3.90834270515455,-0.207265094,-0.30355583,-0.146896972,-0.745892532,6.31314759847841,-0.103599485,-0.154078208,-0.213613338,-0.610899499,4.72070148699942,-0.414722061,-0.280463738,-0.294146738,0.0869328184893536,5.22040035149347,-0.145506652,-0.185364539,-0.182548792,-0.791460333,5.64716610294652
-0.444829623,-0.371086741,-0.205776957,-0.21791796,10.5320665852704,-0.27289352,-0.20522651,-0.270023445,-0.444923187,4.4813714478618,-0.188714699,-0.259156035,-0.209683947,-0.970444717,5.63126616619424,-0.37763537,-0.27177061,-0.301574226,-0.124966759,6.21477524354653,-0.234535324,-0.22687744,-0.18433858,-0.537488093,6.02400392902538,-0.057522815,-0.287746218,-0.167044513,-0.463707982,5.82383191201615,-0.881711506,-0.595705306,-0.315051704,0.432585590988983,11.9406614178973,-0.359963255,-0.257481924,-0.301563341,-0.293242116,4.64458431025336,-0.11856579,-0.20073694,-0.196711443,-1.125584671,5.49311621994727,-0.37302067,-0.263481005,-0.297805121,-0.136150679,6.06176852468542,-0.321370169,-0.267339977,-0.210998305,-0.435232177,6.14604753145353,-0.00870475,-0.267273113,-0.133202163,-0.550279385,5.77252469878258
-0.021066578,-0.197417491,-0.209339571,-0.645032124,4.72405806851543,-0.219517927,-0.313319893,-0.124157494,-0.305376497,6.99254419183027,-0.46138751,-0.255471769,-0.320767538,-0.337938768,5.86768133233914,-0.123943741,-0.212398666,-0.212607372,-0.444318783,4.86155238361497,-0.279018699,-0.302468796,-0.328766939,-0.039589823,4.68248213932874,-0.288945733,-0.165350609,-0.268907441,-0.137851287,6.23776208748797,0.0181786819623343,-0.207659144,-0.177457528,-0.712821636,4.72759915082788,-0.184667961,-0.313251135,-0.10499566,-0.338486533,6.98601532665355,-0.381449,-0.213823358,-0.282215711,-0.468322821,5.73065770871225,-0.146769459,-0.213803561,-0.239145778,-0.375125973,4.87324641538572,-0.225889177,-0.296433118,-0.296707016,-0.086067796,4.59633634423032,-0.246082567,-0.153610493,-0.232163342,-0.214626756,6.11963652363515
-0.697272423,-0.412365264,-0.489550773,0.395342989648343,6.77940116459723,-0.270932667,-0.234279409,-0.259309527,-0.224821852,4.57154665347529,-0.137206256,-0.169689997,-0.227132074,-0.691476379,6.37617822093787,-0.287577484,-0.247939552,-0.294956361,-0.401056353,5.31110135740889,-0.358705443,-0.259496473,-0.272293565,-0.191995919,6.63111322649447,-0.187730251,-0.218261362,-0.253806151,-0.356790921,5.66359135510536,-0.851559128,-0.474514515,-0.541485866,0.526784472452878,7.41164227863543,-0.258387929,-0.144487486,-0.385816148,-0.332331495,4.6561906445176,-0.01483474,-0.119229188,-0.156897847,-0.90585648,6.09226468496367,-0.292301676,-0.255238177,-0.296044622,-0.367900182,5.30695980597494,-0.381016446,-0.257427794,-0.284813979,-0.1804342,6.7042839788099,-0.075714431,-0.188060051,-0.189157105,-0.529875331,5.41456894845596
-0.288874686,-0.409967623,-0.13453912,-0.735640686,5.64203674244826,-0.025548417,-0.188293391,-0.121772468,-0.705815967,4.88251449700183,-0.247605067,-0.343013067,-0.157171241,-0.583421542,4.83765620910231,-0.205974032,-0.275931104,-0.262792749,-0.148351495,4.27346559855909,-0.156048215,-0.257234531,-0.100630812,-0.753312439,4.92202192416863,-0.442054481,-0.327751284,-0.316601504,-0.078053835,6.15513378745743,-0.277688039,-0.41615161,-0.108027516,-0.718914592,5.62166361950013,-0.026867519,-0.161148691,-0.140910796,-0.721145259,4.83522201228588,-0.107936643,-0.281954894,-0.112304271,-0.793146799,4.63882637721277,-0.293634051,-0.323411418,-0.309370465,-0.001688082,4.43329185627698,-0.107284962,-0.256053963,-0.05965291,-0.875630744,4.90779734894058,-0.292251249,-0.283443237,-0.261186963,-0.312373399,5.98254982140748
0.131769900189465,-0.164654564,-0.178559877,-0.566673778,4.15662592092547,-0.037770709,-0.158673627,-0.190170706,-0.670896078,4.26982594492378,-0.364576263,-0.330715536,-0.160967022,-0.11580764,5.3037608970056,-0.378924887,-0.320211171,-0.284899196,-0.174701206,4.41428273457468,-0.102180949,-0.27268934,-0.04170984,-0.508676611,4.7907943649609,-0.060729056,-0.255353599,-0.124599222,-0.314517942,4.492664584,0.0324380436684509,-0.20935473,-0.224803618,-0.420786661,4.26503115451223,0.00108341467203015,-0.117879678,-0.191698272,-0.720518293,4.19543571752327,-0.2667624,-0.274504858,-0.116320924,-0.301946696,5.1722514755692,-0.378676287,-0.335297616,-0.280976759,-0.179628358,4.41178920821953,-0.087842851,-0.274620294,-0.023170285,-0.521735225,4.77017961050769,0.0517905624559061,-0.196774739,-0.081359817,-0.506888078,4.34146890806154
-0.223529686,-0.188749091,-0.37754323,-0.27977084,5.45516499101292,-0.12360807,-0.402502889,-0.005784285,-0.642215856,5.12887915141196,-0.228157287,-0.331790273,-0.143735711,-0.195367346,4.73053592783355,-0.449380611,-0.252990742,-0.360127125,0.249200369699394,5.63802186293264,-0.119210738,-0.148657583,-0.291518443,-0.414667647,4.87140670184156,-0.050092058,-0.155380917,-0.191711499,-0.503556616,4.56148396962133,-0.223964501,-0.203388405,-0.37491082,-0.247532406,5.55483650591048,-0.306261722,-0.659087808,0.153911690921272,-0.641217685,5.6800885305597,-0.128671378,-0.273120959,-0.138182583,-0.32014014,4.67088262663475,-0.406505945,-0.219555741,-0.355615271,0.201649901705146,5.47981976522612,-0.105770597,-0.124188095,-0.297521876,-0.426577618,4.85560136080724,0.0358729383436454,-0.113989245,-0.15168945,-0.6376472,4.45031703159234
-0.361102827,-0.318605242,-0.319199895,0.0402747767528971,4.42065612611635,-0.515554598,-0.293434963,-0.329398893,0.00821339435166748,5.88954037358784,-0.265650549,-0.251377075,-0.191246964,-0.494521439,5.97961262532903,-0.31620513,-0.270651862,-0.323932676,-0.014166155,3.97851849035465,-0.179890987,-0.164469561,-0.239506389,-0.477625182,5.55549355567718,-0.1936594,-0.217106476,-0.195467327,-0.498875991,6.35893160578702,-0.560800894,-0.359246055,-0.467431672,0.300261933808792,4.56519987784705,-0.68633056,-0.367096856,-0.381359319,0.29889960293818,6.21959262006425,-0.211680163,-0.24357853,-0.141523159,-0.614999465,5.94713883114561,-0.285643949,-0.279291834,-0.302927162,-0.075318352,3.98105598980226,-0.156313767,-0.130623864,-0.260130358,-0.523789593,5.58929767359649,-0.162374524,-0.202721015,-0.179152217,-0.570089593,6.38670386330447
-0.252465215,-0.325993931,-0.241735259,-0.376449629,5.71026226323748,-0.307205418,-0.348446486,-0.140636685,0.0686390993985454,6.31869001051156,0.0403919217971231,-0.189121061,-0.109257023,-0.818195613,5.96698918058058,0.113911432468185,-0.161676293,-0.12417274,-0.639707631,4.319296981,-0.228210265,-0.253337996,-0.190358196,-0.445802325,5.94199947174612,-0.401781031,-0.223757087,-0.30704646,-0.216276664,6.01916402552337,-0.192548444,-0.312829798,-0.20071529,-0.457478738,5.54219461694635,-0.30410932,-0.350411061,-0.131764825,0.0792820197240005,6.31327927608608,0.148055953871481,-0.124272781,-0.064156198,-1.045651909,5.84285041098233,0.154991888523094,-0.157359766,-0.090443243,-0.69880389,4.26266638154364,-0.192466952,-0.249713082,-0.165106196,-0.496206146,5.87300587636543,-0.346999085,-0.192147041,-0.286361374,-0.321221595,5.9680808720315
-0.116401145,-0.266192771,-0.302988712,-0.13982994,4.27519471538193,-0.380113743,-0.29598449,-0.348814205,-0.305027834,5.94958638336617,-0.28600275,-0.221215743,-0.211574889,-0.553009979,6.02907897950515,-0.239092252,-0.359081236,-0.158614031,-0.171042007,4.93491484055528,-0.129954215,-0.17547936,-0.215944336,-0.628302703,5.41892514514338,-0.0894931,-0.145964785,-0.242421673,-0.809012342,5.01828267775732,-0.161797501,-0.283423666,-0.336667761,-0.037148526,4.39323919079673,-0.400788752,-0.330104213,-0.316916591,-0.249150883,5.97874468626432,-0.204274789,-0.195705193,-0.166482732,-0.684381696,5.94210740267229,-0.243176042,-0.378857326,-0.150520909,-0.190453052,5.04080359505248,-0.193591878,-0.204620595,-0.242960468,-0.503440581,5.49005718896964,0.0416994753723835,-0.099705778,-0.171261583,-1.037676708,4.83092671404872
-0.143239545,-0.267334753,-0.164496722,-0.27208066,4.80019349332761,-0.127099811,-0.204743118,-0.342361328,-1.244570094,6.01240992201774,-0.30087046,-0.237962243,-0.285682686,0.0197595843168116,4.69419084630351,-0.431954715,-0.337830008,-0.280662068,-0.338654515,6.59061576513695,-0.289690039,-0.211469981,-0.343775646,-0.138787992,4.83430248576487,-0.174627491,-0.194495195,-0.264995984,-0.332585932,4.8091884574847,-0.152327258,-0.277453771,-0.162832368,-0.275434585,4.81659482239022,-0.217128244,-0.259113853,-0.370849555,-1.153152982,6.00380167947459,-0.146192276,-0.155307412,-0.208848822,-0.197467,4.40905780177982,-0.528557984,-0.362875402,-0.348625067,-0.201418938,6.80848558274119,-0.271105951,-0.195991755,-0.361131083,-0.154173384,4.87705506214576,-0.083516717,-0.169211549,-0.211464808,-0.465504209,4.64515969798627
-0.288279435,-0.178182238,-0.230036554,-0.090531705,5.59973784505596,-0.325481254,-0.370234971,-0.091462179,-0.517553482,6.24406303560797,-0.318024834,-0.427137557,-0.177260919,0.175034313910054,5.46621924619959,-0.198213059,-0.304225851,-0.124743931,-0.404819784,6.58632886544643,-0.397807208,-0.379310982,-0.216068856,0.0303111182755529,5.43319457610451,-0.220884998,-0.332217252,-0.154824648,-0.410301857,5.50315012271173,-0.290529164,-0.153715809,-0.235992494,-0.105344341,5.54002519952064,-0.35292509,-0.414822862,-0.056529718,-0.462803438,6.24332853033751,-0.251839899,-0.382013935,-0.15993258,0.0668017311818825,5.35149912838511,-0.137833108,-0.280970553,-0.099397674,-0.493261387,6.43659597727163,-0.438156527,-0.403129167,-0.220326058,0.0871693117945439,5.6102488649761,-0.20610408,-0.305618177,-0.14596786,-0.446719605,5.43746963330897
0.29297860586551,-0.228153043,0.053863618949038,-0.970782183,4.10586950944223,-0.651310466,-0.304323605,-0.336608468,0.409324123637184,5.47070285073341,-0.254109528,-0.231393274,-0.222539508,-0.212340044,5.81814542873852,-0.135092374,-0.121482099,-0.356364276,-0.360121405,4.58692755390603,-0.126037789,-0.178612532,-0.115656485,-0.768265936,5.42038620384037,-0.357626301,-0.299415338,-0.266719299,-0.065647731,5.6230796850159,0.334154026719302,-0.249505511,0.103981552239981,-1.053002114,4.13734422750543,-0.693561692,-0.351997446,-0.332361553,0.50854894658056,5.65706907270887,-0.141475543,-0.188629344,-0.163705085,-0.406711235,5.5633081454551,-0.11585498,-0.120150179,-0.336622432,-0.376035719,4.52732288107879,-0.144142693,-0.205719235,-0.104571574,-0.727508373,5.44810634546054,-0.273569399,-0.252704881,-0.226754027,-0.178796432,5.41820230530677
-0.411080824,-0.266687167,-0.339217017,-0.089613854,4.6657212156895,-0.290045486,-0.178043827,-0.293459247,-0.259079561,6.01853975672198,-0.360931875,-0.216734891,-0.349180981,-0.027781807,4.34823081625595,-0.121673258,-0.240328677,-0.228675445,-0.477230419,5.98770158813021,-0.485027675,-0.364481515,-0.286298973,0.140346060346275,5.69009477909706,-0.197290536,-0.231573188,-0.243114982,-0.676705341,5.7847708882996,-0.449651444,-0.26801601,-0.385330997,-0.070949357,4.8873850043357,-0.240062004,-0.127465705,-0.296648117,-0.333305075,5.94611211943648,-0.249423627,-0.202607433,-0.270416973,-0.222339462,4.24255862793686,-0.093092677,-0.228935236,-0.211114222,-0.513763078,5.82574693589947,-0.4361408,-0.330318404,-0.289295178,0.105734850062815,5.63535777261915,-0.0930388,-0.194146899,-0.181621069,-0.844795221,5.5655029602459
-0.463088031,-0.318940759,-0.356210494,-0.110482991,5.83993687461981,-0.488396147,-0.286795789,-0.348154541,0.240253261279267,5.35562040281964,-0.328740456,-0.252052498,-0.22582474,-0.201856961,4.70980007124492,0.241213673300089,-0.093030857,-0.064463392,-0.896879036,4.47575879857535,-0.032871296,-0.252213748,-0.218141174,-0.64161817,5.63282029400924,-0.322113751,-0.317189295,-0.146373052,-0.061680206,5.27825503021286,-0.411820695,-0.264522871,-0.370231038,-0.178950485,5.67021504657309,-0.84514213,-0.518772033,-0.405028936,0.752727749486523,5.91555238935898,-0.226832413,-0.204199794,-0.164491334,-0.395263585,4.56516947716158,0.302276001450899,-0.066986094,-0.040138787,-1.004474853,4.44017832765207,-0.100413488,-0.322512061,-0.219546152,-0.557252272,5.7961049980295,-0.249098933,-0.299256479,-0.093955329,-0.201434122,5.26301787292426
-0.29568702,-0.358715589,-0.24049864,-0.122305974,5.48844173111444,-0.172950911,-0.314102557,-0.144440645,-0.319305698,5.11071925884666,-0.206698994,-0.088044262,-0.302428725,-0.707914537,5.79878094418586,-0.501721185,-0.286242178,-0.287395641,0.0355504699180228,6.27135361421404,-0.249434107,-0.269562885,-0.237729372,-0.072487526,4.51917931004132,-0.12701669,-0.231663541,-0.198717137,-0.197603833,4.47064992169001,-0.341107114,-0.39243595,-0.262686789,-0.108173394,5.74693315604008,-0.162907079,-0.310903574,-0.128125435,-0.336475643,5.03905881597914,-0.054194043,-0.045349458,-0.208627996,-0.98614214,5.58301845427752,-0.602994709,-0.354716621,-0.297197491,0.139486175044988,6.43143357266678,-0.205746444,-0.254404541,-0.226973116,-0.12018519,4.49575222340229,-0.035858381,-0.186741658,-0.168524774,-0.344390823,4.35721921608056
-0.267804804,-0.198154297,-0.370019152,-0.52315674,4.15433261755185,-0.381669004,-0.352774688,-0.260050255,0.0649323680178628,7.21759770361521,-0.159039489,-0.355361266,-0.265243956,-0.314312712,5.69308213709458,-0.168038786,-0.323574505,-0.11052693,-0.16725439,4.57666466958446,-0.449071589,-0.322591463,-0.297729597,0.0350402580100808,5.25528249315048,-0.503748735,-0.374203527,-0.301784524,0.046679232203963,4.96448267855263,-0.304952756,-0.168013439,-0.415544847,-0.574873728,4.23682557549372,-0.39022055,-0.351702579,-0.28343374,0.118754499612522,7.36133416036411,-0.085994948,-0.319758997,-0.230324959,-0.461363021,5.5314882298071,-0.152005589,-0.329979121,-0.080646184,-0.192215914,4.57358055079605,-0.580880148,-0.3869679,-0.345338705,0.188561212828534,5.50625968258497,-0.472842287,-0.35309307,-0.271478694,-0.046762074,4.94636011644527
0.0767846466589791,-0.201226604,-0.087175201,-0.974378488,4.80695374519492,0.175272129359978,-0.024981136,-0.215419217,-0.73265954,4.04009839213379,-0.099599361,-0.304056479,-0.165336253,-0.314357061,4.34209195732629,-0.28163122,-0.315537253,-0.20016926,-0.26444105,5.16036115090911,-0.147200075,-0.237647238,-0.141524991,-0.426610113,4.70320158326504,-0.367042072,-0.297058463,-0.247318823,-0.272017181,6.00041783242541,0.106035338095761,-0.139347273,-0.127821664,-1.039055237,4.76891123877964,0.247673174671571,0.0146321342567408,-0.190193067,-0.861309349,4.01345672507554,-0.039696095,-0.267595185,-0.148533335,-0.436923265,4.25036838890392,-0.293193096,-0.310330068,-0.204993991,-0.224626865,5.11096483774798,-0.118046486,-0.213559439,-0.138176662,-0.471239715,4.67590615499104,-0.29200372,-0.274439172,-0.199502579,-0.413013771,5.88340274006143
-0.274292498,-0.237730107,-0.167487958,-0.239513379,6.5341407365482,0.177129623645438,-0.12078383,-0.244585496,-0.313950044,4.90606455554737,-0.282925002,-0.054186995,-0.339009039,-0.095302269,5.36010704566598,0.0353617881702128,-0.092452519,-0.163482547,-0.775878274,5.39766582803081,-0.185032841,-0.188999027,-0.317889272,-0.458000852,5.71085745035947,-0.308417889,-0.234548856,-0.27072828,-0.176780027,6.18804101031769,-0.222424666,-0.231381195,-0.123775828,-0.344921401,6.46143939154912,0.0837775556567146,-0.181438296,-0.275672315,-0.133471024,5.01378861240623,-0.269873219,-0.047687279,-0.311642928,-0.131118508,5.35651986608845,0.0483710792364094,-0.106059932,-0.136023104,-0.789435562,5.36123625736063,-0.190950886,-0.181286756,-0.339514596,-0.48883528,5.76703530402572,-0.191795034,-0.183172943,-0.226649052,-0.357248881,5.83893789451917
-0.399134328,-0.348290312,-0.2399301,0.0289772024979979,4.38183906933465,-0.11293916,-0.176070516,-0.205178899,-0.611918731,7.6176939644495,-0.153793928,-0.385452939,-0.111286531,-0.506774394,4.18107555421362,-0.223494255,-0.171554477,-0.292738543,-0.168444829,5.37501696005446,-0.204380837,-0.135591386,-0.34528468,-0.337696367,5.34965643648171,-0.299020954,-0.251943812,-0.177631258,-0.129885978,5.17375737351193,-0.393596161,-0.362706823,-0.208165728,-0.029342964,4.43247859676829,-0.060603079,-0.191471418,-0.159394315,-0.674068247,7.51243247649423,-0.015372066,-0.32777501,-0.051826183,-0.736821266,4.03559755305164,-0.229387596,-0.197050228,-0.289867526,-0.152891934,5.40202444462956,-0.218876479,-0.126141236,-0.361601908,-0.315601792,5.44239237229802,-0.25190137,-0.223615672,-0.162143523,-0.228061602,5.11926403128861
-0.713697451,-0.319251166,-0.325977392,0.347983081457553,5.22948472909125,-0.536338016,-0.369780844,-0.235345822,-0.333905392,6.25292999615396,-0.49810944,-0.395101487,-0.362554929,0.0417686837115526,5.45225152188071,-0.22483844,-0.287320543,-0.246445933,-0.174422833,4.71722247517813,-0.209361731,-0.224520659,-0.254726878,-0.254846146,5.71977309047037,-0.317913524,-0.201662257,-0.259661897,-0.357985957,5.29705332502372,-0.665063015,-0.304849001,-0.306178647,0.247725835598508,5.22285524329662,-0.506829508,-0.348753035,-0.228828094,-0.357437026,6.180515773,-0.383300718,-0.338442551,-0.323254531,-0.158588824,5.11925662280921,-0.236776999,-0.303838016,-0.250112653,-0.15387486,4.74408305506825,-0.192820524,-0.221127373,-0.252711226,-0.25693648,5.67110685088538,-0.230013852,-0.170967084,-0.221730348,-0.52993598,5.24748633302358
-0.262499575,-0.228872207,-0.379434492,0.123239983980158,5.66235066435415,-0.392830563,-0.24761046,-0.249766985,-0.644977511,5.20052017038631,-0.353020271,-0.178242963,-0.23148386,-0.350045319,5.68825199377781,-0.154624108,-0.284071933,-0.130023149,-0.281362488,6.05041650624706,0.18039709465062,-0.122685426,-0.118566852,-0.614553524,4.82674726552901,-0.322280315,-0.179524421,-0.180820235,-0.281250806,6.3773612491259,-0.538733484,-0.194051343,-0.598639247,0.533778630675968,6.20324071438994,-0.339611248,-0.22514829,-0.227887876,-0.735195755,5.13707377989711,-0.269596436,-0.144095753,-0.191392559,-0.475201426,5.4931955813325,-0.144283908,-0.287353079,-0.117365336,-0.284986381,6.01557022305086,0.207491588074045,-0.114541308,-0.100536378,-0.66240269,4.77744944391834,-0.255476325,-0.158325424,-0.143863924,-0.400742658,6.27204417767884
-0.092504103,-0.298243508,-0.094997403,-0.383706563,5.33327961785179,-0.0600569,-0.246321346,-0.1102673,-0.549419915,6.04210242955721,-0.104442943,-0.242616652,-0.209699531,-0.224505694,4.19919571830534,-0.30997603,-0.356738793,-0.323859717,-0.226615781,4.71336340010454,-0.149851832,-0.235234345,-0.182297399,-0.688611493,4.78477869351159,-0.089919171,-0.280379561,-0.162942676,-0.472657765,4.71288421747322,-0.107508458,-0.328298178,-0.078281709,-0.342524912,5.3657415026299,-0.110972546,-0.230781285,-0.152133552,-0.440799051,5.98180254587423,-0.108990044,-0.237174074,-0.197245354,-0.200821679,4.21092589937388,-0.277561528,-0.372878672,-0.283105881,-0.235877018,4.52713770930072,-0.143429623,-0.208337994,-0.198945382,-0.720065659,4.77169856209265,-0.002513026,-0.256262554,-0.109156409,-0.620220169,4.60862135715032
-0.079993494,-0.259776113,-0.156390774,-0.692892615,5.88016231796947,-0.680510289,-0.489191684,-0.389030615,0.251701389376743,7.38308091503811,-0.17404097,-0.111118529,-0.339760418,-0.589661619,5.3706164520848,-0.401235612,-0.290169745,-0.295724593,-0.234341606,5.46194136828333,-0.101101442,-0.202956714,-0.260027674,-0.298340995,4.99607239469341,-0.191356168,-0.228574349,-0.314272118,-0.186066724,5.62858759529876,-0.068547768,-0.226420787,-0.203384407,-0.688440008,5.875857825,49.0578605059148,-2.103985288,-4.329334954,6.47334819315632,0.577700151446688,-0.111034398,-0.067141394,-0.331373111,-0.691682442,5.38860408490332,-0.482107672,-0.310560099,-0.347841247,-0.112632335,5.68639693288216,-0.101788896,-0.212499766,-0.245665029,-0.264739664,4.97008305250649,-0.076781856,-0.177101695,-0.262179174,-0.394932947,5.42986188596701
-0.381226648,-0.207614337,-0.379271254,-0.325529787,5.88019058073457,-0.746470435,-0.367879715,-0.420864751,-0.000639647,7.10298999712806,-0.099007538,-0.298875701,-0.258526983,-0.005310065,4.44227278843991,-0.161396267,-0.237646037,-0.286529768,-0.389497629,4.53396938712106,-0.008836126,-0.216382735,-0.169109313,-0.551991818,4.81879953494543,0.0394282600823784,-0.165147372,-0.092879745,-0.376728304,4.71614291442135,-0.377063933,-0.161882594,-0.399288179,-0.423353694,5.89520233764832,-0.713228128,-0.369204065,-0.432719643,-0.078620628,7.23177845810035,-0.051693507,-0.247706388,-0.272071384,-0.09342006,4.44145103615973,-0.189351109,-0.266221098,-0.289732297,-0.313860541,4.53217652178421,-0.021575591,-0.219774687,-0.176354077,-0.53954631,4.84767180272087,0.112500241961747,-0.111790025,-0.075502794,-0.507064435,4.62352964972597
-0.144709966,-0.201804431,-0.222097463,-0.114120727,4.83333062285835,-0.514534815,-0.354730562,-0.244245039,0.151933336195761,6.01105430255796,-0.152223278,-0.113295043,-0.286596315,-0.069672024,4.34133377769168,-0.348938006,-0.319383884,-0.288080457,0.0495729957628067,4.40884955794957,-0.069145112,-0.174909658,-0.208089221,-0.356388201,4.08514850001833,-0.277508549,-0.278066006,-0.14680257,-0.207593243,4.96948760842461,-0.151001463,-0.170646953,-0.265448457,-0.134051712,4.90386613482631,-0.587731096,-0.369675116,-0.280760314,0.306955225174938,5.9593065347675,-0.015516066,-0.096410882,-0.205003341,-0.270304352,4.16022275746148,-0.409289315,-0.330056038,-0.327584475,0.140949548397571,4.5096245466987,-0.012752037,-0.15690512,-0.173842961,-0.437314341,4.00521852339392,-0.248388138,-0.242115477,-0.128530803,-0.273678989,4.92127525900261
-0.650297378,-0.570412282,-0.27658224,-0.248536559,6.65131254447168,-0.586972758,-0.3224983,-0.304473563,0.285421362907434,6.71700138737699,-0.352624891,-0.359682806,-0.236803452,-0.094186382,4.75201269392765,0.0121125623242122,-0.22922662,-0.104315196,-0.454762073,4.25283312765603,-0.089387966,-0.218857723,-0.165957839,-0.374336015,4.55020244833935,-0.238497582,-0.201693266,-0.291765146,-0.221000475,4.92935882501922,-0.860490446,-0.694564905,-0.326759379,0.00452404272410572,7.31294938725524,-0.535810027,-0.312377387,-0.286809502,0.218963002386424,6.65058375566977,-0.213742674,-0.322894604,-0.14802973,-0.374876509,4.51395130358426,0.0702526989700007,-0.222849466,-0.058501807,-0.56160706,4.18912276037896,-0.096635161,-0.208899625,-0.162857753,-0.361074931,4.5368927301765,-0.157534973,-0.168687456,-0.245546026,-0.334702457,4.82297106449119
-0.911613007,-0.359382354,-0.393224987,0.217584243157963,8.22303715174731,0.0434693719410666,-0.106722353,-0.260476,-0.965407768,5.03741375319192,-0.532882381,-0.318015111,-0.334447188,-0.27679246,7.00994808835176,-0.24393278,-0.222869937,-0.240603361,-0.111586241,5.4420237423237,-0.144737775,-0.216955703,-0.232047558,-0.37360753,4.7881697047336,-0.251246872,-0.14975079,-0.199751334,-0.272094288,6.1708987829393,-1.185186837,-0.462752033,-0.490073339,0.496471775935554,9.23352121396545,0.0703316992971472,-0.106424096,-0.228724617,-1.005854683,4.91596426989885,-0.483358713,-0.297352591,-0.292107542,-0.373350144,6.78396983500393,-0.278370122,-0.245201358,-0.24419213,-0.059066583,5.53582867225347,-0.155792337,-0.23092594,-0.244363627,-0.354939021,4.85286781058956,-0.216912692,-0.132433824,-0.178327048,-0.34320954,6.16111966805443
-0.049568462,-0.256809395,-0.127498817,-0.070876591,3.60122527335566,-0.085869968,-0.327151486,-0.102321315,-0.405009628,4.01915800560554,-0.289916343,-0.257819304,-0.140973867,-0.331615365,4.96756072236321,-0.357180058,-0.335204977,-0.21420858,-0.463463776,5.74189820658274,-0.27439796,-0.157497939,-0.257991887,-0.343324831,5.10568842574813,-0.125163716,-0.172985921,-0.22068311,-0.590058847,4.87937882977509,-0.052924825,-0.256768921,-0.127250184,-0.060143722,3.57958822709962,-0.107982893,-0.371469366,-0.087638399,-0.388107037,4.19331861210274,-0.285764308,-0.240232987,-0.141955975,-0.359155339,5.00768839752963,-0.361244676,-0.336642592,-0.211181462,-0.488690806,5.70589499769892,-0.230784537,-0.147570723,-0.226095682,-0.415263777,4.99694626587375,-0.060269066,-0.146563033,-0.187351795,-0.703804365,4.80154909565112
-0.211434963,-0.172253146,-0.278160411,-0.505589649,4.87663819175795,-0.336192137,-0.159767283,-0.3666175,-0.010614261,4.45552179914144,-0.07860867,-0.280412724,-0.178898084,-0.596763376,5.13541063158774,-0.227707939,-0.192260625,-0.343060771,-0.072624804,5.10134763060942,-0.568018257,-0.293788893,-0.38733775,0.286331653934547,4.94561375627675,-0.209379666,-0.226700267,-0.247042895,-0.196070005,4.34522028058873,-0.250527433,-0.147310156,-0.343079801,-0.513445643,5.11285097033291,-0.348926003,-0.16161313,-0.355900206,-0.048549269,4.35694982600736,-0.017069061,-0.246049973,-0.160654506,-0.692845224,5.05887315322551,-0.240167706,-0.20169507,-0.34235892,-0.041307701,5.09913255330256,-0.638453032,-0.314172378,-0.420866269,0.35682378252115,4.99298110728403,-0.156765941,-0.214961379,-0.215911881,-0.285466467,4.29700609390492
-0.29368927,-0.282230907,-0.197820342,-0.096402755,6.54775491955293,0.159982283441431,-0.254203492,-0.000531626,-1.131742807,5.7043560985628,-0.669257382,-0.485075409,-0.169337488,0.262543147122202,6.73511042214896,-0.333096,-0.270489624,-0.251389381,-0.131471869,6.05749925986069,-0.342877709,-0.186733241,-0.266579018,-0.200978909,6.55388480916315,-0.387239042,-0.28677817,-0.372960441,-0.186322829,5.05882780270928,-0.364944983,-0.303128969,-0.255176181,0.0453091569929594,6.8140436776002,0.180685687359998,-0.228169519,-0.006981639,-1.143529269,5.63283984748187,-0.531993197,-0.396760408,-0.145456382,0.0971140859387278,6.37031991436905,-0.287550445,-0.287677701,-0.203275977,-0.227290142,5.9143147386397,-0.328853549,-0.180092138,-0.253733162,-0.223904972,6.51874699442647,-0.275594959,-0.215362612,-0.342945217,-0.383456151,4.87803371109043
-0.58769139,-0.343379734,-0.281237043,-0.270818996,5.62500399822428,-0.051620844,-0.140755927,-0.250099748,-0.637184442,6.3838405212762,0.0467657761026283,-0.188175955,-0.147212875,-0.554758864,4.32688536291001,-0.430052976,-0.274351261,-0.263426975,-0.156718711,6.4449246472104,-0.132685503,-0.122752968,-0.293746036,-0.361860442,4.92571183445025,-0.559489546,-0.3666617,-0.298906674,0.337665212376828,5.59037108411338,-0.750241505,-0.405994331,-0.406084844,-0.170722438,5.86838777106274,-0.072700924,-0.151340583,-0.251093292,-0.606636536,6.44064119280602,0.0665033061883872,-0.16853461,-0.138686149,-0.600540503,4.30960452917968,-0.42731285,-0.290858531,-0.243031834,-0.228759592,6.50665188906435,-0.077672732,-0.103474362,-0.265438594,-0.458653961,4.79935612845222,-0.454783989,-0.311469347,-0.257578829,0.168017750674195,5.41174531618587
-0.341094092,-0.120785239,-0.400530005,-0.256876242,5.09611341592363,-0.31006335,-0.242178741,-0.2446352,-0.158285529,4.15559838499101,-0.314991825,-0.339473145,-0.253038479,-0.028607311,5.98075633921942,-0.306795183,-0.229350058,-0.283599105,-0.081225164,4.63224614459004,0.0366880921094891,-0.125224409,-0.178346551,-0.563267521,5.26547466906946,-0.278886848,-0.263878167,-0.166965016,-0.252583179,4.83648841923533,-1.348561279,-0.368103639,-0.869200706,1.05489867066227,5.78211453264736,-0.33565293,-0.213547576,-0.292467016,-0.129443967,4.14898143464646,-0.230454962,-0.278704829,-0.236883225,-0.16853661,5.76396001487256,-0.328025514,-0.218522194,-0.29615011,-0.037481768,4.59678967999481,0.0561734541385651,-0.119943257,-0.171927063,-0.599588156,5.26892729873757,-0.203180998,-0.223793389,-0.134659324,-0.397064747,4.7852742797965
-0.108399213,-0.201202255,-0.063807039,-0.952920638,6.08857676389013,-0.298991577,-0.15092573,-0.317631875,-0.605746174,5.77713392441691,-0.297785363,-0.297224719,-0.049139476,-0.435028254,6.45221879363547,-0.235555279,-0.269132515,-0.245894278,-0.010264187,4.12185914644268,-0.241301194,-0.253689017,-0.195955372,-0.154887782,3.88017363171047,-0.01667331,-0.185722177,-0.191469933,-0.451362731,4.34727705896212,-0.120556588,-0.198582533,-0.079999043,-0.946401121,6.12260760927121,-0.448606424,-0.145385289,-0.446327628,-0.510190466,6.22976807,-0.253261558,-0.243104269,-0.052160757,-0.502765121,6.28217206558569,-0.262805967,-0.249517166,-0.280334256,0.0382430051126922,4.17495180971501,-0.213795864,-0.258886533,-0.1736663,-0.185834254,3.85940179354629,0.0214577007196506,-0.15032507,-0.189063463,-0.516981085,4.29523728098534
-0.237146059,-0.255584225,-0.293273763,-0.297038744,4.98540284058166,-0.393694013,-0.201335525,-0.359966497,0.210322897424346,4.35436195912659,-0.556077198,-0.23530597,-0.32818382,-0.15856122,6.02358702356898,-0.110445522,-0.170346083,-0.275973775,-0.214278366,4.24601156910079,-0.220920037,-0.270081191,-0.168153785,-0.174476612,5.81347353016114,-0.518899461,-0.300859396,-0.240809999,0.104275907623278,4.89523968492033,-0.310937364,-0.293183887,-0.299002384,-0.191192357,5.15140099036961,-0.380563063,-0.130613931,-0.420026818,0.18073377877427,4.35936828518344,-0.471309009,-0.183412927,-0.299662017,-0.318247332,5.88548731065603,-0.06628964,-0.150348027,-0.250381211,-0.283900224,4.17262895546455,-0.2390837,-0.275872165,-0.173690304,-0.152742149,5.90758041182098,-0.427329003,-0.26114737,-0.196072523,-0.049870214,4.79516223888558
-0.403516379,-0.275245936,-0.342126338,-0.150512101,5.21890908319486,-0.322197281,-0.225520034,-0.371883407,-0.168819054,4.96279042301684,0.148911920250823,-0.121307956,-0.037002924,-1.220408954,5.12783081652174,-0.107539329,-0.332582668,-0.187976012,-0.299651841,4.33446085637154,-0.311027527,-0.344044766,-0.243698211,0.109018054051442,4.64193259600039,-0.404398368,-0.319293851,-0.263113917,-0.145374267,5.13070710067143,-0.40350647,-0.237376211,-0.390378875,-0.157075631,5.35664454849358,-0.465663787,-0.189490105,-0.49220579,0.0561042543919965,4.9507734627929,0.183039453083998,-0.096850601,-0.024391363,-1.280118487,5.10574805639865,-0.126463858,-0.350423887,-0.186381391,-0.262339253,4.34827271808189,-0.368778393,-0.402769579,-0.235787632,0.209545488807015,4.77087379139332,-0.340496221,-0.261236184,-0.25369169,-0.263249501,5.04352903000785
-0.793285737,-0.357000565,-0.427762433,0.630155250647528,7.93440989240741,-0.163886489,-0.179852334,-0.225406293,-0.869480649,7.09014515665317,-0.411557652,-0.388222759,-0.237071581,-0.25697697,6.3144162690287,-0.412861067,-0.358372587,-0.227783145,-0.135036169,5.88157860812132,-0.347736492,-0.260090365,-0.226004681,-0.367026929,6.05476998294652,-0.161739055,-0.361121273,-0.174480032,-0.133701494,5.43944062482598,-0.888398132,-0.365891987,-0.519417212,0.829404870049686,8.52472203530236,-0.187379932,-0.14961672,-0.25550504,-0.849121364,7.15549102206198,-0.336360183,-0.334168904,-0.250968969,-0.352560542,6.21462478190115,-0.347578263,-0.340423156,-0.203601779,-0.253616961,5.86197274769026,-0.324837736,-0.260902829,-0.21042701,-0.376107723,5.93985654463698,-0.077003768,-0.322884204,-0.142762876,-0.270554263,5.32823212387934
-0.011607246,-0.209114376,-0.17856784,-0.528076263,4.26553923144103,-0.452324446,-0.260852412,-0.304347957,0.0960647491007714,4.6029732641975,-0.155814885,-0.172304666,-0.294576971,-0.35546887,4.02356271383048,-0.132867771,-0.143260229,-0.314316202,-0.838102084,5.55686497485464,-0.223358927,-0.202400859,-0.243718779,-0.325162195,6.58885914715643,-0.204543613,-0.179309087,-0.374190777,-0.177757125,3.86650865867672,-0.112102828,-0.233431311,-0.249512998,-0.32831328,4.38316185209045,-0.46291124,-0.313823809,-0.289688394,0.0860725936868116,4.65245613559146,-0.093590622,-0.145994944,-0.239293419,-0.410149067,3.91768484208331,-0.172764271,-0.162149569,-0.326559992,-0.751506951,5.58051392198903,-0.233097436,-0.207529746,-0.250000312,-0.284901532,6.63420176426181,-0.141822217,-0.153122447,-0.334944484,-0.291192539,3.76029045840815
-0.622505154,-0.544145422,-0.116337633,-0.246200054,5.49411186363243,-0.376569748,-0.383636962,-0.224455984,-0.127492483,5.94353516948031,-0.627821626,-0.203393576,-0.42267025,0.158030835377796,6.43239284763946,-0.109993979,-0.218879176,-0.331551556,-0.054423602,4.32056415292172,-0.50120934,-0.350255936,-0.312181613,0.0947557687477953,5.89324169029996,-0.32588059,-0.289054571,-0.232888165,-0.302393748,4.72469831043669,-0.505173397,-0.516416844,-0.07968769,-0.445697851,5.44211808806599,-0.474882611,-0.455387914,-0.267147313,0.0239782080470983,6.23552584084351,-0.491964329,-0.150857381,-0.372351958,-0.031759195,6.24738275486956,-0.046679009,-0.209445196,-0.293374956,-0.152351817,4.22588041612565,-0.504588513,-0.356077792,-0.305332126,0.10442919603796,5.89591561889974,-0.320430384,-0.290513414,-0.210308147,-0.362369308,4.75191907200388
-0.408910991,-0.277474558,-0.372453814,-0.020141111,5.62718522645397,-0.282925095,-0.282578596,-0.217273456,-0.405303553,4.87065397929867,-0.270141651,-0.20543516,-0.37055945,-0.4841801,5.77909145491517,-0.116381068,-0.203185436,-0.222869791,-0.630095284,4.83403825685776,-0.354511256,-0.413013417,-0.261899188,-0.18817573,4.48888375345487,-0.223841105,-0.19085228,-0.318113914,-0.3252836,4.81551348587828,-0.484731478,-0.218912441,-0.454813557,0.064928579297956,5.69535345794319,-0.184371077,-0.257076627,-0.140922859,-0.561532628,4.69548257293835,-0.15758662,-0.157572654,-0.336287256,-0.677918388,5.56942629595855,-0.219328095,-0.23600581,-0.264636507,-0.497922131,4.93675303784247,-0.390846214,-0.411500081,-0.291381333,-0.197138787,4.50966714963151,-0.152631654,-0.169578239,-0.2682498,-0.439926117,4.61063137739031
-0.298302387,-0.233697019,-0.276818185,-0.269155498,5.11904932309593,-0.279828709,-0.292671992,-0.285554612,-0.143097884,6.24470292274474,-0.072336793,-0.330200037,-0.094561138,-0.803161329,6.00729932496688,-0.241679189,-0.235504364,-0.219602622,-0.449473399,5.777453295,-0.175995618,-0.218004815,-0.299004241,-0.124559396,3.88159152855178,-0.176980087,-0.141106388,-0.30538802,-0.347785503,5.13640140025664,-0.339932023,-0.208290934,-0.320290396,-0.207205505,5.15620809330096,-0.478550404,-0.349301318,-0.369476933,0.175814625097557,6.84305078902614,-0.023707529,-0.329394807,-0.056958765,-0.898143997,6.03309043470006,-0.238071079,-0.244131235,-0.193501718,-0.449072273,5.74823889449368,-0.225530644,-0.232342205,-0.31038116,-0.033453189,3.85696561163222,-0.065860416,-0.127596241,-0.223065517,-0.527462676,4.93282281170818
-0.247440629,-0.351419432,-0.052158685,-0.657404021,5.92468399517319,-0.039506488,-0.256421869,-0.237073605,-1.022126027,5.92712015713765,-0.399526574,-0.282009847,-0.31714764,-0.247691279,6.24152231911774,-0.389925852,-0.347448034,-0.213273242,-0.278523695,5.29675861530317,-0.022323002,-0.151992005,-0.168839965,-0.544582045,4.87478473529426,-0.10616259,-0.13021062,-0.234872778,-0.754136933,5.4524374420303,-0.281233026,-0.439238185,0.0504899948945925,-0.686517502,6.1411844051572,-0.032727561,-0.232049065,-0.250452981,-1.09936124,6.04910610647849,-0.227646821,-0.224845742,-0.235019033,-0.516273967,5.86729618403038,-0.443397051,-0.389488775,-0.224442684,-0.195255053,5.35021210164133,0.0222422634868772,-0.142381292,-0.142210238,-0.62908238,4.81432889901982,-0.095663782,-0.131949241,-0.205752544,-0.779085888,5.42959952940858
0.00491500275707548,-0.254254343,-0.089288482,-0.490351409,5.07004693941333,-0.227240746,-0.196879656,-0.304399681,-0.090248783,6.54432629502342,-0.198305592,-0.228823057,-0.224508853,0.118434608984768,4.22658642388913,-0.094954317,-0.197247526,-0.28670917,-0.172360245,4.20268960486469,-0.595062859,-0.375392898,-0.315880528,0.0823782480280683,4.83530829759506,-0.535239522,-0.210762347,-0.40580281,0.0231862216063983,5.19225055113193,-0.005926125,-0.283906276,-0.085754931,-0.448856769,5.18971125701614,-0.208534111,-0.171682915,-0.335764672,-0.103975148,6.77089131578013,-0.114515549,-0.164176848,-0.21876208,-0.018984589,4.11224105914589,-0.159163108,-0.23255103,-0.299628397,-0.071977884,4.36471531042204,-0.611544276,-0.438604262,-0.274710205,0.102467076022287,4.87772008818848,-0.408344376,-0.182662197,-0.307292914,-0.169935057,4.95619316095849
-0.372502303,-0.326389235,-0.334817623,-0.099362466,4.8501567738776,-0.117151189,-0.069141986,-0.218792236,-0.225205953,5.40335227592753,-0.58690549,-0.308399799,-0.384163877,-0.27750418,5.65550658601502,-0.21606653,-0.213901088,-0.21707394,0.0843949703518141,4.07002957510714,-0.459279165,-0.354589764,-0.335630756,0.100286128385688,5.35828364319824,-0.338964156,-0.334412147,-0.200190082,0.021017813164671,5.3545514934809,-0.476817034,-0.329999011,-0.426698,-0.0084584,5.3258952965701,-0.157434227,-0.086367998,-0.238403563,-0.137727795,5.39550121377216,-0.461085481,-0.249239413,-0.31682178,-0.445815681,5.42255182209333,-0.206328348,-0.219734942,-0.20542732,0.0760288970976643,4.02333528020807,-0.676711151,-0.498917721,-0.41762612,0.337023413519873,5.99716062585443,-0.244093672,-0.284922471,-0.15465193,-0.128587324,5.23904483227441
-0.691724045,-0.447513519,-0.425389272,0.13942054214942,6.15510836183684,-0.152280542,-0.238744922,-0.155079028,-0.387619126,6.0672874297003,-0.25876165,-0.25560007,-0.190507627,-0.375679469,6.07264494992658,-0.280919937,-0.202492966,-0.288199279,-0.170255589,5.49429203694293,-0.338051601,-0.301800836,-0.271991158,-0.098600744,4.81433375367337,-0.379806589,-0.277230101,-0.262066954,-0.268395331,5.4898552899519,-1.208290997,-0.534405701,-0.69432005,0.80791417945232,7.01551293485605,-0.185252286,-0.239321465,-0.174887802,-0.351514621,6.2577376503333,-0.167021783,-0.222698353,-0.148462826,-0.50750537,5.90445458436827,-0.34039494,-0.220433941,-0.321338811,-0.063834473,5.57546778523087,-0.351487128,-0.310071594,-0.265890563,-0.099977182,4.8561852074239,-0.26959825,-0.236155851,-0.207762546,-0.45941482,5.31432729309892
-0.433119335,-0.109159615,-0.388461207,-0.164267964,6.49572235876956,-0.115984448,-0.235128868,-0.274593683,-0.116181089,4.74523008921285,-0.547486764,-0.28857377,-0.364292645,0.24515838447881,5.74916779563978,-0.28297143,-0.228700544,-0.281665501,-0.380406214,5.1644620338773,-0.541258247,-0.31092323,-0.320368297,0.290303737779501,5.83043327106741,-0.110234255,-0.184484416,-0.161913674,-0.363695426,4.90260158121182,-0.443428803,-0.079916592,-0.422857392,-0.151663465,6.60149632698262,-0.121148232,-0.216197269,-0.293386008,-0.085781572,4.75193973628307,-0.562707492,-0.294174092,-0.332157305,0.232786927702851,5.63971183637323,-0.335478337,-0.256027939,-0.29949009,-0.296458721,5.33115221147036,-0.650319311,-0.339948399,-0.437263572,0.44091065360556,6.0888343358054,-0.001636215,-0.127330358,-0.123128208,-0.553951829,4.78669244655097
-0.345950018,-0.171389302,-0.161784524,-0.172720347,5.3134245328231,-0.365423133,-0.211348756,-0.23583519,-0.230503916,6.70485742451702,-0.091800781,-0.104571512,-0.141518996,-0.750154791,5.55523381189081,-0.510146271,-0.416490618,-0.284951392,-0.001414741,5.24479352099897,-0.411051762,-0.323989073,-0.387845486,0.0866386051708378,5.12684148003541,-0.403991249,-0.224145728,-0.332985304,-0.118259373,5.28952363515086,-0.483691057,-0.217444994,-0.234847063,0.0551649683184535,5.35184431464237,-0.368752694,-0.232376497,-0.23064759,-0.228133687,6.7058558693552,-0.026487706,-0.085165203,-0.092412823,-0.885372861,5.46835666779035,-0.457260074,-0.393758619,-0.268717106,-0.076613187,5.16337991630925,-0.427671161,-0.321901761,-0.397827237,0.112673698036961,5.08980300387719,-0.318235586,-0.148908771,-0.307055417,-0.280940523,5.18055238760346
0.040970013365985,-0.193983168,-0.167331234,-0.469288287,5.99414396402989,-0.268823555,-0.342967009,-0.083306346,-0.079216868,4.54675058467381,-0.002010753,-0.197965128,-0.133225209,-0.607298624,5.05310792195321,-0.611646482,-0.25399109,-0.373300544,0.0355912931685547,5.07786013924907,-0.530366959,-0.449085913,-0.290858306,0.266785851365225,5.72920484496275,-0.215538339,-0.233792449,-0.259094963,-0.252391731,4.69851386653577,0.0163788720068663,-0.225647701,-0.144365882,-0.424398102,6.08855338000274,-0.299022683,-0.389389657,-0.051318852,-0.020318614,4.58704981728378,0.0582034246433625,-0.160137134,-0.115316519,-0.727195373,4.96953499271935,-0.691578705,-0.315055708,-0.387079288,0.161463600815036,5.28496245497447,-0.668456665,-0.537031563,-0.320797659,0.476659946737346,6.05411982031323,-0.129944262,-0.195491095,-0.217797985,-0.389333824,4.5574431319583
-0.202397702,-0.20701207,-0.102448254,-0.404945548,5.45312659538878,0.282991235426075,-0.033685262,-0.187698441,-1.391403065,5.94233627103862,-0.514291706,-0.300843618,-0.352414552,0.331162119418125,5.11665700925842,-0.227240758,-0.301443156,-0.223525596,-0.170902465,5.66450539808011,-0.232965404,-0.291318263,-0.214408908,-0.252714663,5.32796470376405,-0.201919588,-0.193590433,-0.22805543,-0.555422641,5.25239013100554,-0.215831486,-0.173439934,-0.139688241,-0.400015476,5.45972518397049,0.303886560241432,-0.016970344,-0.188718206,-1.437684622,5.92787203413345,-0.444566442,-0.260871765,-0.313941322,0.202671646093377,4.99807604868496,-0.206998055,-0.26101437,-0.255280091,-0.204582099,5.80158983709661,-0.221037885,-0.301215705,-0.180858264,-0.286042287,5.27127445977358,-0.119616626,-0.146546489,-0.200238842,-0.729778252,5.14342474207681
-0.05485567,-0.237285301,-0.093587041,-0.270438801,5.25067383494549,-0.174052921,-0.186979576,-0.273592546,-0.304962513,5.83456427906428,-0.243932807,-0.134524136,-0.355124943,-0.344674166,5.33900801435507,-0.244885726,-0.266715654,-0.256704485,-0.560847151,5.38770677408062,-0.080702706,-0.284728968,-0.091641114,-0.607680242,5.6345213758372,-0.133848105,-0.271727363,-0.153047933,-0.334525577,4.90263309014035,-0.09620887,-0.251283411,-0.116994861,-0.224366339,5.36875371843335,-0.164357394,-0.16025374,-0.31364016,-0.315659901,5.8806868375943,-0.152453188,-0.089413494,-0.33006228,-0.529607978,5.33471916779399,-0.235168177,-0.301805285,-0.223705325,-0.596137172,5.53459710108948,-0.129781311,-0.308046263,-0.094223034,-0.559170988,5.75781810836899,-0.082429704,-0.239644408,-0.140123478,-0.447002073,4.8696542372605
-0.366905224,-0.349468382,-0.281145709,-0.070168941,3.65829475453905,-0.272728788,-0.245788559,-0.323430039,-0.549534768,4.49081266782388,-0.141021272,-0.245960353,-0.283047355,-0.342777925,5.72685497514599,-0.298770972,-0.281661716,-0.260923677,-0.305682,4.72236584490936,-0.161057379,-0.218129768,-0.212965599,-0.359805183,4.73784409131058,-0.131430658,-0.253608955,-0.168524236,-0.388259866,5.0085157659681,-0.244650223,-0.31197084,-0.22002175,-0.243936202,3.58012629246852,-0.274046269,-0.231867635,-0.32740557,-0.570589,4.50428295080772,-0.021954795,-0.21489168,-0.22830603,-0.53213446,5.55569521333197,-0.341703464,-0.283093113,-0.282328355,-0.269132802,4.86064704550285,-0.234760946,-0.238373604,-0.258347943,-0.236877397,4.81946737468707,-0.071313918,-0.221168528,-0.140430008,-0.494472658,4.89998329461347
-0.47940551,-0.364884612,-0.361357936,-0.601039113,6.60955977675657,-0.631389487,-0.406784447,-0.231183418,0.258303577303193,6.91661583152861,-0.13068077,-0.17412254,-0.2398988,-0.701596542,3.97352174068112,-0.533228497,-0.363456096,-0.313381237,0.0860627237838904,5.95455374956312,-0.469609636,-0.367603216,-0.308832359,-0.110936014,5.19243577851376,-0.475536799,-0.358984728,-0.270598255,0.141860972029658,5.81450400000369,-0.34758935,-0.315878677,-0.294818894,-0.783632117,6.23733284460545,-0.681659985,-0.405010957,-0.276195271,0.371116606483207,7.06189033509875,-0.071045016,-0.15951896,-0.207899741,-0.815120243,3.91298542040654,-0.565134699,-0.402987321,-0.292655923,0.107792968494614,6.06865825227155,-0.577775458,-0.430699192,-0.333365474,0.0456920911626741,5.44515861340292,-0.3650583,-0.311548562,-0.225534443,-0.037565152,5.62119890921467
-0.608328641,-0.333178931,-0.33930742,-0.03539794,6.93733533526884,-0.2947682,-0.404359471,-0.208706403,-0.200593587,5.20128246716572,0.0123703260296192,-0.128554698,-0.171100101,-0.935232744,5.58749826183284,-0.303249488,-0.228715732,-0.290580981,0.0244202302897574,5.67395055929965,-0.311899934,-0.218196936,-0.218976562,0.0890164368717068,5.35396159291645,-0.015703181,-0.094999521,-0.196035273,-0.618149537,4.61835839118409,-0.634745899,-0.334831175,-0.359611586,0.00231672939950641,6.93921332362919,-0.291496093,-0.416226548,-0.176595817,-0.252018758,5.22653459600146,0.115036168701836,-0.103868811,-0.083587951,-1.151421729,5.44781493304271,-0.334963094,-0.257616791,-0.284526147,0.0939100618784045,5.66849209983781,-0.324824879,-0.217616644,-0.24343331,0.0953401664578513,5.45100713051158,0.0370942004998212,-0.072688209,-0.164354953,-0.715107404,4.57111165566319
-0.125442212,-0.118447213,-0.27015106,-0.588273923,5.36482206946961,-0.316411228,-0.111477161,-0.417841862,-0.42097536,5.02932669385943,0.142247994207657,-0.233516202,-0.002077665,-0.836551949,6.09260530499893,-0.228161941,-0.238396338,-0.294154615,-0.217568336,4.93456087993126,-0.119199979,-0.252488948,-0.168276089,-0.4906542,4.77907301404089,-0.137732983,-0.278251816,-0.19207103,-0.380483928,5.10964912038316,-0.101556803,-0.110949191,-0.255313125,-0.634232318,5.29175836830496,-0.415354378,-0.182209406,-0.445697959,-0.450298231,5.36754564890817,0.23764130811275,-0.199701052,0.0507811452233841,-1.021393434,6.01735528220747,-0.219820685,-0.237536296,-0.277189654,-0.268590016,4.92685219858837,-0.119674635,-0.25108222,-0.175182434,-0.519103685,4.80455749984292,-0.036221674,-0.22509655,-0.154079568,-0.560934514,4.96801573060939
-0.528268274,-0.330972846,-0.338053764,-0.132442654,5.55634796034407,-0.444653252,-0.205920745,-0.364190841,0.0899051238724639,5.10158092660299,-0.31223686,-0.292501717,-0.247408871,-0.19049376,5.04321431244961,-0.277731967,-0.288474477,-0.201949842,-0.454388526,5.78014412469876,-0.281575146,-0.304824325,-0.243284989,-0.279174973,4.81678755131195,-0.011968497,-0.108871628,-0.186811399,-0.561771375,5.34032309627126,-0.597225799,-0.347921112,-0.357403098,-0.022025728,5.65658815744115,-0.589688739,-0.249975114,-0.432831655,0.254903743730858,5.42420164687912,-0.170699597,-0.239408329,-0.186195521,-0.401332477,4.75207144861682,-0.228204447,-0.261711074,-0.17980076,-0.530501249,5.6652922134519,-0.287824854,-0.303533776,-0.254289824,-0.263094181,4.81861699102746,0.0705994158676526,-0.070531446,-0.159368601,-0.705192963,5.23380474986731
-0.188539482,-0.119148109,-0.365257937,-0.156078634,4.74372912125139,-0.536955173,-0.262054958,-0.344507564,0.27589142871361,6.38869665940761,-0.200229246,-0.141363702,-0.356823691,-0.024096729,4.98012153041786,-0.25375081,-0.134084982,-0.394496842,-0.437009471,5.19703517990477,-0.020886344,-0.201188361,-0.200538671,-0.594766562,4.70375719959476,-0.166642082,-0.246655271,-0.131673057,-0.60544687,5.77027947571445,-0.141348322,-0.081038576,-0.377761785,-0.241977441,4.57883761940902,-0.586038063,-0.290067732,-0.361604695,0.331714296583151,6.42379073793432,-0.127903225,-0.122052442,-0.302708384,-0.170307136,4.86048434229634,-0.30491324,-0.11992156,-0.445523262,-0.371670319,5.33471334219314,-0.006436439,-0.208946885,-0.188214415,-0.587634438,4.69509438170985,-0.117259752,-0.219661464,-0.108279962,-0.713129547,5.78435147056532
-0.2638996,-0.285121293,-0.128803805,-0.343019168,5.423764408,-0.075781074,-0.071113969,-0.242980344,-0.496816739,3.94307477797634,-0.178214636,-0.229737894,-0.355699265,-0.495309862,4.60412353614747,-0.338466465,-0.230396453,-0.325136072,-0.333843324,5.29909439113756,-0.216042777,-0.268479231,-0.084228567,-0.387357156,5.30075820364332,-0.052067111,-0.223059186,-0.137345994,-0.638411057,5.10374456234931,-0.31057153,-0.317691067,-0.157573028,-0.265732036,5.52557225528069,-0.05526185,-0.046770519,-0.249723307,-0.500031333,3.93388208195922,-0.082725446,-0.17566622,-0.309519531,-0.636904603,4.46766837328913,-0.400435918,-0.24565591,-0.370146718,-0.191622193,5.49661266929808,-0.171583381,-0.245943844,-0.061668937,-0.457808996,5.19685628113681,0.0574092892627767,-0.160177985,-0.094871592,-0.847938389,4.94005596593329
0.127923455803212,-0.143686478,-0.133116043,-1.075777389,5.21875040604538,-0.336011932,-0.204974915,-0.42091706,-0.216460325,6.09266772421947,-0.271556514,-0.248581797,-0.307059688,0.042727265029352,6.05594073163494,-0.552709104,-0.505460788,-0.223390806,0.0470035352286959,5.08868275581071,-0.300693212,-0.311780172,-0.319125486,-0.002369127,4.23708997786772,-0.067063446,-0.228303647,-0.218793042,-0.419038446,4.52260396411558,0.19077051763494,-0.116613212,-0.094161625,-1.194274263,5.15664632942851,-0.502900743,-0.258493115,-0.49303737,-0.067159959,6.42555619128077,-0.23296024,-0.217513075,-0.296072631,-0.047817313,5.80246511305607,-0.58686338,-0.563299102,-0.17623355,0.0456788005916548,5.13234159693612,-0.377949656,-0.343821222,-0.347824132,0.0883946156020592,4.4688808772521,0.041144021061741,-0.18248872,-0.153602731,-0.602319749,4.36344738145658
-0.106387788,-0.310117554,-0.191602061,0.0706703730443648,5.35367934506664,-0.816684571,-0.578279815,-0.275372219,0.450646827771474,5.83189695673493,-0.182578748,-0.196572846,-0.272894128,-0.593728921,5.20359107887933,-0.091521314,-0.222256032,-0.180290339,-0.455648606,4.54712464601767,-0.431568319,-0.192505962,-0.352782608,-0.256977448,6.53357977785769,-0.360065926,-0.205221549,-0.305532406,-0.198972363,5.4221759610459,-0.108039214,-0.324781742,-0.189936414,0.100677563928846,5.39943900730768,-1.07535751,-0.739136616,-0.267881013,0.85976400258873,6.05649575103248,-0.076537002,-0.141527592,-0.240836352,-0.788371921,5.07784765458138,-0.059236924,-0.20930913,-0.170192127,-0.523247587,4.56631126755362,-0.591702041,-0.276434316,-0.397693414,-0.049627442,6.71266306743449,-0.286534736,-0.178958171,-0.271913759,-0.313918106,5.35827634958547
-0.124633648,-0.301806728,-0.062954631,-0.527829451,6.04557592277595,-0.259171087,-0.159108543,-0.297337526,-0.379611526,6.1230340331058,-0.030384251,-0.22525393,-0.068630766,-0.311056356,5.03485900016554,0.196482012586729,-0.12629102,-0.143445039,-1.139877554,5.78044242974612,0.0895942296162247,-0.107797249,-0.1796742,-0.699998111,4.54925820095212,-0.130414746,-0.256078625,-0.184637271,-0.26978508,5.35863655398568,-0.100604873,-0.293031702,-0.043515296,-0.57139056,6.07051612547681,-0.419141108,-0.24862509,-0.365285676,-0.123755857,6.38831237039918,0.0192840567347088,-0.20173849,-0.049121828,-0.411283107,5.00595961963105,0.126223894323611,-0.131825375,-0.193590411,-1.020415885,5.89880178600173,0.0676117223609594,-0.109018128,-0.198619607,-0.681402703,4.61170320710182,-0.046108296,-0.207421601,-0.158844518,-0.403094898,5.24605715285533
-0.599436723,-0.277935562,-0.373257699,0.439030943063764,4.04549724456946,-0.69119498,-0.437715016,-0.349808446,0.666328058241099,4.16130343962147,-0.407465001,-0.265169224,-0.353622114,-0.53787802,5.5889637800388,-0.069540359,-0.207448996,-0.138285827,-0.431385953,4.55603291496153,-0.228075365,-0.210969292,-0.231808382,-0.536096826,5.80554723430634,-0.112227979,-0.159662068,-0.283858048,-0.470706782,5.17388134656864,-0.723098963,-0.367807467,-0.379583219,0.609971765983224,4.14700159888911,-1.161596134,-0.727725487,-0.402923082,1.30085235072741,4.94417908863341,-0.312210191,-0.220787775,-0.315921742,-0.687637447,5.37764813311629,-0.033041252,-0.209289447,-0.108968444,-0.478954206,4.48860288627196,-0.202560431,-0.220126893,-0.20716813,-0.585642263,5.81729922686828,-0.059113718,-0.10969789,-0.264524301,-0.592929347,5.09285994902285
-0.240655763,-0.163800408,-0.202076855,-0.277000015,5.63686267784323,-0.364959157,-0.408514397,-0.159645808,0.13763217705701,5.75980674774949,-0.226880556,-0.32807231,-0.24793297,-0.017343685,4.52702680386307,-0.1426228,-0.301029107,-0.164851337,-0.321330653,4.67737034009209,-0.102341379,-0.172371431,-0.207638802,-0.688704875,4.9699211284838,-0.284839532,-0.315363533,-0.157182597,-0.568364144,4.88418235504845,-0.288224061,-0.189077035,-0.220791616,-0.235750113,5.67749645962362,-0.329242749,-0.391375857,-0.143884655,0.0692620108576899,5.72008368823699,-0.225205868,-0.313726347,-0.240836982,-0.045343481,4.59829975196875,-0.14112948,-0.313062694,-0.15456216,-0.310126829,4.70175647334663,-0.089148068,-0.171303377,-0.194545939,-0.710420971,4.92728852967209,-0.242179685,-0.282763888,-0.135532225,-0.639217417,4.78856717260958
-0.399571881,-0.215283709,-0.332344421,-0.432662933,5.33257858081548,0.00459819401005856,-0.18283295,-0.085279172,-1.11765329,4.94427658001351,-0.207065103,-0.160321667,-0.232444475,-0.188433018,5.37959376960607,-0.32471633,-0.281756189,-0.301048059,-0.142204496,4.88852783968903,-0.370243215,-0.303996377,-0.315781554,-0.224150826,5.48403441789987,-0.136309884,-0.197787724,-0.235844092,-0.123386766,4.41610550569778,-0.33045056,-0.167895619,-0.333509251,-0.60137948,5.2553150178319,-0.002934743,-0.217727946,-0.051547846,-1.10331623,4.98844505146409,-0.101874606,-0.103611646,-0.192034824,-0.396161115,5.25623350131666,-0.349127773,-0.284112685,-0.324288712,-0.06918692,4.95512071491572,-0.456554628,-0.348015794,-0.336399612,-0.110053859,5.69924333871239,-0.061029938,-0.179382605,-0.183458939,-0.23764231,4.31129328805804
-0.475876086,-0.349001753,-0.367758361,0.357238059274693,5.33445920869313,0.244685024671708,-0.062185074,-0.300817078,-0.89984458,4.42256376512881,-0.194021386,-0.198595193,-0.212163965,-0.515299703,4.76645757075587,-0.314444385,-0.24479623,-0.286419878,-0.407228196,5.1983049313506,-0.386155521,-0.252150883,-0.32277243,0.000947386309405141,4.90146672874186,-0.570512377,-0.473015762,-0.31201774,-0.00447302,4.98150551831764,-0.459088466,-0.392897572,-0.316544999,0.394249373538141,5.53414721816568,0.307801818014491,-0.034187381,-0.269715491,-1.021172457,4.31634696209191,-0.102559617,-0.163635021,-0.173205434,-0.665139801,4.69506946908395,-0.315715458,-0.220036485,-0.301348464,-0.436708103,5.19291076855789,-0.377648787,-0.261421693,-0.310949195,-0.003411119,4.87760391457837,-0.462518716,-0.403903902,-0.272543985,-0.171740644,4.80037394955296
-0.354079701,-0.095226337,-0.341506011,-0.252761119,6.88661002935623,0.0555400297951175,0.0698277749899926,-0.315311717,-1.040694535,5.50018185422205,-0.195147153,-0.282412429,-0.253870049,0.0352581262020261,5.51394691084766,-0.170366403,-0.212694052,-0.287641664,-0.464279219,5.08546791757884,-0.311928997,-0.275650092,-0.280860082,-0.228890594,4.58083940660421,-0.27196405,-0.191951214,-0.290591887,-0.23945382,4.87471109879461,-0.325007968,-0.030796751,-0.350741682,-0.353545741,6.91086672321757,0.0113164776756682,0.163040781608427,-0.422923982,-1.007930495,5.7930980543552,-0.147702578,-0.249934579,-0.235454123,-0.076212597,5.42027090962101,-0.198633436,-0.21365192,-0.31131815,-0.410287883,5.11803253454242,-0.345943038,-0.272589234,-0.323104434,-0.205496646,4.65349824861711,-0.129776141,-0.137479119,-0.213239344,-0.47755266,4.69130348033085
-0.372089214,-0.306489017,-0.206756621,-0.594505055,5.25577468414634,-0.23504246,-0.131263615,-0.374335391,-0.354596614,7.3720626478675,0.0308057480177959,-0.277206576,-0.0833096,-0.926376511,6.33364162840457,-0.274799564,-0.314551087,-0.282051143,0.101095465170507,4.25702261239238,-0.172759067,-0.246583694,-0.237500436,-0.507446443,4.53270601753925,-0.272252185,-0.264142981,-0.262085274,0.000297085115224352,4.54325433934855,-0.391932921,-0.330340425,-0.212703311,-0.519664456,5.34741312262845,-0.360490977,-0.091625853,-0.505266651,-0.272706799,8.34123408227774,0.118394908902869,-0.226792772,-0.054725551,-1.055262259,6.05964824319141,-0.298141568,-0.305571901,-0.308084837,0.122378939001266,4.32941991887449,-0.180805623,-0.250199145,-0.228418084,-0.503918351,4.56675396482759,-0.164996459,-0.22002234,-0.219868097,-0.199054206,4.44807298362306
-0.248603947,-0.314172612,-0.201377813,-0.023862618,4.26218626948267,-0.348629483,-0.339278455,-0.282956872,-0.006980836,4.98641215742538,0.00892857904796165,-0.231139428,-0.123271663,-0.433140707,5.73903085514228,-0.165810744,-0.275256167,-0.193898523,-0.426809866,5.92988993121801,-0.067791389,-0.255673986,-0.250053121,0.052108792136955,3.6556495828533,0.0948641921675698,-0.067614011,-0.208805317,-0.783418194,4.36049871229556,-0.294994124,-0.338819786,-0.194054681,0.0144922894587657,4.3726189711905,-0.353032474,-0.354263183,-0.282887796,-0.049020239,4.98844068370394,0.111141223190129,-0.187449718,-0.072537271,-0.604936764,5.63415050269859,-0.255659737,-0.324666351,-0.221588712,-0.320600578,6.17717456634088,-0.093946265,-0.271782317,-0.263775987,0.0765050099320961,3.64696907446226,0.162202320373515,-0.041163637,-0.174043575,-0.892967768,4.27218336098917
-0.48656916,-0.351618328,-0.400763119,-0.088479197,5.67520677647529,-0.071411212,-0.190934469,-0.199495883,-0.193339027,4.61125579906911,-0.151193323,-0.267402599,-0.157166697,-0.671042303,5.09891696028281,-0.401301457,-0.256422051,-0.333820583,0.141020839094217,4.36857007141018,-0.233643454,-0.230775222,-0.198980506,-0.099491357,5.78151877615608,-0.286264721,-0.299500963,-0.17100981,-0.332559354,5.90041859595839,-0.405484815,-0.323484545,-0.376401099,-0.209369111,5.63040927437253,-0.108997247,-0.225414754,-0.186489963,-0.130001679,4.66091513636249,-0.078245797,-0.245991895,-0.104887269,-0.814018537,5.01518516469077,-0.546701314,-0.333366486,-0.381908669,0.35839707625889,4.59464201526918,-0.272791994,-0.250662838,-0.206773544,-0.037732506,5.80515995608571,-0.217707399,-0.24926839,-0.155529808,-0.458693519,5.76644023135683
-0.071551771,-0.065718106,-0.167132565,-0.583863311,5.3226090184395,-0.074864652,-0.200794564,-0.202572056,-0.582328099,4.9568943032714,-0.137995735,-0.245253678,-0.272654787,-0.196717883,4.14665398167766,-0.208776515,-0.204701636,-0.208153992,-0.268510444,4.78671048159151,-0.294325015,-0.279553562,-0.297400853,-0.230398976,5.09334912359036,-0.184487125,-0.307421497,-0.210440977,-0.218700911,5.67768781249909,-0.045329298,-0.034027711,-0.17169173,-0.649179255,5.32700158218605,-0.016325433,-0.200117122,-0.154709821,-0.67581716,4.89929233523299,-0.052575029,-0.212398584,-0.230645854,-0.333544968,3.97973609837497,-0.20524032,-0.193408414,-0.212208639,-0.275879695,4.75296280797085,-0.329815554,-0.301174835,-0.308675367,-0.196334759,5.23547692782373,-0.078043985,-0.251407795,-0.167081891,-0.402259131,5.46592656072655
-0.557060734,-0.318408169,-0.293768182,0.238671265641845,4.73755384354868,-0.352263447,-0.39579768,-0.12466871,-0.175358129,6.40231990055123,-0.250805924,-0.217906798,-0.242622869,-0.031228493,6.11780817277962,-0.131774198,-0.185981734,-0.223941435,-0.517397509,5.47692392379135,-0.421959169,-0.293489955,-0.288737944,0.0825144792554048,5.54172529703372,0.0053964877232384,-0.0841617,-0.210830571,-0.577489209,5.24054716528278,-0.648638418,-0.384385962,-0.289369266,0.374550592313787,4.9012440221223,-0.416086574,-0.415671443,-0.133905892,-0.109819754,6.33901482978574,-0.192371503,-0.190106501,-0.205128887,-0.124579478,5.94996452548794,-0.182278744,-0.17410879,-0.277233118,-0.469609745,5.5381388843973,-0.561243791,-0.32439108,-0.363046467,0.303049258066825,5.71897952265977,0.0618734204956987,-0.058182785,-0.182969287,-0.674051951,5.15172490011844
-0.135175812,-0.13500754,-0.368770148,-0.413218542,7.23509513405406,-0.240797173,-0.114998567,-0.258179561,-0.954107308,7.97916439771692,-0.248624962,-0.213152351,-0.314396046,-0.16814412,4.25817439467258,-0.255973917,-0.262944864,-0.209900466,-0.239072952,5.58521493477003,-0.047383647,-0.14995774,-0.203937366,-0.507725719,4.23858700768812,-0.466829058,-0.22566333,-0.424370523,-0.046611616,4.96868843046258,-0.115495813,-0.079743054,-0.377010457,-0.475589193,7.50874487090171,-0.264992202,-0.093953844,-0.293227369,-0.88929968,7.94615256753841,-0.204162887,-0.215746835,-0.273124411,-0.238189486,4.22587637528516,-0.237183402,-0.278271054,-0.186765524,-0.244813438,5.6130451049047,-0.072771506,-0.139734197,-0.231887047,-0.47068878,4.25151033906272,-0.406364571,-0.207196428,-0.36685756,-0.146752508,4.86837466210774
-0.223542989,-0.092729617,-0.19564273,-0.849271151,6.09812324446031,-0.361230377,-0.274363944,-0.209195134,-0.460020598,6.08796722689422,-0.509359393,-0.305735034,-0.383703848,0.270226581340579,5.25639471462113,-0.01802942,-0.272195737,-0.078973282,-0.530134061,5.717908982,-0.146184174,-0.170136286,-0.273202544,-0.456576214,5.85844302899056,-0.149399161,-0.220424757,-0.217881118,-0.109921167,3.85170248664105,-0.250943985,-0.081602345,-0.235820302,-0.819858169,6.14999916643315,-0.381950291,-0.248343296,-0.25905411,-0.398997132,6.13947440142188,-0.422314944,-0.247781443,-0.366473558,0.0827933771861741,5.22889945662714,-0.021177672,-0.305400148,-0.058622231,-0.519279547,5.77176836904943,-0.141294986,-0.147343898,-0.275626298,-0.470280955,5.85551624004441,-0.042402956,-0.163006475,-0.178853615,-0.27371121,3.72566597887846
-0.321654537,-0.310281582,-0.350643201,-0.179116179,5.38159441238291,-0.55197936,-0.3624344,-0.422914631,0.0735578356622466,5.17863536694954,-0.176705756,-0.116295709,-0.289216849,-0.465469392,5.40865068414581,-0.189779502,-0.237591392,-0.252287491,-0.037558983,4.09539673248753,-0.224835433,-0.258291392,-0.18368748,-0.306580423,6.48338470211258,-0.097853309,-0.240241645,-0.126698352,-0.627679718,5.46374153746175,-0.369224146,-0.334514499,-0.348322428,-0.091838402,5.50031371808468,-0.688255214,-0.415687089,-0.494367655,0.347185308025697,5.18806949487026,-0.128970609,-0.097035122,-0.272124608,-0.55658431,5.32281538744756,-0.208687343,-0.217805149,-0.263847353,-0.016532893,4.10038321984925,-0.255443868,-0.265538409,-0.195955711,-0.255971711,6.61139727892682,-0.076625444,-0.225188502,-0.119073165,-0.681327279,5.4678882514288
-0.271681514,-0.274450769,-0.23130288,-0.283025884,5.53594084818453,-0.067805226,-0.214929024,-0.103939358,-0.458819105,5.76781894970678,-0.475356179,-0.332935065,-0.132006225,-0.251472856,5.29704104704199,-0.221537298,-0.299461184,-0.265758356,-0.175520632,4.89632691062485,-0.417490413,-0.251248823,-0.301366503,-0.128857092,5.34277753073279,-0.293907905,-0.244815019,-0.275391547,-0.343343751,5.37212544050883,-0.223237182,-0.289414871,-0.166348728,-0.360980383,5.38666684437732,0.00554055414109672,-0.184896166,-0.066509184,-0.56532234,5.64542352890978,-0.316067415,-0.27311839,-0.069705855,-0.524231598,5.13872939366577,-0.277127179,-0.314795815,-0.289623205,-0.097156242,5.16576814503308,-0.356269816,-0.219715686,-0.270627635,-0.217952493,5.18984373411451,-0.20852967,-0.224762823,-0.24127442,-0.464581011,5.2698406859259
-0.491424432,-0.41315231,-0.352790302,0.326047317503771,5.09056487068259,-0.362179166,-0.440333369,-0.112060977,-0.006093923,5.98579537188689,0.0446470097935123,-0.05183313,-0.222939839,-0.943016809,4.23941300892196,-0.299714443,-0.247770096,-0.26036542,-0.593372048,4.88302567562711,-0.235090016,-0.139807467,-0.28319616,-0.656418353,5.14968165709966,0.0664988765041511,-0.134605648,-0.108796702,-0.57096925,5.20675297235522,-0.668144299,-0.50693326,-0.375269211,0.454210482762859,5.35719094677552,-0.36576577,-0.47658031,-0.081651278,-0.053584438,6.22281885508059,0.121931946141154,-0.008473634,-0.177015965,-1.072617068,4.13959010173969,-0.292520022,-0.24270058,-0.262364957,-0.633934851,4.87200190114625,-0.29820546,-0.142040385,-0.333008506,-0.545326222,5.25767156469493,0.0954505042036669,-0.109413807,-0.108969435,-0.616819646,5.19842320270757
-0.29293356,-0.254126123,-0.348918793,-0.272105236,5.31594145646412,-0.290048676,-0.100724748,-0.327494679,-0.402348244,5.51287887338286,-0.212601657,-0.25330454,-0.242871251,-0.233380843,4.05901023547321,-0.446765006,-0.322113734,-0.3268292,0.132937860504975,5.83888613626105,-0.382296152,-0.260845607,-0.277860647,-0.276180509,4.84748555659559,-0.026751239,-0.176047655,-0.081389544,-0.620487594,5.99891267392597,-0.278047356,-0.264274852,-0.349645433,-0.218381695,5.31641366171515,-0.490103991,-0.055064122,-0.539733937,-0.119855976,5.75609518665265,-0.099118863,-0.216896127,-0.162618782,-0.427092972,3.98304807523748,-0.440274976,-0.300045316,-0.347946228,0.102112576016505,5.88156580991414,-0.382054122,-0.261208159,-0.282221811,-0.307419927,4.86710117238421,-0.025488781,-0.173076095,-0.083746643,-0.624959598,6.02530509241901
-0.102755763,-0.266847876,-0.197326501,-0.130301939,6.56738641408998,-0.030621675,-0.097375321,-0.197602385,-0.589780541,4.2703655656423,-0.835771988,-0.374807779,-0.398955146,0.412868553644206,6.7981725202026,-0.430105478,-0.338141522,-0.288831515,-0.001748111,6.35588311697672,-0.211968828,-0.282520391,-0.219201912,-0.466434382,5.19328735197666,-0.23797231,-0.184674271,-0.346147997,-0.260709647,6.39997028138623,-0.093106617,-0.260546919,-0.200402782,-0.114983318,6.57898795373306,-0.10635169,-0.127985863,-0.238144425,-0.469296975,4.35146667113103,-0.760779043,-0.329187597,-0.380484027,0.292619081781087,6.89433190327388,-0.473043921,-0.331108313,-0.318543226,0.0537980702349315,6.49673233920058,-0.238620615,-0.283903021,-0.230980685,-0.477754131,5.27858381557994,-0.145928753,-0.137119403,-0.295407014,-0.418238271,6.1217257537404
-0.551378422,-0.22425008,-0.353005422,0.0475425065071712,5.96334290286185,-0.234615773,-0.019277502,-0.343497221,-0.406967003,4.83669470210976,-0.269834899,-0.250596315,-0.165208142,-0.30822037,5.96971639766119,-0.252893843,-0.239722613,-0.377442045,-0.185831263,5.0982339369745,-0.175691656,-0.27336403,-0.313849549,-0.202057679,4.8289672860882,-0.054203586,-0.131171208,-0.133348643,-0.929380823,5.86484022069932,-0.573162501,-0.287914536,-0.328965902,0.17258351934415,5.90629712549619,-0.185364565,0.00500254597918959,-0.324285737,-0.454356859,4.76610646752926,-0.212283382,-0.225470896,-0.123808819,-0.421821686,5.85236813496033,-0.297388076,-0.260018125,-0.391079992,-0.131970371,5.10218633687879,-0.211268987,-0.288537724,-0.331736198,-0.136044873,4.92925908328235,-0.038359933,-0.122238515,-0.119660141,-0.969162537,5.84530657524211
-0.238877267,-0.148274042,-0.302954031,-0.291007438,4.73527752532012,-0.315978524,-0.310340452,-0.326399449,0.359356852318321,5.71707800865389,-0.268147291,-0.237130411,-0.181429229,-0.644455152,6.81075310048917,-0.380501215,-0.281454361,-0.335179358,-0.087929684,4.97304743832039,-0.172673694,-0.130381722,-0.264308217,-0.338546502,5.10008532690271,-0.285891224,-0.27086151,-0.18310917,-0.303913649,5.29365940915192,-0.235685982,-0.110787041,-0.321389732,-0.293775455,4.71663186415142,-0.287608778,-0.255425596,-0.337675544,0.314110767975378,5.51224903171201,-0.172100691,-0.200442225,-0.134200554,-0.790218856,6.69438796441379,-0.392082899,-0.267988101,-0.360959588,-0.098039708,5.03449242331767,-0.211026839,-0.072948573,-0.342699195,-0.315114958,5.17080095878677,-0.181709714,-0.224784291,-0.129901826,-0.463521495,5.06624014937664
-0.338043826,-0.258821863,-0.378757667,0.0964382762319357,4.83945761617538,-0.149642233,-0.262529719,-0.111552545,-0.579608761,5.96836358594906,0.0780955306364576,-0.237466181,-0.099858563,-0.617785066,4.33386508801678,-0.317516396,-0.291768844,-0.278275147,-0.216080329,5.76277211853636,-0.136200084,-0.202863932,-0.197244456,-0.47182998,5.05030456795921,-0.231835655,-0.273267665,-0.216455611,-0.081349875,4.70806127508017,-0.282529697,-0.244488556,-0.382789133,0.0239460029526329,4.79165783422393,-0.100163147,-0.256937413,-0.082093605,-0.638647679,5.91334741481733,0.116156259577465,-0.21884494,-0.09937513,-0.698322206,4.35574273880628,-0.414475806,-0.356266874,-0.294782365,-0.091618616,6.0080897789802,-0.186602018,-0.236234602,-0.209528867,-0.391932645,5.12502329049023,-0.081502828,-0.221063454,-0.150374673,-0.298862932,4.50122224964599
-0.651337079,-0.361215918,-0.286723324,0.0204642665223422,7.35063131752181,-0.257932359,-0.233050299,-0.237606336,-0.31214849,6.64165489460184,0.0627538028056098,-0.197230451,-0.230571369,-0.468867407,4.8705624615027,-0.113216483,-0.283080005,-0.180774748,-0.079948522,4.57625026467399,-0.125048541,-0.226930041,-0.338659992,-0.061434761,3.63379890185846,-0.063540384,-0.208963041,-0.24021491,-0.376991353,5.36081097633679,-0.994983425,-0.523204677,-0.375829715,0.576681596328222,7.89481612425228,-0.284460297,-0.229467776,-0.274169687,-0.297259633,6.82493931606972,0.114543619434958,-0.174579029,-0.196431399,-0.552964738,4.7516030884593,-0.181950444,-0.325597268,-0.199496278,0.0536930649118181,4.66546418031223,-0.197428611,-0.249456009,-0.390204349,0.0406573150050568,3.71220602360303,0.0303769951098868,-0.176650732,-0.187398009,-0.56462183,5.20305864825558
-0.222834067,-0.231691585,-0.189117566,-0.5363517,6.72061228438649,0.149381678482157,-0.007023919,-0.129682055,-0.884920337,5.47604566720636,-0.399560391,-0.306915487,-0.259814334,-0.299824768,6.29702917944779,-0.107298421,-0.215637691,-0.273957613,-0.453475387,4.86370502211049,-0.186535492,-0.204936104,-0.242576812,-0.420351603,6.38648322507273,-0.044425823,-0.221338697,-0.113889432,-0.516476711,5.31328876889596,-0.254704496,-0.272067487,-0.18696218,-0.439425163,6.85276484787934,0.143484798707162,-0.002180476,-0.143595236,-0.866449128,5.51198911312682,-0.370465161,-0.288543781,-0.242237748,-0.367112252,6.31290950999389,-0.14281925,-0.209900317,-0.320505182,-0.397368098,4.96482348349929,-0.192576194,-0.196285325,-0.251945566,-0.424783383,6.38777264519741,0.0307013767177248,-0.19322695,-0.077001123,-0.622025878,5.2398956639568
-0.569536863,-0.442337364,-0.267683738,0.425653032474594,5.06205050002365,-0.158720343,-0.014874345,-0.411973695,-0.468942192,4.96368193012555,-0.440644282,-0.213252118,-0.397499593,-0.147878627,6.38314465834893,-0.417006206,-0.209529379,-0.39182579,-0.004877042,4.60638891365079,-0.089985892,-0.120299866,-0.247550778,-0.456392709,5.49667254076755,-0.529453454,-0.28261207,-0.392897031,0.00793058411851694,6.61332293330546,-0.716940529,-0.58630608,-0.220091211,0.620276220264298,5.34908627362007,-0.137201064,-0.028653461,-0.397950645,-0.510371516,4.95101687628874,-0.398493023,-0.219866691,-0.354206476,-0.253352031,6.26468016778846,-0.415265771,-0.224437533,-0.380777764,-0.045289357,4.63998407859224,-0.083633661,-0.112442276,-0.247737716,-0.451873306,5.46973859494283,-0.467479111,-0.254098349,-0.348114751,-0.134716889,6.41792815150982
-0.093661002,-0.227468691,-0.140962089,-0.439089664,6.51314151440673,-0.123544977,-0.207145023,-0.080609751,-0.473846725,6.51339551063329,0.108179505728173,-0.136112636,-0.06073267,-0.964140909,5.44392112243136,-0.159527388,-0.231105739,-0.23610465,-0.301493178,4.56388831075359,-0.306102539,-0.347791419,-0.271989459,0.105219050040283,5.02034143822731,-0.177006809,-0.25187837,-0.183898322,-0.326406353,5.40099274596453,-0.064574873,-0.220059744,-0.106736241,-0.48754358,6.37475310485656,-0.082516754,-0.167138485,-0.073339207,-0.536072096,6.4230681710281,0.188629436897337,-0.109745444,-0.008541236,-1.123236853,5.39081883136804,-0.212096959,-0.267673525,-0.248954864,-0.215249539,4.69868008727457,-0.347984772,-0.369423228,-0.274337054,0.169924075941089,5.12544508388055,-0.091850091,-0.19332618,-0.149473468,-0.503464653,5.25786756659743
-0.362033855,-0.314678583,-0.295755032,0.0247250021691853,5.29807427256694,-0.961861806,-0.371513498,-0.427838359,0.647126375145594,7.38374482184179,-0.334944045,-0.233907501,-0.239606788,-0.207668431,6.1837991035906,-0.270877758,-0.295568707,-0.254727382,-0.256293478,4.34844760685993,-0.347981236,-0.311326701,-0.24899431,-0.053515043,4.6393324458355,-0.205349207,-0.196607994,-0.252972828,-0.674089587,7.04317275756656,-0.400499009,-0.330812618,-0.306110294,0.0382650607375851,5.35278492984094,-1.008926338,-0.361930109,-0.44953865,0.748662736446321,7.5474133280283,-0.207461059,-0.185867675,-0.170159213,-0.434698964,5.83626599990994,-0.298169944,-0.318563223,-0.245217327,-0.229933941,4.38676287837284,-0.246054867,-0.252245854,-0.23358324,-0.209159878,4.43396842440404,-0.110996081,-0.162128141,-0.208414082,-0.80448088,6.80988888012441
-0.213726843,-0.182807626,-0.182768445,-0.219650257,5.36682812687955,-0.46408243,-0.590079805,0.0120951272893958,-0.335715105,5.76205030803942,-0.585060858,-0.401764296,-0.30986835,0.14476123744481,5.75377721179049,-0.083476819,-0.187145721,-0.235410665,-0.547805744,4.98270989260418,-0.119217158,-0.28504044,-0.159179442,-0.201393699,5.35303300678319,-0.102344293,-0.186506958,-0.108773758,-0.414903233,5.02914922354722,-0.354971476,-0.235758087,-0.239596051,0.00314781732895226,5.55329688219681,-0.667283955,-0.790138077,0.116297181183129,-0.070849106,6.28619628014573,-0.48300705,-0.370650419,-0.271894922,0.0021708365834992,5.67562721475728,-0.057009885,-0.181240372,-0.221476673,-0.591969266,4.95080498983782,-0.122270889,-0.303841619,-0.149958641,-0.20098836,5.46092168630483,-0.054062731,-0.169426693,-0.079116052,-0.49684432,4.98694620355595
-0.3944046,-0.276467312,-0.253852822,-0.119614525,6.55654599800741,-0.236612036,-0.217801272,-0.207007989,-0.668135785,4.72044241939109,-0.035596758,-0.155417246,-0.172615911,-0.46774562,5.40258498491771,-0.553800116,-0.261846339,-0.410146987,0.279702865294297,5.41808164452744,-0.129418548,-0.246281243,-0.274375097,-0.33298763,4.82093466115373,-0.353684862,-0.428524678,-0.209564379,-0.201149303,5.81821121773128,-0.415447455,-0.285528126,-0.25222278,-0.057972501,6.50457973802071,-0.256758915,-0.224929401,-0.215075943,-0.686245099,4.77059740548286,0.0322011423265117,-0.112845875,-0.158634298,-0.571871184,5.28927191619738,-0.705307758,-0.297008892,-0.4851115,0.508483305855247,5.63660016502305,-0.246592789,-0.31465411,-0.324880956,-0.190097563,4.94300398134076,-0.335236874,-0.420300338,-0.205523731,-0.22383001,5.84457837994634
-0.344546566,-0.303915666,-0.227482317,-0.008012532,5.39396576927456,-0.243285561,-0.050254794,-0.220196529,-0.429119859,5.45323763886496,-0.390070394,-0.263412565,-0.203439517,-0.291813435,6.65703541499941,-0.311099773,-0.307095661,-0.288398422,-0.299143285,4.75727617321677,-0.45375882,-0.426051089,-0.252188221,0.196923081872043,4.8313532765606,-0.350439034,-0.267378574,-0.322594255,-0.489560893,5.91016339687872,-0.402581052,-0.354233368,-0.253194811,0.0983356424961401,5.57028334851256,-0.282692135,-0.043313337,-0.249687836,-0.372937894,5.50378544236739,-0.340158468,-0.23753366,-0.180193429,-0.408229893,6.60123439215418,-0.319039833,-0.298986332,-0.313020262,-0.270153547,4.76332226600141,-0.570088367,-0.492112875,-0.276898262,0.395363952653141,4.9973157800257,-0.239028265,-0.206138044,-0.287460629,-0.689661699,5.71820343287883
-0.140961176,-0.108621221,-0.352654322,-0.346114673,4.89314518852366,-0.224642073,-0.193967697,-0.236512271,-0.192528847,4.82317007372276,-0.181647498,-0.203564004,-0.158596607,-0.52329338,6.66739802074451,-0.161705886,-0.158416634,-0.252727652,-0.259096636,5.45481476038177,-0.168855863,-0.179887487,-0.32668844,-0.342319264,4.78831231119571,-0.347630561,-0.336315758,-0.256309789,-0.448275978,5.26866572465557,-0.311738613,-0.030990522,-0.510365712,-0.265990057,5.22203917689892,-0.25390529,-0.196741128,-0.246277819,-0.149136358,4.70671175988691,-0.15085219,-0.169417569,-0.159534076,-0.585546093,6.6587903647641,-0.130662376,-0.123873433,-0.254856572,-0.296947025,5.38390340343023,-0.169590729,-0.181878119,-0.326634796,-0.352710778,4.79854799899985,-0.230416217,-0.282845794,-0.205151744,-0.665336957,5.09178961315423
-0.393906457,-0.287453843,-0.352591708,0.0198358700140068,5.77237631420798,-0.172287436,-0.188155617,-0.314397761,-0.218671428,4.8341450870295,-0.187619421,-0.176435495,-0.321836258,0.0347372260185574,5.86972734129326,-0.010150554,-0.163340765,-0.199464736,-0.604354682,4.81707898303651,-0.374588072,-0.23484604,-0.214301435,-0.25773826,4.68882244021613,-0.123477333,-0.210630768,-0.162287064,-0.610546977,5.31929139905933,-0.444216717,-0.247847152,-0.418347418,0.130322101605308,5.90756159344356,-0.100754771,-0.152959827,-0.319230758,-0.318541803,4.78376025261415,-0.1085332,-0.12607373,-0.303811459,-0.115125113,5.73137283464516,0.0150017981669832,-0.182638578,-0.163068282,-0.663898826,4.81014967008217,-0.414493042,-0.280916537,-0.2159584,-0.213079889,4.76040799113961,-0.098518798,-0.188654433,-0.154795935,-0.678621462,5.30409341735985
-0.465108841,-0.137256203,-0.480597634,-0.499417613,7.07751641708757,0.117944091920473,-0.102376707,-0.234997256,-0.707414353,4.45398507450644,-0.352227371,-0.148067177,-0.339622663,-0.365175324,6.19257033008325,-0.061540554,-0.17064074,-0.145412769,-0.910456521,5.82331815438046,-0.426860593,-0.367148229,-0.222171435,-0.151899365,6.84899065662335,-0.291305101,-0.281126547,-0.213814877,-0.028537897,5.24032606040561,-0.479953261,-0.146946783,-0.514183457,-0.613836594,7.34004560225537,0.125256861206631,-0.090651781,-0.233707443,-0.728567915,4.44649939034326,-0.275549076,-0.151474523,-0.276115678,-0.464975294,6.08393657438997,-0.078117549,-0.171451076,-0.167464543,-0.895750205,5.87412969145937,-0.488718266,-0.358331554,-0.266124038,-0.111700819,6.79475088991449,-0.153368472,-0.214344984,-0.171142035,-0.247415656,5.03772170453929
-0.519326283,-0.3677348,-0.374066069,0.54517783038939,5.0852081282627,-0.14822442,-0.288515871,-0.180482535,-0.116175995,4.22084532480367,-0.07191597,-0.296169171,-0.102244691,-0.564487388,4.74017152787755,-0.000976031,-0.239885478,-0.123698275,-0.486496636,4.52965691876688,-0.327261349,-0.37116167,-0.23934249,-0.300948592,5.93202109700893,-0.436187695,-0.316809571,-0.304713682,-0.149079086,4.709906209,-0.630428839,-0.406295824,-0.452370488,0.725329143983571,5.51943394633821,-0.128876024,-0.289561103,-0.167167508,-0.170473935,4.21633150569893,-0.026512614,-0.261040342,-0.09140688,-0.60909377,4.63434265433879,0.0286947009735021,-0.248246504,-0.07466744,-0.552036857,4.5095903677852,-0.401571586,-0.453349453,-0.209118417,-0.212845693,6.18401732012886,-0.332679652,-0.264725878,-0.268064373,-0.324172454,4.60109677624683
0.00820658042617217,-0.309840084,-0.100691276,-0.295561492,4.39086415679015,-0.746448813,-0.341298341,-0.467453865,0.703497859505293,7.21854013720415,-0.252943739,-0.250759102,-0.22610796,-0.196741803,4.20874164149801,-0.169434235,-0.255016327,-0.285870115,-0.404249806,5.36132094894925,-0.215151547,-0.241748476,-0.267667304,-0.218573822,4.39687665445886,-0.629091337,-0.302078628,-0.380460231,0.272656198912616,5.24664791755396,0.0325773409400656,-0.307961216,-0.079731152,-0.358749947,4.32718763459419,-1.147484773,-0.406499328,-0.710858592,1.13704454114951,8.66481805519546,-0.102331498,-0.173865742,-0.163986293,-0.392977867,3.99592956180964,-0.217342919,-0.273979862,-0.338515092,-0.348110988,5.51233901874902,-0.177168138,-0.229679248,-0.240223456,-0.312642018,4.3746305283041,-0.589296064,-0.285341989,-0.352667181,0.187392389723134,5.21843400706187
-0.235545059,-0.397653209,-0.068769063,-0.354210268,4.83536016312599,-0.258831112,-0.347770046,-0.240660209,-0.681334041,5.71478854869495,-0.279035381,-0.337228332,-0.186662257,-0.009870485,4.49025310973558,-0.360195576,-0.151223133,-0.363617265,-0.529081268,6.80750703958968,-0.288871922,-0.330231955,-0.264374889,-0.099779586,4.61226460091357,-0.092802253,-0.2536886,-0.214409022,-0.383259521,3.92638504779341,-0.27888298,-0.432503065,-0.056732404,-0.324749578,4.95596346868473,-0.412875843,-0.440823958,-0.268259001,-0.55385359,6.06192364778959,-0.132493731,-0.245884572,-0.155587942,-0.194148503,4.24866044552598,-0.398974818,-0.168733132,-0.37446823,-0.492010992,7.0616687344233,-0.278583089,-0.323863873,-0.253068523,-0.112536898,4.56521207086069,-0.04391796,-0.22814253,-0.193074152,-0.476358541,3.90179759315664
-0.376480553,-0.35997378,-0.168482209,-0.191138172,5.15904250060294,0.0232143708178962,-0.174060006,-0.306111912,-0.717644061,4.70607039223862,-0.45693568,-0.333546981,-0.311849105,0.296246275002602,4.2246231911192,-0.156738994,-0.189465465,-0.330240896,-0.081883066,5.00108854942949,-0.352857458,-0.185920741,-0.345368844,0.065066585856927,5.32453681726016,-0.441844332,-0.248489144,-0.339601178,-0.213727363,6.83207751980027,-0.458961548,-0.360293038,-0.228465584,-0.050617745,5.25001755665539,-0.109818574,-0.266338763,-0.365172429,-0.432372297,4.85944743343227,-0.270958165,-0.257329199,-0.227146878,0.0379997290149695,3.94505352771961,-0.215165137,-0.234343134,-0.351071459,-0.016413708,5.25908957663448,-0.34100031,-0.157789789,-0.356436165,0.0385432886760644,5.29817651615333,-0.408583853,-0.251926205,-0.302473765,-0.284502225,6.84312009983248
-0.405634345,-0.327611895,-0.28631297,0.00577460729156475,5.97634415225713,0.0749528243452699,-0.102855293,-0.198830427,-0.950455844,6.94663269894567,-0.237668886,-0.254282822,-0.297391861,-0.185334858,6.13449532781071,-0.311331698,-0.380335385,-0.148849805,-0.063711107,5.78266806134131,-0.171345035,-0.181308393,-0.252887282,-0.247583794,4.97826235339318,-0.156646379,-0.34241482,-0.117484801,-0.147875083,4.71466226167702,-0.41199847,-0.339265943,-0.264197406,-0.008299207,6.04916398690755,0.0720690500065526,-0.095104185,-0.207913304,-0.939314907,6.94332760584239,-0.061859279,-0.188126606,-0.225803198,-0.469818475,5.69357821897537,-0.329316772,-0.41171168,-0.145563575,-0.022400265,5.88825992217619,-0.130139848,-0.157996113,-0.232694771,-0.327298014,4.9150323064714,-0.083858668,-0.287419025,-0.088301654,-0.259020274,4.58220420138715
0.137261193194848,-0.071358095,-0.182896765,-0.99814205,4.98249053923045,-0.412479568,-0.26105086,-0.206419345,-0.211611738,5.72564291962641,-0.237371208,-0.375287479,-0.129215658,-0.699974128,4.93209086841536,-0.303057829,-0.322170588,-0.278637025,0.0800585231946482,4.91688002567554,-0.249495751,-0.231805718,-0.204612026,-0.320846846,5.26367776333153,-0.208543714,-0.291355434,-0.148201827,-0.510055087,5.34192896154465,0.164636736999611,-0.017015267,-0.199186603,-1.042147132,5.01378407139382,-0.373503785,-0.256159189,-0.168861986,-0.256855316,5.60614472074726,-0.203816717,-0.342951363,-0.117796977,-0.777794524,4.84551473125725,-0.329190779,-0.345190422,-0.282809602,0.147019936158751,5.02150615652406,-0.309323373,-0.243201152,-0.227183866,-0.223769411,5.35917691564136,-0.150991162,-0.239119906,-0.146940744,-0.612675094,5.2806594828823
-0.408634204,-0.220059994,-0.400787909,0.232337744693653,5.49097090203404,-0.211531441,-0.236264995,-0.147716833,-0.253862842,4.5755659259791,-0.301947602,-0.162450952,-0.272949378,-0.222841582,4.64651997449862,-0.296824186,-0.264908034,-0.230524955,0.0308867454247673,5.2912382884606,-0.426599,-0.317215553,-0.166671156,-0.21008544,5.59035395074862,-0.214251075,-0.334669967,-0.134158135,-0.336711975,5.51863642802273,-0.647297043,-0.264115553,-0.576559974,0.451463442780976,5.96988132695656,-0.184811054,-0.224985705,-0.124817083,-0.314277697,4.51676912309256,-0.174887738,-0.101062776,-0.212200871,-0.429553632,4.4500613068391,-0.264683087,-0.240570986,-0.223961968,-0.003771141,5.19395442791827,-0.450191809,-0.331912658,-0.161067738,-0.173618193,5.68180650752519,-0.169351091,-0.281264696,-0.137809072,-0.408792295,5.39982054925163
-0.446564973,-0.373030866,-0.304028896,0.291662583079527,5.78128437020258,-0.506544804,-0.238738598,-0.388810087,0.152376165350505,5.5129050036945,-0.177701535,-0.242111003,-0.268490106,-0.31212734,4.21415159534812,-0.217204638,-0.223542947,-0.233586449,-0.404711708,6.96326058197901,-0.359364789,-0.271675159,-0.272356762,-0.412621367,4.6438019421498,-0.261660387,-0.142191004,-0.26352682,-0.144801318,5.14824916297869,-0.436682172,-0.375075649,-0.301929691,0.248568095889686,5.92975193990537,-0.540694428,-0.239234657,-0.42173554,0.169963105881196,5.49702685922149,-0.105664206,-0.234467122,-0.222858407,-0.450655277,4.13217082403983,-0.237190151,-0.260750057,-0.211340307,-0.378166587,6.99516642940765,-0.401869082,-0.264844874,-0.29841871,-0.355614743,4.59093933248896,-0.216391664,-0.121901719,-0.229650081,-0.227291343,5.09479319728967
-0.078604357,-0.163417764,-0.242781754,-0.569663065,5.62132327088272,0.0175216645787889,-0.129014705,-0.237144799,-0.721216123,5.72540248175895,-0.309264734,-0.26382527,-0.316178068,-0.526741386,4.91550386787419,-0.257973359,-0.178158339,-0.234642386,-0.111417983,4.6940117263147,-0.24300714,-0.272690901,-0.2497577,0.0834969067486383,4.62236825004967,-0.120969092,-0.20709141,-0.217794195,-0.721049936,5.56059935287393,-0.090079233,-0.163287604,-0.24822783,-0.544480554,5.64978903467657,-0.011675872,-0.172087703,-0.217812368,-0.682779561,5.71647800753909,-0.285706534,-0.276855443,-0.285384797,-0.612166904,4.87461621341598,-0.219318261,-0.123542522,-0.259601688,-0.177130457,4.68315042437499,-0.218085271,-0.250730106,-0.243503864,0.0443933988339711,4.54435968278789,-0.016709499,-0.165543238,-0.16586047,-0.888580771,5.40859955114759
-0.272874743,-0.058879086,-0.327130285,-0.422728429,4.90397759867785,-0.138026124,-0.211473679,-0.274820491,-1.047613576,5.63742007148375,-0.263443624,-0.047024271,-0.267198701,-0.866236709,6.21586483606938,-0.163066733,-0.12529107,-0.261991039,-0.591414858,5.36161296,-0.320444265,-0.333461042,-0.283806075,-0.10505471,5.55377279808899,-0.21529343,-0.240637316,-0.208192943,-0.369511317,5.41398391169491,-0.317522877,-0.054086293,-0.335981535,-0.328239734,4.88611264631053,-0.332323927,-0.27279727,-0.373466986,-0.843082817,5.95316754103411,-0.154884724,-0.012781275,-0.205073854,-1.062348044,6.06692716232832,-0.12582365,-0.100232669,-0.256296614,-0.698839069,5.38945057388159,-0.375433548,-0.326420101,-0.323008228,-0.002900255,5.57183272344447,-0.145738375,-0.201411561,-0.183031607,-0.467551745,5.24624200090868
-0.363970387,-0.338789669,-0.31986564,-0.069362154,6.77889999874702,-0.223540543,-0.114590818,-0.260725954,-0.315895151,5.80782067796336,-0.070960835,-0.091168146,-0.240345404,-0.472701417,4.89036151071996,-0.362266029,-0.16580127,-0.385827943,0.0397306288369874,4.78841231806356,-0.282348216,-0.214662704,-0.245060248,-0.127011807,4.39844127945113,0.0349865943773301,-0.121957041,-0.180479891,-0.791556329,5.35149407365911,-0.566088952,-0.403942222,-0.429942593,0.174145117498149,7.04611363873253,-0.18854056,-0.060835806,-0.252987233,-0.380632073,5.76989726608479,-0.039326983,-0.077431718,-0.216658896,-0.558853906,4.89499160977173,-0.323319111,-0.141158407,-0.374241108,-0.011059221,4.69531606445041,-0.197507769,-0.168331988,-0.21255172,-0.280399406,4.27341678255415,0.111460699479977,-0.102398011,-0.12976442,-0.909653466,5.27684458418593
-0.3623771,-0.480817042,-0.098929079,-0.235726597,5.87389587818568,-0.362388399,-0.282483271,-0.267798689,0.0526754907297471,4.08332312742117,-0.584888268,-0.314840236,-0.312942877,0.12635350550649,5.20739899873838,-0.191993732,-0.251256942,-0.196165948,-0.281634913,4.86715263144132,-0.437538474,-0.366319852,-0.247989679,0.00734467594903417,5.33895665397133,-0.329063116,-0.260457847,-0.251018629,-0.234917052,4.71799163624105,-0.465201608,-0.577234893,-0.084946517,-0.210181135,6.08803730285615,-0.371073803,-0.283914411,-0.273049595,0.0514854579171174,4.13624985283952,-0.44993433,-0.262775894,-0.248973087,-0.070414242,4.95232170183783,-0.197861062,-0.256578274,-0.197146575,-0.26774018,4.89990451995786,-0.448773852,-0.335725915,-0.285188185,0.00330010116338091,5.45059285835651,-0.235746517,-0.229480451,-0.205010211,-0.417761343,4.60856425715306
-0.371539453,-0.422240776,-0.144248685,-0.15927875,6.1545898964394,-0.082751784,-0.420090669,-0.146799478,0.0598869238469271,3.42728274828376,-0.094344478,-0.194554733,-0.264057086,0.0136609069945344,3.76189270715896,-0.54240026,-0.287032733,-0.316887719,-0.038162455,7.31421190659472,-0.305097103,-0.292767223,-0.257590016,-0.474790072,5.26710183269172,-0.189538307,-0.226270769,-0.270537608,-0.435894351,5.43482028853818,-0.358336961,-0.442185112,-0.123259785,-0.248528086,6.26834428659776,0.0264680186550261,-0.400196704,-0.090952014,-0.093859118,3.299570164,0.00810069869236582,-0.15387854,-0.210560397,-0.177597997,3.64237071282911,-0.640390686,-0.358525568,-0.322734819,0.0972434581744482,7.55686558929687,-0.279309524,-0.275776245,-0.252008183,-0.50572634,5.12716190120191,-0.093972919,-0.17950086,-0.23683021,-0.595947033,5.2830288658171
-0.130829075,-0.184020682,-0.195536993,-0.814789921,5.91422065311571,-0.104509223,-0.216068295,-0.142279933,-0.378486567,5.10159704503476,-0.306874624,-0.22900795,-0.275497948,-0.378042247,6.2867234922295,-0.249571207,-0.312726546,-0.229817426,-0.28730447,5.01921441517189,-0.228847035,-0.385429878,-0.181429379,-0.226029585,4.54350989264784,-0.565580162,-0.284077716,-0.35550649,0.166834715707061,5.08883874375934,-0.129389041,-0.154490672,-0.212486516,-0.859822798,5.93748923596385,-0.102848377,-0.185950349,-0.180938335,-0.352424161,5.03345005083351,-0.27832711,-0.22059318,-0.232222393,-0.41475496,6.18707003222424,-0.291457304,-0.331837269,-0.2435779,-0.179249232,5.12857220727134,-0.268597125,-0.406158321,-0.204001697,-0.19460895,4.62151432256538,-0.473846643,-0.23841791,-0.314386623,0.0107945448060117,4.93389176708749
-0.424233093,-0.27617597,-0.345441305,-0.308892338,5.63628958457003,-0.304345367,-0.277144238,-0.215766725,-0.273874789,5.94507587687179,-0.418284027,-0.333199512,-0.164879979,-0.162359536,6.15293666598173,-0.255636964,-0.161874925,-0.231279943,-0.265443946,5.46286126161565,-0.110904425,-0.090985972,-0.235668522,-0.530384385,5.26111868213383,-0.092108321,-0.252345477,-0.161313582,-0.482040196,5.3515531732546,-0.499184724,-0.314933675,-0.362195639,-0.298114617,6.047031653,-0.521412195,-0.310181429,-0.321290544,-0.02684876,6.34851141570077,-0.270460922,-0.255546581,-0.142441894,-0.397812239,5.87069039462904,-0.304842658,-0.181111253,-0.249521495,-0.215954449,5.52288913814422,-0.123564484,-0.09314303,-0.239590379,-0.50189227,5.27866194245108,-0.021270049,-0.192694478,-0.143636762,-0.601612803,5.23138314892123
-0.347525148,-0.192427265,-0.259802567,0.00663492989211432,4.80208123725398,-0.179363394,-0.251699827,-0.210740994,-0.507810868,5.37829995157132,-0.085948821,-0.234178885,-0.135709106,-0.064942692,4.68592896183598,-0.069392821,-0.17738347,-0.242036548,-0.295067827,5.10479761282599,-0.407865608,-0.330334579,-0.223029175,-0.061165304,6.3587832967342,-0.160784896,-0.255694979,-0.2223468,-0.131161729,5.51143905580033,-0.333063556,-0.185482522,-0.250230792,-0.029818106,4.84006169524003,-0.155544996,-0.256383099,-0.196882503,-0.592012889,5.36541847404942,-0.006492857,-0.189659621,-0.118465986,-0.176201045,4.55412362689318,-0.013382287,-0.156456014,-0.2079372,-0.397793259,4.96612083487016,-0.417610108,-0.353815661,-0.220286959,-0.049621191,6.38604626898536,-0.080959568,-0.208614225,-0.18082135,-0.269436829,5.29934761325556
-0.420093831,-0.217152736,-0.288170257,-0.37651856,6.37004426962466,-0.265333432,-0.359628707,-0.14268426,-0.008277145,4.73296330459621,-0.342516238,-0.387285417,-0.254209979,0.390566074661383,5.4332489424409,-0.503642753,-0.214964083,-0.412627831,0.0253344480598181,4.82135616323438,-0.346791955,-0.252963565,-0.22644996,-0.011829113,5.43950815315105,-0.207874411,-0.23735785,-0.1893363,-0.445020782,5.81339328953239,-0.423921137,-0.214337812,-0.273417155,-0.359694284,6.30499153805382,-0.265237637,-0.386957593,-0.123949848,-0.016597553,4.84406316401721,-0.186964672,-0.275996252,-0.223514343,0.108275162871052,5.16200403939565,-0.56065542,-0.233490005,-0.434209193,0.096766055286331,4.92516903125624,-0.407539706,-0.300177862,-0.248404314,0.069706375990176,5.63413004996014,-0.087516084,-0.176266783,-0.142048078,-0.637403562,5.6055858314576
-0.420080247,-0.214576375,-0.291630369,0.0412698657050386,6.43402920746258,-0.391260761,-0.237448614,-0.351702236,-0.18124348,4.82993025912952,0.0276267510855918,-0.25300172,-0.154898311,-0.811232671,5.5008441568932,-0.313375796,-0.331693318,-0.243079159,-0.174486431,5.87635177451817,-0.170205356,-0.225432219,-0.250240181,-0.368155352,4.10431549622426,-0.321504371,-0.316129409,-0.321174511,0.026091509845738,4.55037780442121,-0.413621903,-0.226422355,-0.27739736,0.0203684818261698,6.49320716033361,-0.464348769,-0.24414345,-0.39644296,-0.037248387,4.84035473031633,0.0492281472540929,-0.238059429,-0.139487526,-0.86697695,5.47135546611487,-0.319414666,-0.359076787,-0.225335779,-0.180791153,5.97872023755219,-0.225699094,-0.255924071,-0.256614992,-0.296418772,4.17159447870131,-0.208697916,-0.277238722,-0.279960215,-0.160148944,4.40521294974343
-0.36742641,-0.129730767,-0.448125059,0.160749071042746,5.27624022067522,-0.600614064,-0.422599358,-0.315483071,0.17252639425294,5.86631117137612,-0.314684074,-0.214287821,-0.239545956,-0.370275758,4.59376919092232,-0.20069744,-0.306355268,-0.055497294,-0.71070545,5.58337509588906,0.00444875957464816,-0.176665269,-0.157613043,-0.659268616,4.63008336192701,-0.213332342,-0.249679742,-0.224685224,-0.253193403,4.92687778597957,-0.409856284,-0.105517449,-0.50627353,0.242035327506823,5.44863388218987,-0.830114364,-0.550609086,-0.356608056,0.307149976858165,6.50724106573919,-0.232105767,-0.198487991,-0.183428784,-0.555951868,4.50786419901362,-0.201158022,-0.300967765,-0.068804106,-0.682303234,5.563796341,0.0185500619271487,-0.180826105,-0.135687245,-0.688783547,4.60886717024492,-0.142189437,-0.205100666,-0.194202217,-0.351188714,4.78745305660243
-0.738983008,-0.412922323,-0.376952382,0.351146421637961,5.31879009816308,-0.285624176,-0.387081078,-0.25261545,0.256852735772556,4.3148823893258,-0.162525394,-0.240626814,-0.171677323,-0.320308995,4.28250142519583,-0.560677784,-0.358391417,-0.27722611,0.057363389658166,5.82914490088814,-0.301217759,-0.191321977,-0.346640347,-0.606237804,5.49743370676561,0.181049931799529,-0.078593372,-0.128403847,-1.027225767,4.92861754900297,-0.85874801,-0.422689078,-0.466669225,0.597268780754246,5.51653523108796,-0.314890594,-0.423719477,-0.261497593,0.325508577894932,4.44861003860166,-0.052519547,-0.221173799,-0.086650435,-0.496721254,4.19775799120611,-0.564296182,-0.375704159,-0.276979977,0.0821049389482551,5.907070662,-0.347236964,-0.205970597,-0.368988336,-0.543296372,5.54571622724068,0.233619821229532,-0.058738961,-0.097539933,-1.132808507,4.88381144304212
-0.159893331,-0.255338015,-0.284861917,-0.410460892,4.92352545665294,-0.413753114,-0.177256084,-0.400588223,-0.052250268,4.71412103949428,-0.385054925,-0.183661157,-0.472198063,0.0757773582270836,5.52131455718763,-0.3239807,-0.212083877,-0.330663332,-0.40596277,5.20044024547491,-0.098298156,-0.223130535,-0.22937419,-0.206174706,4.8229450858782,-0.360196701,-0.239653427,-0.344144407,-0.301977881,4.81807351416372,-0.184837474,-0.25755117,-0.304709345,-0.3354922,4.99232189727592,-0.488278937,-0.232339477,-0.377477919,0.104699164812769,4.72437791452798,-0.301007217,-0.163580552,-0.422504977,-0.043167004,5.32507145695257,-0.267446369,-0.18380928,-0.307632539,-0.518642296,5.1200415900557,-0.069104069,-0.230985587,-0.200171163,-0.24884313,4.78272768517846,-0.273396155,-0.215793987,-0.293661295,-0.445241838,4.78358257176139
-0.090058533,-0.099124551,-0.24742012,-0.551319449,4.31472141104622,-0.456634223,-0.26307393,-0.406935937,-0.148414883,5.2145154469165,-0.534257243,-0.284461979,-0.229065577,-0.356629723,5.82932797359656,-0.181023042,-0.170857545,-0.298528679,-0.295262414,5.24408842663556,-0.51971773,-0.274765951,-0.422001325,0.14494529920806,4.89743991180488,-0.511792048,-0.335777463,-0.364900698,0.193706965867558,5.20158931708118,-0.096314938,-0.087537317,-0.273349169,-0.528957224,4.36898333553878,-0.464914897,-0.198759891,-0.505306071,-0.140772064,5.46556429747564,-0.442591689,-0.261459778,-0.151988092,-0.527874432,5.64454013877678,-0.163230008,-0.173147824,-0.29226085,-0.311871775,5.27273761817238,-0.557003439,-0.26456534,-0.457413887,0.146545868315026,4.9463398229422,-0.358229971,-0.282772814,-0.292332578,-0.092103477,5.00511836239051
-0.268558549,-0.155830463,-0.343519143,-0.258245748,5.3330407449708,-0.207024174,-0.292931213,-0.139244584,-0.06319069,5.24305621854536,-0.303441138,-0.270711925,-0.091975868,-0.228092687,5.20158162807046,-0.216360425,-0.284149699,-0.15875933,-0.334161561,5.28850154255412,-0.186478702,-0.201846438,-0.341417331,-0.201704208,5.83412547798778,-0.440421134,-0.268227475,-0.289259168,-0.166102429,6.04541205284024,-0.296825591,-0.153876222,-0.366656135,-0.230749261,5.40203917180223,-0.354862491,-0.372745388,-0.186298631,0.224841961245397,5.50139762309876,-0.253080994,-0.263195018,-0.058827005,-0.335592706,5.15829262457473,-0.249632932,-0.310178401,-0.16217654,-0.266036308,5.37306977036961,-0.265779092,-0.199385032,-0.410604484,-0.078681356,5.98538428364372,-0.400834838,-0.235128732,-0.286404658,-0.251740291,5.99226757367453
-0.463020534,-0.28710739,-0.30530977,-0.071947686,5.74576480647256,-0.122793542,-0.19433958,-0.175319142,-0.414572733,4.29262624493284,-0.412238824,-0.195332874,-0.284405587,-0.025498528,4.88723236086105,0.0846465353825997,-0.086197028,-0.190658449,-0.881854154,4.93162401213347,-0.349600457,-0.301476214,-0.276426104,-0.408526155,4.90765360680664,0.135430278510042,-0.022699303,-0.193255698,-0.69562772,4.34269676272465,-0.419646962,-0.311627928,-0.274528334,-0.065978317,5.7099740234658,-0.122326674,-0.176233134,-0.187643393,-0.383439831,4.27096655681579,-0.337156452,-0.138292974,-0.268270826,-0.175026453,4.80118893209663,0.168909896336065,-0.060934997,-0.145359004,-1.004867254,4.7917151258819,-0.350689502,-0.30081348,-0.291207695,-0.398418384,4.8866228211089,0.163749227069463,-0.026408059,-0.173238788,-0.738702028,4.32497657766555
-0.171652147,-0.283513527,-0.204583783,-0.366748547,5.15003756385071,-0.402717445,-0.238978368,-0.399403561,-0.200929645,4.52092702546674,-0.164021733,-0.298479137,-0.088884372,-0.269964816,4.84105804306766,-0.411491598,-0.32391745,-0.268244213,0.152048051925154,4.30615169772242,-0.108038764,-0.191733513,-0.183891837,-0.387628573,5.0009544794522,-0.167856733,-0.146227013,-0.318149312,-0.214210318,4.72307114269652,-0.30044492,-0.357689271,-0.227258502,-0.133473844,5.35086434091394,-0.414928978,-0.238032251,-0.386657796,-0.24783735,4.52613436283926,-0.072879311,-0.24144856,-0.063867039,-0.405368938,4.72176829476929,-0.337554221,-0.292985151,-0.239429566,0.045560452107329,4.17386370977459,-0.068481517,-0.180022769,-0.164625712,-0.450971749,4.95359046467802,-0.07720657,-0.118275841,-0.257061762,-0.371653202,4.54897331743781
-0.22365813,-0.334493,-0.246760792,-0.27968982,4.5818166155405,-0.749284388,-0.494666681,-0.163888938,0.155565863793641,6.56465077929313,0.0174301460389549,-0.217865132,-0.041863807,-0.419638958,4.24259082824876,-0.107045905,-0.214190789,-0.182724416,-0.736076923,4.99807928840807,-0.135030667,-0.227101113,-0.147537032,-0.683328638,5.37871240691385,-0.126598764,-0.196524612,-0.138055199,-0.462370507,4.82425818223759,-0.203302942,-0.361380959,-0.215307819,-0.37303855,4.55432575086596,-0.852421545,-0.544632389,-0.193528422,0.237210963960419,6.97205077370453,0.0635459618707508,-0.170003116,-0.046356856,-0.503875147,4.18171831832858,-0.020293879,-0.218305593,-0.098961366,-0.906273321,4.89429121840615,-0.136336972,-0.236210243,-0.134305383,-0.69469056,5.40253886638643,-0.086385236,-0.166140402,-0.130682766,-0.526825773,4.80978836717974
-0.381854923,-0.313680332,-0.147523577,-0.69037721,6.25049658640898,-0.483601524,-0.283377767,-0.284368126,-0.215639928,5.24611323563914,-0.604390416,-0.401287423,-0.274744197,-0.015321582,6.43906428094438,-0.379695102,-0.239661351,-0.319196921,-0.007185585,5.61068439096849,-0.073481174,-0.1762513,-0.230154602,-0.620027563,5.46113594135075,-0.308067787,-0.343866042,-0.160836254,-0.374088707,6.20079174982892,-0.344259858,-0.286008499,-0.133163898,-0.764256222,6.17442704152647,-0.659816165,-0.401898297,-0.31731286,0.0626840102092155,5.53072548302291,-0.470966476,-0.342479002,-0.214179779,-0.191970935,5.90414425920544,-0.398836178,-0.25783727,-0.327301696,0.0254443427092861,5.62263960732231,-0.012927169,-0.158823595,-0.20669337,-0.715154254,5.40720351413286,-0.198344272,-0.298378687,-0.116381088,-0.572184066,5.97488351912407
-0.230530867,-0.169566288,-0.379408594,-0.168214864,3.96167440731726,-1.188340963,-0.554386834,-0.589471245,1.00843631403097,6.27474764544993,-0.133213795,-0.241253198,-0.229842546,-0.545956639,5.19415923606583,-0.483352448,-0.230107329,-0.420204141,-0.145814505,5.9072881058142,-0.471942439,-0.315428508,-0.368692544,0.148077195570128,4.41592094247668,-0.397697511,-0.28355348,-0.255446593,0.227464414797111,4.43971866499549,-0.363605101,-0.214279014,-0.418207223,0.0176090371332261,4.07103807882834,-1.312694147,-0.64160655,-0.602561935,1.21470554273573,6.42955520092148,-0.059666253,-0.186631841,-0.220623392,-0.684032633,5.13834105405606,-0.570890359,-0.237499837,-0.501642454,-0.04661996,6.33548989071236,-0.498485338,-0.287375926,-0.431418616,0.160084339417596,4.48170276703301,-0.303200836,-0.237350915,-0.212731722,0.0758732597469878,4.34750601685963
-0.239390257,-0.147869534,-0.289075408,-0.082396753,6.36915668609998,-0.439052526,-0.304455098,-0.247517933,0.0053295564820058,6.04156453532092,-0.035723247,-0.074275869,-0.274231711,-0.761964373,5.56505767608034,-0.251027628,-0.203551509,-0.32455664,-0.219134347,4.76655649603074,0.0635147437347724,-0.207422731,-0.168199405,-0.77197363,4.80949719960938,-0.116460699,-0.204708378,-0.238673529,-0.351562362,4.75052845692198,-0.247606502,-0.119300296,-0.309189974,-0.07859138,6.40728078483609,-0.51604867,-0.344777447,-0.266284785,0.0654879294954157,6.31951894056665,-0.000904296,-0.078435838,-0.241268183,-0.825473373,5.53901774264217,-0.168973192,-0.154172722,-0.298177182,-0.362958075,4.62949455986894,0.0584856495467317,-0.186287955,-0.191790529,-0.781129111,4.81331683969599,-0.022463774,-0.168027369,-0.17715501,-0.524365701,4.64146563856657
-0.436385608,-0.230692213,-0.426780292,0.106898168617197,6.63914426349751,-0.16785664,-0.321529399,-0.121224158,-0.737484357,5.94978259946186,-0.173935117,-0.257179146,-0.190161764,-0.373067764,4.85705532286179,-0.335937035,-0.299007159,-0.332361175,0.0134650172132411,4.79976235408152,-0.351958966,-0.264486413,-0.22662372,-0.332591925,5.78742538644144,-0.426293069,-0.327950038,-0.308141164,-0.300330254,4.38960266261823,-0.476957501,-0.259596046,-0.415991605,0.117531974321451,6.94005180445908,-0.363348093,-0.489471081,-0.079607465,-0.393039684,6.24717474399956,-0.015984334,-0.184594028,-0.125973763,-0.631339802,4.56124707939807,-0.297738298,-0.268097007,-0.327444627,-0.037431676,4.68718117127777,-0.362165712,-0.255669875,-0.235077142,-0.30447205,5.79032317012324,-0.4308693,-0.322670986,-0.306337726,-0.357596336,4.44517104867846
-0.476085907,-0.291141085,-0.354672443,-0.425700369,6.66610525106323,-0.303677465,-0.129190347,-0.378092473,-0.505481441,5.11787463457288,-0.346844501,-0.301821877,-0.216484404,0.116394058036151,6.32574293071052,-0.580119602,-0.330212824,-0.352334193,0.190221590243681,4.85030905611682,-0.440193035,-0.30616581,-0.344392424,-0.237370556,5.02528073710756,-0.102280284,-0.251071219,-0.171251602,-0.402345037,4.94941767674131,-0.616020494,-0.357338903,-0.412840183,-0.213183471,6.98482948006998,-0.288510935,-0.108894191,-0.381535756,-0.534454393,5.13305623831718,-0.257602288,-0.248231097,-0.176829255,-0.05221382,6.04881991590321,-0.664601727,-0.363047479,-0.386719183,0.320597150973776,5.06618860800504,-0.515785465,-0.339638371,-0.378755416,-0.169109854,5.26544590435407,-0.045624641,-0.211596433,-0.164209489,-0.484559405,4.88893830709106
-0.684468064,-0.331254668,-0.336052579,0.477444840551328,7.03052998627338,-0.347882123,-0.161853597,-0.340407847,-0.617399065,5.43534566755341,-0.01050494,-0.272378989,-0.084582776,-0.754314228,5.02560844361691,-0.375465579,-0.360438084,-0.234670868,-0.010840898,4.9312475171823,-0.360998191,-0.230627649,-0.385787662,-0.1455547,5.16297566556335,-0.527008235,-0.328694464,-0.272832605,0.295442435843572,5.50360723503439,-0.784959245,-0.338781966,-0.397309715,0.606599247921819,7.13554258435374,-0.433140557,-0.172435066,-0.412052324,-0.504048412,5.65960593585819,0.123629950274763,-0.156770291,-0.090619792,-0.954064534,4.77277776678285,-0.473130039,-0.447584329,-0.226366056,0.118873217951763,5.18347238802285,-0.375599058,-0.208814315,-0.421133603,-0.130517529,5.18428419192999,-0.406252255,-0.275401149,-0.222323631,0.121834977630724,5.22035555496391
-0.245444657,-0.282165154,-0.284124691,0.0909862668694816,4.22578212977451,-0.552142052,-0.436625111,-0.245806623,0.19412057669948,6.10086597899793,-0.417790544,-0.127027623,-0.356638132,-0.072273905,4.86431999574281,-0.151207387,-0.138922445,-0.231667323,-0.617583448,5.54841494772813,-0.108779352,-0.187282387,-0.248317756,-0.224984987,4.77213463714658,-0.315223815,-0.261210148,-0.184879219,-0.321597102,6.13938945309075,-0.229269726,-0.308125944,-0.233013436,0.0596632050193383,4.20051978076866,-0.620700513,-0.473678905,-0.251623797,0.315776805566858,6.40041310701639,-0.369274875,-0.090965971,-0.333582384,-0.175771223,4.87376851653615,-0.205691275,-0.17171195,-0.254607765,-0.548078173,5.7582735794165,-0.18126359,-0.213840029,-0.295638564,-0.122227926,4.88617547734875,-0.260365975,-0.239581719,-0.14017921,-0.430849499,6.05835405625785
-0.00453939,-0.207286596,-0.154774926,-0.492494171,4.75395799573881,0.229075655813717,-0.186289149,-0.048046716,-0.886159439,4.70952735754087,-0.262602592,-0.334625753,-0.210611949,-0.451616264,4.46114195573683,-0.254916454,-0.225061174,-0.292592941,-0.124208614,3.94525392523055,-0.234514469,-0.134043653,-0.260918444,-0.737619945,6.33668505154276,-0.059553659,-0.145512901,-0.321086828,-0.586029049,4.72260939244618,0.0139170687415062,-0.189047051,-0.158369214,-0.528562242,4.75119142806849,0.227213212387911,-0.178462813,-0.051713573,-0.892162276,4.68619015897729,-0.195638535,-0.32127574,-0.144902554,-0.618073304,4.47630721586655,-0.194792201,-0.205076311,-0.264280163,-0.20651952,3.87989634852491,-0.255457989,-0.135453893,-0.275232627,-0.702950281,6.39425464938014,0.0424339450176522,-0.109841422,-0.274506005,-0.748872511,4.6165167489937
-0.440798465,-0.153982062,-0.454681365,0.299721464020691,4.26378278892794,-0.156229865,-0.210472982,-0.196464751,-0.553671381,4.84498642221674,-0.104499769,-0.289093849,-0.301122991,-0.554872539,4.82292717680991,-0.045520662,-0.159914054,-0.190690564,-0.358828109,5.37894464863045,-0.077623861,-0.199857162,-0.18156127,-0.477729046,4.99394617764322,-0.452001901,-0.239125156,-0.314062382,0.0194130901939182,5.00648619750015,-0.39046981,-0.130124623,-0.423601524,0.240738512858449,4.14703578861128,-0.153351937,-0.217142273,-0.173075889,-0.560593858,4.82114308496135,-0.032374602,-0.252117695,-0.262466854,-0.66297874,4.68091114461952,-0.042571855,-0.167331268,-0.183143914,-0.36474699,5.38084924749172,-0.090426522,-0.194856022,-0.207805526,-0.450999258,5.04683526924699,-0.407825369,-0.199254817,-0.289334602,-0.075511628,4.92846832894593
-0.817732693,-0.481728986,-0.468005764,0.494108159186783,6.95876325602557,-0.235416983,-0.338671759,-0.273023756,-0.01908055,5.07621303808123,-0.172421334,-0.400493217,-0.156773926,-0.369732052,4.64590114961394,-0.231984967,-0.297483074,-0.19979162,-0.349419843,5.39914726474162,-0.503884218,-0.345974165,-0.266707358,0.0709780068742277,5.25582284830736,-0.322543648,-0.301282503,-0.237528307,-0.000817597,4.3456724813272,-0.843020626,-0.469361756,-0.496990245,0.37860208525766,7.46778061494169,-0.300908064,-0.374115572,-0.295720186,0.0786493276362033,5.28214147931759,-0.091044394,-0.37806213,-0.107529628,-0.517938051,4.59325946971457,-0.304373777,-0.331840513,-0.24155932,-0.260330562,5.61631545829245,-0.625438702,-0.396740613,-0.297779171,0.242741521897739,5.52877799779567,-0.30958406,-0.280871067,-0.224648239,-0.036932494,4.31234225531408
-0.126780904,-0.23032941,-0.178312187,-0.920526943,4.67880292317056,-0.496855908,-0.345330679,-0.175608961,0.10181683872791,4.51273236632855,0.0132465052893801,-0.187396226,-0.15415519,-1.028378827,7.79793541225889,-0.475047798,-0.303148193,-0.434736838,0.0428363830514496,5.48279236379278,-0.128187487,-0.188490688,-0.291380344,-0.397743559,4.68803101518652,-0.082482351,-0.24828194,-0.153013438,-0.482930038,4.8108259019991,-0.143456189,-0.246562203,-0.172257967,-0.905814092,4.78137803867839,-0.524761985,-0.368626732,-0.150844186,0.0964719746128831,4.57030668257289,0.0786030081844115,-0.166768774,-0.124288186,-1.152415809,7.7776834870032,-0.618501532,-0.350760665,-0.521666215,0.196110417151388,5.83665125351278,-0.135552496,-0.177079341,-0.305575993,-0.382162843,4.67824343781179,-0.013344894,-0.226439807,-0.11982682,-0.606876619,4.74396228521628
-0.971253891,-0.483228761,-0.456168125,0.44023935111402,5.81744077807901,-0.450158513,-0.281569918,-0.321051669,-0.264865606,6.77786147794088,-0.403343896,-0.340701434,-0.232281291,-0.226227472,5.50080055987555,-0.371308703,-0.29382358,-0.352785606,-0.350562994,5.13185443238061,-0.229220811,-0.230398371,-0.274954505,-0.190124684,4.79850058652232,-0.382220443,-0.264829257,-0.318373829,-0.070309711,5.17483373759655,-0.925412566,-0.468711481,-0.414986653,0.347106084781431,5.77163519829961,-0.511332796,-0.244616676,-0.396904645,-0.259211152,6.95594027837178,-0.291853507,-0.272616761,-0.195681665,-0.342318863,5.33647608190667,-0.48472269,-0.283748019,-0.436304984,-0.206462595,5.33166500952722,-0.220291783,-0.253302466,-0.245925725,-0.217126377,4.78022561347474,-0.283473994,-0.234535381,-0.260132883,-0.233804404,4.99883348418967
-0.379541867,-0.349205376,-0.235717656,-0.409212736,5.05837019656919,-0.572598171,-0.327265897,-0.355406298,0.699990056876186,4.30063529242078,-0.54594935,-0.343166947,-0.418717508,0.166383099323797,5.78136011496943,-0.065182945,-0.253509932,-0.243090248,-0.403197498,4.36823619383515,-0.355764685,-0.225958119,-0.236845654,-0.221676461,5.4086865753552,0.0115228822909086,-0.245320641,-0.126784075,-0.680961519,4.71304832894589,-0.508946706,-0.440746963,-0.263375989,-0.299567715,5.42875232183462,-0.686689945,-0.402743489,-0.410366024,0.867336616929996,4.64041957554724,-0.581216454,-0.3614301,-0.401167237,0.185394167687043,5.8236601163606,-0.02560763,-0.242405664,-0.227548798,-0.465780686,4.32397281896525,-0.332948977,-0.20747315,-0.23313706,-0.25491091,5.37372690116682,0.0874364027077909,-0.211501191,-0.09158778,-0.791965765,4.61998896868306
0.0679540882509398,-0.155876283,-0.170208782,-0.220855103,3.959781443,-0.263303838,-0.232953132,-0.34671687,0.103518004687467,5.16521679506738,-0.25089723,-0.174111669,-0.179307964,-0.433008185,5.7932246150728,-0.202164784,-0.141553326,-0.322385787,-0.623903252,5.02857415636159,-0.00791601,-0.122476466,-0.191919006,-0.644333008,5.39118827585863,-0.096087651,-0.207479075,-0.282401729,-0.383053186,4.32521657195437,0.0904717585578668,-0.142962383,-0.175161266,-0.241153394,3.93013096526975,-0.348192171,-0.295764694,-0.35964364,0.221983555586771,5.20871175945324,-0.242855663,-0.198103641,-0.132998349,-0.441812607,5.80875077409416,-0.362021416,-0.233701431,-0.366581672,-0.393549518,5.22487093896629,-0.014566645,-0.1283909,-0.189117087,-0.651986512,5.40931515369761,-0.021315893,-0.178908478,-0.244520133,-0.501972012,4.25813462529302
-0.18391577,-0.305225862,-0.223575072,-0.381031473,6.37050337129258,-0.273661107,-0.370481062,-0.167806204,-0.253936388,5.73721589072153,-0.093108974,-0.212214761,-0.149050462,-0.691605863,5.58054345716442,0.0745062313112664,-0.19917125,-0.144864768,-0.893830176,5.08055791156827,-0.010006193,-0.170730607,-0.188802826,-0.468200827,5.1332788673258,-0.29516515,-0.308016457,-0.177179187,-0.575258586,5.22528821820993,-0.220647844,-0.325881058,-0.231779593,-0.340863535,6.35690676770206,-0.203520221,-0.342335308,-0.147338248,-0.330382735,5.48292029639991,-0.056669851,-0.195173436,-0.130278015,-0.754656468,5.53862520439914,0.0859435648883347,-0.223658762,-0.129237301,-0.925503276,5.13042539377546,-0.024039709,-0.197902477,-0.177789131,-0.454985449,5.12776956126593,-0.233799763,-0.270062186,-0.156514918,-0.678935628,5.15623410610386
-0.260836708,-0.198340476,-0.274086794,-0.72646196,5.60130935380762,-0.589534618,-0.349608639,-0.446119916,0.291606725706861,5.19412236149803,-0.222798456,-0.181643937,-0.25057903,-0.244773056,5.04531873855535,-0.325309704,-0.191220761,-0.275318069,0.0338664310148258,4.82334957220971,-0.45754488,-0.317561483,-0.341462665,0.147072308615632,5.07808334883933,-0.164837985,-0.175489783,-0.2655278,-0.508107467,5.92423623949041,-0.278702419,-0.213248348,-0.276963953,-0.681329953,5.62238879408098,-0.668691763,-0.397663334,-0.43704152,0.423054808559817,5.09076681948587,-0.207516131,-0.192432119,-0.208973285,-0.245262006,4.97489089549968,-0.400766028,-0.217901399,-0.299396245,0.189072176949486,4.93051602289377,-0.513557126,-0.347872568,-0.346375502,0.212523875112921,5.27800450673678,-0.117290471,-0.169560202,-0.233827103,-0.616529012,5.92042108896437
-0.588253654,-0.308758157,-0.344451694,0.247756279867834,4.58326322564913,-0.207899308,-0.350323238,-0.219735039,-0.246419881,5.25311902783314,-0.10606968,-0.286511998,-0.255412642,0.129794796179471,3.47319762484064,-0.442221601,-0.364769022,-0.249058438,-0.270497912,5.00189922770938,-0.298124891,-0.284366727,-0.241085605,-0.37260349,5.68796316055322,-0.411270046,-0.169569076,-0.32237583,-0.092686993,5.89762535750812,-0.541756389,-0.292877219,-0.327342872,0.16354608941108,4.51555854807954,-0.191264907,-0.448275151,-0.149081445,-0.237806991,5.3151747304056,-0.012710453,-0.245791205,-0.203481309,-0.023791685,3.35177248111493,-0.514066311,-0.464746361,-0.224866549,-0.29256697,5.26055919562388,-0.336566242,-0.274212871,-0.283539451,-0.322107342,5.73902033532597,-0.280148884,-0.108968344,-0.261474115,-0.287576167,5.62362120031488
-0.328684033,-0.271406866,-0.235432262,-1.169135828,5.08356267438726,0.0545083547214039,-0.080551165,-0.171020126,-0.759482098,5.59232756984722,-0.169402975,-0.148909059,-0.243987298,-0.427277766,6.25944214474298,-0.080987449,-0.158767971,-0.160838368,-0.594458187,4.94501132443076,-0.077367269,-0.219002659,-0.150033007,-0.509659866,5.02993892009681,-0.563214303,-0.367817224,-0.339849386,0.158487839327697,5.42701602202959,-0.325030894,-0.266169809,-0.249462584,-1.224660488,5.1401297597004,0.0938896480168242,-0.078267147,-0.136896781,-0.834246483,5.52759376860987,-0.13141803,-0.16887221,-0.180557325,-0.500703716,6.30288306834588,-0.087923509,-0.165934082,-0.159061231,-0.586938466,4.93880076244962,-0.107283381,-0.238245045,-0.155985947,-0.448593205,5.11284862907571,-0.482339616,-0.340357427,-0.29644187,0.0126264697811873,5.29075493684717
0.0936635656158953,-0.213442687,-0.193605135,-0.582073298,4.30064114602118,-0.147477762,-0.161004026,-0.378994419,-0.486845402,5.48165816199164,-0.53845421,-0.319105579,-0.397304921,0.0169982213144738,4.97289486352805,-0.71436103,-0.531995403,-0.316430976,0.284034005909129,6.36709135586962,-0.531414318,-0.366752479,-0.471159318,0.0147299897935893,6.38245448405559,-0.22705655,-0.207832914,-0.164929159,-0.651271409,5.03702296275484,0.139065748981723,-0.154520124,-0.187633062,-0.674881477,4.17798468859041,-0.178694342,-0.177633746,-0.397480059,-0.419526844,5.4917443738297,-0.433261845,-0.27827288,-0.326253923,-0.154617704,4.75242904640972,-0.769773045,-0.564658051,-0.321630511,0.30675115800164,6.75671285071795,-0.624803971,-0.430869958,-0.49561143,0.0673372472774286,6.7422354501037,-0.095433808,-0.130487905,-0.121060067,-0.905132445,4.89196655432085
-0.464957395,-0.290739019,-0.38949916,0.283068327309266,4.06124914234034,-0.285122095,-0.131305924,-0.37321409,-0.18138813,6.2005918255213,-0.374312714,-0.308568021,-0.177993682,0.0710800944431525,5.30529159103022,-0.312424618,-0.308794322,-0.190648345,-0.466060695,5.08739326854747,-0.377898752,-0.409538747,-0.204206418,-0.210867424,4.19422690328841,-0.554111718,-0.27122966,-0.340037836,0.0721500863802157,4.35886793894507,-0.811765928,-0.421933296,-0.529517253,0.698647840302928,4.46209198347194,-0.344080559,-0.122481832,-0.404625062,-0.097110688,6.43560266530287,-0.331245833,-0.289629172,-0.14170032,-0.033027709,5.29180124879558,-0.293492398,-0.2974286,-0.180815398,-0.47928983,5.05947439628243,-0.409427188,-0.419989495,-0.204567922,-0.166712047,4.19958442531859,-0.447347937,-0.210416133,-0.296850469,-0.12275986,4.22486132250217
-0.113704042,-0.156399733,-0.371737806,-0.271806935,4.65270400533131,-0.475205827,-0.395061445,-0.191988336,0.127012341214452,5.37445804337356,-0.484856127,-0.173014772,-0.225239074,-0.060264059,5.92328292308816,-0.107295094,-0.286748685,-0.18256465,-0.406079176,4.78933697686887,-0.296185115,-0.225889766,-0.238620169,-0.028135256,4.64945028995773,-0.256378807,-0.193483149,-0.27198521,-0.239349354,4.93437651456986,-0.063105024,-0.137557632,-0.350307162,-0.34016966,4.55031454614254,-0.465174764,-0.423880369,-0.161389392,0.113034331281944,5.4355820998836,-0.373819226,-0.126700992,-0.189931174,-0.232477734,5.75356522172616,-0.076349062,-0.280837827,-0.176431316,-0.438718363,4.7567817333865,-0.294299417,-0.222934136,-0.237793424,-0.026603939,4.67539276036767,-0.181044967,-0.167534792,-0.229332823,-0.361472571,4.85351585885956
-0.223477471,-0.344482993,-0.131528355,-0.34224097,5.03651001229565,-0.295923224,-0.237919285,-0.333244326,-0.29746905,5.89798923,-0.415320458,-0.301914328,-0.412919358,-0.104906982,4.83929167282035,-0.30100592,-0.352498026,-0.21353457,-0.220948578,4.2921358045481,-0.107604549,-0.237024792,-0.236725897,-0.471445726,5.71912201006696,0.0177765461785637,-0.165689574,-0.276406814,-0.581444757,4.90650814484401,-0.218227855,-0.370503033,-0.079416441,-0.361046293,5.1398011774682,-0.218860491,-0.195266115,-0.30716086,-0.459626066,5.60299129027093,-0.211599319,-0.230004381,-0.320111584,-0.418912144,4.43927728385423,-0.324976806,-0.366873119,-0.216014945,-0.21550151,4.36601679547014,-0.060583113,-0.208111076,-0.228032587,-0.534140906,5.61280937802679,0.101855888020823,-0.134015768,-0.240336113,-0.701834696,4.78536882972025
-0.021240255,-0.226931707,-0.169500061,-0.27612476,4.6644639332365,0.063130123266738,-0.098351967,-0.104563028,-0.926410992,5.59809790753662,-0.017928116,-0.158284774,-0.214179471,-0.694687737,4.85515623383669,-0.285012997,-0.283474109,-0.292316009,-0.236438191,5.24406617394648,-0.204148308,-0.235463165,-0.266079835,-0.246487621,4.94490471291052,-0.318357794,-0.337597491,-0.222679006,-0.098713085,4.27490029341579,-0.045886016,-0.154745264,-0.193412421,-0.455165609,5.60025824780737,0.0731526253868282,-0.092569815,-0.095006776,-0.965772661,5.60293857463208,0.0167933158328134,-0.157965943,-0.180250571,-0.749703876,4.82603645962799,-0.409160803,-0.311399152,-0.360212423,-0.01325681,5.32614599213252,-0.183668375,-0.227851027,-0.266521094,-0.279479504,4.893517547,-0.25080524,-0.304736282,-0.185992782,-0.235854101,4.21482626902022
-0.049736216,-0.210271885,-0.235897274,-0.428145778,5.49544597898702,-0.473207433,-0.333028453,-0.349154307,0.342591102637181,4.85393481881845,-0.506332347,-0.280216083,-0.399932156,0.121606703377038,5.88028890469645,-0.25870674,-0.306793677,-0.18646975,-0.132354751,5.11327592116859,-0.337908192,-0.303502253,-0.290671407,0.0379070355143783,4.0367597073584,0.0114912900402835,-0.191188291,-0.164289584,-0.710041728,4.40523750753618,-0.029527296,-0.211603173,-0.207472763,-0.469806024,5.36420407737224,-0.756897529,-0.410134991,-0.537756273,0.774669983825737,5.4618782675973,-0.4084939,-0.260873799,-0.316308209,-0.022176895,5.70614175476254,-0.214788476,-0.284705412,-0.169922816,-0.185528421,5.03768594206821,-0.327246421,-0.30325924,-0.284710228,0.0135076907069618,4.02276925793454,0.106411144156551,-0.144669993,-0.129504515,-0.864288084,4.32591671283573
-0.566355816,-0.518822427,-0.177288351,0.0771653544280063,6.00486462636231,-0.092410043,-0.164320016,-0.139629235,-0.659963531,6.98405907146476,-0.577069866,-0.286277326,-0.371085866,0.276173756667926,6.16211584495057,-0.131803732,-0.36154735,-0.199904236,-0.529599404,5.30299655673408,-0.200738778,-0.236348531,-0.331945808,-0.222607606,5.2841361179118,-0.161534061,-0.285514853,-0.135993859,-0.425216575,5.15087314078245,-0.696621731,-0.635955142,-0.185003303,0.226704231324391,6.69861384041638,-0.17020111,-0.170765009,-0.189872516,-0.570666395,7.09907969108994,-0.473920926,-0.242858081,-0.329952076,0.129849414659634,5.82367510985457,-0.188507484,-0.401460669,-0.2181594,-0.449595844,5.54838032149719,-0.23205702,-0.236206668,-0.36934598,-0.145368656,5.30991843348965,-0.088451603,-0.239202512,-0.115120783,-0.551562948,5.020989242
-0.442920433,-0.41969322,-0.236690051,-0.143515722,4.33607879753682,-0.088112801,-0.044852427,-0.237123514,-0.379123538,5.72229081531618,-0.177649501,-0.22072869,-0.233540855,-0.254658408,4.1506138313333,-0.26370874,-0.231187066,-0.269719153,-0.05002632,6.1821077362915,-0.391966153,-0.352571753,-0.21856916,0.0618349427723797,5.68080605667804,-0.107080542,-0.24645063,-0.238800658,-0.293519053,4.59184101931837,-0.534276101,-0.437107835,-0.293303937,-0.0542041,4.45061169945227,-0.105182113,-0.050049499,-0.250616354,-0.353694954,5.81753851386559,-0.08406241,-0.161999035,-0.204109292,-0.440176135,3.95704912422409,-0.231330819,-0.218395119,-0.254416018,-0.106104436,6.12164439246622,-0.407161078,-0.361321723,-0.22378185,0.0959729681858763,5.72425179275806,-0.046813859,-0.223559614,-0.203263062,-0.406263437,4.50369720523864
0.0212998675980647,-0.13975555,-0.184853699,-0.593060368,5.01666683753698,-0.048520467,-0.266429749,-0.204040349,-0.337564293,4.17349783573783,-0.144888056,-0.106687949,-0.255810463,-0.59497923,5.52652640241688,-0.470004366,-0.219756602,-0.369902288,-0.236878528,6.62560900720141,-0.405744586,-0.267383497,-0.340335401,-0.088109088,6.51862020675608,-0.274345726,-0.236051556,-0.217473876,-0.045845122,4.32312729543072,0.0098488246454612,-0.136878074,-0.222196345,-0.558166993,5.05439648819556,-0.145112822,-0.333118307,-0.191043954,-0.182929412,4.15270165788546,-0.099400047,-0.079386202,-0.234009754,-0.681710513,5.54431109850047,-0.552583043,-0.258775021,-0.387063672,-0.095458118,6.770672556,-0.510183826,-0.328160897,-0.38068257,0.0480477608431595,6.91710103122745,-0.172426759,-0.192782684,-0.178507961,-0.207363399,4.17344129815322
-0.141452057,-0.138045449,-0.242003501,-0.785591211,6.33102205563056,-0.1345933,-0.176153946,-0.348500991,-0.047259367,4.67574265552184,-0.313627311,-0.411103053,-0.088328753,-0.369143268,5.30961220470686,-0.407048744,-0.401670229,-0.204819329,-0.132295419,4.91326827956999,-0.364759592,-0.253745589,-0.227015024,-0.148667878,4.99130412160514,-0.108367964,-0.178673173,-0.258480913,-0.184308566,4.57913365552216,-0.076067834,-0.133869559,-0.178164798,-0.897457306,6.1869788639352,-0.107797024,-0.059635291,-0.403663674,-0.04398271,4.58647968399754,-0.218119138,-0.367670625,-0.039382751,-0.572706397,5.1617092082017,-0.36097004,-0.369701916,-0.18788771,-0.192724107,4.85108520135034,-0.336853238,-0.252964304,-0.188680124,-0.200805803,4.90480438445275,0.0376539964913405,-0.127045921,-0.194316677,-0.417221046,4.41674133915547
-0.304302642,-0.270596213,-0.218827948,-0.116528979,6.52027357000962,-0.264849405,-0.220459245,-0.22960865,0.043550708636419,4.87659711513327,-0.254601728,-0.210233752,-0.368264871,0.0796167413237129,5.05270900605127,-0.251071016,-0.317712205,-0.170343365,-0.29223734,5.51739418206026,-0.407908399,-0.29566112,-0.35552807,-0.093589303,4.80827332094295,-0.418190016,-0.296925709,-0.306121624,-0.230424229,4.6998694201598,-0.251415425,-0.248539063,-0.201877478,-0.218764168,6.49747726881984,-0.109852736,-0.15808302,-0.182526178,-0.202359028,4.49922333187935,-0.085012464,-0.176284815,-0.27637628,-0.199877274,4.74314482060343,-0.262199648,-0.332715129,-0.175825386,-0.279759553,5.61032655789168,-0.451663008,-0.340558615,-0.370909465,-0.074291582,4.92239507948914,-0.337518626,-0.248179562,-0.285266916,-0.36590852,4.6087150036109
0.110176556438312,-0.132047902,-0.114546875,-0.425057246,4.32809832263833,-0.244872623,-0.286972516,-0.299960416,-0.394621537,4.97360699680057,-0.515458253,-0.291254777,-0.39907572,-0.241177278,5.24023224588723,-0.06824476,-0.305204986,-0.181643361,-0.211159114,4.16171451968207,-0.115375689,-0.199705894,-0.213469107,-0.601516086,4.74541162556702,-0.233939382,-0.261285982,-0.186174598,-0.117078394,4.6653355570331,0.137189943465229,-0.112757854,-0.122639334,-0.468309876,4.29737168120906,-0.28314061,-0.31826712,-0.299503572,-0.294062391,4.88246756210236,-0.383603354,-0.236797941,-0.341548932,-0.470752624,5.05751173342958,-0.021400107,-0.26901233,-0.184122655,-0.25878418,4.07864875424965,-0.081333112,-0.203432858,-0.178553516,-0.650051001,4.67058937379981,-0.120077144,-0.196090393,-0.139670517,-0.31539393,4.49797351438269
-0.131408,-0.276988728,-0.290804431,-0.750097435,5.95746780916032,-0.328950266,-0.357726197,-0.149678973,-0.107138121,5.20757469662674,-0.285590255,-0.269728383,-0.263131307,-0.31322006,6.22511056493232,-0.303226707,-0.309424472,-0.226776831,-0.435484949,5.17923330020377,-0.67257046,-0.350275076,-0.499948299,0.377629675240649,6.42564195935511,-0.171918517,-0.210372439,-0.192956563,-0.398805069,4.42219567082287,-0.07452648,-0.28668103,-0.248542894,-0.806374359,5.82709613177529,-0.662702772,-0.594532868,-0.175646341,0.223619416734957,5.7548613426368,-0.163315604,-0.251398271,-0.194821584,-0.518859755,6.00896397374981,-0.304784984,-0.302359637,-0.236482875,-0.411986423,5.12671733772641,-0.712910655,-0.358640732,-0.537178924,0.473784861495149,6.61411496652885,-0.138733518,-0.202098939,-0.173619044,-0.459627484,4.42308634006505
-0.19237145,-0.300260077,-0.267036052,-0.223016015,4.57497335988132,-0.153344796,-0.213295572,-0.242369179,-0.394556797,4.44009331977566,-0.188026313,-0.217974023,-0.282915643,-0.388943061,5.69702344301305,-0.309032424,-0.315962491,-0.232118419,-0.15419539,5.46457856299996,-0.325190381,-0.278837413,-0.192218348,-0.190690571,5.05350074806444,-0.160629313,-0.233442925,-0.266302984,-0.314062727,4.70859790415722,-0.207656218,-0.301646667,-0.279498743,-0.153479897,4.60546758933601,-0.140128124,-0.196663163,-0.256719348,-0.403279128,4.47752588328423,-0.131510925,-0.216169002,-0.238923987,-0.499014593,5.66459595484586,-0.324625979,-0.325905603,-0.224907029,-0.162171727,5.54385358804164,-0.313185185,-0.258497758,-0.20664575,-0.206069746,5.03210978264074,-0.072238601,-0.17420923,-0.2523668,-0.476056184,4.6145937418878
-0.253513261,-0.19024065,-0.189090293,-0.557812382,5.13419066297548,-0.733215481,-0.469561692,-0.29876785,0.594167722118956,4.81369153259356,-0.365506876,-0.297842955,-0.252839964,-0.033637167,5.73878701034895,-0.495213014,-0.344540983,-0.215881045,0.00594589490479293,6.48976950711849,-0.300399684,-0.341233614,-0.205290859,-0.23109943,5.1478378006735,-0.26874794,-0.255467359,-0.262202394,-0.517510993,5.94089369847902,-0.1715609,-0.131681076,-0.163717508,-0.707161962,4.96079601810976,-1.496351766,-0.818377616,-0.555819138,1.59021927349978,6.03019577760569,-0.308854589,-0.23783994,-0.22893826,-0.132963075,5.61137812417969,-0.544945796,-0.356587891,-0.241013992,0.0925188673302642,6.60865847557276,-0.353848439,-0.384235137,-0.211853771,-0.197490413,5.36528995141508,-0.187382521,-0.220673655,-0.218135594,-0.672084615,5.81313588868673
-0.181887536,-0.112113923,-0.464214079,-0.094234134,4.27239753544821,-0.137037783,-0.264368189,-0.161967706,-0.127776276,3.98637952774807,-0.833694252,-0.267869268,-0.423059434,-0.034982027,10.5217989306108,-0.270928489,-0.292595593,-0.272184782,0.073340895525684,4.23656930447076,-0.092824718,-0.093642898,-0.322088907,-0.58268866,4.99632478751622,-0.29322118,-0.194214549,-0.291487322,-0.524556812,5.46875969300785,-0.328874965,-0.125452466,-0.592927405,0.0772361283228321,4.71813527322957,-0.098346101,-0.218055945,-0.183199814,-0.175380106,3.91077798820972,-0.69755337,-0.233158453,-0.334583739,-0.2256478,9.69711282173022,-0.248604598,-0.293026908,-0.264598911,0.0222748695642907,4.21747371298733,-0.123292638,-0.080790336,-0.363014769,-0.538920102,5.11623943895854,-0.232436215,-0.186105059,-0.245878527,-0.642275529,5.30809559063516
-0.392019757,-0.438315931,-0.249900561,-0.289663707,6.42256693399974,-0.407229865,-0.318476612,-0.381253808,0.266334486608928,4.75719851165242,-0.234637194,-0.230674231,-0.125664892,-0.315629447,5.79559454390117,-0.538055859,-0.275860553,-0.271091396,-0.130699527,7.25580893915979,-0.188762198,-0.289022393,-0.194163177,-0.3646762,5.18204550696988,-0.385195784,-0.327507381,-0.158366644,-0.236299705,6.15569800026639,-0.44873555,-0.484308533,-0.244591809,-0.166491361,6.72311619349493,-0.195280712,-0.24425811,-0.318224616,-0.058148812,4.4834127188037,-0.18459901,-0.189979615,-0.116556143,-0.405542653,5.71744713760154,-0.594935981,-0.345892575,-0.261664885,-0.072556688,7.50373741226171,-0.162965769,-0.267608769,-0.193707949,-0.390888167,5.07402836979363,-0.356638069,-0.30712462,-0.135889405,-0.300021758,6.11790528569274
-0.015714219,-0.214670068,-0.228654168,-0.556582381,6.993182384,-0.525009632,-0.432669168,-0.198966264,-0.079421127,8.19486352703717,-0.17575411,-0.142963098,-0.216576583,-0.550933145,6.58061065384222,-0.219103392,-0.241049249,-0.139011392,-0.414959074,5.82439208299549,-0.319596297,-0.262973254,-0.359332844,-0.175175567,4.68069518974931,-0.469660442,-0.291098297,-0.212031498,-0.186571107,6.0635067854862,-0.169321641,-0.294245848,-0.299697341,-0.287099419,7.47338566510522,-0.503770467,-0.445922245,-0.17288385,-0.101817364,8.35662692590359,-0.114513892,-0.134100786,-0.174858277,-0.656809258,6.4093531923607,-0.276215458,-0.266575739,-0.177475899,-0.292226101,5.97596353863118,-0.312955341,-0.257327904,-0.360910169,-0.184105777,4.76320048283314,-0.377681266,-0.25009776,-0.177621339,-0.339772999,5.89353528949767
-0.383853048,-0.31936436,-0.239672501,0.178035849352418,5.03919663558641,-0.154827614,-0.18174346,-0.20249944,-0.507737022,5.08131892725522,-0.478133936,-0.339630479,-0.386753425,0.225269859305532,5.9036788568684,-0.255402058,-0.226399842,-0.226277345,-0.447685068,6.51488161658479,-0.024587059,-0.167191145,-0.217535841,-0.355566326,4.55293917785839,-0.385528185,-0.202134073,-0.350224273,0.10034266971794,4.94046585856968,-0.736585864,-0.458262429,-0.370538457,0.775608108304209,5.60446447078421,-0.088185962,-0.191005466,-0.127197187,-0.627002257,4.98664599452656,-0.327390281,-0.232667986,-0.327004633,-0.027210468,5.65001960745727,-0.248221592,-0.224914741,-0.221013874,-0.452449252,6.53131574745346,-0.086853309,-0.190839746,-0.248911545,-0.255397202,4.69694216090613,-0.292963124,-0.156368306,-0.302970609,-0.039615146,4.75484061644147
-0.090274707,-0.321363477,-0.128310955,-0.542055466,3.95291793933532,-0.34374652,-0.23442952,-0.319840649,-0.327218245,6.38651937286209,-0.100830396,-0.230786901,-0.198465685,-0.485277724,4.16152116235691,-0.28069854,-0.262088109,-0.256854684,-0.198773964,5.514597851,-0.082146942,-0.235093929,-0.146452267,-0.663284806,5.38883012541019,-0.356519945,-0.265195613,-0.304957069,-0.159789803,5.54409250030346,0.0433018927480769,-0.240510277,-0.094113467,-0.714295339,3.77747451890665,-0.467966325,-0.274134115,-0.377250754,-0.135739992,6.68053401081991,-0.02258803,-0.201728878,-0.176197495,-0.644987414,4.12310992511165,-0.298722977,-0.266868383,-0.271513991,-0.20888112,5.47758870389663,-0.12865373,-0.225081148,-0.189424987,-0.574085153,5.38852603625352,-0.283365793,-0.240128578,-0.250649813,-0.314524558,5.4090787448618
-0.564446478,-0.453107604,-0.291075552,0.243195712441844,6.04886734492225,-0.15176325,-0.175130561,-0.326766681,-0.311903976,5.20090528303794,-0.367221389,-0.289552171,-0.172040032,-0.463401104,6.62870738785513,-0.184477564,-0.215066801,-0.250461484,-0.194418449,4.97457054648728,-0.343353332,-0.26272397,-0.305367896,-0.350181662,5.68263168597573,-0.422114128,-0.26118565,-0.270018273,-0.221671083,5.93759502701145,-1.02990926,-0.566123087,-0.539135306,0.954154459778449,7.10003460656161,-0.178283493,-0.200605146,-0.361414009,-0.318140402,6.13322137359509,-0.274629859,-0.260280351,-0.102351908,-0.653609507,6.39083400938224,-0.229315101,-0.246795134,-0.257673786,-0.124195413,5.04936716644601,-0.437741874,-0.315573541,-0.320110818,-0.266754641,5.92075672225122,-0.305302951,-0.222725981,-0.213224739,-0.408666971,5.73718076954856
-0.460693016,-0.260842636,-0.375630107,0.0329327286207395,4.70915200534427,-0.153940578,-0.345366641,-0.080401181,-0.507972326,4.71843103015972,-0.021671008,-0.19303262,-0.19369969,-0.331383311,4.73494747749816,-0.180103596,-0.273595664,-0.231276556,-0.405849005,5.56720270112016,-0.331620115,-0.243930916,-0.183071775,-0.074806237,4.8940952845873,-0.296897799,-0.36882016,-0.147995469,-0.255264649,5.94441630526531,-0.488027933,-0.256415114,-0.400669854,0.0881990051748753,4.7173776694769,-0.276609055,-0.481445903,-0.039867338,-0.338167649,4.89278860311482,0.0523722922056546,-0.180962993,-0.145451696,-0.45389372,4.73284755991538,-0.129407558,-0.255997858,-0.211741148,-0.494353911,5.52972423053098,-0.305494283,-0.230502389,-0.170806525,-0.124149877,4.87311048496824,-0.203812373,-0.330879609,-0.096667489,-0.402177112,5.69819531332876
-0.250480363,-0.199498189,-0.282353108,-0.216244613,4.55614711446619,0.0809072374779199,-0.045813017,-0.219631788,-0.769297877,4.86154869270647,-0.283058427,-0.158501126,-0.28045991,-0.789956887,5.9930991543099,-0.49340361,-0.238673846,-0.297416185,-0.033148353,5.68852411287377,-0.200187467,-0.175707682,-0.219981006,-0.843516563,5.98106988934435,-0.182044185,-0.231975746,-0.218516678,-0.555109895,5.52853679609431,-0.253969658,-0.199169628,-0.277605264,-0.22586852,4.55301397702941,0.125787743723238,-0.018130133,-0.222675732,-0.85022541,4.81303044485148,-0.18314485,-0.131503359,-0.233901045,-0.948308976,5.83376618357724,-0.553381571,-0.260720428,-0.320425848,0.10632849502289,5.75604853533219,-0.237235131,-0.185709143,-0.228742381,-0.808176235,6.00267871236302,-0.104037721,-0.199836588,-0.16861229,-0.669609095,5.3723628829103
-0.096076419,-0.201391849,-0.227150262,-0.908698808,4.99553459998686,-0.328524763,-0.051214444,-0.471830066,-0.632131299,4.3539807711322,-0.254597464,-0.147610778,-0.276264026,-0.408546226,6.55137387354089,-0.439204547,-0.240009672,-0.337701304,-0.231187205,5.13121646383048,-0.348069798,-0.261428794,-0.296390762,-0.378318714,5.60649503498904,-0.146341154,-0.176601447,-0.210592708,-0.529736881,5.64111924834595,-0.100979974,-0.193813272,-0.232219814,-0.91326097,5.03345810950581,-0.283636884,0.000598306077393121,-0.487181007,-0.743689528,4.33006608637663,-0.193529038,-0.144442658,-0.224413523,-0.45692379,6.43562694347284,-0.503438006,-0.262518603,-0.370075149,-0.185654476,5.25407156239809,-0.394225577,-0.322194274,-0.30818286,-0.288614296,5.67785656527662,-0.067752649,-0.144934876,-0.170473451,-0.671085751,5.54122689166321
-0.34915256,-0.323007199,-0.386296347,0.111767874504285,4.62783647506636,-0.672042117,-0.273931318,-0.327654331,0.0409581654573213,6.1490476876552,-0.146856931,-0.310956294,-0.259590349,-0.135279584,5.03743910361099,-0.401843278,-0.284831681,-0.336065014,0.0350884899609012,4.79823561402995,-0.180383843,-0.221330286,-0.197560937,-0.554121218,5.16819038273733,-0.399669564,-0.377231486,-0.240631929,-0.055992397,5.00074525168067,-0.448232272,-0.308581342,-0.456402702,0.233848934792974,4.86804491501489,-0.679749284,-0.283084094,-0.331372494,0.0210172509176991,6.18074729682114,-0.111829821,-0.28415898,-0.26703384,-0.21227798,4.93284047832568,-0.398289797,-0.292649849,-0.334937456,0.00781157739410659,4.80377026812069,-0.186957457,-0.214258473,-0.212041628,-0.549752238,5.23308804482664,-0.303631621,-0.316372965,-0.216424009,-0.1866819,4.81759714492592
-0.277032584,-0.307089499,-0.193966582,-0.174799153,5.36030271306034,-0.523903835,-0.270677428,-0.344813326,-0.712528092,6.2228544045496,-0.479667954,-0.353371292,-0.31291683,0.323894710295616,4.52813899260782,-0.276260033,-0.184318603,-0.368934311,-0.037251286,3.70259290846177,-0.364244792,-0.330367362,-0.212779234,-0.282947515,4.70669308830265,-0.33574156,-0.160556579,-0.316404987,-0.015921882,4.74069035689899,-0.284484082,-0.313287215,-0.190440144,-0.181658977,5.30820360365302,-0.920219848,-0.374761638,-0.549885977,-0.110406127,6.65404185956782,-0.361721968,-0.303358093,-0.250844819,0.114806888863167,4.38968384820652,-0.165366782,-0.139817398,-0.318675895,-0.207776227,3.57151402706139,-0.407774935,-0.427189102,-0.13547202,-0.238813087,4.77974850451677,-0.270340298,-0.114015105,-0.298779375,-0.134677644,4.70797575745027
-0.204748125,-0.181955245,-0.290812276,-0.084635339,4.00113758386958,-0.576243692,-0.42750246,-0.365632837,0.283541511814408,6.21910238170349,-0.43420425,-0.32431553,-0.132558192,-1.114550367,6.80055052384632,-0.308848703,-0.235879655,-0.236413031,-0.234001394,5.14023958620932,-0.254130761,-0.307852557,-0.230050433,0.0448333662426574,5.61222203230269,-0.11813936,-0.179022262,-0.310221254,-0.467901011,5.1286277689288,-0.184004317,-0.1790835,-0.273812967,-0.132713331,3.96438733422118,-0.838020162,-0.40214255,-0.61522423,0.476831603730381,7.53018987157031,-0.41179073,-0.281977527,-0.135545523,-1.228738613,6.79200487542308,-0.297061291,-0.237995866,-0.226024147,-0.249454728,5.08415206549543,-0.287990849,-0.319156383,-0.257638348,0.0676092102822772,5.73843907382453,-0.012536639,-0.129143032,-0.265792397,-0.653670724,4.97051470585505
-0.226068358,-0.304783656,-0.238697889,-0.124351662,4.63176285689315,0.194218807278534,-0.203687013,-0.106432767,-0.67334443,4.75800521860814,-0.255020122,-0.292673612,-0.133930569,-0.206280919,5.75419364389991,0.0522352258625725,-0.212152028,-0.225751269,-0.808861999,3.75633858689295,-0.432719335,-0.289122442,-0.230781626,-0.170677281,6.66464546119999,-0.364487316,-0.243856653,-0.327618191,-0.349575465,6.26136000637105,-0.246956231,-0.318299094,-0.252922716,-0.107886315,4.65383367577508,0.179133124641524,-0.199909727,-0.13329474,-0.639749981,4.78758354933663,-0.145811545,-0.227705943,-0.112099617,-0.392701221,5.52266029838596,0.0949429979601733,-0.216596838,-0.194806641,-0.89798625,3.72623310124903,-0.467029401,-0.299124731,-0.246760588,-0.116085979,6.69162015642175,-0.279050308,-0.21226168,-0.282792205,-0.468878885,6.0215721112129
-0.244741768,-0.332679987,-0.280043222,-0.120474616,4.11795802765876,0.0889681203815788,-0.213336114,-0.127509312,-0.753731367,4.59224468000419,-0.393035461,-0.244212618,-0.331768893,-0.00382194,5.08456003799516,-0.189809483,-0.231081661,-0.229125129,-0.169933356,4.73537984891187,-0.049444772,-0.243373024,-0.101778143,-0.541986095,4.39788772995227,-0.17494964,-0.348674115,-0.086982871,-0.387677018,5.9931392443759,-0.257702141,-0.332632076,-0.286486418,-0.050302093,4.09932522848948,0.0471942654054095,-0.200153555,-0.172382124,-0.681523819,4.63337058637019,-0.3080863,-0.175813265,-0.296622532,-0.147723827,4.89772835526006,-0.205609405,-0.230020336,-0.242144076,-0.12911962,4.80655690837215,-0.026761367,-0.292502523,-0.031467437,-0.587774232,4.47383745509348,-0.104064595,-0.313842112,-0.051092731,-0.505232144,5.83225057796249
-0.25396847,-0.243452853,-0.288314232,-0.294055253,6.00479414932837,-0.082557848,-0.071382447,-0.308960375,-0.85807079,5.65546205675777,-0.142324927,-0.28007038,-0.068596315,-0.526870103,5.71903405239012,-0.291389355,-0.275018222,-0.185419577,-0.060012996,5.26993282636908,-0.215004684,-0.131368548,-0.271957802,-0.289284061,5.10424432456728,-0.425043174,-0.311843844,-0.315979393,-0.081636159,5.25945731237348,-0.231250608,-0.246293607,-0.259800753,-0.306521836,5.89027303775338,-0.022155423,-0.038660448,-0.290683264,-0.927766308,5.55034600812584,-0.120078577,-0.247855161,-0.071527937,-0.563808877,5.65579651394865,-0.319668366,-0.290044233,-0.194713777,-0.027639549,5.32219647395005,-0.184514031,-0.104047851,-0.266780821,-0.361948678,5.07949240521068,-0.349012536,-0.265861065,-0.281321066,-0.184358141,5.1028661468573
-0.126967463,-0.340216662,-0.11286564,-0.176906929,4.82425518240175,-0.087957917,-0.20607538,-0.231126317,-0.644536872,4.16967230022552,-0.344497358,-0.300886069,-0.137927311,-0.24546041,7.08203580272757,-0.190442723,-0.254669719,-0.253973021,-0.304326255,4.56047796398452,-0.270707704,-0.342108426,-0.220989632,-0.124024955,5.35876630762768,-0.198312805,-0.168851062,-0.232508367,-0.468552861,6.07208275952101,-0.078411791,-0.312508955,-0.089460411,-0.276337874,4.777746875,-0.014114999,-0.175936194,-0.220131712,-0.728393852,4.08073775198225,-0.220278673,-0.227528542,-0.112402722,-0.452386474,6.76304818573106,-0.208701115,-0.274063184,-0.263785325,-0.239045306,4.56915783265709,-0.380879229,-0.362003965,-0.292479143,0.00380799393774882,5.54589148067842,-0.142295036,-0.14615056,-0.20522969,-0.573178946,6.01072590533054
-0.195399286,-0.138651202,-0.329771732,-0.432820434,5.22890554506375,-0.033894092,-0.318133931,-0.171997849,-0.772459963,3.9442929399111,-0.086358733,-0.174059244,-0.259101876,-0.694000903,3.99506416126795,-0.467299935,-0.300412607,-0.3041006,-0.016336946,4.67777434085402,-0.549351429,-0.443811529,-0.168196936,-0.070414621,5.71455286464955,-0.246953474,-0.214671437,-0.188863764,-0.437389972,4.8576038004501,-0.261543912,-0.151815958,-0.367086337,-0.286944532,5.23495224270452,0.0101847628118072,-0.307196373,-0.145389708,-0.854384228,3.89891014127377,-0.059067353,-0.177338841,-0.223510158,-0.791371057,4.03299815574354,-0.498242347,-0.313682837,-0.312349748,0.0513711618599703,4.71663514328591,-0.598701612,-0.439512942,-0.175646074,0.00872696852893793,5.65628699745333,-0.103282453,-0.135490144,-0.140376297,-0.671476027,4.65144773660551
-0.356287231,-0.248551822,-0.319910608,-0.145704336,5.33035218027693,-0.217100419,-0.285059266,-0.163871433,-0.32179651,5.54372351228327,-0.187115099,-0.288385891,-0.231535869,-0.125231116,5.60916492206719,-0.272594787,-0.263165757,-0.227206633,-0.497340353,5.57245279426988,-0.311416056,-0.387876019,-0.226627507,-0.140793467,4.83745912151203,-0.245463244,-0.222189824,-0.274859352,-0.528391364,5.45611252458205,-0.310471953,-0.310010416,-0.216007908,-0.241366275,5.30634852927672,-0.30885379,-0.341687525,-0.16732881,-0.164473369,5.58413644537761,-0.122317167,-0.256585126,-0.219695337,-0.229435614,5.57556714368527,-0.286160017,-0.267223436,-0.234695854,-0.456077186,5.5455404908025,-0.282908875,-0.387423763,-0.218121735,-0.199048331,4.8473259889563,-0.142732505,-0.178964576,-0.216929347,-0.708981664,5.30539901531615
-0.299179291,-0.259312541,-0.200461908,-0.160496227,5.14683495116766,-0.365741003,-0.168056361,-0.360162541,0.182932272271738,5.48488138785675,-0.4090322,-0.210086559,-0.412825345,0.149382684098132,5.14806994761823,-0.310245306,-0.230062996,-0.302865283,-0.001787769,5.6400813412112,-0.25381089,-0.222035979,-0.295085986,-0.263158034,5.21173925878147,-0.324359354,-0.227358544,-0.254194051,-0.069808735,4.87194065172813,-0.273497022,-0.206221201,-0.241843457,-0.21136754,5.11135744672532,-0.414120869,-0.178221065,-0.404586958,0.268519656001643,5.73333348582336,-0.281480488,-0.197331835,-0.352036526,-0.029608692,4.99991332049861,-0.25886033,-0.212964013,-0.280229099,-0.089300366,5.50300025421944,-0.242007809,-0.238266345,-0.255543831,-0.285572201,5.11913821518682,-0.236755423,-0.175924706,-0.221193546,-0.223317698,4.70962810967633
0.0181201014490087,-0.123112098,-0.164655073,-0.731760208,4.43555491403632,-0.521136398,-0.414472792,-0.273040592,0.164228113174503,6.84971376743545,-0.247424993,-0.363020622,-0.235562824,-0.356617427,4.57777829256535,0.0305746030918007,-0.177408872,-0.211895826,-1.030172479,4.7300315479478,-0.431392037,-0.296349924,-0.317400461,-0.14060579,5.07216680418113,-0.435664635,-0.251458617,-0.238208042,-0.115591891,5.45581679823754,0.0304758018743459,-0.112166709,-0.164865376,-0.740520559,4.43133647344497,-0.622604387,-0.451146205,-0.330777609,0.257468610591027,7.37540502645641,-0.106709152,-0.31258269,-0.17640677,-0.591798944,4.441831816,0.0595021692677262,-0.177551209,-0.186167156,-1.094416323,4.69116878254331,-0.387306897,-0.265035682,-0.292666701,-0.233418281,4.96019512979403,-0.392584477,-0.226075028,-0.20490045,-0.214997855,5.38714823785042
-0.272934926,-0.272166078,-0.136029469,-0.407749932,5.37519025780156,-0.350680385,-0.387521391,-0.246509125,-0.266437543,5.66982656877475,-0.46060287,-0.414347421,-0.337746901,-0.098365992,5.00391998995831,-0.130239484,-0.184143975,-0.159025128,-0.481997904,4.36360539120753,-0.348809234,-0.317469967,-0.256678014,-0.092632474,4.99794741869778,-0.116542597,-0.265605241,-0.169084295,-0.305427954,4.56613665814644,-0.29747336,-0.31327451,-0.117702312,-0.375389802,5.37040890097015,-0.353644574,-0.370732725,-0.266249126,-0.269945971,5.62235165863545,-0.364338845,-0.379892132,-0.28663493,-0.196830291,4.85839122657619,-0.10013075,-0.176769639,-0.132257837,-0.536321162,4.3055533953885,-0.306255014,-0.290482461,-0.240218083,-0.178279391,4.89627899408005,-0.028731287,-0.215693555,-0.134179121,-0.445339133,4.43475721964112
-0.435451888,-0.418000486,-0.229437855,0.159904301040908,4.96950605426415,-0.369856799,-0.187437108,-0.325266992,0.222908221495307,5.24478856406738,0.00651794298792683,-0.133059247,-0.352287011,-0.645197504,4.48475754238354,-0.160223898,-0.236744739,-0.239556549,-0.387975253,4.6747070075102,-0.153729942,-0.288184813,-0.148113629,-0.449474634,6.02760572780854,-0.277949721,-0.273320513,-0.249794424,-0.394123027,4.93216102362697,-0.481203567,-0.471035983,-0.194587124,0.205698782302899,4.93431493311989,-0.493465689,-0.205123833,-0.374966827,0.46362178806977,5.3510979964953,0.0396319258374032,-0.150358879,-0.320314701,-0.69618092,4.43541610257424,-0.153711126,-0.239939886,-0.223527034,-0.406542299,4.61777025308828,-0.18330226,-0.327436043,-0.1333973,-0.437016494,6.11027030733181,-0.197177524,-0.223196142,-0.214820055,-0.510710618,4.80516937764279
-0.547026634,-0.231719583,-0.470318972,0.224103255593808,6.77200293393783,-0.254246578,-0.258601376,-0.29863356,-0.099267007,5.02856588388032,-0.453920815,-0.366114502,-0.251724562,-0.149791988,4.76610410112158,-0.317993475,-0.297352406,-0.281982453,-0.005337354,5.26517560627348,-0.18099863,-0.108306665,-0.300877654,-0.67497704,5.45816746032674,-0.384110793,-0.29372909,-0.325192002,0.0415525805202024,4.18973008743818,-0.590923305,-0.197044734,-0.540095445,0.195290156635447,7.30251920578419,-0.224918353,-0.217617078,-0.312662393,-0.167021508,4.98015869529208,-0.356440264,-0.300784647,-0.23555262,-0.292619716,4.61887918886771,-0.33491778,-0.280631784,-0.288618669,0.0372399105614441,5.17770984188407,-0.162778565,-0.092227085,-0.294476654,-0.704830629,5.41312180057361,-0.26839194,-0.255415086,-0.27906889,-0.143217337,4.04799725406186
-0.239858322,-0.257228152,-0.172287904,-0.480052087,7.13747058122892,-0.398934232,-0.390345362,-0.280623735,-0.344786459,5.20908538339832,-0.33207252,-0.275919842,-0.379587695,-0.24210376,4.54029625089083,-0.120807384,-0.178314463,-0.093543662,-0.598609267,5.74760543251336,-0.558087872,-0.368252157,-0.353446052,0.146217578235168,5.94346427015159,-0.3103354,-0.325976144,-0.237291163,-0.713495151,6.08435459150506,-0.201358372,-0.22208106,-0.15891815,-0.52498788,7.03498034205803,-0.361684803,-0.382755177,-0.279751253,-0.338452971,5.13358038747514,-0.218859574,-0.23611917,-0.311609813,-0.426401272,4.34771477644338,-0.043041106,-0.15598588,-0.052127901,-0.737139652,5.65200927806017,-0.667488051,-0.440579953,-0.393843114,0.30977300506974,6.16444161721738,-0.185427716,-0.272339351,-0.186669859,-0.906811549,5.82589235654003
-0.097952589,-0.100460211,-0.350015691,-0.378699962,4.86246470722794,-0.719789056,-0.346340421,-0.358543188,0.596131970584641,6.94982811946424,-0.261375364,-0.178569946,-0.303371517,0.230741665063152,3.77698757592949,-0.192352068,-0.293324304,-0.228163006,-0.152909054,4.89146248738457,-0.295962681,-0.288391368,-0.242620235,-0.409574872,5.77028633257569,0.00208469366073653,-0.218458574,-0.123499869,-0.614551601,5.12943190486989,-0.149616999,-0.074859671,-0.455719287,-0.245454544,5.06093965385356,-0.677381486,-0.314826184,-0.360001723,0.529842664219931,6.82842950694219,-0.162021108,-0.132513076,-0.245955946,0.0702387026061334,3.59735957178563,-0.198887869,-0.268010117,-0.258380376,-0.143306875,4.86035617149794,-0.300265052,-0.304340182,-0.250466424,-0.383397962,5.83080003132632,0.0531066516854088,-0.201074579,-0.099194915,-0.729095483,5.10288124600611
-0.558368896,-0.277659702,-0.336627482,-0.010305294,5.10063266293197,-0.508477532,-0.275717775,-0.493132421,-0.01788605,5.55405370562627,-0.130732867,-0.198641647,-0.160815767,-0.480884861,4.43840424697057,-0.415608898,-0.254193471,-0.323521059,-0.286226044,6.03401116874552,-0.216583337,-0.253928778,-0.238612126,-0.015280456,4.92695333003753,-0.597872344,-0.318047139,-0.347988008,0.183983117392418,5.54737208758296,-0.695752553,-0.355223218,-0.409419937,0.259709100178848,5.36831309694937,-0.611212028,-0.316461795,-0.529515342,0.118433363508364,6.28507143758604,-0.101695873,-0.184479785,-0.15841084,-0.532263073,4.44884264481794,-0.502541167,-0.284307906,-0.366324243,-0.162987599,6.18871615208882,-0.257808439,-0.319125153,-0.213138223,0.0991312440493517,4.93606904616039,-0.514135223,-0.280269245,-0.307769253,0.0854229370911026,5.34863672160681
0.0013791456373466,-0.160466863,-0.275722774,-0.338538064,4.62763747331727,-0.542477998,-0.411316819,-0.192247219,-0.447561666,5.04017827872604,-0.449894523,-0.274253598,-0.273275206,0.146517388863413,6.11450663533358,-0.237113128,-0.221969621,-0.27022025,-0.185515714,4.13626804574555,-0.203924993,-0.246464772,-0.204844973,-0.274615106,5.24868060288027,-0.170770997,-0.206418891,-0.2706717,-0.178955452,4.8479857765615,0.0189498668250281,-0.185320287,-0.226079518,-0.361126274,4.56472707919016,-0.494444312,-0.387293344,-0.16527829,-0.536386635,4.88459796609588,-0.35547161,-0.224371762,-0.212994547,-0.026026286,5.90688170971533,-0.212289103,-0.229876625,-0.247048854,-0.23988459,4.12064692149533,-0.233874526,-0.265534732,-0.206547863,-0.228385759,5.33003690237622,-0.092668079,-0.168421863,-0.239338488,-0.3279969,4.74564987437194
-0.280817331,-0.35798666,-0.118190928,-0.326631926,5.87653542411992,0.232695237811967,-0.147605144,-0.082058968,-1.147060342,4.73371231713058,-0.382376113,-0.381225549,-0.335966261,0.317865307632761,5.41244439405742,-0.117026113,-0.173797061,-0.225835837,-0.169861031,4.45235351685447,-0.440839779,-0.200608358,-0.358961066,-0.094228875,5.71735052904035,-0.117691497,-0.247220883,-0.198609185,-0.456755223,5.56845721912176,-0.277899637,-0.342177177,-0.142088153,-0.329726567,5.87307485281641,0.209335611599956,-0.158041408,-0.086638324,-1.128609834,4.78839549663439,-0.295041656,-0.313913922,-0.300352591,0.170890050332284,5.20535497152993,-0.122815728,-0.16310322,-0.23605051,-0.167152078,4.4488204459243,-0.449347608,-0.232224022,-0.32105495,-0.093355511,5.70402030841349,-0.067171804,-0.213548948,-0.173120445,-0.539571564,5.51878590570132
-0.573524209,-0.321511781,-0.389427179,0.0167182479194854,4.91653405901673,0.0769530460572989,-0.293962281,-0.061133007,-0.629829862,4.85054100093691,-0.07159331,-0.244458907,-0.164433329,-0.555081666,5.59684755816496,-0.391061447,-0.194060726,-0.382498695,-0.14916019,6.60435074521498,-0.056457185,-0.17730817,-0.242907782,-0.20625835,4.61369457726085,-0.159452947,-0.192589696,-0.228897891,-0.445446179,4.69121449682147,-0.634677309,-0.311701602,-0.446539693,0.0807435614697934,5.2173048442545,0.0793347893828334,-0.337761783,-0.025738435,-0.635257158,4.99839084607915,-0.022357327,-0.196539271,-0.156721577,-0.665076175,5.53806471727773,-0.46034127,-0.241121304,-0.416026863,-0.042720638,6.87025636902021,-0.071392924,-0.179881157,-0.259900289,-0.192279923,4.69310665556643,-0.107336874,-0.161931823,-0.230118719,-0.529912519,4.69847863297551
-0.509407115,-0.28323787,-0.331837793,0.147524784323782,6.5746182672073,-0.236882053,-0.218370408,-0.195754928,-0.757594735,5.82700893051356,-0.088803225,-0.29601371,-0.099082372,-0.446636109,4.65816017643348,-0.441077262,-0.356411995,-0.20689498,-0.21068175,4.86589908348242,-0.237498703,-0.154796028,-0.240062086,-0.181864418,5.25988050467372,-0.206729018,-0.151459209,-0.348980501,-0.187086003,4.46105602007928,-0.512116938,-0.261656961,-0.358081511,0.119368696208836,6.59974810304487,-0.246371439,-0.249822384,-0.175520763,-0.727267368,5.92196063910757,-0.021357781,-0.271636418,-0.040288307,-0.565540534,4.59598313910103,-0.547563249,-0.439666533,-0.188998943,-0.109740502,5.0192138951442,-0.212103791,-0.133889789,-0.24316239,-0.242489725,5.29853617659434,-0.132118279,-0.120264369,-0.318179009,-0.283801037,4.41902524659658
-0.123400247,-0.187548175,-0.235728435,-0.490283761,6.77630774873181,0.174833829906219,-0.246585131,-0.053452579,-0.887983439,4.7954877490621,-0.22064093,-0.246727376,-0.124056055,-0.488939723,5.12623706259437,-0.599992834,-0.439224147,-0.339543434,0.282854876974713,5.02770936794437,-0.334525806,-0.359055027,-0.258359324,-0.190149827,5.14286592572554,-0.272921095,-0.229271787,-0.242578527,-0.073054702,5.80673113962937,-0.09036864,-0.207078338,-0.222834635,-0.542003242,6.90739644268118,0.221384265994283,-0.235186488,-0.011023014,-0.995627119,4.79476548474084,-0.251485817,-0.256589539,-0.127671531,-0.461771995,5.18711826503536,-0.674060971,-0.501639685,-0.34609119,0.367935560537316,5.11053071649341,-0.388092622,-0.376163868,-0.271880898,-0.127211782,5.16999928487045,-0.174603685,-0.185739354,-0.199709084,-0.237715017,5.59010858038362
-0.316050532,-0.296071403,-0.150915978,-0.38907534,5.52994431448351,-0.302932516,-0.1469794,-0.335374124,-0.009931358,4.26256452443797,-0.331139266,-0.223469562,-0.350355659,-0.322772767,5.33818661892721,-0.344454953,-0.292883319,-0.333951459,0.165724546510575,5.36965919864563,-0.062810321,-0.253521064,-0.20982279,-0.387289815,4.30529341575279,-0.336153776,-0.337748123,-0.211427518,-0.304279809,5.36383607291154,-0.299856835,-0.281101344,-0.160994498,-0.39651111,5.5223196400596,-0.352847139,-0.100170388,-0.413889538,0.0676001414415701,4.34591863600976,-0.339264209,-0.226886587,-0.346672342,-0.363716509,5.38823695742996,-0.393661962,-0.327789101,-0.340107437,0.197176582376594,5.5971479741727,-0.095011243,-0.265945477,-0.223973584,-0.315814313,4.3201834774832,-0.255130646,-0.290464991,-0.179563048,-0.401707431,5.20408332908959
-0.209279317,-0.304987218,-0.316951747,-0.162458378,5.55192365584164,-0.388198354,-0.207988337,-0.217967889,-0.217137833,4.87455989512007,0.0481239566871274,-0.145039011,-0.076608133,-0.713663232,6.33572083080087,-0.046329733,-0.147815964,-0.2140501,-0.630108336,4.54894438645805,-0.257132137,-0.221463303,-0.249408153,-0.119553731,4.92291427535219,-0.39352742,-0.259642092,-0.255476823,0.0361273740887551,6.49770469574183,-0.24519412,-0.31946066,-0.337385842,-0.106754372,5.63981047542536,-0.309650518,-0.160696811,-0.211962313,-0.374920067,4.66655173428944,0.0925618832961141,-0.111645372,-0.074306123,-0.774425398,6.2488456133144,-0.011488251,-0.137262307,-0.192781415,-0.69746458,4.48405235224142,-0.207974495,-0.203034535,-0.22935858,-0.207276088,4.80726970824981,-0.357924715,-0.246912684,-0.237581905,-0.016941421,6.38893545344771
-0.722565652,-0.555056965,-0.141064369,0.330089081462342,5.69262142337997,-0.726628532,-0.537932097,-0.454808398,0.986563652519127,4.87809053797371,0.134226330586749,-0.125268876,-0.141376273,-0.57576678,4.8446317565774,-0.417170905,-0.323649849,-0.325895128,0.161842461740941,4.94143280347689,-0.16288521,-0.231762255,-0.192288681,-0.418410083,5.43317377663969,-0.196906369,-0.127180754,-0.257029248,-0.242287846,5.31323107267997,-1.027403114,-0.824040298,-0.159177703,0.760138431610994,6.35090668742455,-1.041921624,-0.639640635,-0.640314414,1.57281852411682,5.59014725125565,0.24200410600983,-0.091046795,-0.081661339,-0.765718293,4.7483690096035,-0.475583482,-0.33337133,-0.349152793,0.291535107694865,4.92627144651932,-0.173829532,-0.208096247,-0.218188591,-0.382348082,5.3897405063102,-0.102690853,-0.093958921,-0.200151218,-0.393652855,5.21988648176037
-0.191137207,-0.150900805,-0.237274954,-0.156127249,4.62407381555136,-0.130227319,-0.191376083,-0.247349722,-0.290920946,5.13275377920936,-0.041376841,-0.171045056,-0.291979804,0.081418228094467,3.59454270379659,-0.281509585,-0.355571242,-0.277597082,-0.147303194,5.65950766910992,-0.353734155,-0.320545412,-0.269165613,-0.072299379,5.80372843924936,-0.151772767,-0.19979393,-0.185843378,-0.526665528,4.87454744296443,-0.144961187,-0.111505224,-0.231107578,-0.271288342,4.60146164360157,-0.178510086,-0.196890838,-0.285932422,-0.198983606,5.20803759088862,0.103480137726759,-0.126461728,-0.200890935,-0.159940825,3.45080540152548,-0.310335316,-0.399820326,-0.288920676,-0.112840457,5.88442991846736,-0.380971319,-0.343447106,-0.265051275,-0.062593241,5.98435045676308,-0.067659659,-0.164780839,-0.148377971,-0.665710166,4.77559079818476
-0.555185809,-0.348292952,-0.311833026,0.186258479898011,5.89464605086257,-0.512805593,-0.310387287,-0.404489968,0.172388757077407,4.47175197631438,-0.26906437,-0.289244905,-0.202643222,-0.380558548,5.3774783643561,-0.272254267,-0.185219096,-0.261279184,-0.105901023,4.34785089220034,-0.124919338,-0.226088919,-0.195823481,-0.756510845,5.67730588479027,-0.261509684,-0.205975683,-0.3115048,-0.47715855,6.1472414094993,-0.56959075,-0.43081262,-0.254981995,0.201856484078583,5.86345044045003,-1.129864871,-0.484605038,-0.694943593,0.789526001013299,5.3928900840415,-0.231093347,-0.247195407,-0.195759551,-0.465368859,5.31505272281992,-0.298575148,-0.184908136,-0.280368457,-0.050265783,4.35710362939112,-0.184494717,-0.270711096,-0.211690956,-0.653051534,5.87058782321725,-0.15525583,-0.176339871,-0.250584269,-0.648583379,5.95537901627398
-0.084496421,-0.138826365,-0.218765352,-0.564004609,4.96660266341071,-0.044041399,-0.178271828,-0.183871627,-0.725708347,4.02221968179853,-0.344012765,-0.422512274,-0.093138829,-0.740234876,5.80912651360117,-0.405044106,-0.372556708,-0.22152219,0.056196515214615,4.55368124696784,-0.300925673,-0.253756464,-0.227075335,-0.454798162,5.1517124364002,0.0924214023840738,-0.187677159,-0.092806445,-0.977157811,5.12002056563612,-0.054823558,-0.105099324,-0.223880533,-0.61805918,4.90071042269677,0.0268653446231166,-0.154607539,-0.144525179,-0.860262117,3.97035231651756,-0.328618055,-0.373272743,-0.121338241,-0.820208515,5.77180616060509,-0.445910839,-0.364926846,-0.262803761,0.136899303247673,4.65113420026168,-0.326932413,-0.262853316,-0.240312484,-0.383469447,5.18238399623733,0.137724871716879,-0.170591279,-0.0775566,-1.057252518,5.0949289704498
-0.432254437,-0.313952628,-0.292202182,0.142499660631225,6.45166356883764,-0.35871157,-0.190562812,-0.380589222,-0.881971444,7.58983074349761,-0.308928037,-0.312558959,-0.324408659,0.0389506521847119,5.66637801446575,-0.196814838,-0.324107445,-0.24548584,-0.213212784,5.25218856134134,-0.175196077,-0.279465718,-0.277563742,0.0381137681071799,4.5581393691639,-0.127351599,-0.13819475,-0.280087915,-0.309801118,4.59599219380091,-0.447105602,-0.331021417,-0.305027514,0.162325019802499,6.58221323023936,-0.290126074,-0.151282328,-0.372771257,-1.071235521,7.59479794975939,-0.182702757,-0.253038237,-0.280596171,-0.186368798,5.47214875403658,-0.218184843,-0.339348441,-0.256033961,-0.174100075,5.33098342084946,-0.157920114,-0.293500899,-0.250670678,0.0179065087280905,4.4731059723409,-0.032107058,-0.096313564,-0.231624008,-0.464371965,4.47335510558945
-0.740576781,-0.458009841,-0.383657188,0.5172307548773,5.71022569689803,-0.027462297,-0.073194952,-0.145433974,-0.678578315,5.44863463552505,-0.166590053,-0.22831837,-0.245841107,-0.155888287,5.04611341534095,-0.186679893,-0.344062273,-0.184658111,-0.193527116,4.92623017027486,-0.297327465,-0.226788417,-0.225838263,-0.300436881,5.59615003396953,-0.259637965,-0.148554485,-0.317065442,-0.253887872,5.14023410889495,-0.798176033,-0.460098853,-0.41991152,0.591968206997614,5.77885605765817,-0.085832887,-0.104558068,-0.169956824,-0.566115172,5.48568372766309,-0.054613534,-0.170309477,-0.205666499,-0.326687332,4.84182411231513,-0.145756708,-0.354505201,-0.134177435,-0.225962245,4.87497809362368,-0.292007968,-0.234189407,-0.230584075,-0.314737266,5.62407851634053,-0.214476411,-0.141900577,-0.282444531,-0.330180481,5.0705675221685
-0.046231686,-0.249522149,-0.128200176,-0.700381549,6.50222117008505,-0.571970958,-0.359366118,-0.334101917,-0.205950265,5.88545176108257,-0.288179684,-0.206830807,-0.374066678,-0.076426748,5.88553499779267,-0.249141323,-0.252092792,-0.139146001,-0.278561699,5.71910446203271,-0.573864409,-0.362306654,-0.33549649,0.138257147893195,6.7301805326794,-0.089274904,-0.150540183,-0.230591423,-0.295873939,4.91148759630805,-0.022625356,-0.271080755,-0.089275254,-0.752732914,6.45375965936419,-0.553018608,-0.308743409,-0.364097269,-0.181146157,5.67397531421651,-0.178962856,-0.161090218,-0.338062215,-0.272588006,5.65318254034995,-0.265657078,-0.247718584,-0.151672848,-0.243424338,5.75130916795483,-0.585504894,-0.353089842,-0.353707544,0.133326527380684,6.9438988429139,-0.033826848,-0.125228273,-0.210495161,-0.399588397,4.8656905211187
-0.749710507,-0.40260101,-0.373085818,0.265055675137978,6.77931767016811,-0.401863909,-0.253983289,-0.296560255,-0.04575998,4.84461363743294,-0.317034746,-0.292516248,-0.312188214,-0.47897985,7.59127031254711,-0.227955351,-0.261972288,-0.197965771,-0.344573442,4.68467871054044,-0.083043777,-0.232185319,-0.190884734,-0.4167396,4.5978555476276,-0.286005587,-0.204846852,-0.266963718,-0.171669175,4.35755298926816,-0.884583673,-0.417409277,-0.474696253,0.403143734338429,7.225174842,-0.446153877,-0.207024185,-0.341193406,0.0202274119998923,4.83285186835859,-0.213934816,-0.249515945,-0.278689976,-0.622779493,7.38321935900196,-0.244352491,-0.282962054,-0.186567407,-0.30687033,4.68186593737798,-0.110863884,-0.256198875,-0.180791028,-0.372895108,4.60423194510858,-0.106276102,-0.128942893,-0.193962387,-0.449590615,4.16098749693872
-0.293975834,-0.119977751,-0.384510106,-0.802959242,7.05461920117859,-0.256830211,-0.278982804,-0.335019671,-0.064930717,6.64320404059057,-0.104188703,-0.101692056,-0.362562023,-0.597538975,5.01459573437902,-0.561635264,-0.231325406,-0.453372804,0.142551601101564,6.05424657184015,-0.421390681,-0.315324836,-0.296410177,-0.010718256,4.36095662805086,-0.404871063,-0.266114633,-0.313434211,-0.1005811,5.0196288308095,-0.491705662,-0.184774096,-0.520520882,-0.685626274,7.30149417748429,-0.309560967,-0.313655344,-0.348697248,0.0254608076199621,7.03739716235739,-0.095193453,-0.126588173,-0.323095404,-0.621619485,4.98723198876846,-0.584567777,-0.218563875,-0.47305058,0.149463102824426,6.18871299341119,-0.57435666,-0.387249686,-0.356230703,0.180707748128354,4.570254865,-0.317304753,-0.22502794,-0.261619504,-0.238000529,4.85849226003176
-0.219022005,-0.264154245,-0.199215644,-0.318420024,5.22468241750976,-0.560010228,-0.308874693,-0.437820633,0.126259791498751,6.36600552597655,0.00991580041360941,-0.202042247,-0.203752463,-0.674080455,4.29642752003631,-0.055969538,-0.270167538,-0.149495214,-0.626309356,5.26111959080598,-0.158098156,-0.261563153,-0.149262166,-0.339770865,4.7136006307774,-0.116644584,-0.100491533,-0.296049339,-0.458369979,6.52330800736535,-0.219787437,-0.283842443,-0.18101829,-0.327437203,5.2067375187189,-0.65138605,-0.302316168,-0.562291097,0.137668463749444,6.58793249186058,0.0858894740862857,-0.143051532,-0.187835533,-0.80944856,4.22013980499998,-0.097202058,-0.325316394,-0.127719513,-0.572523932,5.41220934981346,-0.16663331,-0.263498417,-0.152101124,-0.344504181,4.74182132673302,-0.048413047,-0.081735482,-0.244729621,-0.567170621,6.3563562124296
-0.456483694,-0.222437111,-0.325391541,-0.030768092,4.99383563079553,-0.162534441,-0.271934684,-0.186079847,-0.344674005,5.22460103861907,-0.130647358,-0.164995677,-0.224467409,-0.407671697,6.33774739950847,-0.300656272,-0.214603445,-0.263863277,-0.057417566,4.93812488881773,-0.464195864,-0.393666187,-0.284310079,0.0150270297304342,5.32662105813624,-0.172099255,-0.273394187,-0.182528665,-0.371121585,4.47218973624246,-0.431526763,-0.179756192,-0.341185026,-0.072830036,4.94754099274889,-0.142473136,-0.259304305,-0.176303122,-0.365254241,5.14870308622942,-0.044829109,-0.117595952,-0.202522689,-0.537720711,6.22108917879402,-0.4140878,-0.247097343,-0.33526615,0.107459121381576,5.10531491365616,-0.581015294,-0.436926669,-0.365287079,0.206482821504234,5.45808123467613,-0.082412847,-0.244712269,-0.129851292,-0.521511979,4.3266839737725
0.0944703859473367,-0.252247092,-0.170994752,-0.755300471,4.44180667850408,0.0354242779378863,-0.188463442,-0.114687619,-0.820095914,4.79227609701761,-0.12673636,-0.129853837,-0.337632887,-0.231659868,4.84409835354559,-0.085364839,-0.191571714,-0.256138758,-0.405354326,5.42471803985563,-0.221089604,-0.166473259,-0.257629208,-0.432514745,5.43454119746677,-0.058951098,-0.297246365,-0.078540855,-0.745463352,5.20232355247109,0.0810996433671929,-0.246691928,-0.200358632,-0.695701486,4.47737484843528,0.0432960473662871,-0.200548869,-0.093560833,-0.842042055,4.80391694345554,-0.042654436,-0.099597468,-0.306266636,-0.374977076,4.80795284518451,-0.082984289,-0.163342543,-0.286372491,-0.395729345,5.42709186480209,-0.198094904,-0.157887601,-0.244367582,-0.44259331,5.40475846849511,-0.002954626,-0.254905466,-0.053389895,-0.847080989,5.0807755715154
-0.482250986,-0.267574728,-0.407375374,0.0850051639380671,5.00061598887306,-0.218471002,-0.013797426,-0.463308692,-0.280761325,6.32926193614229,-0.37884578,-0.260759958,-0.257733377,-0.219051375,5.2527915329621,-0.088455303,-0.170467872,-0.249267278,-0.306604993,5.19897562352477,-0.300273672,-0.220460878,-0.313055062,-0.355056859,5.18885118768558,-0.307416692,-0.217217198,-0.226746027,-0.041411361,4.93275085488708,-0.537672003,-0.287842266,-0.442867461,0.145383098155843,5.15670420403387,-0.121284028,0.045724383655622,-0.454653407,-0.47104209,6.34424188956323,-0.247496671,-0.206893037,-0.207920308,-0.429665974,5.0830321666838,-0.050311032,-0.171519896,-0.21635199,-0.365513547,5.10725559737716,-0.270125704,-0.196993423,-0.318895153,-0.402533723,5.16640117682087,-0.256780877,-0.184902209,-0.207761174,-0.15188818,4.86790987532402
-0.611565478,-0.252206343,-0.45165995,-0.324343351,5.17985236452068,-0.362919731,-0.259580487,-0.242780736,-0.198615083,4.82135375131515,0.235209636232338,-0.14439612,-0.059962541,-0.81234424,4.40548776901055,-0.324350475,-0.120628848,-0.324401551,-0.022878402,5.09703451141548,-0.506630882,-0.338883325,-0.308327969,0.163937735946367,5.26837856749148,-0.137436639,-0.203233782,-0.203234215,-0.392446614,4.9034602360744,-1.009321073,-0.428100502,-0.555144414,-0.148260579,5.6595696368271,-0.363337903,-0.252096437,-0.241285048,-0.214617277,4.8199703878124,0.225871754126743,-0.146631278,-0.062617293,-0.776570185,4.42760142382986,-0.304951218,-0.106223769,-0.315559192,-0.057243221,5.06439866648571,-0.586246871,-0.325294668,-0.380712069,0.201954585960135,5.59067066597578,-0.018252602,-0.136500713,-0.159687173,-0.586424702,4.72764659304509
-0.083896058,-0.295566829,-0.121674178,-0.567789015,5.32471723166824,-0.352532234,-0.332427757,-0.244916919,-0.03222644,5.35873661101478,-0.463301682,-0.232848225,-0.363485741,-0.360868906,5.22515600554781,-0.073043358,-0.204504201,-0.189156945,-0.112669079,6.54851362311723,-0.251479233,-0.270075635,-0.23652497,-0.239976631,4.69070585300348,-0.274768093,-0.27073728,-0.177979516,-0.333486449,5.20916119956347,-0.042123318,-0.296533442,-0.080626328,-0.600738113,5.28604015424731,-0.323233282,-0.327860217,-0.207004175,-0.068259483,5.27019286246948,-0.400839091,-0.223511794,-0.292446801,-0.463720512,5.05712015923296,-0.071221732,-0.206770765,-0.182442664,-0.097891212,6.51201421894697,-0.28740308,-0.328787913,-0.205251041,-0.215161399,4.76445605445485,-0.188051562,-0.22627668,-0.137950297,-0.49802504,5.07308816521666
-0.188120395,-0.343093049,-0.150147821,-0.106185247,5.62199708333608,-0.158275166,-0.164919292,-0.203872577,-0.629346141,5.32747768227995,-0.863087042,-0.449563418,-0.395621651,0.695700145814896,6.36602442657347,-0.161205316,-0.203683531,-0.199208112,-0.519587062,5.15516685626982,-0.640835714,-0.266790425,-0.379509496,0.166243669085447,5.33047057798996,-0.233941653,-0.247587196,-0.204169783,-0.284676735,4.81514082742467,-0.228813256,-0.396127896,-0.169306819,-0.0353592,5.8724959393599,-0.197278737,-0.203985692,-0.219365724,-0.552557886,5.39470389802771,-0.774737854,-0.41093555,-0.346804001,0.54085704353646,6.10685721943422,-0.16244451,-0.210331651,-0.204061424,-0.502450641,5.16912357793582,-0.634850857,-0.243983194,-0.409745682,0.135068491697378,5.36637513414956,-0.115456425,-0.189606533,-0.159312105,-0.489946488,4.62839020171444
-0.202236862,-0.181407498,-0.222349946,-0.586446029,4.81496095126539,-0.046900731,-0.304676879,-0.142272886,-0.561646193,4.85011866189171,-0.127669652,-0.12409201,-0.129023701,-0.458280761,6.39206335341789,-0.331560862,-0.25538902,-0.382999262,-0.226591827,4.83911252395132,-0.367955934,-0.255693906,-0.235265594,-0.141321545,5.72165034055799,-0.128706962,-0.178564216,-0.193715591,-0.415787796,5.11868493905915,-0.249810594,-0.203620244,-0.256704342,-0.50022025,4.93154447483645,-0.010001071,-0.272705137,-0.1463343,-0.615977378,4.8402318293418,-0.063070462,-0.093178419,-0.101460583,-0.580295275,6.29533882009225,-0.34574813,-0.245833278,-0.384152863,-0.198590933,4.89488864654808,-0.344011981,-0.228830184,-0.238609964,-0.195969122,5.65747822555104,-0.045112541,-0.146574518,-0.156884015,-0.579631583,5.04498037325645
0.0441312409900256,-0.130845589,-0.148398134,-0.502243843,5.02338547435301,-0.132252209,-0.118245265,-0.246971609,-0.069123205,4.15747793250605,0.00313710560246193,-0.18055111,-0.058928438,-1.083991379,6.42406036957219,-0.344089993,-0.262900825,-0.228720251,-0.363512267,5.08249842382068,-0.474947109,-0.280496926,-0.401040544,0.210030309865565,3.87654141256276,-0.044473163,-0.226976811,-0.19724004,-0.48688656,5.45628311158018,0.0660176353288635,-0.119042671,-0.144574306,-0.529426586,4.98137348124926,-0.200178178,-0.142057834,-0.277516425,0.0570718727231113,4.2649042529942,0.147350513114593,-0.114960313,0.00621133722958402,-1.320052304,6.27789376107435,-0.409913636,-0.30092107,-0.238640316,-0.230666955,5.11599998394635,-0.650959466,-0.328932452,-0.476204336,0.469690344940479,4.0344525779752,0.0179049516192555,-0.211544977,-0.155959214,-0.602780246,5.35782574540247
-0.37928875,-0.26171833,-0.30311388,0.369461144391053,4.25302950674561,0.25645487208351,0.147058469508305,-0.220069457,-1.368438959,5.14661924401176,-0.284865963,-0.22266369,-0.255038147,-0.069256996,5.07571467054336,-0.261736202,-0.26676366,-0.284275163,-0.17577033,6.72554075798456,-0.229136864,-0.328530377,-0.267806083,-0.016489738,4.27909167741006,-0.18135996,-0.225632723,-0.188946668,-0.352744849,4.7778857091272,-0.369199561,-0.257354767,-0.280473514,0.394392607006623,4.1745309222887,0.266719693951512,0.171539754996126,-0.219234438,-1.38645937,5.18217124075149,-0.274289723,-0.221405762,-0.227800961,-0.094466873,5.16547052253372,-0.275439719,-0.256391429,-0.313003231,-0.157384296,6.84022602766688,-0.28990692,-0.367061133,-0.271184221,0.0437994445068046,4.45836466799231,-0.095660666,-0.174998068,-0.156777174,-0.493038494,4.64766801171127
-0.403153627,-0.374582668,-0.271277675,-0.06506287,5.17404138334394,-0.233592701,-0.154091078,-0.186247137,-0.522402261,4.65067109860689,-0.468945098,-0.319094836,-0.224193177,-0.372964022,6.59309606645334,-0.347061789,-0.235219679,-0.376963807,-0.100526761,4.95431457754464,-0.330816046,-0.369445404,-0.257537496,0.0787083108134416,4.71624511017767,-0.260149272,-0.241053378,-0.183498379,-0.418795342,6.17836132348342,-0.388650647,-0.361802108,-0.270664721,-0.026003599,5.21039454083682,-0.253025685,-0.158381835,-0.199039903,-0.486197121,4.70765296539592,-0.419985148,-0.31740917,-0.187016586,-0.453041093,6.51111588920043,-0.43341592,-0.2246317,-0.454708099,0.0500269891650514,5.21199619565879,-0.377709158,-0.385245478,-0.293129287,0.184564730454813,4.7844171075201,-0.203463436,-0.201014426,-0.172253803,-0.516632654,6.08133043394533
-0.035872058,-0.013889409,-0.491283783,-0.595687992,4.9908952678879,-0.245116884,-0.198528923,-0.319353819,-0.408487041,5.4693824946551,-0.33966175,-0.380628711,-0.269276435,0.131533009869162,4.60813921747775,-0.021479771,-0.145575324,-0.223528621,-0.48344664,4.71722189671361,-0.391555864,-0.208077241,-0.278865114,-0.008618382,5.08389918362455,-0.251851468,-0.228713307,-0.2745496,-0.259402243,4.87370371208087,-0.223598724,-0.019249046,-0.741899396,-0.448431341,5.64769723796904,-0.322528797,-0.242745033,-0.355774826,-0.315921126,5.62119668451218,-0.244778785,-0.328602375,-0.239293541,-0.036974002,4.49706944910772,0.00281365582882248,-0.125324512,-0.218080603,-0.51740121,4.69083423516994,-0.42826721,-0.212126046,-0.28627922,0.0274414411451047,5.10264832956643,-0.193877422,-0.203256443,-0.235618607,-0.385543983,4.79367424521355
-0.336331811,-0.174577421,-0.360470138,-0.057593471,4.86505064969419,-0.18160355,-0.216474046,-0.242482295,-0.180803639,6.73722871050004,-0.008879281,-0.152411435,-0.208659411,-0.681795975,5.38899299684473,0.0280883307445186,-0.095845766,-0.189111563,-0.636001733,5.67418677342317,-0.390979838,-0.295521894,-0.303065336,0.0264342961167261,5.66727924520286,-0.049214821,-0.168939973,-0.161035215,-0.745167461,5.03759252646231,-0.350116696,-0.167120489,-0.374283189,0.00155837227476117,4.92593798665877,-0.275028505,-0.265257177,-0.24187021,-0.046877327,6.96286650618985,0.021366496366616,-0.131469663,-0.196206756,-0.735397239,5.35173032134035,0.014801627344011,-0.089917733,-0.209214091,-0.602376965,5.67642498116484,-0.430490962,-0.275143497,-0.338186858,0.0974922860156064,5.74075342522913,0.0425966016642061,-0.114870037,-0.13524947,-0.898739228,4.93189251480331
-0.461193212,-0.285742437,-0.345339746,0.324019311462652,5.06278074652963,-0.215373412,-0.105054688,-0.463706243,-0.540041783,5.0102606002954,-0.034190528,-0.135445078,-0.211050172,-0.547015555,5.93310860090269,-0.079727012,-0.22273542,-0.126947084,-0.430244735,4.70795918659714,-0.352736193,-0.299782312,-0.225794774,-0.22361059,5.62611553406014,-0.092689612,-0.171777107,-0.198302729,-0.518106949,3.97083968032446,-0.507097653,-0.299081226,-0.349249693,0.407698803456991,5.03428931430849,-0.105656384,-0.056087331,-0.43422486,-0.737499236,4.97980494471315,-0.023759522,-0.139297587,-0.207147615,-0.578630486,5.98884159179944,-0.06276743,-0.214546859,-0.114514408,-0.455658619,4.68171097703861,-0.398830185,-0.300201752,-0.260235588,-0.143646433,5.70098662807027,0.00691481529906007,-0.142368471,-0.144706166,-0.697898364,3.91863798860273
-0.352052174,-0.270325928,-0.22522989,-0.361819016,4.56838078857554,-0.351092984,-0.300381253,-0.256169223,0.214910102857241,4.42031733450792,-0.400184131,-0.395612572,-0.194605359,-0.410367304,5.46664312609377,-0.462261976,-0.251099668,-0.354027777,-0.111845093,6.05552731852189,-0.386474068,-0.234209877,-0.313000331,-0.236903587,5.32793362717637,-0.404152296,-0.236418574,-0.271094191,-0.519944687,5.77492712118416,-0.345488682,-0.279618207,-0.204505058,-0.425668445,4.66944413792254,-0.256555117,-0.258222461,-0.230543326,0.102038605375679,4.17647312287531,-0.353364804,-0.378057992,-0.186899509,-0.52789653,5.50156999932442,-0.452800371,-0.26286906,-0.348251366,-0.139177281,6.05516959998005,-0.352935367,-0.240455857,-0.283289503,-0.283359375,5.29819239969713,-0.238884106,-0.173727624,-0.187635981,-0.788807711,5.51897731047542
-0.148118935,-0.203732563,-0.252844399,-0.368498599,5.34313463868837,-0.544271936,-0.42957864,-0.218005665,0.112207489888261,4.85575747510746,-0.267871047,-0.313394716,-0.195164557,0.0458451908861627,5.25823366348137,-0.352337611,-0.316679139,-0.312996096,0.0622980186070691,4.61648126149434,-0.214567515,-0.330190797,-0.242376519,-0.075261402,4.06035364778784,-0.278337166,-0.294872022,-0.2083991,-0.18006227,5.00190929551631,-0.298336267,-0.28963989,-0.312688388,-0.159108724,5.56976357744409,-0.645739815,-0.533113938,-0.154481869,0.323853332116959,4.98489110126529,-0.177297562,-0.277347459,-0.16338927,-0.121392166,5.04300869882312,-0.46787897,-0.384261891,-0.361294133,0.20140589332196,4.84322798975044,-0.259337024,-0.355959293,-0.25887285,-0.019790993,4.16713316546998,-0.216699806,-0.270192815,-0.180332966,-0.301519824,4.93500661627744
-0.018745656,-0.213423899,-0.11978438,-0.703909648,5.68797998809063,-0.239555386,-0.216223362,-0.366258532,-0.377292267,5.14789133604712,-0.338009097,-0.164190465,-0.425095771,-0.008336047,5.23172269873236,-0.597646911,-0.345185124,-0.302153021,0.179061611082056,5.10787817533173,-0.23508679,-0.152091931,-0.323947727,-0.223757467,4.43816764332348,-0.001481668,-0.191968568,-0.139019886,-0.759037303,4.52020534878939,-0.044384015,-0.238819971,-0.118409832,-0.704610137,5.81651786939161,-0.274122188,-0.229820262,-0.361119607,-0.362234563,5.50429127486577,-0.250123825,-0.131508596,-0.382346444,-0.171046212,5.15618514305982,-0.800592486,-0.422110534,-0.34535077,0.469657555176308,5.29570504953707,-0.243231692,-0.17760595,-0.293381029,-0.225875656,4.45760879825988,0.0896281408180176,-0.14850792,-0.103656268,-0.921048852,4.44783133676289
-0.84487449,-0.417304855,-0.466604296,0.64106914223404,6.43817632136964,-0.507143183,-0.250567155,-0.236271341,0.0792969908350319,6.16993864942873,-0.358950795,-0.174493769,-0.373359501,-0.029066339,5.43483143515658,-0.535015602,-0.36774585,-0.381875853,0.0557919280444526,4.3904285578062,-0.318128705,-0.354067913,-0.22356636,-0.110466408,5.00927370806046,-0.319907815,-0.303562292,-0.298249876,-0.277004505,5.09163354016046,-1.174388146,-0.459681819,-0.644425096,1.14330336121299,7.38824819922952,-0.54716264,-0.272329536,-0.260687782,0.181324033220859,6.28285327865235,-0.203745232,-0.122138809,-0.30330329,-0.26937704,5.14552482590487,-0.515510725,-0.377852427,-0.361380487,0.0309783061880954,4.33764215381426,-0.271755263,-0.332059035,-0.204135498,-0.157853703,4.85159560720752,-0.192013651,-0.246793717,-0.24791614,-0.511700434,4.90323859515562
-0.073599187,-0.166557644,-0.144654754,-0.369975675,4.91646623668746,-0.319293343,-0.234967418,-0.305831078,-0.108674182,7.71954265365924,0.0229363025631598,-0.142584599,-0.230295339,-0.510185113,4.89322890628818,-0.296154121,-0.20969578,-0.256645743,-0.292186581,6.30294908975572,-0.07051023,-0.185976435,-0.209751532,-0.467634556,5.229258169,-0.218919407,-0.096772245,-0.354032383,-0.540404935,5.41795268430679,-0.129157718,-0.169609771,-0.184521402,-0.255995372,4.99367775384955,-0.363831714,-0.244488055,-0.335971363,-0.040966905,8.10055568898678,0.0856928897160092,-0.098733091,-0.225141078,-0.615549905,4.88368679754697,-0.280610174,-0.202146839,-0.244987876,-0.313964398,6.2227422682074,-0.063386132,-0.191010053,-0.193743872,-0.472691462,5.20708994860462,-0.152231666,-0.071818853,-0.312148279,-0.678314774,5.32703896562205
-0.319364822,-0.240247523,-0.330747158,-0.082007253,5.29862975009335,-0.879211407,-0.365287584,-0.444424863,0.917284841221266,5.53996939817176,-0.109745274,-0.245984324,-0.23905517,-0.747845044,4.06988395977501,-0.419125649,-0.333908992,-0.249715227,0.0295741407438077,5.91232441768287,-0.447758373,-0.176365864,-0.368849508,-0.020222813,5.66244115819961,-0.293056304,-0.344875197,-0.267707122,-0.279914119,5.15048649675361,-0.294908558,-0.238798891,-0.30552555,-0.161361821,5.30992578826061,-0.878032899,-0.348902842,-0.491064575,0.913365657142628,5.78485156210618,-0.085401825,-0.218430933,-0.244056176,-0.852756337,4.11906406981428,-0.479705904,-0.378110315,-0.262807894,0.122572489549395,6.04679856975668,-0.418123453,-0.152837606,-0.348708019,-0.100706407,5.56817389512897,-0.256875985,-0.298635566,-0.271425042,-0.357102143,5.17695145270008
-0.37059504,-0.236422299,-0.352544012,-0.489662246,6.49593804164848,-0.607920892,-0.471369015,-0.288043433,0.2810466071093,5.79689384355234,-0.107183245,-0.236122551,-0.18849639,-0.563891253,5.49757193141815,-0.454503642,-0.300116123,-0.364394419,-0.256425301,5.11222367200127,-0.114065366,-0.21266853,-0.144642173,-0.494813303,4.97177680974369,-0.157184091,-0.288288582,-0.153488782,-0.358486436,4.16345386868296,-0.485768879,-0.264858086,-0.387301291,-0.396097205,6.94415947914434,-0.624557976,-0.47027018,-0.320669967,0.312320880651647,5.97747568436801,-0.068308837,-0.208474929,-0.17560302,-0.696312217,5.48712827335289,-0.473453198,-0.300224055,-0.373868884,-0.244676956,5.10623940777628,-0.112964685,-0.203007343,-0.155832394,-0.499580826,4.96139120667706,-0.078331889,-0.260129031,-0.109211959,-0.487435531,4.07278022905697
-0.433107207,-0.348095442,-0.270231561,-0.296791856,5.69109024629475,0.0866188117460394,-0.161190895,-0.129831654,-0.757126271,5.55665286042861,0.113832891769614,-0.161581328,-0.185038207,-0.360534049,4.77773417999889,-0.283734078,-0.367041588,-0.190625363,-0.217339728,5.12254575257756,-0.211474779,-0.257949852,-0.219122625,-0.339136974,5.18966540074707,-0.343454232,-0.335217911,-0.281778714,-0.022118557,5.27956124770841,-0.429980982,-0.395562174,-0.242108379,-0.323782837,5.81179405207949,-0.028631831,-0.180291999,-0.230030868,-0.589559973,5.83481693050015,0.213292074907463,-0.126692519,-0.138121393,-0.51996751,4.62818582850034,-0.333579441,-0.430579291,-0.188326525,-0.151238216,5.25745980849683,-0.197659627,-0.252697258,-0.211584804,-0.379344215,5.23191037808735,-0.237576016,-0.279953703,-0.23700189,-0.174417438,5.03595245986024
0.101675484303038,-0.293382487,-0.146074979,-0.563349866,5.26860461575991,-0.460998152,-0.468965492,-0.230090013,0.387056008333881,5.41034383685021,-0.307992943,-0.204584379,-0.184166781,-0.38536712,5.8107064069787,-0.157477848,-0.160289932,-0.219304669,-0.172924913,4.78795776598977,-0.211014107,-0.212740054,-0.261732824,-0.748101233,5.57370457276609,-0.236933793,-0.215936821,-0.233172289,-0.384453551,6.24322629281089,-0.018168688,-0.374822579,-0.19650371,-0.346219113,5.52719855955354,-0.430910609,-0.496884751,-0.169775161,0.369748056512671,5.34313396200433,-0.214215213,-0.170094384,-0.149955231,-0.526470811,5.69377505199958,-0.123573685,-0.126676608,-0.21715474,-0.228856134,4.72970265739703,-0.173643001,-0.208760899,-0.247090402,-0.80905421,5.52717244389159,-0.14954416,-0.171424415,-0.205274358,-0.524446395,6.12665560021997
-0.173926649,-0.157679136,-0.34824868,-0.294454744,5.35430872262974,-0.420517637,-0.314439953,-0.14523062,-0.337230487,5.55295015882965,-0.093695268,-0.279409158,-0.154233834,-0.347087745,4.53944097786075,-0.597833962,-0.397748486,-0.321577151,0.245889489700219,5.39339461219872,-0.187262883,-0.197229607,-0.341704675,-0.34689123,5.19552600401043,-0.475713194,-0.293482747,-0.408147947,-0.215045384,5.81343062519892,-0.179030614,-0.16645477,-0.360438542,-0.312982262,5.38062608354841,-0.632411164,-0.404864508,-0.220385533,-0.05282168,5.76467368678902,-0.042815835,-0.254606191,-0.144025948,-0.451313519,4.472879538,-0.569155827,-0.368430508,-0.340523226,0.161486850772455,5.43669166556741,-0.222475792,-0.230784385,-0.335476742,-0.286034091,5.24545882714712,-0.387952899,-0.288397138,-0.318211924,-0.324855752,5.55318813868002
0.314654174469812,-0.196028194,-0.041382226,-0.899144132,5.02275635390991,-0.383740957,-0.259417502,-0.261908306,0.00338925134434848,4.83778959135545,-0.41244409,-0.224115422,-0.306090806,0.0914078510295634,5.44220740714398,-0.258955336,-0.191485618,-0.456781516,-0.081726641,4.57249699187886,-0.160010985,-0.143707264,-0.258397563,-0.541131422,4.67119406500636,-0.275993992,-0.254820462,-0.222609276,-0.292222984,4.68659349612491,0.263956785580942,-0.187727498,-0.08378701,-0.795220567,5.01262249457649,-0.477635139,-0.265646811,-0.335768906,0.145609234738089,4.96523013864505,-0.406608711,-0.215188989,-0.279530934,0.0801209613040724,5.39356284430005,-0.242077152,-0.149269275,-0.499298514,-0.117240857,4.62253871121579,-0.14652137,-0.158589366,-0.236402218,-0.536315397,4.61018877973084,-0.162014212,-0.216091541,-0.164596756,-0.49429548,4.56046432230865
-0.415955746,-0.322125636,-0.375788209,0.174568299601417,5.8978114966528,0.121191878298194,-0.159126565,-0.085272975,-1.013610611,4.44712470461588,-0.356673698,-0.182118297,-0.314872291,0.241430172557852,6.33949273397924,-0.014281548,-0.225948678,-0.220632992,-0.894280166,4.87400812959865,-0.193103984,-0.256500184,-0.273670776,-0.297854271,4.67214123696754,-0.211939305,-0.215678459,-0.13455912,-0.764235551,5.3299914605721,-0.408776933,-0.314144439,-0.39711143,0.147241736076652,6.12054675248843,0.176251445597209,-0.118054837,-0.070233489,-1.099518752,4.38022519210155,-0.289696484,-0.176400856,-0.26171763,0.120926715968824,6.17164552170798,0.0265348377063143,-0.213883415,-0.193757714,-0.952330351,4.81734689610185,-0.162994105,-0.245619102,-0.266650211,-0.33550152,4.63551531080177,-0.150931018,-0.199845141,-0.090310726,-0.889420754,5.27540977499788
-0.19044856,-0.186814476,-0.230509983,-0.483319652,6.46107752645183,-0.074806989,-0.139520542,-0.190688496,-0.18861966,6.14139024138769,-0.362533287,-0.406911191,-0.195143387,-0.196043056,5.30484440768579,-0.091624328,-0.219049499,-0.158978987,-0.600159533,5.09889691473452,-0.098256903,-0.149015014,-0.25305874,-0.475453775,5.00043352267597,-0.187009791,-0.227238079,-0.297440497,-0.313403583,4.79712701884062,-0.287097078,-0.183176046,-0.312738073,-0.406607088,6.63142613903945,-0.054228546,-0.09991356,-0.200335013,-0.239141116,6.04995933751215,-0.291908714,-0.397541582,-0.141044289,-0.38337411,5.31019835067446,-0.058991395,-0.206992711,-0.136492686,-0.661051927,5.03673950769252,-0.09999706,-0.154375714,-0.244127831,-0.473489295,5.0232599968221,-0.104377469,-0.192351253,-0.251180618,-0.434702707,4.67961377896261
-0.123147754,0.018074361435915,-0.336752278,-0.638142177,5.40551903112996,0.0383378971858866,-0.224993299,-0.1336159,-0.796822963,4.8256680854248,-0.169908849,-0.181337279,-0.247703763,-0.407589519,7.40811021560291,-0.264355978,-0.198539844,-0.244684636,-0.357647724,6.10825059013488,-0.229407767,-0.271929451,-0.228479666,-0.125780778,4.49753837078334,-0.130641061,-0.200269388,-0.236762384,-0.441502789,5.18056994435817,-0.083603527,0.0141414863728486,-0.287024465,-0.693556884,5.24719814870582,-0.031958086,-0.235283277,-0.184155106,-0.664198676,4.8597626031366,-0.081243873,-0.126883743,-0.222283993,-0.534315056,7.22741739091709,-0.272496789,-0.189103086,-0.270352884,-0.35371343,6.07882199966418,-0.24215886,-0.25154299,-0.252785454,-0.101313057,4.4598346652029,-0.052131968,-0.164410747,-0.203231081,-0.589757849,5.09042400502615
-0.454099137,-0.239462766,-0.326286791,0.212123041019151,4.80553674583038,-0.128590424,-0.223863339,-0.164744155,-0.712245281,5.68902525150786,-0.250606143,-0.141599535,-0.319963581,-0.130354082,5.12583348219846,-0.32548774,-0.250792542,-0.250674561,-0.433169507,5.23978185740977,0.126030732169785,-0.137732865,-0.0572455,-0.945869047,5.31457709912373,-0.261579408,-0.336334834,-0.19088957,-0.41459851,5.12268291641067,-0.377686293,-0.21707463,-0.312269592,0.0904419480544893,4.73931539316964,-0.136726945,-0.246108627,-0.150041106,-0.695719891,5.75876774438527,-0.219865069,-0.139602721,-0.287361951,-0.176368093,5.07657299990829,-0.362795681,-0.264760611,-0.275610423,-0.395928929,5.24525180417356,0.171598129975127,-0.104680607,-0.047864989,-1.033126995,5.26067538486092,-0.185030379,-0.30848282,-0.156400656,-0.522107192,5.03092924057396
-0.394587729,-0.347273007,-0.246223148,-0.294592238,5.88343326760855,-0.406272743,-0.284567079,-0.331796988,0.101279578626955,5.03855887784173,-0.191089171,-0.282758172,-0.158891905,-0.577412087,5.0530073583106,-0.555115529,-0.382897512,-0.13628884,-0.364732278,6.42578652442185,-0.062971475,-0.2450403,-0.08035644,-0.795328308,5.69374994058059,-0.04103233,-0.253666301,-0.18007478,-0.151082154,4.06826135085019,-0.48065472,-0.382329613,-0.291989626,-0.171080083,6.26095311989462,-0.403116448,-0.301440945,-0.313449331,0.0752693305671406,5.15180972121592,-0.104449838,-0.259692423,-0.106832068,-0.738656826,5.01776574338489,-0.477070856,-0.373211878,-0.075964614,-0.53216904,6.42276544684898,-0.078841777,-0.255799625,-0.074275513,-0.748249695,5.65253740142732,0.00394075384605431,-0.219970491,-0.179636817,-0.228582922,4.01763731574518
-0.103819923,-0.180475116,-0.309565971,-0.315994659,6.18934067651106,-0.376671128,-0.264927658,-0.29153576,0.167310697568888,4.97675895394397,-0.234412986,-0.31235666,-0.09488211,-0.72735717,5.17186475820615,-0.037768131,-0.20225248,-0.148195976,-0.903073448,4.60023134023219,-0.042254586,-0.127345059,-0.2168497,-0.482079854,5.48883116020084,-0.273691416,-0.287356183,-0.222351658,-0.343639847,6.15857699474444,-0.065384066,-0.126938533,-0.32501101,-0.374289584,6.18461629042123,-0.43070403,-0.309839584,-0.293439068,0.279836005089757,5.03058338441067,-0.204575426,-0.296847412,-0.087097053,-0.795626295,5.18291811748723,-0.010567317,-0.197999454,-0.129601542,-0.933725875,4.55120904788125,-0.039009327,-0.123323164,-0.205906768,-0.50553877,5.34758545197404,-0.138933581,-0.217223729,-0.169372899,-0.570067548,5.80718377924948
-0.289106248,-0.162553657,-0.130486159,-0.174129883,4.99206187356827,-0.227711068,-0.344734785,-0.088763943,-0.243574806,5.19291448163525,-0.755557163,-0.346797354,-0.345560585,0.443488831847713,4.47849756394846,-0.309674886,-0.337531243,-0.232631188,-0.24729825,5.79361258248324,-0.226255788,-0.193433681,-0.301253642,-0.39795273,4.85502651287213,-0.136854292,-0.221920048,-0.188950745,-0.333160455,4.86770798754923,-0.2743181,-0.099237175,-0.145142497,-0.195376718,4.92210163977611,-0.273308177,-0.387005439,-0.079808731,-0.215886394,5.48671393494982,-0.732994883,-0.331073956,-0.308908524,0.419086700216934,4.45084117794843,-0.355910785,-0.355973287,-0.255529645,-0.157651346,6.08199683758239,-0.290178951,-0.213052014,-0.365360306,-0.323552116,4.94816424761699,-0.110972451,-0.207134425,-0.176000081,-0.388263488,4.86104040834196
-0.189589832,-0.176056668,-0.261828415,-0.261265107,5.92159003829605,-0.627301034,-0.287727823,-0.273902566,0.0495956487213728,7.20523558691951,-0.347920748,-0.212656682,-0.299539355,-0.177859062,4.68801199936094,-0.144280583,-0.201313303,-0.258109249,-0.485161451,4.64813313033534,-0.329964692,-0.289090746,-0.225927856,-0.177410061,5.24601308067227,-0.383136217,-0.328153842,-0.126614951,-0.215742399,5.18778140546027,-0.155167722,-0.158803445,-0.242684194,-0.302740673,5.8405819620982,-0.57561043,-0.286188843,-0.212351491,-0.040937678,7.07278291954434,-0.17979941,-0.107449016,-0.243542729,-0.445770975,4.47839748302698,-0.129724572,-0.187437546,-0.256630768,-0.490741677,4.63072028648474,-0.394783999,-0.321340037,-0.236784388,-0.054269538,5.37672668064705,-0.310963898,-0.288482187,-0.090308572,-0.357503818,5.07218129151813
-0.649169354,-0.190348692,-0.466848066,-0.397985319,7.97407203484583,-0.197174386,-0.390167715,-0.132590545,-0.710195624,4.67035887416517,-0.101444958,-0.367128602,-0.068230547,-0.385172674,5.58207684530868,-0.399709429,-0.232508457,-0.293047933,-0.356739489,4.95734064583388,-0.311695498,-0.286983641,-0.281113983,-0.107794634,4.85699125448225,-0.246776673,-0.187233092,-0.269684394,-0.301794009,5.34346443318958,-0.554597985,-0.134726449,-0.437857069,-0.510824429,7.73263699095415,-0.234341431,-0.456134557,-0.101679696,-0.661357133,4.73603749521959,-0.070039533,-0.353105786,-0.041378798,-0.43403751,5.63346893663235,-0.393807924,-0.223457847,-0.301182308,-0.372756619,4.95538274879001,-0.242180945,-0.268733458,-0.247916513,-0.194186854,4.69321218068089,-0.176598991,-0.154619954,-0.236529255,-0.435237474,5.24283699945317
0.346672554849583,-0.040915686,-0.119962834,-0.983599031,4.50628961419101,0.0106474105155476,-0.405171282,-0.084844493,-0.51640636,4.65411831099078,-0.026619566,-0.17304558,-0.228969636,-0.137000126,3.75733404436178,-0.140365774,-0.234295823,-0.202880324,-0.504688756,4.69506971796705,-0.629171839,-0.350946992,-0.330522206,0.251750740056571,5.17718178700597,-0.190211884,-0.158179524,-0.369982687,-0.503098011,4.7745766951589,0.361189426569555,-0.024629348,-0.140879844,-0.997903463,4.52562488463194,-0.29546274,-0.539589719,-0.230801139,-0.026835407,4.96780286135086,0.0935374659582587,-0.09002769,-0.193254328,-0.335453776,3.65351902205636,-0.108053599,-0.235097269,-0.161354984,-0.551715283,4.64279533551678,-0.581013028,-0.336132441,-0.304897269,0.201109311893857,5.11119551147336,-0.18586043,-0.159810126,-0.352079814,-0.532440322,4.80971642206736
-0.107513173,-0.253698985,-0.183742756,-0.216305137,4.03199218133673,0.0636613877887118,-0.10332706,-0.110113053,-0.994409328,5.24502257835163,-0.080262231,-0.249987577,-0.167327773,-0.197551203,4.27753016096409,-0.504142275,-0.321876353,-0.210059316,0.254580555927723,4.880274781,-0.281476909,-0.229200254,-0.222136747,-0.150267207,5.91570266020635,-0.412562315,-0.320522806,-0.281052525,-0.178438578,5.35792277750488,0.0201108762887607,-0.212330501,-0.121656139,-0.437544596,3.9156658945485,0.0325482078969982,-0.14231894,-0.090705751,-0.950408784,5.25773424958356,-0.045432796,-0.260921919,-0.127214775,-0.25777712,4.25170226871148,-0.555611043,-0.334238364,-0.235527052,0.326160165170031,4.92124710209907,-0.314749493,-0.251516848,-0.225023639,-0.114218855,5.95703510154493,-0.378339284,-0.297949964,-0.268399123,-0.243940745,5.2357133586612
-0.307052099,-0.279396131,-0.205324962,-0.491038734,5.21283641869552,-0.306842739,-0.228993585,-0.305344926,-0.404213926,4.55682750135077,-0.065298087,-0.203617446,-0.122690473,-0.438354484,4.66383705244065,-0.576197239,-0.388727526,-0.414044995,0.486353970894958,5.37852284219373,-0.28424151,-0.325862167,-0.148285748,-0.347792222,5.47563778457979,-0.382362124,-0.167993937,-0.383591462,-0.143580295,4.25744977789018,-0.155727825,-0.218898852,-0.137569014,-0.76514998,5.08074766999339,-0.234254835,-0.168244846,-0.304475154,-0.542073162,4.46441300096342,0.0053070963254055,-0.177609962,-0.09368473,-0.571968437,4.62089092495138,-0.603500383,-0.425011396,-0.408738316,0.529453386425006,5.5313632596542,-0.341887297,-0.331461667,-0.194044295,-0.252830472,5.51933451564656,-0.282263866,-0.119407458,-0.34711726,-0.312914164,4.16594026862116
-0.568842054,-0.322659732,-0.353635663,-0.204432492,6.10222044188035,-0.52941348,-0.429060451,-0.200164423,-0.27327358,5.42516622184918,-0.632272919,-0.462897708,-0.395681263,0.141411111002061,7.79712059762509,-0.266668191,-0.278761842,-0.251251811,-0.312861564,5.61109212534607,-0.298616433,-0.287304376,-0.323059324,-0.052565969,5.29116568776538,-0.118766842,-0.227286761,-0.22219285,-0.592173312,4.74574778618413,-0.782088543,-0.49119894,-0.356336258,0.0902124190255817,6.42160394636247,-0.485317154,-0.425739067,-0.155255406,-0.327280016,5.52378553278554,-0.625028625,-0.431057811,-0.411675837,0.0907252585983782,7.70429603850809,-0.269820968,-0.288231534,-0.256036286,-0.332654886,5.61100220824613,-0.313591337,-0.297552878,-0.328104631,-0.050303636,5.30590836573074,-0.062600019,-0.203823609,-0.193285955,-0.695860978,4.67454910404141
-0.0836883,-0.249359054,-0.119931864,-0.703247113,4.92274757621247,-0.251573544,-0.097744552,-0.398960089,-0.267141305,4.04412338027985,-0.267567012,-0.257063483,-0.217981411,-0.520323192,5.29588835504224,-0.160332465,-0.259940772,-0.151559529,-0.467312713,5.7094719363063,-0.424240879,-0.314051124,-0.219164795,-0.081526101,5.2014901292598,-0.252635914,-0.300215341,-0.1614556,-0.289313309,6.12995928708275,-0.095461509,-0.237135816,-0.139248639,-0.686019933,4.96649963957876,-0.339173094,-0.095535925,-0.44747025,-0.18538251,4.22003419035069,-0.254518666,-0.236888301,-0.220488615,-0.576561539,5.30654772918825,-0.208502287,-0.30812249,-0.136596661,-0.410356015,5.77952963502576,-0.382488163,-0.302311239,-0.183785481,-0.142695371,5.09699069902797,-0.182546679,-0.260396656,-0.117929261,-0.415085071,6.00014965636146
-0.245718022,-0.399743635,-0.209555219,0.0864911348656747,5.14983182436404,-0.787386704,-0.518392441,-0.454407264,0.742619904344412,5.42271180717857,-0.047847869,-0.270811796,-0.038993176,-0.530782716,5.03385528534293,-0.258788227,-0.20303618,-0.326198565,-0.638499577,4.76530502823383,-0.458242365,-0.373529488,-0.231561962,-0.155449067,6.09543428641381,-0.060880712,-0.198995854,-0.214848023,-0.489293148,4.81563643391895,-0.354200326,-0.487412081,-0.22962973,0.291078159983234,5.34328036785902,-1.738728741,-1.011341962,-0.628200337,2.01196801695627,7.0255458764629,0.1026967459534,-0.213565896,0.0253660829275565,-0.818847484,4.99638807943727,-0.295866502,-0.197399905,-0.360162036,-0.57735256,4.86430049395186,-0.371215166,-0.355780094,-0.166508756,-0.313221446,5.92526291454106,-0.003078704,-0.158764772,-0.193511862,-0.603523221,4.7497980161568
-0.244476449,-0.019912112,-0.37833942,0.350796448127362,3.80890426,-0.442005325,-0.244531177,-0.269865733,-0.22802773,5.91413954125158,-0.576602384,-0.358279913,-0.30119005,0.0884192588212542,4.69682708984032,-0.391295311,-0.307347129,-0.361990556,-0.038472497,4.79796714856878,0.0242846068400556,-0.160630291,-0.133706346,-0.435426984,4.98492870933985,-0.196323124,-0.300563174,-0.257622966,-0.264640882,5.26804069294678,-0.317988943,0.00284276325204543,-0.433043037,0.437295408494528,3.85556130520315,-0.457525949,-0.260600676,-0.266309459,-0.203506397,5.93395914965592,-0.420368055,-0.284192791,-0.249623493,-0.166389042,4.55386821049281,-0.414283404,-0.298795804,-0.388215532,-0.035827963,4.84570509250682,-0.029114519,-0.165006314,-0.166401854,-0.34321329,5.09094607797691,-0.065075395,-0.242260398,-0.198198703,-0.487083692,5.03017753485273
-0.307096081,-0.422206636,-0.185214015,-0.39206119,5.88652473164337,-0.001993128,-0.262773183,-0.049920704,-0.851240822,4.04651213895265,-0.074672193,-0.219178125,-0.278693146,-0.540998058,4.44185697763669,-0.078130755,-0.137073111,-0.272987143,-0.259078757,4.38475752959855,-0.600364362,-0.31483698,-0.340512618,0.13281332853571,5.22646223700576,-0.276756612,-0.169796843,-0.318630838,-0.468279643,7.16435599172195,-0.372570234,-0.408862824,-0.25187174,-0.227549708,5.81180690507663,0.0322498561367148,-0.1596556,-0.085316186,-0.888201361,3.89912360145104,0.0233389293857291,-0.149869463,-0.262001388,-0.714203784,4.31875732032038,-0.111446301,-0.165179937,-0.270302474,-0.198837995,4.43187484113294,-0.546066776,-0.286795721,-0.31254618,0.0283016482649222,5.11494285904456,-0.183630098,-0.149780725,-0.268688483,-0.597523079,6.88477005138125
-0.193262078,-0.339059597,-0.118804574,-0.651065704,7.28968411068919,-0.814480053,-0.575751321,-0.231685886,0.512699584921077,4.56094210580458,-0.026525081,-0.182431576,-0.189320894,-0.220655882,3.74385235981942,-0.28368939,-0.184351057,-0.311396664,-0.308707349,6.02717691238157,-0.557260805,-0.388537974,-0.296145265,-0.079250211,6.55083825778908,-0.139127376,-0.185655661,-0.209504307,-0.410142358,4.64163418671352,-0.164896824,-0.356474048,-0.087486961,-0.712046814,7.10991659096437,-0.805429915,-0.718462607,-0.049946692,0.284423956623739,4.82671819789436,0.0307330455049874,-0.147145919,-0.155229154,-0.334546433,3.69573087788244,-0.249506986,-0.149122422,-0.308007056,-0.376009541,5.98905804696681,-0.65034106,-0.437921228,-0.31493049,0.089061448485832,6.75490476512114,-0.07633164,-0.155172532,-0.182112373,-0.525417884,4.56595116295995
-0.36383477,-0.326290265,-0.277180504,0.0134379799916549,7.02677384078679,-0.262571699,-0.263199427,-0.345840572,0.13492215937437,4.99847741203895,-0.655672647,-0.331118206,-0.351067585,-0.191153624,6.49578081279878,-0.378893135,-0.340935257,-0.252035041,0.00845257714896918,5.11988524561923,-0.097420957,-0.139057061,-0.225626066,-0.855068416,5.98652065217372,-0.126713558,-0.179431528,-0.196553001,-0.64906668,5.33601930345321,-0.316706421,-0.295031649,-0.269130067,-0.058753541,6.7495178805352,-0.304954753,-0.282378804,-0.377410986,0.226752293258287,5.08999871305008,-0.567953981,-0.30463471,-0.302325191,-0.299407667,6.25001481283137,-0.32179091,-0.31564639,-0.233084613,-0.070775797,4.9864142193994,0.00502619264655414,-0.072030202,-0.200001313,-1.064839978,5.87312417956737,-0.09563586,-0.159386139,-0.187655926,-0.703692348,5.3333942659561
-0.424348552,-0.223490686,-0.309474747,-0.585551093,6.03004762266977,-0.335150946,-0.383541823,-0.278041239,-0.224178218,5.85028192533565,-0.348943853,-0.305967412,-0.336561032,0.00229706629767386,4.12512923983533,-0.224500447,-0.23670087,-0.232959614,-0.388018758,4.81582176740516,-0.244698475,-0.227717496,-0.245985973,-0.191769572,5.31686608055659,-0.378951566,-0.258011905,-0.266826517,-0.159294846,4.80959271305128,-0.488833623,-0.263827075,-0.342537699,-0.47402853,6.17143931530235,-0.396120786,-0.405789398,-0.273297789,-0.199635901,6.05712013055449,-0.178592432,-0.239034042,-0.248129537,-0.268079865,3.87605079502673,-0.213810635,-0.23811424,-0.236115344,-0.399154063,4.81484527166323,-0.242097742,-0.239367528,-0.233291042,-0.203253801,5.32986761505669,-0.29634949,-0.217129952,-0.218420549,-0.296403822,4.63668667724171
-0.6426742,-0.231900162,-0.446837359,-0.653248977,8.28391425396956,-0.319932305,-0.436518461,-0.113554031,-0.513439525,4.91329155312851,-0.57720697,-0.24687908,-0.325012213,-0.149782933,5.79151555837916,-0.019152826,-0.115427057,-0.253728438,-0.5307676,5.18956482428676,-0.074429731,-0.14793237,-0.160140372,-0.536739191,4.89916984674963,-0.371795904,-0.362473614,-0.111014304,-0.149656493,6.05560706990873,-0.659971645,-0.239743953,-0.442381565,-0.518266312,8.34328373955409,-0.293774583,-0.389849674,-0.139427562,-0.508901087,4.77938179082358,-0.520295762,-0.216461084,-0.299407504,-0.26244165,5.74760517057472,0.0241072211632302,-0.092904302,-0.238018435,-0.621479099,5.11832112632597,-0.063901838,-0.143224449,-0.153276864,-0.557215048,4.89356915157197,-0.233989003,-0.301206053,-0.050555027,-0.406500282,5.84463464333431
-0.54249817,-0.262661835,-0.443582529,-0.25907126,6.79310808153206,-0.178338757,-0.192140636,-0.11727423,-0.295122747,6.18543107817961,-0.205000202,-0.452419528,-0.194602425,-0.125301252,3.49698430595602,-0.259253125,-0.392012051,-0.137399915,-0.204725033,6.24336475752044,-0.271669078,-0.303638753,-0.34258361,-0.105152043,5.14867838470748,-0.403627619,-0.294644013,-0.211962939,-0.068392338,5.30038611850198,-0.566994345,-0.254508659,-0.46024642,-0.240473133,6.8888035718841,-0.292134706,-0.24010984,-0.16757738,-0.101815086,6.26123874836992,-0.127330885,-0.383781232,-0.177278764,-0.251294701,3.37536034234192,-0.216244266,-0.366567202,-0.12515921,-0.25380849,6.14867602834117,-0.481659698,-0.408461998,-0.436072118,0.156695401794931,5.43508098612254,-0.305253874,-0.261617742,-0.150724984,-0.227417871,5.11252949443251
0.360224229987836,0.00133346825486059,-0.168738692,-0.764334387,4.8595623243772,0.0461403007915539,-0.256311775,-0.172561187,-0.845235387,5.60777012187781,-0.592457318,-0.251199021,-0.433210037,-0.145079096,6.09098914924608,-0.332769073,-0.172172735,-0.32340242,-0.213837296,4.3331385207668,-0.079693925,-0.03518927,-0.284940497,-0.439091971,5.35977167919571,-0.132377281,-0.182258659,-0.195723366,-0.360759452,5.27589333939838,0.393408418446337,0.0312624902817099,-0.171052473,-0.818659717,4.88282556777464,0.055596700214145,-0.274929295,-0.165581851,-0.871091616,5.69358653320117,-0.431882191,-0.180202151,-0.376024414,-0.403611613,5.92439359033274,-0.221076559,-0.138507458,-0.27238531,-0.415565513,4.21037591917913,-0.069058033,-0.024910296,-0.282551793,-0.448322573,5.33090725306551,-0.091977272,-0.155537198,-0.175989468,-0.449676661,5.24970522948856
-0.040142614,-0.237776273,-0.170091115,-0.439649225,5.40759238695086,-0.489034149,-0.462822312,-0.184186431,-0.382953148,7.4380603144657,0.0621919259709697,-0.152839851,-0.199707019,-0.455213004,3.56168938306352,-0.033791823,-0.169319897,-0.19459936,-0.619655441,4.50400803584359,-0.366948795,-0.327156706,-0.261620948,-0.204832296,4.78815237772897,-0.054452249,-0.201954456,-0.142433859,-0.65142908,4.09357395456055,-0.035067749,-0.268300516,-0.136952993,-0.452472931,5.49752168870462,-0.525619146,-0.464291397,-0.224414903,-0.367360061,7.38200176625031,0.127840544812623,-0.138436882,-0.1490077,-0.559035809,3.48792282332784,0.010052889207636,-0.142899703,-0.178256992,-0.691408486,4.44546099397109,-0.418334645,-0.322205907,-0.29880239,-0.178053497,4.82303216080023,0.0171636263967181,-0.156236673,-0.127416946,-0.758981996,4.01577384570223
-0.255680212,-0.19841718,-0.230507409,-0.180330186,5.89203683959038,-0.613828857,-0.395954988,-0.39469927,0.104792683978077,5.13412931411493,-0.319166244,-0.222287054,-0.248480968,0.0311719424243043,4.54485402622306,-0.307701951,-0.35047149,-0.17421984,-0.015303267,4.72954915799374,-0.285986058,-0.347677232,-0.306063182,-0.079148123,4.85024247546053,0.062471184454819,-0.203885757,-0.162528786,-0.326873241,4.96531156229927,-0.243565105,-0.207657034,-0.216096126,-0.182137015,5.7870682327887,-0.465472028,-0.3473433,-0.331020028,-0.090850898,4.75777333851562,-0.237788533,-0.183529422,-0.202901421,-0.098437139,4.44167308633549,-0.411007377,-0.385543136,-0.203640893,0.112607158610401,4.97167168667422,-0.301073318,-0.356444651,-0.318160354,-0.061835952,4.88829185685478,0.127171379072078,-0.17379648,-0.137095454,-0.428660202,4.83801111158914
-0.19912916,-0.354573322,-0.165737476,-0.193642253,4.33696967420262,-0.217874576,-0.332700448,-0.112750416,-0.219157852,4.57496652059256,-0.596122641,-0.409129652,-0.314962211,0.521982977395825,5.80323569055365,-0.17958086,-0.174324682,-0.296647176,-0.271597934,4.46323550316123,-0.287387512,-0.340392216,-0.183197802,-0.541330479,5.4993067029401,-0.18707334,-0.333042845,-0.134906052,-0.673429868,5.72783824588408,-0.191413002,-0.323417952,-0.188746023,-0.207743316,4.31246659155817,-0.256107902,-0.335785591,-0.143774809,-0.183721683,4.66596355286955,-0.518967755,-0.37713735,-0.286311289,0.421387196683612,5.51061335572266,-0.162031475,-0.187729953,-0.266405961,-0.311204113,4.45361841354947,-0.321678213,-0.341535529,-0.216316172,-0.482727068,5.59888608826691,-0.106002187,-0.287174583,-0.093472135,-0.820569989,5.63597213084846
-0.235218745,-0.333414087,-0.165203867,0.145586614742924,4.31371543236142,-0.055644417,-0.177772618,-0.086770035,-0.865572275,5.92267883642311,-0.337847275,-0.208654656,-0.32510622,-0.301452205,5.85870987020285,-0.196872854,-0.295538589,-0.211269446,-0.287157668,4.64154623878876,-0.073091396,-0.208566549,-0.232566247,-0.625646609,5.76707667543177,-0.372588524,-0.327497237,-0.302783338,-0.327776228,5.85514978925871,-0.234334081,-0.337605829,-0.153781714,0.144634750535926,4.29662816309484,-0.147573797,-0.218378789,-0.172500295,-0.638259179,6.06845154465833,-0.282627452,-0.187149117,-0.291730994,-0.414716964,5.8051448195927,-0.25341696,-0.324514459,-0.224544,-0.178525557,4.70883953881468,-0.051309536,-0.203278787,-0.225040021,-0.671289901,5.69976167192735,-0.281374466,-0.270680215,-0.278968945,-0.494306954,5.76782631339746
-0.264392768,-0.266488893,-0.239873732,-0.162061972,7.4387262200802,0.154223257072798,-0.160985766,0.118694549024565,-1.075527938,5.87850586186998,-0.031990467,-0.154342045,-0.212642576,-0.345872533,6.22298709925016,-0.166155768,-0.175437281,-0.255688291,-0.468254203,4.63572488347137,-0.308091112,-0.295958997,-0.222557656,-0.198121163,4.64320948691419,-0.25939322,-0.249952504,-0.244117834,-0.028664717,3.95666622530081,-0.29122957,-0.255590887,-0.28109681,-0.119510799,7.6595805400011,0.16113922377419,-0.163772722,0.122278594484303,-1.094669374,5.93171000451167,0.0892992323404143,-0.098353919,-0.158272738,-0.551685199,5.95969580432886,-0.176578337,-0.175093318,-0.2642658,-0.44745428,4.59299612689488,-0.287883094,-0.280480546,-0.214108931,-0.236939389,4.62476956928334,-0.143856258,-0.192133471,-0.204464902,-0.20730294,3.82046905490356
-0.299675205,-0.33876747,-0.239644181,-0.090404597,4.72728356190808,-0.145720961,-0.342394787,-0.153194529,-0.273715009,4.3744019880279,-0.211125133,-0.170140179,-0.426656706,-0.741115007,5.1540385177495,-0.252455121,-0.207994362,-0.223300012,-0.303250617,5.14015656024556,-0.190557626,-0.1458662,-0.332230999,-0.437639669,4.76260601096574,-0.285741241,-0.412175585,-0.209694037,0.192799607043188,4.51776197468491,-0.548583314,-0.501651206,-0.26512672,0.161986439089359,5.092378839,-0.117122237,-0.326893729,-0.151669271,-0.282604193,4.37751525953423,-0.151680436,-0.154230054,-0.390053416,-0.830924253,5.14439359215999,-0.296334115,-0.201846812,-0.268041188,-0.262146393,5.20169086881596,-0.153317207,-0.102279295,-0.330124356,-0.506180435,4.73978703289051,-0.19015212,-0.358663804,-0.176946624,0.030523876411623,4.37557581993572
-0.204504271,-0.179512908,-0.228010936,-0.513384704,5.05071483821389,-0.322198502,-0.317002636,-0.131161859,-0.543261302,5.03062006806101,-0.098199863,-0.23620551,-0.285375165,-0.774597847,4.87065910261758,-0.276744672,-0.239698553,-0.282705675,-0.28210321,4.8814094913502,-0.150535264,-0.206582186,-0.260993058,-0.531877287,4.84620096720484,-0.423229697,-0.382581259,-0.235543147,-0.065783092,5.35200055232953,-0.18127927,-0.155507468,-0.224085509,-0.550836903,5.04897415911551,-0.398091752,-0.349912222,-0.163672662,-0.458179607,5.20997273633625,-0.043071454,-0.217843766,-0.252087869,-0.936426963,4.83470203518376,-0.231492736,-0.232505551,-0.257146428,-0.364386704,4.85294838212617,-0.19266998,-0.213644064,-0.289373245,-0.494026082,4.87171387420241,-0.281747099,-0.27142916,-0.205071251,-0.281064487,5.01977202197221
-0.429858304,-0.36689587,-0.096110547,-0.168920957,6.40082652119548,-0.278921834,-0.215545673,-0.270807096,-0.088453988,5.15362975140317,-0.119328555,-0.334249548,-0.180211607,-0.346441448,4.36502578185544,0.0249016376823878,-0.128732983,-0.214989487,-0.529342802,4.63568852723071,-0.42902472,-0.334585362,-0.392809187,-0.03098387,5.64760940957022,-0.162954781,-0.190949412,-0.180918589,-0.615737468,4.82144737879202,-0.50951618,-0.388262449,-0.13242174,-0.081631744,6.57346199093745,-0.33355679,-0.229720852,-0.307232538,-0.025803212,5.39121407135953,-0.079368462,-0.322501721,-0.147149046,-0.428720965,4.26612132672489,0.0487383628414358,-0.128611881,-0.192891393,-0.550865389,4.59457005770031,247.290680283313,-4.705543721,-4.766649449,-166.2355533,170.613114822272,-0.102311186,-0.17043319,-0.14169264,-0.722854531,4.76128209456402
-0.035596199,-0.136719518,-0.290314759,-0.308912327,4.92940853223146,-0.334987768,-0.345593897,-0.154221087,-0.001053181,4.68023802235159,-0.235967252,-0.286137856,-0.233819739,0.0484191790899865,5.29003754782592,-0.096884521,-0.189793774,-0.260332027,-0.279397562,4.49461155947737,-0.250451303,-0.277094804,-0.257084198,-0.298053377,5.42204426333923,-0.195767103,-0.162469712,-0.14934789,-0.665932434,5.72433559268264,-0.059073975,-0.128554511,-0.322793566,-0.273059141,5.02989792724887,-0.3163583,-0.318446047,-0.159887676,-0.053179938,4.61058418908248,-0.19435134,-0.286642802,-0.189674466,-0.044124257,5.24601479531098,-0.120167098,-0.202225381,-0.266429168,-0.243902051,4.519441939,-0.344844209,-0.296847964,-0.309718781,-0.181353132,5.55586407850525,-0.142456563,-0.142891933,-0.121369218,-0.761056745,5.67009323562329
-0.384012091,-0.317666487,-0.224657966,-0.039112488,5.37831414444107,-0.291846843,-0.364340596,-0.393030256,-0.203824549,5.20465797216215,-0.560916946,-0.30124587,-0.409854899,0.0697881475357743,5.29799440325937,-0.077085461,-0.216333997,-0.227998358,-0.386028013,6.16873254443369,-0.468468867,-0.310624144,-0.311433941,0.126827551425057,5.08415461940397,-0.067868884,-0.251008617,-0.143289265,-0.248375178,4.11801174535199,-0.405278582,-0.31785317,-0.239639589,-0.003807841,5.46040119363083,-0.343031827,-0.37408838,-0.430624361,-0.226049162,5.46936741986855,-0.445567468,-0.276496436,-0.341120945,-0.096622477,4.97240850934674,-0.159118572,-0.263740007,-0.264608407,-0.260786272,6.45130203540826,-0.567416186,-0.366351762,-0.339408208,0.300503229620054,5.26181203734561,0.0551579779780273,-0.184764092,-0.111043276,-0.432489438,3.9617557705595
-0.283039545,-0.263537389,-0.231733698,0.0214288561728087,4.27889869903655,0.000774089661711448,-0.099012694,-0.109184264,-0.592307379,4.75447230080626,0.020372519130379,-0.193855382,-0.159011853,-0.466498613,4.86876804879958,-0.32009452,-0.290971288,-0.228973819,-0.226196297,6.23333991664283,-0.470121198,-0.32343819,-0.270677181,-0.076636777,5.5481044631434,-0.070841761,-0.20811273,-0.223065721,-0.260907595,4.29981651673524,-0.244352688,-0.226625823,-0.228043284,-0.076147876,4.18425208537435,-0.016450043,-0.103228218,-0.120310538,-0.562502959,4.78357898650896,0.163056375367181,-0.123197276,-0.090619138,-0.718213955,4.66523178082243,-0.374786041,-0.315696126,-0.244321716,-0.147013597,6.46042248344604,-0.463149708,-0.326129123,-0.258900179,-0.101309945,5.54762142686338,0.00200361946895529,-0.166558816,-0.184115165,-0.386641315,4.17020791612288
-0.24382752,-0.315031509,-0.214003299,0.0316517664105107,4.41584794597789,-0.168205993,-0.24475559,-0.160832937,-0.959661556,4.85080544379285,-0.34560924,-0.257184451,-0.286902529,-0.243183425,4.93775396838837,-0.328879289,-0.288694701,-0.287741359,-0.155420997,5.17621969395428,-0.235794652,-0.308132215,-0.2107598,-0.160745537,5.22010636282378,-0.417140767,-0.357456574,-0.215282116,-0.208942944,5.91914584103196,-0.276745022,-0.344915758,-0.22391757,0.0678001800083517,4.56070903507261,-0.053937025,-0.154175913,-0.176810472,-1.154162886,4.72746894454362,-0.337481498,-0.26620286,-0.254928458,-0.243054897,4.91721755727402,-0.361545809,-0.282559025,-0.320567523,-0.119731684,5.17318919477774,-0.192747519,-0.315820893,-0.170222768,-0.2597779,5.1763832626988,-0.274790847,-0.304388063,-0.139813179,-0.422298878,5.62921985862216
-0.416617829,-0.287102375,-0.436162706,-0.059469672,5.4989330617587,0.0371042363289172,-0.235176878,-0.356142281,-0.425415288,4.50588256053426,-0.084739473,-0.217762958,-0.207066324,-0.273695381,3.97089649002387,-0.231807374,-0.148932653,-0.356435473,-0.357696552,4.85174209589113,-0.30196051,-0.244467093,-0.240001109,-0.460492329,7.18030910759331,-0.31218445,-0.260957299,-0.248155373,0.0234700103111928,4.8867650942084,295.729528784025,-10.08876848,9.54751058527578,57.740004289085,19.84243722,0.0892705169057457,-0.180151397,-0.372493383,-0.650982438,4.59799525356712,-0.026685181,-0.185559893,-0.18160115,-0.392015095,3.91845561092313,-0.209924064,-0.13125145,-0.35920329,-0.402240241,4.81586135849128,-0.290235357,-0.260006178,-0.217963206,-0.467568489,7.2760294006164,-0.207102193,-0.200510739,-0.211278447,-0.151446478,4.65324321822893
-0.127498234,-0.228896627,-0.216660262,-0.705525009,6.08853897294415,-0.432904943,-0.384929137,-0.421817667,0.431438747164062,4.1548093024181,0.00822816551191926,-0.144330904,-0.100960634,-0.859493577,5.31916164772208,-0.460811695,-0.224368116,-0.435199536,0.0660955399495975,4.96845480722596,-0.213959345,-0.233889009,-0.234534171,-0.053466787,4.26474507464505,-0.272668784,-0.180660449,-0.246454922,-0.459110056,6.40423733653679,-0.214186284,-0.240750585,-0.255158569,-0.606801932,6.35355971308105,-0.446922069,-0.396904454,-0.445630804,0.441365499312563,4.17357767661732,0.00298027074590009,-0.141280607,-0.108870803,-0.849295846,5.37332221147241,-0.624560601,-0.255968741,-0.522434541,0.269796541990262,5.13768265190269,-0.210579779,-0.200208728,-0.245516534,-0.076926502,4.1815955686745,-0.189692508,-0.149519658,-0.20159917,-0.613152955,6.29361979566353
0.0638372213372718,-0.005959941,-0.199292785,-0.87991028,5.26288571109673,-0.390373006,-0.270893217,-0.227152604,-0.06589059,4.89361168539161,-0.065368655,-0.220723304,-0.155806316,-0.406942638,5.1250359907412,0.107501755941882,-0.143029949,-0.125345084,-0.608339467,5.01695500174685,-0.35599637,-0.322541935,-0.277097141,-0.126133238,5.37838636347189,-0.424237883,-0.345126552,-0.390034944,0.0770849508121304,4.98601591185998,0.0888533981870215,0.0235494728909003,-0.199661725,-0.950365969,5.27389049223573,-0.382700421,-0.268438523,-0.232919708,-0.06962331,4.89779831807514,-0.010183012,-0.193554896,-0.139285841,-0.508471256,5.04334387344823,0.187497839174382,-0.091056749,-0.106791981,-0.735646123,4.91700525696318,-0.290822812,-0.296862115,-0.24983297,-0.266574567,5.27530890375499,-0.351011294,-0.332672607,-0.345755913,-0.075552032,4.82143710249545
-0.381402425,-0.309939672,-0.338125741,0.104255721694196,4.96836749256958,-0.145588389,-0.235949534,-0.29169766,-0.530335535,5.22224294837619,0.0133580560817388,-0.184583913,-0.017071454,-0.695681293,4.31075119824084,-0.298262644,-0.296244438,-0.288017672,-0.290425,5.44181725286097,0.0548205835561695,-0.116211502,-0.173435416,-0.675725477,4.82795344500182,-0.221966182,-0.238781642,-0.225937327,-0.488638303,5.22324139571232,-0.502955697,-0.33389362,-0.376697677,0.222217471687548,5.28144751026327,-0.16807067,-0.267967821,-0.283095408,-0.495262807,5.20923944313746,0.0899547955056829,-0.123170593,0.0254243840872735,-0.825276944,4.21578125475438,-0.380662267,-0.319166304,-0.340625311,-0.187229466,5.76183293722435,0.033080383032757,-0.131959207,-0.183392733,-0.630982253,4.85535337446723,-0.163565889,-0.225773008,-0.192692578,-0.562360468,5.13907575470909
-0.078371781,-0.110400262,-0.352449875,-0.970984554,4.98889840904535,-0.483174551,-0.145637556,-0.2149162,0.0119617926854497,6.73367011940984,-0.48800687,-0.280859285,-0.174346453,-0.182099649,7.24379242591838,-0.377597855,-0.205650268,-0.269973626,-0.035539674,6.14832329304402,-0.211021089,-0.168038022,-0.269553738,-0.387652685,5.99944250003844,-0.140930092,-0.257049355,-0.170172723,-0.294990157,3.97612161874131,-0.14235513,-0.107690432,-0.392800152,-0.870531082,5.16438828309282,-0.266936882,-0.122694408,-0.16233213,-0.425338773,7.39250345994668,-0.432476677,-0.245505541,-0.141372986,-0.312314911,7.1027312546981,-0.414466664,-0.203268847,-0.280980721,0.0256063069365906,6.19368027528716,-0.166795956,-0.152281156,-0.248798059,-0.493560551,5.9009800281614,0.0324636027461457,-0.180758103,-0.098210689,-0.57438399,3.75661950313733
-0.386495457,-0.368466064,-0.357654608,-0.183865492,6.22555214778546,-0.561839868,-0.201792312,-0.375200523,0.169011556505144,6.14636696067987,-0.743685096,-0.373591566,-0.318890847,0.268023259543262,5.98378860252618,-0.369764059,-0.232121878,-0.318446917,-0.461994817,5.69351793123708,-0.239983365,-0.290640467,-0.2199706,-0.24163223,6.29889413793972,-0.180485652,-0.326332113,-0.192385264,-0.023963996,4.31263230700841,-0.539832275,-0.41005593,-0.447185503,-0.002193669,6.88129338346667,-0.681244925,-0.222375863,-0.42528719,0.321131287084919,6.45228738253222,-0.634007635,-0.341011203,-0.262380854,0.0651136130470137,5.87756082812765,-0.358530593,-0.230335212,-0.297334624,-0.466747327,5.69676591396781,-0.281680752,-0.320968115,-0.230602045,-0.171371421,6.44884922469431,-0.082234278,-0.289867396,-0.14887197,-0.204552607,4.1657037754246
-0.132201575,-0.326497458,-0.155567428,-0.356388485,4.770361914,-0.364466299,-0.271863314,-0.359535059,-0.159759927,5.04512704076792,-0.255590543,-0.081296373,-0.296725394,-0.769958599,5.2306664037728,-0.296118337,-0.431915756,-0.21565621,-0.380393773,6.07548534395747,-0.373889669,-0.267946049,-0.316504869,0.111189564899728,5.57730588368741,-0.170121205,-0.342902127,-0.258241647,-0.365139661,4.63865092328907,-0.132216453,-0.330339234,-0.140456683,-0.336981823,4.67362589987943,-0.476971491,-0.297273846,-0.431148325,-0.058948738,5.46019528650346,-0.163251249,-0.025094763,-0.247396666,-0.933161617,5.10729163960732,-0.314030843,-0.495296794,-0.175840657,-0.319086267,6.32991101910119,-0.325758594,-0.204118184,-0.334980114,0.0498867483271981,5.48543650551278,-0.092985231,-0.315061962,-0.225314374,-0.483055731,4.54940255057407
-0.544771133,-0.211232613,-0.333539532,-0.067402019,5.83994631343986,-0.650072895,-0.584478202,-0.373914976,0.283808407989553,6.03203766379519,-0.323496047,-0.248496621,-0.244911692,-0.132269013,4.57903682351506,-0.362504687,-0.245791404,-0.317554094,-0.228688178,5.57935291690569,-0.092507818,-0.096686648,-0.234481966,-0.50655417,5.19925287502956,0.00611563032188216,-0.2589358,-0.077979433,-0.536103956,4.07446218738597,-0.548575184,-0.155765874,-0.408986197,-0.099932381,5.84413910737125,4.1075711149843,-8.674961434,3.6345858480715,35.7256462445952,169.650865906651,-0.238552602,-0.196196138,-0.202694149,-0.26517202,4.42066682202978,-0.434432482,-0.254754214,-0.384397491,-0.119577844,5.73167194025365,-0.045575531,-0.069216449,-0.219662745,-0.594791872,5.12511336916595,0.0451585050805777,-0.232458564,-0.059325048,-0.607491494,4.03331384638873
-0.389624342,-0.551123954,-0.272849829,-0.009450523,5.51061563894176,-0.208361276,-0.156895461,-0.177364972,-0.224378936,4.45406944026076,-0.196747349,-0.271159344,-0.036634718,-0.705642147,6.52496488676792,-0.255703928,-0.23551966,-0.348046107,-0.208742448,6.01527700942107,-0.257779563,-0.23414156,-0.229817786,-0.532863449,5.59709320565723,-0.476388511,-0.371011968,-0.390599818,-0.007239695,5.31050314571105,-0.342551373,-0.542477512,-0.249575338,-0.052924798,5.45151276517544,-0.252877379,-0.173631264,-0.20207117,-0.157816492,4.47964948925338,-0.124679851,-0.235752039,-0.00534287,-0.840587318,6.45735865864376,-0.268823737,-0.230840647,-0.371097575,-0.213158999,6.24471031358152,-0.223970813,-0.209591864,-0.231657347,-0.587141474,5.52839853388998,-0.416075107,-0.312337439,-0.371584601,-0.094946586,5.15634866471942
0.304899447992674,-0.218166312,0.0698701416935738,-1.742580443,5.55261122826048,-0.735318187,-0.334898811,-0.557852153,0.577933686082179,6.23112205278339,0.143234571903176,-0.155271746,-0.237271757,-0.747019301,5.30753153966442,-0.353652293,-0.396706887,-0.127060504,-0.218760612,5.55878234858271,-0.211027698,-0.243482023,-0.252655233,-0.252249835,5.30185647682889,-0.252084147,-0.220135768,-0.224856052,-0.232031538,5.33660271853488,0.279375858217891,-0.231554715,0.0750367711248109,-1.702398898,5.57548475315784,-1.018273316,-0.389410248,-0.658066087,0.979266296841538,6.91349693529117,0.215243437379111,-0.130199146,-0.191995139,-0.860075409,5.17768861181454,-0.384895863,-0.422528689,-0.131362633,-0.20211658,5.70748376961765,-0.189593262,-0.225685279,-0.257734945,-0.290652457,5.25587660282622,-0.161917395,-0.187203034,-0.17569876,-0.416112631,5.21766113231491
-0.306930137,-0.137991293,-0.286238285,-0.193570671,5.40345546221045,-0.553038652,-0.532291136,-0.277076542,0.0310844227367008,5.65344105240956,-0.234246413,-0.254537732,-0.260265457,-0.400088146,5.56387019468966,-0.219951919,-0.192662691,-0.226399395,-0.279043635,5.01287631727836,-0.583738568,-0.423151143,-0.391129255,0.0929447935760403,5.85526959669356,-0.120145241,-0.27692674,-0.19646503,-0.326905706,4.76916325573256,-0.237694339,-0.100119313,-0.256711891,-0.313987854,5.27449269652397,-0.397839802,-0.470164753,-0.215509911,-0.161496357,5.27178753574219,-0.196604968,-0.241865569,-0.22907636,-0.47617476,5.44842114651946,-0.163479596,-0.18652808,-0.181489929,-0.376153387,4.89989197554437,-0.655891591,-0.441855237,-0.418370097,0.145498818485162,5.85048700696013,-0.022535799,-0.254201525,-0.138541054,-0.510793568,4.68006278489164
-0.271408392,-0.293792183,-0.385180641,-0.089132045,5.94805488902964,-0.354285178,-0.28448595,-0.292245683,0.124348525523377,5.0227851834172,-0.782600582,-0.450440281,-0.349696583,0.502060849001403,5.27058201680704,-0.359581916,-0.27120585,-0.275776935,-0.38708849,6.50373813692069,-0.15524138,-0.336688959,-0.152926059,-0.651816228,5.58038364661312,-0.262423552,-0.261997214,-0.236251139,-0.367139725,4.8792416533126,-0.387855392,-0.34555281,-0.457775746,0.0724084906350537,6.42633565665035,-0.34393481,-0.299716095,-0.278305162,0.0933201544987926,5.06879008640919,-0.541372053,-0.348209081,-0.264960218,0.15736218124553,4.89605427372221,-0.352546036,-0.256004266,-0.273809888,-0.391800851,6.44506873293245,-0.230483154,-0.380904734,-0.168167426,-0.532314542,5.68018384039012,-0.220827358,-0.244476658,-0.212236646,-0.446887513,4.82684676168005
-0.753152827,-0.402620025,-0.506279186,0.477219716499499,5.19875171035021,-0.778255003,-0.563885385,-0.292836117,0.687665607019335,7.06867707037269,-0.266427377,-0.177981069,-0.263990225,-0.441822892,6.09119599138769,-0.203398399,-0.278757297,-0.223990324,-0.30173995,3.90935896302212,-0.283559663,-0.320018074,-0.261831976,-0.111439607,5.43363614951059,-0.229658856,-0.238930755,-0.232692833,-0.252280282,4.84642016025181,-10.14103982,-0.966920567,-5.347045319,12.1184040074474,8.7969057480548,-0.941821378,-0.681744261,-0.332664384,0.93494554263829,7.75448119758791,-0.224659155,-0.157595686,-0.222099365,-0.56645715,5.98562318992543,-0.12586888,-0.260461095,-0.179666573,-0.410270527,3.80614001,-0.301530695,-0.354827233,-0.245798063,-0.041088334,5.47305857559837,-0.215715386,-0.222344549,-0.229402964,-0.291472214,4.87881969645014
-0.300709389,-0.365377974,-0.208186083,-0.329862793,6.77001039471979,-0.241407949,-0.163220842,-0.339291383,0.130388844730422,3.74651688743128,-0.300899255,-0.173892348,-0.301385872,-0.508859052,5.19598647522885,-0.328153035,-0.259478797,-0.322020731,-0.051510238,4.92382621039556,-0.022828819,-0.169992058,-0.224533027,-0.524744395,4.80045043860606,-0.09886507,-0.211184539,-0.187472953,-0.290470648,4.80620031836834,-0.276595694,-0.327711238,-0.209373394,-0.355345804,6.72075235667809,-0.248171561,-0.161201686,-0.357284502,0.134910071301833,3.80363547316023,-0.295129769,-0.149554784,-0.30409554,-0.534542646,5.24232195103127,-0.381043743,-0.261119465,-0.356135535,0.0174555306101993,5.0208725263535,-0.033410536,-0.172387207,-0.221665977,-0.504272845,4.77817672037547,-0.044995947,-0.175110013,-0.168665139,-0.390958553,4.69496292053832
-0.352056638,-0.431250183,-0.166379166,-0.083119329,7.68066727414239,-0.370586542,-0.276344863,-0.297738682,-0.680603867,6.07408147910056,-0.184660968,-0.20814878,-0.197501986,-0.48662209,4.99999289643329,-0.274450434,-0.222347536,-0.25978303,-0.17488627,5.47557293121006,-0.206238511,-0.206617803,-0.268182495,-0.502233795,5.12681575525535,-0.541790489,-0.243167155,-0.361651481,-0.027258065,5.47953943583035,-0.321203493,-0.423682079,-0.124326286,-0.10025999,7.43231459031662,-0.365262552,-0.252706058,-0.297570789,-0.738552779,6.00953471881459,-0.144926205,-0.207009363,-0.140065328,-0.588315044,4.95573405003481,-0.299785043,-0.248452353,-0.273067474,-0.122516003,5.48615293031252,-0.247872588,-0.222731506,-0.289001917,-0.451340374,5.19703857657859,-0.537364009,-0.225356787,-0.35870509,-0.028829506,5.46747830787942
-0.029899098,-0.155833785,-0.293963928,-0.352888878,4.40023905252834,-0.1563065,-0.33372966,-0.119567766,-0.239126792,4.64951370053024,-0.313042006,-0.135552706,-0.260844253,-0.275397994,5.89068909003873,-0.247205624,-0.25654511,-0.279711786,-0.142570612,5.53318867876612,-0.306335342,-0.185545207,-0.249421085,-0.379178492,5.6202816675299,-0.239004934,-0.237276334,-0.216212028,-0.547192714,4.62755376898169,-0.038286969,-0.156820765,-0.306441625,-0.336279807,4.43388975684982,-0.121639672,-0.366113635,-0.076033519,-0.278440724,4.7337609092005,-0.284456553,-0.118887098,-0.24455462,-0.317683279,5.831757165,-0.32231532,-0.308989478,-0.312036582,-0.019223851,5.65167715621004,-0.205234383,-0.138642596,-0.204826281,-0.531773675,5.41619196326567,-0.172286248,-0.200016405,-0.193755017,-0.627952767,4.56218483203952
-0.380598979,-0.387693604,-0.317523676,-0.006860652,5.79565301092281,-0.091718334,-0.050340552,-0.291456688,-0.946396551,5.18741607253852,-0.572934835,-0.20684196,-0.483186968,0.466362309921727,5.93558156307372,-0.173269713,-0.212622556,-0.208256302,-0.116861729,4.20171827037393,-0.337383106,-0.339002979,-0.221655253,-0.122948099,4.90406416199616,-0.224347289,-0.184111225,-0.124725138,-0.483781554,5.92485614457654,-0.57211507,-0.450777213,-0.414560266,0.173223068954056,6.02986838908455,-0.045867894,-0.024380159,-0.273513824,-1.032666375,5.11958087454737,-0.451773265,-0.168403853,-0.401080085,0.251965025914584,5.59627682104517,-0.228290286,-0.221716491,-0.237285623,-0.000724597,4.1904976987595,-0.306854109,-0.327837456,-0.209009883,-0.152963037,4.86779698248876,-0.155583483,-0.152804019,-0.093011725,-0.613490069,5.87352793247039
-0.429019395,-0.398807281,-0.223628404,0.624208153593187,4.38114537289042,-0.092075681,-0.316972931,-0.129517892,-0.57909105,4.75061655098294,-0.465328467,-0.271265401,-0.305501467,-0.07915315,6.46874663744898,-0.441568228,-0.277803681,-0.31663625,0.277028691336476,5.25792615026711,-0.430216612,-0.302683679,-0.32762116,0.0669388729565473,4.51756852106369,-0.535910333,-0.287549804,-0.418939672,0.113475762654755,5.58031450094531,-0.490441392,-0.477337339,-0.204033277,0.639965802171811,4.67067780649462,-0.124125018,-0.315782829,-0.153927431,-0.567239036,4.8303365522416,-0.403155496,-0.211219992,-0.29489095,-0.210628459,6.31887501233249,-0.427985799,-0.279554831,-0.302873643,0.256581815901925,5.26114682815428,-0.532527541,-0.355196656,-0.380867353,0.209429941832642,4.57329629654744,-0.452266724,-0.279248691,-0.343802015,-0.067515321,5.45731227407816
-0.044858269,-0.072575679,-0.357141274,-0.302317059,6.63834647319596,-0.411337372,-0.380183199,-0.343424879,0.31889209279812,5.95265084385827,-0.303201185,-0.18740897,-0.346910085,-0.751405443,6.128900905,-0.19018941,-0.237138346,-0.215409373,-0.593487225,5.22592312454696,-0.418394783,-0.290792518,-0.408030256,-0.355030791,4.94827076681792,-0.415004849,-0.339155508,-0.190186719,-0.078351138,5.5129423183398,-0.052511701,-0.061080033,-0.369501136,-0.238309415,6.48413297400165,-0.3845465,-0.336235686,-0.355738933,0.28638810941755,5.63364798309844,-0.217395887,-0.198952638,-0.293438745,-0.815823739,5.95182012367183,-0.233719212,-0.27565836,-0.199544167,-0.552187306,5.31974653580164,-0.495235874,-0.361009996,-0.451411622,-0.210623917,5.03949275707413,-0.392400333,-0.352896328,-0.127906703,-0.154782378,5.55256088131504
-0.185855264,-0.168334433,-0.267983664,-0.489171067,6.34006134279515,-0.186063017,-0.251904643,-0.35774043,-0.376149418,5.77773954297112,-0.071494447,-0.223090107,-0.184293208,-0.437857379,7.8587017427356,-0.200633329,-0.323355971,-0.242398012,-0.035424189,4.83859371119399,-0.087313821,-0.253864167,-0.154304586,-0.420262171,5.04440619166763,-0.280838998,-0.308361714,-0.295720803,-0.070331877,4.82606242890273,-0.225805524,-0.225859928,-0.237228527,-0.403513562,6.35068306607012,-0.230309879,-0.322288804,-0.374100387,-0.265723733,5.98291397479423,-0.023945875,-0.205949103,-0.145083688,-0.507606803,7.69083583807348,-0.168831299,-0.339508305,-0.191971387,-0.101089249,4.74488962011392,-0.003184425,-0.202961098,-0.118800109,-0.552287699,4.91580911161757,-0.205125733,-0.242554541,-0.266646862,-0.227738851,4.64520396949567
-0.252415974,-0.29508877,-0.223465415,-0.289957968,4.04445027179275,-0.198466371,-0.177419648,-0.234760409,-0.329603933,5.27549017505814,-0.166578242,-0.082274116,-0.312420141,-0.153868429,5.34224846209524,-0.169891829,-0.188877102,-0.261544706,-0.320353525,5.23361640578731,-0.11054345,-0.235772194,-0.275602857,-0.279917803,4.91847126124713,-0.353475289,-0.216597131,-0.255604316,0.00664706821141354,5.18461264275855,-0.269952324,-0.335246004,-0.189701012,-0.275084826,4.13469349871414,-0.197224147,-0.178238401,-0.244709143,-0.325477585,5.26538296684891,-0.147237067,-0.066528153,-0.279371001,-0.20460748,5.32985746981262,-0.216214409,-0.171216292,-0.31752956,-0.276704213,5.35313241405095,-0.157485542,-0.250039991,-0.295888554,-0.195507301,5.06603936029052,-0.219395607,-0.137697246,-0.227488096,-0.222305342,5.0191067197547
-0.711328323,-0.41650905,-0.328746571,0.323274049066686,7.12316259851626,-0.059203209,-0.256178791,-0.125635945,-0.440987925,4.42074207989419,-0.304353153,-0.316579352,-0.16869903,-0.270171929,4.21544879200573,-0.30325084,-0.283645493,-0.351740384,-0.155699409,5.66610918495183,-0.361983666,-0.313868935,-0.276913042,-0.131880206,5.53903965864147,-0.229281619,-0.17331041,-0.263518989,-0.246285545,5.08377235461156,-0.871681793,-0.497756729,-0.339856313,0.573803260091862,7.33535176313373,-0.063358122,-0.260613507,-0.125152531,-0.43292982,4.36686114780914,-0.195707042,-0.254786894,-0.150881673,-0.449117935,4.07658182432583,-0.256972235,-0.244548482,-0.357682323,-0.231683397,5.68039265505073,-0.313114049,-0.273379651,-0.27760378,-0.209162172,5.39747484415117,-0.146528809,-0.13641116,-0.224651612,-0.390234014,4.98571163526199
-0.570268035,-0.381690689,-0.283704618,-0.171970419,6.26435838771488,-0.1929339,-0.208294692,-0.245249433,-0.215831404,4.20418220878896,-0.189837804,-0.093632601,-0.246597316,-0.430339639,5.34188954670952,-0.353431602,-0.318937119,-0.265885614,-0.051694479,5.48271206702062,-0.38440932,-0.330153416,-0.207542471,0.0562617274646177,5.7820545591395,-0.357778937,-0.257485892,-0.345957435,-0.112272715,4.55406911029463,-0.530540386,-0.365096742,-0.285185102,-0.2228453,6.2054014233613,-0.210141562,-0.223061549,-0.24720934,-0.188525944,4.19518153841327,-0.124407018,-0.103016517,-0.170025151,-0.594361403,5.24971221785373,-0.380814629,-0.293500706,-0.318137922,-0.016522101,5.52143451010627,-0.428993948,-0.347890192,-0.213871186,0.118337965732747,5.87578158053889,-0.25355907,-0.195104258,-0.309765209,-0.294705022,4.43743945673679
-0.36985497,-0.340044515,-0.222885454,-0.001975336,5.06960614739252,-0.262116897,-0.230343806,-0.420849838,-0.105337205,4.20120117844082,-0.096268895,-0.236482643,-0.111736818,-0.564233099,5.08430059125836,-0.331545081,-0.277554597,-0.300946207,-0.219144612,5.46454135000675,-0.577534309,-0.278736388,-0.33174862,0.328688351320412,5.0784719662801,-0.193976034,-0.319183047,-0.132688059,-0.137000238,6.15758775365394,-0.369477475,-0.331656744,-0.237992891,-0.027622108,5.10149432896942,-0.266660111,-0.25832616,-0.396608203,-0.058418286,4.16337003039021,-0.023195565,-0.176824404,-0.096268044,-0.702366703,4.98220408342107,-0.434214322,-0.332109325,-0.299359908,-0.087404288,5.58987533532525,-0.591478343,-0.283722847,-0.330800113,0.357896538666312,5.00420087962827,-0.116492936,-0.271140221,-0.107768186,-0.250148287,5.96854301448775
-0.268197422,-0.344477903,-0.15993721,-0.241738616,5.79452664976781,-0.415200315,-0.278904302,-0.186253819,0.210658813867362,4.91920040788624,-0.116143626,-0.241901597,-0.133071066,-0.25003229,3.75068245506012,-0.284887561,-0.05628095,-0.449365152,-0.176733116,5.78322457073143,-0.288669318,-0.169596041,-0.27311676,-0.122934555,4.2324196157087,-0.449745943,-0.308068094,-0.295751713,0.0541223185586909,5.07968353186065,-0.278335431,-0.379982127,-0.144255283,-0.246793076,5.97885299642318,-0.302527083,-0.252653026,-0.094738066,0.0232332960732273,4.77741167715567,-0.040016012,-0.210421213,-0.092066099,-0.385598522,3.680096133,-0.259909856,-0.018331445,-0.457138935,-0.228497093,5.94404954856698,-0.26288509,-0.140420793,-0.267237645,-0.144139322,4.1675225322908,-0.336809508,-0.251356892,-0.25664107,-0.153304202,4.92494431077228
-0.249700737,-0.242945452,-0.226357291,-0.435432551,4.33646472339168,-0.524299597,-0.403505574,-0.272817917,-0.083095474,6.96635613657246,-0.43614946,-0.368888323,-0.19509382,-0.113332891,5.4865713494223,-0.275803176,-0.107374279,-0.242206961,-0.198224319,4.45063427829893,-0.433803797,-0.339476613,-0.282069806,-0.119882439,4.81099568453361,-0.31129633,-0.356936316,-0.299143265,0.0613348483661905,4.39678812218725,-0.196810114,-0.221827184,-0.20571241,-0.520296981,4.33400711516595,-0.573318442,-0.427462655,-0.286007592,-0.042005586,7.07519043789107,-0.347128116,-0.315078381,-0.148613267,-0.313676631,5.33638618162711,-0.331265028,-0.141549501,-0.262129445,-0.103055779,4.50277883254409,-0.408988685,-0.302327272,-0.310774652,-0.136875755,4.77881510844588,-0.212030211,-0.307869901,-0.250408837,-0.080026761,4.21876017766915
-0.341596101,-0.285138753,-0.20806158,0.0926150382115645,6.11861132591074,0.0167638344167563,-0.131525898,-0.16125445,-0.474022766,5.50912914,-0.360672147,-0.220237519,-0.311938809,-0.157788454,6.18690004161232,-0.146277863,-0.142154765,-0.264306476,-0.435609192,4.54576806187804,-0.010786119,-0.106007881,-0.23777675,-0.608617928,5.40879568772809,-0.429034731,-0.3653156,-0.218654049,-0.310063119,5.23103441217306,-0.353670686,-0.310437058,-0.180641911,0.0782483456356408,6.24059225733442,0.023004194962791,-0.135501044,-0.163268089,-0.473803594,5.48635752274094,-0.182434397,-0.154990304,-0.238268159,-0.410980532,5.79787540025444,-0.122365683,-0.141351762,-0.258998612,-0.456560676,4.51504322327919,-0.021691598,-0.114838287,-0.252644142,-0.5905208,5.45579533454764,-0.277990725,-0.265044222,-0.187126888,-0.494606881,4.86270711789246
-0.086760975,-0.181886202,-0.176647396,-0.86938041,5.54660797445485,-0.00660111,-0.217450429,-0.154449884,-0.500721674,4.51645812812021,-0.142060353,-0.199237084,-0.221397646,-0.752348767,5.62061161672814,-0.142364072,-0.261916381,-0.178215214,-0.352985511,5.24261658860282,-0.368213048,-0.374809755,-0.193633611,-0.041114826,5.13210897478445,-0.08722894,-0.216923487,-0.182946922,-0.499918722,5.32144107078202,-0.057262802,-0.168500707,-0.150958985,-0.937230815,5.50097169144347,0.0286904949867041,-0.219697857,-0.13644719,-0.539405671,4.44829150946173,-0.13236673,-0.182846932,-0.222427999,-0.781968119,5.6388434055237,-0.154925797,-0.273351717,-0.164545994,-0.330299955,5.23499557642073,-0.343696707,-0.395418305,-0.150795691,-0.068995329,5.15140313065782,-0.04134805,-0.192096469,-0.164080683,-0.585174956,5.27690527732443
-0.152300395,-0.423676969,-0.069543055,-0.427155957,4.20016946393305,-0.256810131,-0.245431935,-0.320726365,-0.554387964,6.12545472336182,0.0107150939145046,-0.226012941,0.0333313729649231,-0.826627616,5.34702180005729,-0.370783603,-0.370748416,-0.310716347,0.315486893507333,4.80335342110899,-0.252973767,-0.326705557,-0.172609294,-0.115306123,4.94141281672995,-0.039936817,-0.166949993,-0.109071156,-0.472478738,4.97412367507218,-0.125293269,-0.4292577,-0.023244839,-0.551412526,4.32546106238168,-0.208501005,-0.206175163,-0.326691835,-0.645227105,6.11371652773385,0.139398361422728,-0.13953234,0.088856775192468,-1.100278465,5.29256151884813,-0.534549829,-0.449748873,-0.361830672,0.557163001091273,5.05115406055121,-0.217312212,-0.300407199,-0.178345255,-0.138242488,4.87637638878114,0.0238676321974411,-0.128203136,-0.091594548,-0.575938235,4.91233939119505
-0.428273582,-0.273009991,-0.329794193,-0.080229241,4.90849098228039,-0.136183339,-0.148423763,-0.211815533,-0.228543278,5.32760445809477,-0.065043404,-0.056440546,-0.267168491,-1.102705537,5.70567636743972,-0.253940756,-0.308047249,-0.308008603,-0.201449362,4.60078104061658,-0.319386507,-0.296015977,-0.25993841,-0.244901283,5.25693707805308,-0.403531201,-0.42771065,-0.29511681,-0.001632716,4.68842059226376,-0.341933842,-0.234080374,-0.309599036,-0.185444455,4.73684545110159,-0.06818447,-0.156675079,-0.127286134,-0.358577225,5.17419117857429,0.0325041022745823,-0.039401647,-0.194934771,-1.262527858,5.45563932039658,-0.280572335,-0.30429657,-0.331318629,-0.140376915,4.60006628160133,-0.393198555,-0.344697338,-0.281928736,-0.143851412,5.34832571081656,-0.279401848,-0.367190993,-0.240054963,-0.186714439,4.45343112621552
-0.126020438,-0.284878469,-0.267974615,-0.466377781,5.27627472649484,-0.243541826,-0.226331629,-0.14559799,-0.336536206,4.6204913624299,-0.563415333,-0.395412287,-0.362033812,0.172943787795232,6.8585136694272,-0.156587653,-0.176305235,-0.237109936,-0.386146778,4.67590255240046,-0.085660154,-0.294645729,-0.124179218,-0.572434783,4.79258991296269,-0.065275252,-0.127468772,-0.213858199,-0.240121465,4.55807606310396,-0.081049794,-0.306199256,-0.21654585,-0.488609851,5.27888660720161,-0.225209846,-0.207789212,-0.144328074,-0.374904258,4.57158744146055,-0.423528473,-0.317271152,-0.313448389,-0.051636985,6.46235488820771,-0.169543302,-0.178152148,-0.243016487,-0.352491938,4.6458577445015,-0.067668264,-0.279842672,-0.11613775,-0.599279256,4.71841885530642,-0.011324266,-0.11758102,-0.179361071,-0.379059336,4.65268738497968
-0.253034978,-0.154997313,-0.336563544,-0.311636779,4.58668503106524,-0.045047202,-0.121094424,-0.20820714,-0.371875818,5.95579378313452,-0.43370239,-0.281250167,-0.367871396,0.139647490856358,3.8732215638854,-0.014358436,-0.178430473,-0.167342948,-0.598554075,4.96894809279284,0.0328434131342373,-0.167774169,-0.194022113,-0.885013216,4.65093793848526,0.109300286106566,-0.159486931,-0.085253802,-0.724921305,4.75547765192999,-0.251648264,-0.154197398,-0.334684893,-0.31604384,4.49081026272449,-0.033004046,-0.090123288,-0.232800515,-0.373590533,6.03724182189193,-0.362461652,-0.251022746,-0.314090449,0.0145240434465386,3.77554610419373,-0.035609364,-0.186813824,-0.177642851,-0.561971574,4.98110796328805,0.0566341658745293,-0.168860547,-0.172496376,-0.91642486,4.61612639198284,0.147117299152961,-0.143982615,-0.063271316,-0.797293855,4.7384991009924
0.0287484364878183,-0.068212724,-0.206979028,-0.965883202,5.79353433584632,-0.72023873,-0.444215761,-0.259666053,0.418228460579115,5.47662370283904,-0.033452483,-0.036283601,-0.188253298,-0.835790597,6.80426104237777,-0.237483365,-0.311396913,-0.271320295,-0.31531561,4.6373115085013,-0.051106734,-0.182966948,-0.192982694,-0.102127066,4.82977671519241,-0.375916418,-0.380443946,-0.306251597,0.0869075574177289,4.21173279047507,-0.010600089,-0.080809107,-0.23427522,-0.892893721,5.87907550805979,-0.760012593,-0.453883131,-0.245440322,0.46395125388062,5.62751714152122,0.0345383100707784,-0.010609799,-0.13739494,-0.986849225,6.65664729086356,-0.232819691,-0.311780626,-0.260415931,-0.327891666,4.58388159485839,-0.032603136,-0.189886006,-0.178141652,-0.142694382,4.81091693486575,-0.293116187,-0.338676588,-0.265603905,-0.061803218,4.10642050198752
-0.734074494,-0.443676902,-0.392678612,0.219006361886269,6.89182708937647,-0.333931127,-0.274542243,-0.244435764,-0.147334688,5.79539505399675,-0.183476725,-0.302064898,-0.241516413,-0.280682393,4.1457249077323,-0.294973443,-0.322140351,-0.201439724,-0.098420393,4.92144805218965,-0.300478472,-0.102248659,-0.271606304,-0.312737853,6.88257680825142,-0.208443773,-0.121737332,-0.251611133,-0.069125409,4.66756318658912,-0.802814291,-0.397493616,-0.464071795,0.362185837266465,6.72271907566829,-0.370129242,-0.280669589,-0.2754573,-0.070601725,5.92818195155932,-0.142481899,-0.286125531,-0.19719457,-0.35681082,4.0499316361426,-0.353649935,-0.365584688,-0.205143976,-0.012410191,4.88537705873699,-0.339917507,-0.103202821,-0.286650707,-0.26145777,6.94470809748289,-0.146968515,-0.108999231,-0.205134052,-0.17228588,4.59113615665947
-0.006878083,-0.29775978,-0.075937113,-0.252226835,4.34852160597112,-0.384608525,-0.162681989,-0.325252252,-0.17115512,4.70266059231304,-0.126920762,-0.167459671,-0.301675508,-0.794223334,4.41736070407717,-0.15381911,-0.330828735,-0.104460185,-0.323296485,5.18438620277638,0.101799267248412,-0.167753027,-0.123406039,-0.897750212,4.5701573192584,-0.377089593,-0.246322318,-0.311147008,-0.46059946,5.17664342077505,-0.124843618,-0.363676288,-0.126344773,-0.02659372,4.47322186461294,-0.313692866,-0.026243255,-0.395720389,-0.276480217,4.66964658023631,-0.022936288,-0.143900119,-0.24451181,-0.954992125,4.28407813262861,-0.254276919,-0.420594148,-0.101104268,-0.22096133,5.43773795561111,0.0639629519640698,-0.190310384,-0.136761388,-0.838109726,4.61307963799018,-0.288214526,-0.210578508,-0.259188145,-0.630757282,5.02766059199552
-0.177281413,-0.303713699,-0.199223319,-0.489626708,5.38638222111399,-0.419966132,-0.263517816,-0.262904793,-0.401884647,7.32171438947106,-0.524660722,-0.315233022,-0.371042621,0.385155309767513,4.87561405574517,-0.224841483,-0.238466064,-0.148400807,-0.523301132,5.34072828392078,-0.273572285,-0.285956911,-0.170246587,-0.34520878,4.98086914990458,-0.274444584,-0.274590068,-0.28855649,0.0793060654446977,4.87617000643262,-0.149124251,-0.273741807,-0.200492758,-0.572718319,5.32991657697108,-0.437578542,-0.256233695,-0.290172949,-0.379061082,7.22721178699332,-0.433593958,-0.276112939,-0.299717301,0.181687313870087,4.78036324098505,-0.193658524,-0.227012911,-0.126590862,-0.588310326,5.3164390820014,-0.214013613,-0.261257719,-0.139648516,-0.431077415,4.88928303421739,-0.146525844,-0.203205458,-0.257819265,-0.129538724,4.71700565064175
0.190216980060532,-0.153821878,-0.183924764,-0.795394317,4.04416456884548,-0.243039392,-0.271108024,-0.249756959,0.000296756310635102,4.77031172507977,-0.219412817,-0.206286606,-0.269020704,0.0524503788785426,4.73798925754903,-0.248704796,-0.344610093,-0.25562389,-0.104950005,4.05688323271539,-0.312008819,-0.330201184,-0.241587952,-0.354541391,4.61591143711772,-0.17449212,-0.271048365,-0.160832835,-0.360784145,5.29642425493569,0.209297377850369,-0.140388627,-0.186283224,-0.832197342,4.05056842221658,-0.257179657,-0.288388735,-0.2308989,0.0319258188434829,4.74583757032198,-0.185081261,-0.171026769,-0.260066343,-0.02753708,4.72533244179505,-0.384713848,-0.419186902,-0.319453847,0.164180726881539,4.07166979718951,-0.463541284,-0.416655939,-0.265345925,-0.149495107,4.84493952810552,-0.060121152,-0.237069776,-0.098029881,-0.569713923,5.14006097390656
-0.681058237,-0.412404218,-0.364610336,-0.671945075,6.17498970779453,0.127294498026704,-0.154125609,-0.2253246,-0.442089299,4.95442571486507,-0.295342933,-0.163281963,-0.41997595,-0.272854238,4.67774455439525,-0.300885385,-0.335742823,-0.226438932,-0.224344491,5.03999614463905,-0.270672418,-0.287080947,-0.164432209,-0.578430135,6.07411966855677,0.0634017259323211,-0.196579099,-0.150026545,-0.687316699,4.97909108273386,-1.093052572,-0.659919878,-0.476750072,-0.517050717,6.91153035812598,0.153865575979016,-0.151185071,-0.211477219,-0.479777854,4.91837602814099,-0.256210954,-0.150619371,-0.403689292,-0.351352646,4.67212474957136,-0.181626567,-0.257679719,-0.193869502,-0.375643779,4.75941387674834,-0.279628228,-0.297412689,-0.167631715,-0.591818283,6.17495384677073,0.0976320040921551,-0.206675768,-0.116555044,-0.76780042,4.99580020690999
-0.270704028,-0.157356544,-0.233642376,0.029238988560092,5.21953609861235,-0.154609759,-0.137556268,-0.356913468,-0.290024678,4.10059783282135,-0.206401063,-0.16193358,-0.281008725,-0.818532665,6.48991353803454,-0.326179286,-0.318288992,-0.264477194,-0.182329472,6.26845447681558,-0.074917222,-0.170351371,-0.213519303,-0.467092953,5.1398990940945,-0.436768443,-0.275447053,-0.269735979,-0.267655715,5.22789566895285,-0.205353556,-0.167545768,-0.170154902,-0.074322761,5.08555965629554,-0.159552025,-0.102720632,-0.401746564,-0.273799458,4.20290105475557,-0.162592436,-0.15040563,-0.255556025,-0.920447411,6.5170418831671,-0.400301943,-0.348649665,-0.274878492,-0.085648611,6.44538841088074,-0.044137563,-0.174810204,-0.184448424,-0.516924598,5.13469460609742,-0.282791501,-0.228655538,-0.184099347,-0.537277777,5.08092885947015
-0.091467103,-0.224682318,-0.16804385,-0.632178059,5.79410957418646,-0.247295096,-0.259064814,-0.239379342,-0.439590641,5.69279434344014,-0.418806837,-0.367274935,-0.182565862,0.200132067060694,5.01363962265183,-0.267500527,-0.222125954,-0.341053126,-0.291141646,4.65844852095397,-0.205170284,-0.241569417,-0.22526752,-0.315451775,4.99149518490396,-0.313250105,-0.278717452,-0.261553244,-0.317024248,4.92786887322579,-0.066383214,-0.24509361,-0.117294768,-0.687594244,5.75048659695155,-0.315308133,-0.321563163,-0.227523671,-0.319817337,5.82517980547172,-0.29836819,-0.293578285,-0.143809321,0.00763247247655882,4.77738339715458,-0.261525466,-0.205022981,-0.34395366,-0.338220672,4.5987511815155,-0.072435033,-0.200597612,-0.153409874,-0.536515114,4.79000334605911,-0.262047977,-0.258960651,-0.229220528,-0.384074519,4.8646120926172
-0.578126849,-0.199077274,-0.560215317,0.177833166639267,5.42469147452271,-0.078529935,-0.189455537,-0.290269719,-0.51566196,5.97058767234971,0.105966357976859,-0.089818034,-0.191571928,-1.345683117,5.0394659774689,-0.182221683,-0.1857703,-0.261148579,-0.3499553,5.60818518183468,-0.551681835,-0.261011932,-0.376786147,0.105250859497434,4.94708930676281,-0.437435081,-0.287636061,-0.366323755,-0.039071878,5.06427340821571,-0.570263848,-0.079914225,-0.632928517,0.14750652859041,5.529337684,0.0157242039988404,-0.164131857,-0.236101028,-0.616225629,5.64132757993346,0.230014056071315,-0.018915559,-0.165843423,-1.540020569,4.95260141855963,-0.146588186,-0.175026885,-0.24321709,-0.395510054,5.473134885,-0.714348522,-0.32234002,-0.448150258,0.345266814654548,5.23859996574546,-0.332727049,-0.240730019,-0.31721344,-0.231554622,4.99579753417126
0.121503843315749,-0.097408063,-0.13457299,-1.254294553,5.13156229451178,-0.29529683,-0.213486157,-0.454407742,-0.132238334,4.23482016930084,-0.408596669,-0.344492903,-0.306324014,-0.348944752,4.25754686830646,-0.214691922,-0.22980313,-0.29631513,-0.257161571,3.8528526102455,-0.153285697,-0.187673172,-0.219990196,-0.774515703,5.4481013799154,-0.323773298,-0.276364965,-0.250923215,0.0615709025766111,5.23263748589085,0.0801265103502537,-0.099090657,-0.164098617,-1.164920718,5.20377474530206,-0.234403932,-0.125037358,-0.466323728,-0.252139971,4.09542439680472,-0.29266679,-0.299360513,-0.255778046,-0.526465605,4.16556582287847,-0.19928785,-0.232888307,-0.279609308,-0.281255246,3.86087446069944,-0.160500218,-0.183561106,-0.23060969,-0.780332767,5.50327892759067,-0.245985188,-0.224364069,-0.228283399,-0.059317296,5.11969300191992
-0.369453109,-0.34561247,-0.290059493,-0.508812993,6.17346861538919,-0.191189702,-0.302322275,-0.234890466,-1.13224394,5.76939163483253,-0.158173056,-0.25002838,-0.148114681,-0.207947354,5.49260462064351,-0.368482397,-0.265981926,-0.294076151,-0.285423724,6.1931916311503,-0.076346115,-0.251090951,-0.163601836,-0.311351044,4.99210067695681,-0.028329575,-0.215126345,-0.185825183,-0.357760017,4.34722988084153,-0.309385231,-0.315197448,-0.25901257,-0.615251813,5.98559995639193,-0.230198201,-0.318813831,-0.263110723,-1.115351711,5.96086371252512,-0.083490903,-0.215629517,-0.101327781,-0.335551279,5.3801221939933,-0.383862833,-0.251364758,-0.318221614,-0.288004017,6.22035566092386,-0.050308347,-0.25393294,-0.139782867,-0.341542699,5.00419334642376,0.0345059675609953,-0.187603605,-0.155827905,-0.472766864,4.27550596994805
-0.474824476,-0.397046761,-0.353187396,0.325365069051288,5.28185327685754,-0.036518749,-0.212936871,-0.094493191,-0.522912688,4.85871652630644,-0.109843558,-0.32773207,-0.077155592,-0.17438032,5.16139131227945,-0.100195618,-0.391352052,-0.115370097,-0.469412011,6.06437505856666,-0.014275052,-0.133917823,-0.220239733,-0.732662416,4.43098625093138,-0.299721882,-0.316712889,-0.203466125,-0.465934864,4.67630939634385,-0.483323683,-0.403025476,-0.368831218,0.351340916084118,5.22684834753866,-0.030226011,-0.217845051,-0.078782643,-0.545430038,4.86242694119879,-0.032420374,-0.277264032,-0.058551871,-0.28800124,4.92867124691612,-0.405673055,-0.545931322,-0.135969534,-0.085053027,5.54131942193922,-0.051936537,-0.149967779,-0.244396653,-0.675975684,4.52180142353607,-0.153840424,-0.262760576,-0.135575668,-0.698539466,4.50725020490533
0.0403232382687171,-0.225924648,-0.053788988,-0.64954399,5.45391360513229,-0.275684385,-0.218522812,-0.30056567,-0.034514026,5.65720360917297,0.126984121055045,-0.152557619,-0.170961978,-0.912729587,4.10992787610224,-0.295440604,-0.249223957,-0.28907028,-0.181292265,4.85123936994816,-0.220102391,-0.261986058,-0.282561668,-0.350618057,5.67700920583358,-0.345832918,-0.351079175,-0.26198491,-0.546660606,5.51613599164662,0.112482959421373,-0.189120442,-0.033130829,-0.778454397,5.32486959286643,-0.348138998,-0.268892724,-0.318052829,0.0550054766825539,5.8010653213098,0.20153093924985,-0.112808001,-0.143037968,-1.04082706,4.05647573700229,-0.372974681,-0.27939216,-0.326494075,-0.026459959,4.97826653978509,-0.318451642,-0.282582428,-0.323111595,-0.220212088,5.85578693216935,-0.281611923,-0.3297051,-0.223811327,-0.646159888,5.47381610436986
-0.295210193,-0.258471186,-0.343605877,-0.115439446,5.7286695955203,-0.627518478,-0.388155851,-0.194976421,-0.144838305,7.68394656774767,-0.420986137,-0.503181642,-0.10159993,-0.426643345,4.4664021763744,-0.014657781,-0.111858311,-0.134334514,-1.019568578,5.41595699569682,-0.215915977,-0.256169883,-0.260589138,-0.142476449,5.11473900958391,-0.400304555,-0.367793076,-0.287031804,-0.040398005,5.27148660425203,-0.35118457,-0.270991082,-0.377201514,-0.081961017,5.85650721138138,-0.69727678,-0.407257109,-0.225982582,-0.027187227,7.76227878917183,-0.402816976,-0.473915422,-0.106482673,-0.482782091,4.46022277217485,0.0179351216782563,-0.098582569,-0.11869961,-1.056721369,5.37419389233589,-0.299321675,-0.296708077,-0.278972773,-0.036955336,5.31548577244497,-0.3522244,-0.367254492,-0.236463327,-0.178924039,5.1614732789301
-0.092474723,-0.281249525,-0.101260724,-0.508162891,5.00145774464262,-0.415495478,-0.402445585,-0.395579925,0.538538857818826,3.90662076740799,-0.151283513,-0.329987117,-0.226028131,-0.180369473,4.35153659616567,-0.438685129,-0.254026364,-0.414243066,-0.002316536,5.50226745927903,-0.387023161,-0.323798891,-0.309740836,-0.119874757,5.32323055902832,-0.267349745,-0.296801668,-0.27238946,-0.172965983,4.16332311039281,-0.060711572,-0.27848043,-0.081703631,-0.547552045,4.94386103321914,-0.532518353,-0.457315211,-0.433917753,0.744407105967879,3.96063770758908,0.0192485001427915,-0.232803708,-0.162276197,-0.449876736,4.11980654387822,-0.61956054,-0.294373633,-0.512651205,0.102647845801228,6.04880479869804,-0.421317037,-0.335733362,-0.321941933,-0.050304663,5.41957843242357,-0.174992919,-0.26384787,-0.227036399,-0.31701228,4.0902108259727
-0.462535644,-0.481773161,-0.254790854,0.162736008065127,5.15510121698526,-0.217911634,-0.13430716,-0.254291549,-0.385918912,4.09624271303624,-0.24836745,-0.062123228,-0.368507719,-0.083509906,4.44441134159354,-0.557595208,-0.334490251,-0.357684409,-0.148733159,5.82914326986201,-0.345106839,-0.246503533,-0.24399995,-0.000924942,5.63466276425535,-0.185438023,-0.233430102,-0.226476377,-0.182864746,4.38172364664783,-0.92149678,-0.694967858,-0.422882962,0.910463356323135,5.90775787332307,-0.148931551,-0.117996729,-0.223798003,-0.497754309,4.01738449775311,-0.209771428,-0.049604593,-0.33786812,-0.162692592,4.3832464892718,-0.564588048,-0.351630847,-0.363962185,-0.208614978,5.96402237227251,-0.332244407,-0.258212624,-0.224114962,-0.020098603,5.59309527484296,-0.060680103,-0.168358354,-0.182053802,-0.369554492,4.21010444224426
-0.051315151,-0.048621148,-0.109867166,-0.837116565,5.49380255170482,-0.480150485,-0.427586267,-0.191880561,0.40892127463112,4.09500167975432,-0.179036769,-0.178552795,-0.370987092,-0.02659599,4.30074101010767,-0.369260954,-0.293463199,-0.292284801,-0.253068683,5.4293289738797,-0.281141927,-0.325070637,-0.199835896,-0.326080357,5.26711816577718,-0.153761669,-0.224740201,-0.137551241,-0.48845283,5.11307015399858,0.0651501776518206,-0.02293074,-0.028020198,-1.0784531,5.45754195669484,-0.588559555,-0.542989072,-0.165618424,0.547635382034617,4.2297827851235,-0.022444233,-0.089635769,-0.315652246,-0.317328921,4.17137895262406,-0.429373399,-0.31097423,-0.31934756,-0.183870059,5.57387181381279,-0.356170338,-0.362142128,-0.235943295,-0.250001615,5.35594029832798,-0.051468386,-0.178451866,-0.096964015,-0.654316727,4.96494579681403
-0.478864477,-0.399555735,-0.189333137,-0.014099346,4.99591201745187,-0.286054823,-0.357974872,-0.30201637,-0.141283301,5.81509193775597,-0.191581122,-0.170261986,-0.24831254,-0.450849327,4.72704868438148,-0.226248928,-0.236097542,-0.307524007,-0.322329885,4.48068110627724,-0.568423154,-0.351151857,-0.412121936,0.343260476679134,4.3729159029668,-0.153676796,-0.255262774,-0.15684914,-0.374113326,5.33652680333938,-0.520129088,-0.418924409,-0.174171534,0.0239819185647763,5.09527365654625,-0.237855766,-0.357770585,-0.264062606,-0.191499618,5.70293991763884,-0.130944813,-0.146171822,-0.239332302,-0.554837375,4.71869946937891,-0.193808446,-0.210712218,-0.315134801,-0.394441701,4.41592133741451,-0.71119387,-0.42247962,-0.462228052,0.587520387585183,4.53902619384032,-0.090252966,-0.22578367,-0.136588446,-0.487093319,5.31673163792953
-0.383027661,-0.172279481,-0.234241427,0.14572540578493,5.35799622981195,-0.361606183,-0.153630039,-0.261723633,-0.212444539,6.34476069842314,0.0625878401428426,-0.183665434,-0.208024136,-0.989719846,6.0240502325179,-0.169920198,-0.172790382,-0.21407035,-0.218869881,5.1142521868014,-0.268244186,-0.180296814,-0.326605542,-0.071405575,5.14494950978236,-0.280003876,-0.227763293,-0.228385291,-0.01734434,5.47535328713148,-0.445045898,-0.195811635,-0.257041958,0.254668448424054,5.40059099226549,-0.515243612,-0.196888444,-0.358998532,-0.007871972,6.64033935581518,0.166722037240972,-0.149429929,-0.158322514,-1.133290672,5.71780565217003,-0.167480704,-0.169261095,-0.224987098,-0.207311728,5.11129325109382,-0.332042858,-0.188059778,-0.374259347,-0.005823493,5.29745144016672,-0.199691094,-0.184192388,-0.195689239,-0.147169029,5.30764454464567
-0.170131518,-0.126538294,-0.104561922,-0.552887223,5.05448363529196,-0.286297023,-0.22991515,-0.115988104,-0.428226348,4.94308917035982,0.0580200082972577,-0.228248113,-0.11907139,-1.165282494,6.90742722146195,-0.110063061,-0.187346635,-0.177099708,-0.372561663,4.3996760202563,-0.328657171,-0.381157964,-0.180115091,-0.156070893,5.14515201676427,-0.332007952,-0.327264462,-0.212352702,-0.279805902,5.09637250610095,-0.19771458,-0.145007634,-0.111754175,-0.497881454,5.08360054079978,-0.32498252,-0.249593198,-0.140449131,-0.382049301,5.01405996956591,0.113474384956768,-0.192612938,-0.089669564,-1.270409647,6.85426250797426,-0.11519337,-0.18456907,-0.189556609,-0.358573918,4.414159281,-0.378083822,-0.379880943,-0.211200869,-0.067347291,5.18095134682932,-0.196648669,-0.260899047,-0.164447874,-0.480195328,4.87564301826877
0.270706390287776,-0.075944444,-0.070950135,-1.536013665,5.46235170819399,-0.35761247,-0.366856813,-0.35467435,-0.348270524,4.7823702257364,-0.068388434,-0.224866415,-0.134766525,-0.620541517,5.31541217701571,-0.274412847,-0.331701515,-0.198525305,-0.192447674,4.98559656351016,-0.568979631,-0.316299359,-0.331503309,0.131237996668907,6.56433993595781,-0.164904554,-0.163099559,-0.178082905,-0.686567103,5.72149273098206,0.292229172089192,-0.074816775,-0.058656758,-1.576694546,5.457062746,-0.351719025,-0.37281278,-0.351453904,-0.386913702,4.82875934672129,0.0321448814793538,-0.186173086,-0.093414176,-0.796969844,5.21307048368865,-0.262570459,-0.345055874,-0.184632756,-0.213194339,4.98217087360053,-0.709629352,-0.327088305,-0.419838989,0.302547722510075,7.12333405350775,-0.07607752,-0.110199082,-0.158303043,-0.814321408,5.62495640000646
-0.043780865,-0.224792562,-0.269591538,-0.197699777,4.47663465604186,-0.910584321,-0.396007393,-0.503838639,0.603554688227148,5.9523192663272,-0.28734411,-0.159717867,-0.351693464,-0.038976329,5.15848774453555,-0.391387877,-0.324224215,-0.27151204,0.0318037350761095,5.44223446089561,-0.478615071,-0.478581962,-0.251752034,-0.078538688,5.25786926282151,-0.218129118,-0.213398197,-0.24380313,-0.354936338,5.52924693558699,-0.052271843,-0.220755377,-0.271341029,-0.186718657,4.47101967777203,-0.937162546,-0.416259564,-0.483423054,0.633025195983395,5.97987393719904,-0.163235895,-0.114017958,-0.278881866,-0.265142776,4.95047391896449,-0.370188652,-0.309426522,-0.277655733,0.00183092376744991,5.3765059387961,-0.460709575,-0.492555703,-0.233442733,-0.096958772,5.18375946619194,-0.18119278,-0.195842484,-0.223998842,-0.418660493,5.47872394984098
-0.086013323,-0.234007171,-0.320493758,-0.431243176,4.38693984691827,-0.193880773,-0.163837935,-0.306324545,-0.480272816,6.32932769859875,-0.520154081,-0.187915825,-0.235365565,-0.843102497,8.54234568440513,-0.093017737,-0.308124816,-0.158589963,-0.490897304,4.30735631193443,-0.387437163,-0.115808379,-0.411094445,-0.324056746,5.08255185101521,-0.331793421,-0.246517068,-0.207988377,-0.549388031,5.17077889694803,-3.611531639,-1.447745745,-1.51984947,4.23492421748823,8.46882753266654,-0.109596527,-0.110410897,-0.297321853,-0.645982914,6.13253538868817,-0.47191394,-0.172054878,-0.181863728,-0.96917466,8.44448665350451,-0.139149511,-0.327832818,-0.181368406,-0.391667319,4.35232079297709,-0.373192152,-0.105687703,-0.405587971,-0.342006542,5.07632271781203,-0.224799098,-0.197115057,-0.160372889,-0.715380514,5.02069590252721
-0.138595786,-0.330733471,-0.11783807,-0.180211644,5.83817447086451,-0.292021301,-0.248204563,-0.216229761,-0.232335658,4.54214193277333,0.0802679483637986,-0.136935222,-0.253665877,-0.627514763,4.1740464888483,-0.315795679,-0.330947564,-0.300670489,0.00531767793827175,5.19462423094372,-0.175314343,-0.217324163,-0.228065417,-0.144768131,5.07248630578835,-0.090711572,-0.252435483,-0.2336279,-0.428563636,4.72106114590327,-0.200020118,-0.399667169,-0.085514509,-0.134201323,6.09073568367523,-0.380140057,-0.251058108,-0.292447639,-0.110320806,4.64862205506087,0.1612223058309,-0.122463817,-0.20592395,-0.763157596,4.08922230858611,-0.340503735,-0.34551723,-0.305345035,0.0304256034449988,5.3140847099734,-0.113631581,-0.168733498,-0.224688278,-0.22129396,4.92554597720869,-0.003484784,-0.218458181,-0.183000918,-0.596072116,4.61115305437425
-0.137948918,-0.233390744,-0.295034303,-0.108211371,3.68433062290408,-0.372493395,-0.345204125,-0.138276704,-0.00567489,4.43145304461369,-0.34885546,-0.326775201,-0.237907837,-0.250304348,5.84440009861503,-0.492090063,-0.296747205,-0.243607252,0.00970105492810514,5.17323058825183,-0.379121824,-0.258267969,-0.289557466,0.0403507049408355,4.901153845,-0.311819405,-0.302414479,-0.212796096,-0.095977273,4.21863448111897,-0.036825707,-0.190503211,-0.24386311,-0.224081093,3.45319416066022,-0.353812422,-0.374210425,-0.093306748,-0.025109206,4.4282774756504,-0.234775036,-0.278371061,-0.193968443,-0.451839669,5.63921922573072,-0.466981755,-0.3074914,-0.211516745,-0.018279794,5.11911993459612,-0.32928922,-0.255454773,-0.257130515,-0.027278915,4.84910119857433,-0.245630074,-0.25204141,-0.187952576,-0.209723416,4.15353161492746
-0.023773235,-0.176051146,-0.161901894,-0.33330113,4.70942476202718,-0.526330681,-0.389559711,-0.289900412,0.0833689071065513,6.67638180263474,-0.690851852,-0.427994366,-0.296156242,-0.182773779,7.42990364818827,0.0228420998085929,-0.111714648,-0.108254235,-0.517353401,4.15651367502959,-0.380852218,-0.268284114,-0.35488882,0.0568173447034636,4.66697023338262,-0.587138055,-0.345950002,-0.377489667,0.155943712179496,5.00113022732756,0.00850265692662823,-0.139339933,-0.173463123,-0.391376259,4.64935616446588,-0.537875142,-0.395146061,-0.325651826,0.0595624650600395,6.97672340075919,-0.616441932,-0.39736616,-0.25059179,-0.35607489,7.51499175106836,0.0105435021097479,-0.113698081,-0.117871632,-0.503319525,4.17232358225868,-0.38391499,-0.257483575,-0.370150169,0.0213139074657172,4.76919440291793,-0.474674963,-0.318919013,-0.305547003,-0.009987985,4.86419959169502
-0.578464749,-0.276375917,-0.395468979,0.197894095738133,6.31380878584611,-0.454427889,-0.512069298,-0.218863759,-0.054487761,6.08524500749336,-0.180427115,-0.105487601,-0.316058227,-0.670439264,7.06003461871135,-0.058573188,-0.255121312,-0.216002722,-0.33084489,4.76436951239612,-0.016884954,-0.18642787,-0.185844597,-0.417859227,4.08851036123625,-0.375414607,-0.212490182,-0.267004412,-0.645985836,6.32346427382072,-0.594046612,-0.27603078,-0.397942107,0.181078740443856,6.49301410967099,-0.594550228,-0.631162971,-0.217425764,0.0706330174095183,6.55307353194199,-0.078930882,-0.069560325,-0.262778554,-0.825610885,6.84597287846297,-0.036498787,-0.23993049,-0.211658227,-0.346777641,4.68860879695376,0.00537452034135623,-0.169433718,-0.167426244,-0.464236714,4.02867905402962,-0.282206383,-0.182359914,-0.224076189,-0.797664279,6.11302097850442
-0.440348518,-0.359395892,-0.255242126,-0.123938641,4.860444224,-0.299832971,-0.241773005,-0.284439586,-0.000576864,4.98010532618156,-0.401731864,-0.141959792,-0.250338134,-0.283479103,6.4383638268916,-0.364434812,-0.219653486,-0.256134455,-0.074410854,4.84042694200651,-0.207538722,-0.217801361,-0.25361487,-0.153834835,4.2747243769656,-0.060328125,-0.24371414,-0.062491253,-0.832679793,5.61457648592131,-0.443801675,-0.347906883,-0.277989618,-0.122477024,4.88055706568643,-0.288936624,-0.233215556,-0.278844158,-0.012121291,4.99031890753256,-0.290300518,-0.072290673,-0.217317081,-0.493478792,6.32602498901549,-0.329339676,-0.211659196,-0.230725098,-0.131432737,4.78757079030979,-0.196226061,-0.208554347,-0.267473328,-0.18356242,4.30573388843074,-0.021674691,-0.224114175,-0.046630772,-0.924758844,5.63839839467902
-0.057884117,-0.187015382,-0.178073095,-0.063109895,4.65484720329923,-0.118900037,-0.346758731,-0.264929309,-0.111197628,4.368176432,0.0919473151651755,-0.132073359,-0.146069426,-0.407381141,4.42398399559413,-0.318846104,-0.347331882,-0.278974365,-0.295919461,5.58875192308718,-0.214659273,-0.218113321,-0.24220852,-0.373486761,4.69676510092589,-0.077461642,-0.20520984,-0.135934262,-0.343884834,4.59733082140308,-0.07582989,-0.178369846,-0.191639164,-0.028160796,4.67103680474865,-0.273560427,-0.443019555,-0.271164151,0.169960439702229,4.60347819928673,0.12355785200713,-0.141859633,-0.112702097,-0.453936454,4.44216225536734,-0.382638532,-0.444355861,-0.232949116,-0.262934304,5.79881967278667,-0.253375987,-0.213172612,-0.281022859,-0.334379992,4.7359824321869,-0.045236384,-0.1915672,-0.120587179,-0.406980448,4.58109694846205
-0.298104195,-0.200846722,-0.219360568,-0.336213047,5.05727998358034,-0.279002552,-0.273299622,-0.227818325,-0.214999075,6.54335729076748,-0.487393601,-0.333779938,-0.341263468,0.244514491140907,5.98187770797893,-0.386488249,-0.226534754,-0.253885728,-0.302317858,5.67946676521396,-0.147090718,-0.247929458,-0.225427812,-0.360852044,4.62758598593988,-0.097731569,-0.192896088,-0.203955756,-0.398249044,4.74890564643086,-0.392473917,-0.217889465,-0.272820661,-0.199125211,5.24045360888282,-0.314679994,-0.269659481,-0.285296341,-0.153460175,6.57518576446933,-0.482410938,-0.319745253,-0.333022668,0.205339449210737,5.95584835285843,-0.438517953,-0.221697899,-0.285280612,-0.239653506,5.7688510076131,-0.221718172,-0.285574076,-0.259446704,-0.239677862,4.67946831514319,-0.026508782,-0.169802178,-0.161890023,-0.520743324,4.65365724469344
-0.595559732,-0.308976713,-0.423477367,0.176090113212527,4.87234233391595,-0.288691411,-0.283072102,-0.244748222,-0.281652802,5.15325049520751,-0.343786786,-0.174960183,-0.346381598,-0.099688395,5.15056767897801,0.130904492447555,-0.260287228,-0.035040053,-0.925683924,4.59846904395916,-0.269725652,-0.296932884,-0.299078452,-0.312462584,4.61220808983335,-0.459764309,-0.329000807,-0.297489159,0.084491989422383,4.87998317023735,-0.829815266,-0.396352581,-0.528665068,0.480358279321042,5.25878460107305,-0.333962295,-0.276834823,-0.29440585,-0.259532181,5.27597518633128,-0.289405,-0.15621376,-0.315382658,-0.195621267,4.98145981681386,0.162680865687002,-0.243583989,-0.021479856,-0.995579596,4.55269712346526,-0.256052915,-0.310317954,-0.280999766,-0.291914016,4.54141506097772,-0.386426977,-0.316819539,-0.250531464,-0.047994618,4.78603681243034
-0.597965029,-0.31799169,-0.232633112,0.406307314228569,6.47862302201424,-0.396874529,-0.366625551,-0.256912411,-0.388397789,6.05142446473374,-0.367229547,-0.068904339,-0.447279025,-0.217357149,5.5455097272511,-0.400482595,-0.209879121,-0.280524714,-0.130732393,5.42417506264849,-0.292822959,-0.342086639,-0.174453626,0.153008107362235,5.01973575998174,-0.27447481,-0.217302411,-0.245888097,-0.048401812,5.25918099757796,-0.535957259,-0.277011632,-0.205645687,0.3071199454823,6.23510833622935,-0.483128477,-0.433291113,-0.286572912,-0.316692011,6.44463870017893,-0.260671312,-0.026852338,-0.397899267,-0.358405477,5.35797315127436,-0.398451218,-0.218289396,-0.269661493,-0.135936784,5.37762273056852,-0.325381896,-0.346746642,-0.198105186,0.200866200257104,5.12259558529262,-0.201810772,-0.174473941,-0.228067008,-0.146818778,5.15891624552024
-0.659910218,-0.578336693,-0.250077826,0.223613411830882,6.25680158403006,-0.079405843,-0.251852769,-0.271096674,-0.589306236,4.39888707799456,-0.511912533,-0.295107049,-0.279110722,-0.147959241,5.82988099529124,-0.403923624,-0.249166857,-0.29899663,0.0780676708628223,4.45416867018596,-0.019581912,-0.130787479,-0.160942891,-0.707263387,6.04263146275395,-0.314252724,-0.284886101,-0.257644826,-0.258918438,5.11146649911788,-0.64216578,-0.630676414,-0.193678905,0.159703769292112,6.59553996503015,-0.058335624,-0.254738432,-0.253772173,-0.620399749,4.34729881321691,-0.466804641,-0.244285966,-0.274132721,-0.264687263,5.64990238727567,-0.369195365,-0.234556608,-0.303405657,0.0244752093560579,4.37590851492361,0.00444092653868844,-0.108081075,-0.164549014,-0.748596196,6.02247457958138,-0.250357948,-0.239182488,-0.23424366,-0.364615121,4.98280717043544
-0.389262204,-0.283276191,-0.251757607,-0.142870648,6.78582868639877,-0.248062095,-0.240946387,-0.179081847,-0.465011873,4.36519896101559,0.0749761001846652,-0.158947559,-0.075865613,-0.872319212,5.4747175539247,-0.267543044,-0.273933113,-0.247027997,0.00984449090570794,4.49433960753806,0.0281701791647175,-0.189294269,-0.252635501,-0.482146193,4.61510488276101,-0.117078999,-0.189260311,-0.188333187,-0.228013988,4.00911010145351,-0.354209143,-0.281899122,-0.234921932,-0.173061853,6.78609094343701,-0.234349116,-0.228323155,-0.161284264,-0.518033627,4.33737469228793,0.137606823175504,-0.121186277,-0.050386203,-0.994411721,5.42284503615927,-0.285631112,-0.263713524,-0.270180036,0.0365134704775491,4.52477106374402,0.0412198942240496,-0.165690497,-0.259990417,-0.523897614,4.63470828105384,-0.053752271,-0.152085558,-0.157132725,-0.331206294,3.93850126364511
-0.337297807,-0.330636815,-0.205186084,-0.231493408,4.64313034842194,-0.271806669,-0.198371353,-0.33220639,-0.314342999,4.28460341964317,-0.814368893,-0.415779022,-0.28578866,0.0761802479900861,6.36506446739475,-0.109294909,-0.174812766,-0.216908586,-0.615472879,4.76105636965344,-0.621189502,-0.417521984,-0.245567258,0.0535759629523194,6.39191154012863,-0.194032455,-0.263657433,-0.191340117,-0.327093012,4.74149820043868,-0.37337906,-0.357594928,-0.187316895,-0.216187559,4.80070897832763,-0.287390924,-0.235176081,-0.327522305,-0.284164998,4.28961263699501,-0.7112455,-0.367472496,-0.210591557,-0.103756936,6.09510293173763,-0.106459339,-0.164447828,-0.216484588,-0.619147485,4.71106591381204,-0.684514785,-0.443713044,-0.259741571,0.164800126146306,6.50447544736831,-0.120943338,-0.240398604,-0.155868198,-0.461681994,4.68510624641628
-0.259557414,-0.303286579,-0.15092573,-0.327864729,5.80239322914225,-0.213164753,-0.221853422,-0.325729869,-0.311346071,4.7791985707938,-0.411566535,-0.326204016,-0.259575095,0.270710471134745,4.62385661719774,-0.111134174,-0.26448278,-0.18264355,-0.553349735,5.2640693621735,-0.113766184,-0.274978652,-0.209814392,-0.411275038,4.72491289116308,-0.012416105,-0.159057132,-0.194330169,-0.518004802,4.85425190989641,-0.31767613,-0.347003067,-0.136596605,-0.306512873,5.95856315275925,-0.25755701,-0.234315688,-0.355387324,-0.248096757,4.91002588288509,-0.308593439,-0.289361192,-0.217034187,0.0919772972744782,4.51420821654145,-0.080919233,-0.243952169,-0.179653568,-0.595533989,5.22251529008386,-0.162710014,-0.320862576,-0.219129847,-0.31196062,4.78480063328185,0.0527751524073959,-0.130823277,-0.170458451,-0.610409392,4.77712136096567
-0.995282446,-0.601099296,-0.389693776,0.410158951292647,7.13362156338722,0.0341560631857136,0.0849169458897863,-0.32135775,-0.660582123,4.58680320233607,-0.27518626,-0.312289907,-0.222309732,-0.204706282,4.98951170709758,-0.165346245,-0.317240293,-0.205293807,-0.189229573,4.8505624041697,-0.174291311,-0.209938755,-0.238326371,-0.357055078,4.88946586444474,-0.321537691,-0.254782588,-0.319405041,-0.060198068,5.07405822946886,-1.146107985,-0.68833258,-0.427566098,0.469448088229611,8.03380822721195,0.0496448979850884,0.109667298886055,-0.330615074,-0.707139958,4.63212586732891,-0.132570488,-0.274914425,-0.115013293,-0.467676983,4.79321768343324,-0.161506936,-0.340564036,-0.195656301,-0.216610118,4.88320101842655,-0.20140573,-0.206904675,-0.275762655,-0.331678864,5.01004618463743,-0.221502366,-0.242832582,-0.256098926,-0.21746506,4.94273084855035
-0.226105085,-0.314985699,-0.166249973,0.0802646980899408,5.72127037671216,-0.023494297,-0.300935079,-0.221354259,-0.645356228,4.56751206381208,-0.574596272,-0.47344794,-0.379595824,0.380115043410936,4.90370558062553,-0.297458568,-0.211671126,-0.24926249,-0.551041078,5.81657414096725,-0.254014075,-0.332046144,-0.225221238,-0.592781945,4.41292864027718,-0.374094977,-0.363852261,-0.292631552,-0.037393841,5.66710476186288,-0.369346661,-0.357189749,-0.224923055,0.24128003102238,5.28310864018309,-0.014107614,-0.296476051,-0.219874039,-0.672558797,4.59555031157962,-0.472611772,-0.469575837,-0.305224376,0.185726275856042,4.8878906811296,-0.297479087,-0.209179498,-0.26540488,-0.574755288,5.85942949567082,-0.259049972,-0.343767065,-0.22592221,-0.569134676,4.46037208937944,-0.249276648,-0.310069061,-0.238240938,-0.256700224,5.4561902010458
-0.059510381,-0.187903852,-0.254065933,-0.219002495,4.90635402582206,-0.082560187,-0.141215032,-0.218345715,-0.435423389,4.61797546147953,-0.249658642,-0.302367729,-0.198891509,-0.623762022,5.97627495780447,-0.148408118,-0.231395534,-0.219869093,-0.446321487,5.66267879788584,-0.121871295,-0.088839157,-0.263031527,-0.575063404,5.56721840142315,-0.226101774,-0.323149305,-0.195924104,-0.120453745,4.5216910156466,-0.063704626,-0.201207031,-0.256353746,-0.186822125,4.9144855132525,-0.026886994,-0.158235208,-0.150792819,-0.55395219,4.56630790618925,-0.169534514,-0.266567171,-0.165606857,-0.643241015,5.80844640132219,-0.161947388,-0.235012245,-0.224326787,-0.431892359,5.65264122324677,-0.098807425,-0.104662021,-0.236770492,-0.59754373,5.52565536167466,-0.112313515,-0.286779217,-0.132190672,-0.296389221,4.41295665647134
-0.339081839,-0.290817516,-0.37279659,-0.303220886,5.15749075432538,-0.194768935,-0.277956858,-0.196735447,0.0715730256021382,3.31291055708237,-0.088123231,-0.118590881,-0.291498022,-0.581339926,5.37534833192035,-0.323788983,-0.241348429,-0.245432398,-0.254981053,4.72290826544767,-0.276617034,-0.273695328,-0.228494373,-0.294980551,5.36175525447345,-0.5434874,-0.363495429,-0.269846544,-0.237164875,5.46508337272272,-0.20244728,-0.218281245,-0.316222078,-0.460388462,4.72669691627525,-0.062571169,-0.237327605,-0.127328795,-0.138078741,3.19149921780884,-0.065934845,-0.11685983,-0.270075921,-0.615367792,5.33478082363132,-0.399026477,-0.314817,-0.252772405,-0.146584473,4.78891769360257,-0.239360758,-0.256919604,-0.215057095,-0.355382295,5.29535600163163,-0.43401259,-0.317304912,-0.21310192,-0.408134344,5.29538663981868
-0.271697586,-0.379875009,-0.24626148,-0.268739943,4.52801011617399,-0.274325914,-0.309053471,-0.20299343,-0.411025448,6.02534187601556,-0.015289476,-0.228970142,-0.041685482,-0.745371398,4.41660008264603,-0.338711459,-0.313156401,-0.20285675,-0.140654012,4.55373825050827,-0.132508491,-0.289323119,-0.108191819,-0.214958354,4.75895051345015,-0.113967738,-0.21083369,-0.231018175,-0.147347764,5.01715409546832,-0.236538049,-0.393231045,-0.225077022,-0.346977713,4.60308425412986,-0.206099343,-0.265766737,-0.184558367,-0.51621052,5.77732214124306,0.023580107849391,-0.197080633,-0.034989351,-0.811583712,4.37600500548111,-0.310411254,-0.317415776,-0.183625022,-0.210476141,4.54042283731249,-0.110176452,-0.292196843,-0.085543325,-0.242605506,4.7043816686128,-0.041745266,-0.160233199,-0.19823424,-0.266447756,4.85883120309635
-0.644506437,-0.492173453,-0.383951505,0.0562603663526137,6.5048336576024,-0.269158072,-0.346724651,-0.228375454,-0.138608312,4.7368917383344,-0.625993609,-0.399887509,-0.233827462,-0.336339118,7.83730127433002,-0.26842184,-0.311573168,-0.217346284,-0.189909573,4.44737252676988,-0.232552303,-0.199320043,-0.268870976,-0.513782955,5.83063963425715,-0.228847818,-0.19819031,-0.19974401,-0.500586465,5.0262826277385,-11.30617048,-16.4814946,-38.12450515,115.148349708392,7.08677264625671,-0.593595642,-0.446627904,-0.363186655,0.317073064418442,4.98533076346338,-0.487621557,-0.332709599,-0.176242584,-0.550123214,7.50169674805099,-0.236554499,-0.337863571,-0.169988108,-0.250332283,4.37059534400347,-0.209572012,-0.182184678,-0.257686746,-0.53544613,5.78602321775167,-0.171215755,-0.164479474,-0.187148184,-0.595495538,4.98564311244192
-0.455127501,-0.371399527,-0.336751611,0.193903355508156,6.01665601715144,-0.383998633,-0.198966997,-0.339160055,-0.145298979,5.4598280442463,-0.434983041,-0.446850027,-0.168870463,-0.017368298,4.53835394095355,-0.211556634,-0.267220464,-0.19664886,-0.175699092,5.51223862687662,-0.259874603,-0.288666468,-0.246401676,-0.271367003,4.97422239788428,-0.261691395,-0.248977846,-0.297066949,-0.076337689,5.43140079126128,-0.4641481,-0.43615534,-0.277372153,0.183132847382772,5.90334506550836,-0.403750561,-0.183664011,-0.36610033,-0.106947249,5.42647457926588,-0.338957622,-0.385540596,-0.133210082,-0.180559552,4.40922900104677,-0.230001244,-0.284663007,-0.196069506,-0.16229933,5.54193629379638,-0.308103217,-0.359922344,-0.214764222,-0.214709166,5.05491609255673,-0.149342246,-0.192499702,-0.254492777,-0.261489236,5.13862167182329
0.0242010602404912,-0.004356235,-0.258904685,-0.700767576,5.25736082490637,-0.236939667,-0.452067093,-0.180576872,-0.091568123,4.59679229818745,-0.284186612,-0.254257777,-0.322095707,-0.229006563,4.52233073618721,-0.235803626,-0.278367948,-0.195998066,-0.232195022,5.31031075720391,-0.592167932,-0.41159718,-0.33730371,0.439201043322687,4.19512465951389,-0.220946277,-0.159562458,-0.322772641,-0.089575185,4.93675571389576,0.0150506289271466,0.0825917830091764,-0.33449855,-0.794482964,5.51001489745572,-0.238087857,-0.448134328,-0.191762731,-0.109767212,4.67452971819576,-0.157326937,-0.208500809,-0.257574502,-0.424612966,4.30756273099316,-0.204974958,-0.269876699,-0.178862676,-0.287461578,5.28708940656579,-0.783984335,-0.43218047,-0.446924177,0.720325144703558,4.32036791840864,-0.099335528,-0.132986509,-0.243436975,-0.272281892,4.69153399584726
-0.748745252,-0.419144635,-0.462938564,0.502469748128807,6.29445234495762,-0.68298694,-0.495591058,-0.224052355,0.328163347195157,7.21405675681371,-0.125158417,-0.141093148,-0.249329446,-0.514180435,5.0782589731185,-0.478049254,-0.281196055,-0.357128142,0.100019507331328,5.96675614946321,-0.197136657,-0.198022506,-0.247050866,-0.444176472,4.58614551213496,-0.449775928,-0.328421239,-0.207176458,-0.231468204,5.1480879732415,-0.748402514,-0.402682682,-0.50181534,0.443006796845077,6.25662163640961,-0.625377771,-0.491069016,-0.180809123,0.20476915168008,7.4284822811402,-0.061102621,-0.122551796,-0.214571601,-0.610595686,4.97534551251014,-0.503478088,-0.254203759,-0.393951109,0.145911163974606,6.12430365408362,-0.130509755,-0.206216433,-0.183986157,-0.548656432,4.47972367626591,-0.399400595,-0.313328113,-0.18024368,-0.319374409,5.14283042819899
-0.024540429,-0.124171205,-0.246811805,-0.665188719,5.80564019261333,-0.45495677,-0.321709637,-0.312018018,-0.263351831,5.52615232155894,-0.192292546,-0.188755793,-0.335663114,0.0290920761736346,4.3651812719843,-0.407509793,-0.331615706,-0.185194383,-0.513602257,5.40428927797149,-0.102988034,-0.201190381,-0.200850257,-0.342013994,4.72175606829314,-0.23536928,-0.114404525,-0.273471001,-0.214751201,6.08289844723673,0.0335222793254729,-0.10638765,-0.205652255,-0.761076719,5.62177954751625,-0.47012698,-0.355556586,-0.316949735,-0.319729877,5.56989257473882,-0.084560052,-0.156768046,-0.264479122,-0.131531846,4.21933787057758,-0.419104045,-0.333901454,-0.187846897,-0.487202278,5.36081790281578,-0.108800987,-0.203667789,-0.192233496,-0.339997447,4.69696310136462,-0.11165767,-0.074570835,-0.209562779,-0.4190253,5.88559702417933
-0.139850232,-0.219027365,-0.30016942,0.020664478704779,3.80786160981851,-0.318938815,-0.294770782,-0.206139578,0.0183053002279821,5.40420526259283,-0.111193512,-0.288122664,-0.177736018,-0.210316212,4.92969176152728,-0.281309083,-0.325684343,-0.262249913,-0.150090662,5.27937464785126,-0.289248225,-0.25729539,-0.190546429,-0.445837869,5.02486751851342,-0.176453443,-0.266757837,-0.146708722,-0.347523266,5.0436171400249,-0.167077228,-0.235997703,-0.311388208,0.10874002634249,3.75881921015719,-0.263847466,-0.301548455,-0.15600545,-0.087034834,5.43401441678622,-0.038110657,-0.245874031,-0.145296458,-0.353809656,4.75414595022504,-0.328267887,-0.365317155,-0.258287878,-0.084101662,5.32351611257657,-0.317534552,-0.262701993,-0.203814351,-0.397543828,5.03056227073662,-0.08498153,-0.232861563,-0.094360623,-0.502022685,4.87940222650216
-0.178799273,-0.139080684,-0.221431759,-0.239290277,6.05235256992685,-0.422095454,-0.310419172,-0.249902567,-0.264461772,5.37122845540899,-0.408137389,-0.264336104,-0.237131513,0.0975441016388369,5.83214079483252,-0.227133112,-0.248300638,-0.255035127,-0.357937886,4.52387632918494,-0.053635733,-0.307830224,-0.176478877,-0.378404642,4.66839161763026,-0.130780535,-0.222021256,-0.242507272,-0.188972897,4.70662828616649,-0.209283602,-0.162239176,-0.221750336,-0.171881402,6.09910432492593,-0.334578129,-0.27601889,-0.203855735,-0.363401818,5.10127557482065,-0.310870757,-0.197374047,-0.209240903,-0.065221576,5.64193940609519,-0.172936693,-0.21833807,-0.226396538,-0.428584713,4.44066205953277,-0.105201687,-0.346443759,-0.175665366,-0.283293168,4.76453678728286,-0.077435286,-0.191032467,-0.218544337,-0.293690354,4.6587399248262
-0.678706165,-0.56938993,-0.219753744,0.551014715022746,5.37514984193359,-1.097763389,-0.67793798,-0.534899595,0.816149901000615,6.47725282495898,-0.030238354,-0.261902887,-0.080606225,-0.544710089,4.06820735479533,-0.338493131,-0.315066112,-0.371520376,-0.256299024,5.09444607475438,-0.117675856,-0.171156348,-0.205982232,-0.543491316,5.24798278828451,-0.33506201,-0.287370413,-0.211075529,-0.087652827,5.0944317703826,-0.853908446,-0.629032925,-0.302851241,0.881008171742204,5.49016022887839,-2.826709902,-3.941364013,-7.910602519,-89.77830663,170.519112279008,-0.003749782,-0.251937766,-0.066670915,-0.632404895,4.09486792086149,-0.336357218,-0.305098703,-0.391937911,-0.275896818,5.07201222720553,-0.326823539,-0.253942753,-0.301354985,-0.201477229,5.48536438035865,-0.260870833,-0.257221712,-0.166788328,-0.216419865,5.0114142716502
-0.184230705,-0.242453394,-0.324310206,-0.203155408,5.68398253772836,-0.24486556,-0.119860427,-0.165750506,-0.392862958,5.2840294982928,-0.234337611,-0.241022254,-0.243938248,-0.286304118,6.83707456829114,-0.436204041,-0.337150703,-0.299440466,0.0987014736254863,5.27783686615089,-0.619184117,-0.43122359,-0.301071273,0.224295934818655,5.83082320104336,-0.110582722,-0.265834062,-0.179016818,-0.231258816,4.62577206606178,-0.183573346,-0.200908881,-0.361416255,-0.207202926,5.73569297712682,-0.300190146,-0.195928382,-0.161115914,-0.305023578,5.34699236878993,-0.172598404,-0.210875096,-0.204827856,-0.405480247,6.74457030455879,-0.448236859,-0.332251462,-0.306312532,0.124403567480136,5.28771368194139,-0.750407235,-0.484308404,-0.347519757,0.407310800785316,6.04140145792822,0.0082234052496131,-0.212204363,-0.131762351,-0.424914596,4.45103779625493
-0.169597226,-0.435287534,-0.160664437,-0.171118533,4.09186805316096,-0.318347953,-0.351742113,-0.206771968,-0.6097308,5.8200335507915,-0.417129126,-0.31947284,-0.223028198,0.0214652554800889,5.80407231432112,0.0505561298771653,-0.21504178,-0.22677161,-0.449195468,4.31270896898205,-0.0970799,-0.231753533,-0.193660188,-1.017321964,5.72572319475817,-0.373556235,-0.373814373,-0.342433575,-0.044391858,5.29740286873183,-0.174786592,-0.502040233,-0.119063512,-0.179444114,4.30091406037358,-0.289107314,-0.320093695,-0.242804519,-0.65563078,5.80176070961708,-0.336218877,-0.277283627,-0.20175994,-0.100778863,5.62621670486247,0.0321207192393267,-0.229341298,-0.236747109,-0.441346249,4.37131157162931,-0.145970501,-0.258579731,-0.208619325,-0.967273854,5.70366668057839,-0.261965631,-0.325124595,-0.296835133,-0.210661041,5.0387438647177
-0.274128687,-0.324169962,-0.093815897,-0.424242336,6.1243707761974,-0.221170746,-0.273030119,-0.115271097,-0.564360285,7.50083677715752,-0.078721933,-0.207114683,-0.098479572,-0.534458531,6.90867247917019,-0.03873715,-0.109197385,-0.196940329,-0.360718249,4.52413993480311,-0.123791851,-0.164355648,-0.2601232,-0.400173859,4.58308255613901,-0.05577274,-0.187446377,-0.217576023,-0.465353356,5.20846067489453,-0.265674698,-0.330635375,-0.082764426,-0.442737414,6.03189673788216,-0.186693638,-0.281953989,-0.090972322,-0.63230025,7.56091514840088,-0.059585492,-0.18889033,-0.088905917,-0.554103791,6.89549642338725,-0.028155196,-0.102312798,-0.199483395,-0.379438034,4.5198481293748,-0.070242667,-0.14854808,-0.240686498,-0.463227473,4.47685560441838,0.0151676176801177,-0.150984559,-0.186763658,-0.591689721,5.09685096244265
-0.032311536,-0.133101996,-0.153321611,-0.401239757,4.00822287266808,-0.308273183,-0.261173123,-0.329927044,0.182551536335395,5.17951488964906,0.0983162356429101,-0.194020678,-0.189181094,-1.207903387,3.51001326732156,-0.337944785,-0.233641974,-0.28109774,-0.178023206,4.97876393353503,-0.685422616,-0.320942265,-0.325178873,0.0466011521809978,6.27157033554931,-0.02745668,-0.265972946,-0.070488143,-0.568237108,4.63478703762493,-0.036664166,-0.119989221,-0.174685968,-0.42150643,4.06252600994207,-0.278453347,-0.241107161,-0.322771652,0.201168404612592,5.19368663759254,0.150509899933704,-0.163419367,-0.178112704,-1.285515355,3.49023594363128,-0.365105121,-0.243054828,-0.28871761,-0.115004407,5.01031938974845,-0.674513809,-0.325405255,-0.307688254,0.0246195427796056,6.34871415443788,0.0153166491346223,-0.238907955,-0.048631706,-0.642233476,4.59734954146185
-0.192404939,-0.393453823,-0.234308289,-0.087069691,4.68559050042292,-0.143987278,-0.30199093,-0.204868389,-0.187940761,6.00330428425001,0.048562833353382,-0.169849502,-0.187569782,-0.43787165,3.70912718651187,-0.271099741,-0.379778215,-0.207085943,-0.283787255,4.66776345786658,-0.467279187,-0.310869748,-0.327713781,0.0613247982955696,5.81390420366921,-0.08043741,-0.21122607,-0.103560077,-0.571948581,5.12064688359484,-0.3859911,-0.46319338,-0.333531081,0.0990602372997932,5.2384225913735,-0.094752296,-0.286982968,-0.186599957,-0.272670193,5.94287990717633,0.0574172309984317,-0.168913091,-0.175505989,-0.485907823,3.73214237063448,-0.26646979,-0.376911901,-0.208306001,-0.306244493,4.66934087082845,-0.452400702,-0.319008954,-0.316233668,0.00211827470022782,5.86260405332662,-0.015181265,-0.18126163,-0.071466531,-0.703793397,5.04493149599552
-0.204729892,-0.17152857,-0.327192045,-0.616216679,4.9656470329889,-0.250939165,-0.241172264,-0.305604491,-0.041567153,4.63345682731565,-0.188051668,-0.319575176,-0.210733739,-0.212363189,4.84769613210959,-0.066758887,-0.15126739,-0.236559826,-0.599126627,4.78289587298619,-0.397875439,-0.347983853,-0.239044169,-0.049087002,5.78085619099448,-0.053178225,-0.208144686,-0.194387159,-0.391285416,3.9119803838122,-0.284142694,-0.242695479,-0.333743175,-0.510993491,4.99196356418474,-0.204177479,-0.198503876,-0.281129232,-0.094290052,4.48033202195019,-0.098998095,-0.247351112,-0.194575654,-0.352336107,4.6132232115197,-0.091046849,-0.151340767,-0.260650043,-0.574353784,4.85852945435044,-0.397485837,-0.345314972,-0.245389543,-0.049450179,5.82734565881707,0.0284575675441061,-0.153907255,-0.166136261,-0.517570917,3.80972788226937
-0.000847388,-0.250058307,-0.11526047,-0.490525859,4.14211168028816,-0.251085126,-0.024430893,-0.377512819,-0.614262466,8.01491795340097,-0.141565882,-0.320184403,-0.127766716,-0.428815521,5.5205822083532,-0.142404699,-0.183951625,-0.142124337,-0.378088076,5.09198943146429,-0.061089206,-0.19176705,-0.179000605,-0.544592567,4.65506555149579,-0.148298204,-0.183368704,-0.201071354,-0.519326398,5.73945764495994,0.0322741434663324,-0.248521484,-0.094212582,-0.53205834,4.12382206355072,-0.224092646,0.00194403777553946,-0.37964811,-0.743218315,7.96085329812663,-0.041432373,-0.267709314,-0.098507143,-0.599673721,5.31813886212172,-0.114680499,-0.168955476,-0.130965419,-0.439861134,5.06545624607567,-0.014218178,-0.191483818,-0.141617785,-0.63153408,4.60986982525885,-0.080872532,-0.154523114,-0.169323076,-0.635659112,5.6813293521421
-0.157249125,-0.301673048,-0.086658171,-0.719113175,5.19157912633981,-0.486707324,-0.505280612,-0.201392345,-0.32391218,5.14894571675247,-0.362455414,-0.235285936,-0.328734566,-0.378745675,6.20161730164998,-0.241022008,-0.196581922,-0.27744668,0.063545607606967,5.1335035244215,-0.235261888,-0.219726216,-0.196573396,-0.390855918,5.82362954082816,-0.367926157,-0.345773558,-0.324224042,0.0525235629729944,4.76164332108875,-0.106481117,-0.301844511,-0.058226815,-0.82297093,5.15171876130559,-0.427673964,-0.485247629,-0.183595722,-0.390426434,4.98737509318949,-0.277775058,-0.193663552,-0.297567042,-0.516586306,6.02835382250829,-0.256034033,-0.194427492,-0.291234007,0.0846306059704901,5.21450804066299,-0.243519207,-0.240137543,-0.187984387,-0.375161638,5.90291479249382,-0.261094381,-0.29889073,-0.269754256,-0.087646546,4.52869515761259
0.225291367575821,-0.061109451,-0.069765568,-1.338671798,5.72280338410659,-0.289669811,-0.366590866,-0.223258231,-0.264628876,5.83451323191868,-0.449873311,-0.370929577,-0.390217501,0.110284994114373,4.98620642260536,-0.328192631,-0.263523367,-0.237491463,-0.117625916,5.72593758127682,-0.058424972,-0.258611447,-0.133986588,-0.510269439,5.25337442927313,-0.107955004,-0.238015382,-0.122634699,-0.545989225,4.8801267200897,0.281050927736151,0.0157798430780686,-0.084331379,-1.450811159,5.70610515492257,-0.378320673,-0.411918028,-0.254048113,-0.212651942,6.14394961887734,-0.36451149,-0.373463936,-0.321233994,-0.044204638,4.8618576198265,-0.372522986,-0.278895579,-0.269203504,-0.03952535,5.92325945140624,-0.126193054,-0.29199195,-0.154698903,-0.408701082,5.42314172839398,-0.100083708,-0.219731604,-0.131577759,-0.570679236,4.91546981123221
0.0675526847716625,0.0477224684571098,-0.274488755,-0.916954575,6.27256814871156,-0.568627868,-0.422766458,-0.465632114,0.394395501301563,5.44610888688437,-0.464897558,-0.306370102,-0.34722649,0.144561574005801,4.08533122533069,-0.186904828,-0.223694797,-0.268808886,-0.366008537,5.6362233397063,-0.107593585,-0.224782511,-0.181886354,-0.295400726,4.45618558548625,0.0033740339001754,-0.183255263,-0.173191406,-0.444832887,4.60705361729836,0.0139929708896198,0.0358528716826033,-0.319083181,-0.834755343,6.48319283736773,-0.83358353,-0.590335218,-0.542066872,0.709325442340509,5.64451732769126,-0.345142852,-0.310113265,-0.250873857,-0.082642724,3.99714067275771,-0.22354847,-0.247920778,-0.283604691,-0.313190463,5.80459904249995,-0.14209891,-0.222122999,-0.199084241,-0.240037574,4.47161628240796,0.0801576534993753,-0.156829684,-0.131214888,-0.578615743,4.52063224751716
-0.487750907,-0.394855182,-0.295260101,0.288401209273536,5.3624005900575,-0.071012076,-0.328569232,-0.100704073,-0.696806467,5.98531110647596,-0.061754048,-0.09432054,-0.211825477,-0.784579456,5.10771757681116,-0.26807101,-0.242990114,-0.225209455,-0.289762111,5.31391677778459,-0.404989323,-0.273314685,-0.294034592,0.012932129260826,5.43036890347119,-0.169745047,-0.301271524,-0.151930419,-0.403670711,4.48361575413483,-0.495019903,-0.413563533,-0.284884701,0.320822212726572,5.28346026294988,-0.016464066,-0.330048792,-0.050781788,-0.789219535,5.88039920402095,-0.028434199,-0.103086415,-0.162954484,-0.83921654,5.0338942192637,-0.217679897,-0.215438979,-0.205712672,-0.368362881,5.19554404489339,-0.405325653,-0.261959568,-0.299841445,0.0316698154501815,5.44499566273101,-0.048646233,-0.241275785,-0.099263558,-0.61008533,4.30374614830832
-0.414540205,-0.367648056,-0.166626945,0.137873447519257,5.1413062356742,-0.389752961,-0.301942079,-0.29736848,-0.518022802,5.27613513829362,-0.357457478,-0.168512799,-0.364133964,-0.25820022,6.50966891319408,-0.216221096,-0.274028603,-0.225007257,-0.004710587,4.3166076778685,-0.402839432,-0.360214785,-0.319165591,0.0301542128159477,4.7196803036645,-0.37630425,-0.228909719,-0.357668061,-0.056913669,4.22910071135599,-0.360206439,-0.428810257,-0.062281765,0.133658774532185,5.20059478396651,-0.319077985,-0.266442784,-0.27495013,-0.667497755,5.13017767260997,-0.271934571,-0.132626071,-0.329505788,-0.376615479,6.38042636009431,-0.291586403,-0.312229412,-0.257923589,0.121193534930288,4.45494162641757,-0.312816111,-0.317127212,-0.301936981,-0.085133673,4.55864445606957,-0.348518313,-0.217324007,-0.326701665,-0.130708879,4.20035134917734
-0.295296761,-0.378257106,-0.196556493,0.228563049469994,5.23059776256807,0.0246234171972733,-0.087564549,-0.15221022,-0.445837421,4.88057123604665,-0.086004967,-0.159901916,-0.150751284,-0.499194653,6.31439153517669,-0.262381297,-0.293326184,-0.233507678,-0.133069927,5.16741573871238,-0.205183322,-0.243990514,-0.21828341,-0.220448939,4.99404303149255,0.101994376859793,-0.141912855,-0.129550051,-0.719540875,4.24336675447607,-0.266432306,-0.350272557,-0.190434597,0.199438792535369,5.05216676885499,-0.000251908,-0.041357647,-0.205680315,-0.388164493,4.93715670162018,-0.033483987,-0.126313322,-0.137733545,-0.599538628,6.26373472550068,-0.296067684,-0.325973855,-0.228795832,-0.115651343,5.29224823574037,-0.199110207,-0.247552213,-0.214284019,-0.236603212,4.97016709052252,0.188039753632077,-0.094274449,-0.101301011,-0.866833923,4.17124504506011
0.115624676190913,-0.212939898,-0.193509442,-0.966970944,5.89906357333554,-0.230857269,-0.264715533,-0.265250109,-0.327218685,4.80838076595606,0.00244087019663849,-0.25197571,-0.040147958,-0.753597663,5.03697136574052,-0.164701834,-0.233408531,-0.217184498,-0.447409494,5.39166816488371,-0.205835326,-0.310289338,-0.212821031,-0.601331361,5.15833177801177,-0.417205732,-0.260387302,-0.330187886,-0.28568949,5.52071307747599,0.137391939836595,-0.208806345,-0.188502329,-0.988806948,5.7951778709378,-0.237222398,-0.319537932,-0.221798586,-0.250654159,4.73766668523756,0.0849614987267855,-0.200827996,-0.015879328,-0.84835903,4.85890672823034,-0.199216377,-0.248821238,-0.241523395,-0.408964042,5.48169826684026,-0.230180453,-0.313285096,-0.228081848,-0.553849926,5.18250378199686,-0.359557362,-0.191151422,-0.327614366,-0.418900415,5.47801258008219
-0.032513768,-0.092392091,-0.275007197,-0.700887825,6.73867119141078,-0.438876373,-0.278109575,-0.27916789,-0.095904941,4.66706983139214,-0.178321863,-0.352150501,-0.147249841,-0.409937559,5.37228981372654,-0.317201545,-0.248639887,-0.392520508,-0.261506456,4.38610458053283,-0.128542748,-0.259345703,-0.116875315,-0.53466838,5.20673304794346,-0.242891777,-0.227244381,-0.180432035,-0.331290093,5.62485281572286,-0.06727906,-0.110827465,-0.278102083,-0.622258248,6.77488061909773,-0.534653052,-0.283712863,-0.336888226,0.0114758975625575,4.7628809788509,-0.117450006,-0.321139724,-0.124306165,-0.477893126,5.29046101602503,-0.408490827,-0.258204477,-0.462276319,-0.143413947,4.58772946146793,-0.088753838,-0.258542329,-0.085777157,-0.592807629,5.20821760646214,-0.191112477,-0.184744705,-0.175613254,-0.405289048,5.54209512076568
-0.186041378,-0.112834235,-0.338475767,-0.227787308,4.42220549848716,0.0602175457026673,-0.198685058,-0.202507652,-0.398717751,3.89764612353384,0.0291769283389842,-0.199615817,-0.100048125,-0.425666621,5.74842158763576,-0.400143154,-0.269839958,-0.272548027,0.0498406824369516,5.4384558629586,-0.155169666,-0.269149578,-0.21821525,-0.099779604,4.80776728609094,-0.063837464,-0.211376078,-0.216763793,-0.732270996,5.3426708399371,-0.195402668,-0.131771725,-0.330078033,-0.186781816,4.45112579196809,0.0431347765704644,-0.230181399,-0.196074874,-0.329199052,3.89497468395059,0.084699775476001,-0.182598155,-0.077453418,-0.510861593,5.69392650344351,-0.412063043,-0.257220468,-0.272800964,0.0632748746893351,5.48135814697337,-0.168860751,-0.300282196,-0.209257981,-0.07985822,4.9172079957331,-0.025228137,-0.211379272,-0.184337545,-0.832393802,5.32542308793085
-0.652637879,-0.422520817,-0.320405603,0.0940796496031258,6.25044048136507,-0.20418668,-0.261948816,-0.203140295,-0.34415956,4.47784994996929,-0.081644242,-0.236299938,-0.212432266,-0.506206144,4.21309221996864,-0.348282434,-0.202366802,-0.312768517,-0.232103084,5.40672844124843,-0.274427109,-0.25903828,-0.303048697,-0.239934618,4.43789573478562,-0.484917736,-0.414199164,-0.223039561,-0.231467142,5.24329319101057,-0.715779714,-0.462818632,-0.300860874,0.136722121721466,6.39934607804624,-0.247663873,-0.291803764,-0.204870016,-0.263952207,4.49275915559477,-0.00847771,-0.17301248,-0.191173584,-0.622638829,4.14616588646097,-0.333633826,-0.225802608,-0.289244915,-0.206555863,5.32839094694448,-0.233186986,-0.233691215,-0.29605578,-0.261307004,4.36463266989164,-0.375447671,-0.352931638,-0.197715243,-0.414420958,5.13585879752082
-0.320504987,-0.271708365,-0.241864639,0.0440580668387891,4.8888511256039,-0.265740602,-0.279035398,-0.217210485,-0.286172675,6.49277566588336,-0.259716856,-0.030897936,-0.260931942,-0.124019725,6.77003416713614,-0.042970926,-0.250610532,-0.09512946,-0.788751533,5.52162244901947,-0.344887538,-0.224289649,-0.312353881,-0.183033155,5.29853562088004,-0.21279616,-0.203419394,-0.185783141,-0.067318747,4.67025029147009,-0.249594731,-0.207256043,-0.230446505,-0.078383329,4.73688107977203,-0.337739264,-0.325799999,-0.227487219,-0.170605107,6.86671687547207,-0.211711703,-0.007294742,-0.230968855,-0.218127575,6.74611452276533,-0.047362456,-0.260541017,-0.086910962,-0.784009328,5.60348207091264,-0.279829077,-0.213335578,-0.270476715,-0.271754703,5.10778512664337,-0.159347849,-0.176581109,-0.160792018,-0.163187241,4.59617690784547
0.00504236130580221,-0.229461183,-0.023710427,-0.817855157,5.37688219513358,-0.360946856,-0.236928365,-0.329076825,0.0315832177167464,5.41203773579575,-0.317590539,-0.228780947,-0.24321159,-0.2457741,5.30897918987485,-0.423216257,-0.326262835,-0.279198805,0.103459040970857,5.28059595171896,-0.292426112,-0.325492664,-0.123335869,-0.374312605,5.53525632354004,-0.052346929,-0.220406701,-0.131970831,-0.644926114,4.50995787880671,0.00198570702252889,-0.229202693,-0.0300571,-0.793371811,5.33675848774737,-0.424242574,-0.238143867,-0.38130494,0.144914473854448,5.64671622884893,-0.237646048,-0.183621382,-0.201183226,-0.408522796,5.20075531968199,-0.389248603,-0.323554745,-0.262946729,0.0445260447053987,5.26376863898904,-0.333325806,-0.329615258,-0.142046558,-0.321003117,5.6241918586364,0.00120444198655913,-0.20049741,-0.095018853,-0.75755741,4.44237703672771
0.082551303891558,-0.235537181,-0.221045553,-0.640831168,5.00442480771175,-0.805840647,-0.507182892,-0.308646394,0.413482727184904,4.41207673668958,-0.218535548,-0.372185413,-0.208003081,-0.295985525,5.05968119974336,-0.296126213,-0.212495925,-0.341816244,-0.155196205,4.9651434383617,-0.127340859,-0.219517254,-0.263258575,-0.28877678,5.47326774277521,-0.330128692,-0.283082017,-0.337818643,-0.151825922,5.19651389599668,-0.006094258,-0.260285462,-0.280451608,-0.504579538,5.14518196524391,-0.862776351,-0.543977852,-0.299077373,0.562594942582242,4.3808109764602,-0.103653276,-0.295732796,-0.172623134,-0.528681448,4.91387754510964,-0.33752398,-0.198407725,-0.423703728,-0.010357049,4.49495890560393,-0.174009918,-0.237582894,-0.278917648,-0.194227289,5.55982897093087,-0.218171193,-0.233758899,-0.294932338,-0.36545481,4.9710393681428
-0.274642373,-0.195820495,-0.262973667,-0.719371512,4.56377407385897,-0.091401801,-0.090466649,-0.255127536,-0.426089308,4.87833996291667,-0.318500914,-0.207920277,-0.364635034,-0.292169305,5.98902217083919,-0.100470381,-0.292874886,-0.203570605,-0.253792406,4.78349525448946,-0.211127946,-0.193430735,-0.286794858,-0.276811596,4.59800046910385,-0.010397427,-0.100321855,-0.221699906,-0.585219545,4.41209590910751,-22.62243689,-15.11526959,-17.89973159,-10.7066714,45.1195958564647,-0.087051402,-0.060128339,-0.295210306,-0.432198868,4.8822084128564,-0.199698538,-0.158754599,-0.296543261,-0.520919152,5.78470570980884,-0.16138232,-0.356020549,-0.215221907,-0.138790376,4.94406971173323,-0.213014273,-0.17006107,-0.301198666,-0.268489425,4.61689682940115,0.0208791840670909,-0.064558865,-0.228186025,-0.651959832,4.44996671001525
-0.622696631,-0.214470564,-0.430901611,0.124102638237207,5.9054830206079,-0.185201225,-0.382567571,-0.168382044,-0.905259469,5.72276118395617,-0.529570804,-0.314679356,-0.30424873,0.16834116140645,5.62876567361571,-0.313802049,-0.291817053,-0.25568726,-0.220151302,6.03214600898933,-0.303707592,-0.311354154,-0.267233692,0.11048300576465,4.12341418423701,-0.385954569,-0.36126396,-0.200469876,-0.065928073,5.08037549271158,-0.669722764,-0.21033587,-0.450796543,0.139596097554721,6.01596875155377,-0.15780121,-0.363128407,-0.189613259,-0.918751875,5.74393465225191,-0.382562857,-0.239520081,-0.277585842,-0.044370543,5.20878728712842,-0.323466955,-0.281334331,-0.270690596,-0.194290725,6.05293232205321,-0.295430347,-0.312667093,-0.247367952,0.106503761191798,4.14381764474078,-0.272819968,-0.297634954,-0.176645044,-0.249512192,4.90962312371951
0.071963894726641,-0.102502035,-0.147205584,-0.441019402,4.05147157108905,-0.119724441,-0.277875244,-0.099971575,-0.021202975,5.28498889166678,0.0524033752908922,-0.179230478,-0.120874254,-0.892236171,4.84164251301142,-0.153018036,-0.234696319,-0.214997366,-0.408170482,4.45189266720057,-0.248238783,-0.320692878,-0.197214633,-0.542635915,5.43470810359306,-0.517253237,-0.388659174,-0.207285225,-0.429553757,5.93118244120975,0.0797930398588777,-0.08750504,-0.161364839,-0.46129408,4.04165368479474,-0.133309969,-0.276583012,-0.084837824,0.00309126134272954,5.20842573521733,0.151773757177735,-0.132924523,-0.078421006,-1.050915958,4.69083078272932,-0.136810319,-0.221409732,-0.220991045,-0.415575846,4.42351626153938,-0.243020183,-0.330412471,-0.183703812,-0.508665748,5.40920704978809,-0.422417386,-0.355293852,-0.153263322,-0.582943599,5.77271148363728
-0.263967667,-0.364091501,-0.364937543,-0.293204951,5.20867653012655,-0.64367841,-0.390791391,-0.456013483,0.444292060072747,5.29628209915422,-0.143944078,-0.130525446,-0.169927174,-0.500842439,6.67481591624576,-0.495159404,-0.302761377,-0.316293756,0.189733979725268,4.53479056072605,-0.365945794,-0.239698866,-0.313840675,-0.100426076,5.90115492585487,-0.422581136,-0.163798497,-0.386794675,-0.324454343,5.79886049716216,-10.31513171,8.60827440213303,-14.64890064,57.3204932322373,35.9002000066306,-1.066218282,-0.519093373,-0.662547094,1.08423488658404,6.19044593219733,-0.115441682,-0.146252093,-0.124677961,-0.55624529,6.64776672797315,-0.534872139,-0.303865195,-0.324910064,0.250145914773348,4.53271317245344,-0.328219775,-0.222163993,-0.292070586,-0.151955511,5.73465088965382,-0.314766793,-0.136076387,-0.332378199,-0.497283086,5.62556010909318
-0.593286768,-0.368616204,-0.452213844,0.196376970265492,5.733778382,-0.513716315,-0.297855515,-0.361875168,0.173009312942342,5.4348006751159,-0.57019408,-0.394654157,-0.309866589,0.403700468504088,4.89950788897285,-0.183878029,-0.223893959,-0.210756154,-0.468639602,5.41620193881752,-0.070899865,-0.195830638,-0.217537719,-0.33685993,4.97509623025377,-0.435967757,-0.287746431,-0.274839021,-0.021765288,5.03171693060051,-33.95032629,-14.37692531,-14.15991934,12.2009889244689,98.0539225013116,-0.55981743,-0.316758283,-0.387483701,0.23081488115042,5.60067448956812,-0.422918415,-0.314432907,-0.268395972,0.148804826929292,4.63827183000373,-0.217930705,-0.268617191,-0.195242711,-0.402667484,5.38634196336159,-0.129696621,-0.230404542,-0.235888417,-0.248473147,5.04536573194466,-0.341065263,-0.246095252,-0.226160906,-0.182579902,4.89421316610042
-0.352467634,-0.260652341,-0.225465176,-0.050137294,5.93908021582709,-0.494488798,-0.35383781,-0.322214191,-0.436730478,7.74873008477289,-0.491230745,-0.331630314,-0.251060444,-0.40923697,6.03983237014276,-0.242929869,-0.286413452,-0.228710429,-0.261227572,5.04818141969067,-0.169210872,-0.077528445,-0.313496882,-0.191382203,4.92676508459141,-0.116456168,-0.215733478,-0.173736379,-0.181479804,4.17628526872634,-0.406103968,-0.301005573,-0.215387983,0.00299828039207238,6.10633391106744,-0.584819225,-0.375567767,-0.411941354,-0.021435186,6.09369264079868,-0.469818019,-0.337641972,-0.224364661,-0.45464875,5.95836838419262,-0.230371239,-0.275679666,-0.216783097,-0.271856032,5.04913734982828,-0.234290714,-0.080999548,-0.346556914,-0.072147943,4.9833272434486,-0.074009887,-0.182667629,-0.172438344,-0.268091218,4.13996578596224
-0.10309942,-0.046249642,-0.310420848,-0.606636187,5.02432189263051,-0.030236772,-0.2303281,-0.219874394,-0.176073019,4.30500332267561,-0.424127251,-0.399263047,-0.208917106,0.165637980346038,6.39956451011251,-0.384677598,-0.216644851,-0.338385451,-0.279889346,6.35082785873384,-0.384232764,-0.249353299,-0.320293056,-0.16805403,4.24379163092885,-0.272075253,-0.255356439,-0.161960013,-0.772278567,5.87332350797573,-0.069260869,-0.005397626,-0.315344427,-0.68966888,5.11128475350596,-0.023621277,-0.217775884,-0.21954031,-0.177115882,4.37250600993366,-0.37140721,-0.352768643,-0.188731727,0.0615697616397213,6.20867961204805,-0.403809297,-0.202151732,-0.381579582,-0.230619633,6.43474279400653,-0.423018766,-0.269333163,-0.32291624,-0.166371495,4.28473180767639,-0.194040193,-0.211087244,-0.132777178,-0.914468174,5.7733799461861
-1.034281019,-0.384220632,-0.626840236,0.883585401926921,5.80839749362544,-0.289748275,-0.35160792,-0.154873983,-0.469774376,5.66687216444692,-0.386877058,-0.180426172,-0.275355329,-0.085637194,5.27243289942906,-0.053679125,-0.147964622,-0.145483669,-0.612056732,4.64495034632164,-0.307493002,-0.214587192,-0.267332477,-0.199213653,5.0520001345864,-0.161769836,-0.227725539,-0.249397377,-0.234427022,5.20159851795792,-1.279601177,-0.55949577,-0.716796788,1.2779387294016,6.42074105379946,-0.316613946,-0.419006482,-0.11615861,-0.539580854,5.82814069684152,-0.279891242,-0.122484848,-0.237694218,-0.234542679,5.12691487507873,-0.006234647,-0.11534615,-0.134075189,-0.687408012,4.5908032219889,-0.347275337,-0.244119593,-0.270243515,-0.132317163,5.03314659753902,-0.118653829,-0.220668836,-0.213947675,-0.318599051,5.20024587350126
-0.251955073,-0.439293318,-0.246042411,-0.145911403,5.29149699559387,-0.284789822,-0.313003877,-0.224077959,-0.069691823,3.8459193806372,-0.166724979,-0.243125065,-0.186852036,-0.094226758,3.80437235266497,-0.402666032,-0.343753142,-0.218604069,-0.109167578,4.80190010180794,-0.294021267,-0.325816874,-0.227552593,-0.288348698,5.58805033497812,-0.425424497,-0.450640939,-0.134510234,0.080991650095592,4.16339758603061,-0.322765074,-0.513691766,-0.269698822,-0.108795294,5.6947746843992,-0.270367205,-0.292551173,-0.23878854,-0.123304653,3.8593397538713,-0.117094748,-0.215147515,-0.166222204,-0.179162399,3.75265364408263,-0.36154173,-0.312649347,-0.212442071,-0.155237892,4.74618688361391,-0.265681639,-0.304209792,-0.229262173,-0.349406391,5.55357784318536,-0.29428342,-0.369066122,-0.108611415,-0.128699831,3.98852522700513
-0.338480978,-0.271749257,-0.318937119,-0.041064998,5.19825320490826,-0.285989417,-0.191445306,-0.187870988,-0.133196708,6.90273049639011,-0.292013963,-0.117005506,-0.334388668,0.0490231174173357,5.08320512202352,-0.221469179,-0.308106817,-0.178681229,-0.210114252,4.26047908105031,-0.377823436,-0.28274392,-0.271780017,-0.010513139,5.59551476932851,-0.40919756,-0.343799988,-0.239757629,0.0256113372633156,5.10394640292532,-0.226136665,-0.222680546,-0.261349539,-0.159488754,4.83436280931024,-0.252997525,-0.184141207,-0.162577874,-0.199592476,6.70063572500386,-0.240965523,-0.08526471,-0.319357301,-0.052672512,5.10319134162908,-0.221600168,-0.324117953,-0.166632273,-0.198307061,4.2526032842904,-0.420960703,-0.28982777,-0.303057906,0.0749301528235107,5.61394976144846,-0.373811348,-0.345793516,-0.203102186,-0.049868774,5.09491059957779
-0.416739796,-0.251176573,-0.33896504,-0.022124054,4.43211317227574,-0.242722902,-0.252629874,-0.237201662,-0.6535049,5.4600608563972,-0.395976366,-0.334305514,-0.33746556,0.295845349229048,5.39565040245647,-0.233247683,-0.258104669,-0.157438232,-0.646472227,5.67825864757726,-0.284740963,-0.257843249,-0.249772091,0.0656448175395626,4.20042878976998,-0.249195373,-0.173840278,-0.226376175,-0.370234581,5.2990649983924,-0.416929973,-0.27041358,-0.346041346,-0.032081852,4.48541919257538,-0.213753132,-0.20997483,-0.25447792,-0.749002251,5.46643845506894,-0.210856923,-0.269886023,-0.272092423,0.000726659199637734,5.14552812503125,-0.278726899,-0.296079186,-0.153966947,-0.595830216,5.70558463311144,-0.272014315,-0.241020049,-0.24163488,0.0281372143885118,4.11029144881273,-0.221455706,-0.156202524,-0.20418196,-0.418207863,5.27704225342884
-0.026764652,-0.174799404,-0.179436475,-0.503743984,5.59536463684199,-0.631745131,-0.348425642,-0.395827494,0.633163792751505,4.72115007959849,-0.224450265,-0.303190126,-0.278701909,-0.355999492,4.32930483155465,-0.3238451,-0.244713832,-0.274359979,-0.310683446,5.47644741334871,-0.568565264,-0.291650346,-0.342466918,-0.114420994,5.74689676742589,-0.417503742,-0.305231039,-0.322739264,0.137414585245985,4.76920800390545,-0.073550957,-0.174105987,-0.200468952,-0.453915503,5.62930612639687,-0.67358327,-0.320353473,-0.440549362,0.682993195826314,4.7080098476522,-0.113958072,-0.244701298,-0.238000227,-0.5048687,4.17269321494032,-0.433902037,-0.248363329,-0.350034339,-0.179716253,5.638203627,-0.628055894,-0.324645587,-0.360967714,-0.022939873,5.84955705125142,-0.318824024,-0.282091039,-0.250499953,-0.039295775,4.67322475054232
-0.368054776,-0.367391476,-0.354708776,0.0893995529732282,4.82517126042344,-0.323684362,-0.365451613,-0.138961471,-0.736099921,6.18091547794872,-0.355922724,-0.255998862,-0.295517138,-0.148233918,5.66129320692478,-0.272447563,-0.206164891,-0.232741007,-0.380473322,5.55946357434773,-0.268704351,-0.279584862,-0.289385882,-0.274942193,4.98739324562264,-0.24616302,-0.107538306,-0.243167631,-0.27147505,4.40966016971686,-0.409432544,-0.352038233,-0.421031049,0.157438467705042,4.95100656956837,-0.327347149,-0.397877848,-0.113250669,-0.824762966,6.25970286153237,-0.290659356,-0.22997683,-0.263114332,-0.302350258,5.49632612091347,-0.283254938,-0.226350784,-0.239058931,-0.362945068,5.63840230690141,-0.350896676,-0.326131481,-0.326339172,-0.145743521,5.36120804578784,-0.189078902,-0.095776511,-0.196240118,-0.377948055,4.35446388517955
-0.033118365,-0.188356619,-0.241191718,-0.237724307,4.17709376508058,-0.602244601,-0.274711637,-0.357333389,0.50859700335034,4.34314696157165,-0.17488602,-0.266809816,-0.152661866,-0.390447894,5.6678392354872,-0.426251617,-0.428768452,-0.250257481,-0.185953724,5.23925265710277,-0.319627991,-0.229377724,-0.223458662,0.0211260614318635,5.12121478113457,-0.255053674,-0.220490651,-0.28282327,-0.041679547,4.30786175190596,-0.028448061,-0.16712975,-0.270317677,-0.232041927,4.18138732630517,-0.603720201,-0.294055643,-0.348202304,0.524110114318257,4.42619593515686,-0.086595243,-0.228303658,-0.107359328,-0.531291496,5.48393586875263,-0.43754026,-0.430431508,-0.250294652,-0.217651435,5.37811074215554,-0.309994735,-0.208335354,-0.218742032,0.00149852436786007,5.0705999361648,-0.223087188,-0.202316134,-0.262379673,-0.125455367,4.20581666451872
-0.266620444,-0.235980001,-0.223725242,-0.173199885,5.28838994135074,-0.508384505,-0.315002179,-0.365486544,0.22221339823756,4.76780422056144,-0.23844379,-0.289596422,-0.23027889,-0.315337993,5.73703637440943,-0.54121328,-0.3089131,-0.339239941,0.306505267931844,4.7534364534821,-0.178871453,-0.33119755,-0.094226283,-0.116008677,3.9851642101734,-0.325341096,-0.246644665,-0.265408456,-0.302396561,4.99751158742413,-0.350622084,-0.291355149,-0.231011858,-0.084435381,5.47622127459156,-0.535404415,-0.326421712,-0.385201692,0.293793441465122,4.69931435981761,-0.099019286,-0.21981718,-0.169186019,-0.514720961,5.45492834329808,-0.534900853,-0.313728818,-0.315681757,0.329551412404487,4.68797716101706,-0.112757024,-0.32028852,-0.047191743,-0.245662169,3.94177247612254,-0.183750532,-0.198524208,-0.179215503,-0.578280864,4.78840171533431
-0.63336009,-0.42782868,-0.381193665,-0.222103038,7.19387272397652,-0.11961691,-0.184042332,-0.182007277,-0.573291421,5.00318384312036,-0.274650734,-0.18009063,-0.373761902,-0.123831694,5.79100872293308,-0.355602125,-0.315226968,-0.176913688,-0.189932594,5.75337406632964,-0.429981176,-0.328347411,-0.27564542,-0.097924559,5.11185862104503,-0.155386129,-0.17291141,-0.22200223,-0.232950582,5.33933064452816,-21.40714266,-18.00988058,3.32453489591895,14.3847131598501,70.7723613442967,-0.239205412,-0.191786932,-0.270282501,-0.367643566,5.07488007182156,-0.146308717,-0.142568851,-0.297035383,-0.335148442,5.67539063393434,-0.43931828,-0.362070125,-0.20637704,-0.107236461,5.94120966518304,-0.435455826,-0.350544279,-0.249120399,-0.101239369,5.11550224466786,-0.08347824,-0.126010468,-0.199296323,-0.347225753,5.20630308783417
-0.048381385,-0.248340531,-0.271405672,-0.402920474,3.97278971048938,-0.414771406,-0.410172515,-0.27380462,-0.421854551,5.02800261082026,-0.233090881,-0.038682808,-0.307082984,-0.4307361,6.25772670660846,-0.521007884,-0.249318936,-0.431403448,0.135723019479104,4.71158058875799,-0.281787138,-0.330646107,-0.159664271,-0.11895843,4.98154721427973,-0.481773677,-0.20677992,-0.401458781,-0.02896025,5.58343879598852,-0.218532298,-0.345408229,-0.322582933,-0.187284251,4.20023889646644,-0.589369115,-0.532757557,-0.374584348,-0.218863915,5.21413513372197,-0.181236493,-0.038373688,-0.265414785,-0.540841024,6.16656059605178,-0.586627562,-0.260244122,-0.456092729,0.191988614041723,4.87650571155938,-0.261081188,-0.323887072,-0.142276926,-0.140769339,4.91269217294819,-0.359757714,-0.166838377,-0.336783909,-0.192995376,5.37091692329182
-0.023352806,-0.32099234,-0.113807309,-0.217942739,4.59678534809774,-0.153949494,-0.128272882,-0.243292202,-0.675388781,6.85794618015927,-0.09443703,-0.115240304,-0.274351491,-0.3829688,4.67451052826909,-0.201003562,-0.249461184,-0.285382827,-0.134751507,4.02771134815669,-0.127949467,-0.20038481,-0.26940534,-0.31036016,5.12264487867789,-0.346841625,-0.37956199,-0.179235375,-0.091230724,5.10495378448052,0.0435956762252145,-0.276570449,-0.117166748,-0.338643126,4.56174464140765,-0.145168769,-0.091955306,-0.255643593,-0.683453985,6.80452413637706,-0.032774231,-0.097783479,-0.232458962,-0.506707017,4.57587076966542,-0.115105485,-0.226874345,-0.241028732,-0.247733869,3.89390832679806,-0.135884418,-0.192159599,-0.293664391,-0.280355614,5.1691399635704,-0.260476272,-0.323246555,-0.169242721,-0.219082274,4.94877152652093
-0.05965763,-0.111664799,-0.263344069,-0.535848072,4.88798187982711,-0.053022896,-0.225109593,-0.137212781,-0.262821209,3.87035548556978,-0.315968693,-0.229653868,-0.27443499,-0.073840226,5.29603195234244,-0.443110872,-0.322676159,-0.316977972,0.132364390959365,5.07317281177917,-0.347070306,-0.381258804,-0.261540859,0.230362293716346,4.17414217780417,-0.229353609,-0.242189143,-0.247593462,-0.221124552,4.25126829498699,-0.092525237,-0.134881469,-0.260061177,-0.478114804,4.8800809,-0.089962771,-0.244346888,-0.143034204,-0.233991688,3.92300480696531,-0.323802947,-0.232018651,-0.275940509,-0.070869468,5.4474813086538,-0.395358792,-0.281676305,-0.32054287,0.0859892706015523,4.92359204699941,-0.245856847,-0.342799874,-0.218051448,0.0912491748430311,4.01875073072305,-0.126980334,-0.199659191,-0.196471283,-0.351389365,4.11745815188605
-0.018579408,-0.241544742,-0.219040742,-0.549575641,4.52618339237839,-0.400901907,-0.3139993,-0.384976176,-0.034702155,5.03794692400097,-0.46054156,-0.217431695,-0.296328836,-0.200286728,5.23261505596337,-0.20588524,-0.1891199,-0.266827527,-0.307371847,5.67206605568394,-0.02173348,-0.152198023,-0.160103633,-0.441398936,4.63427686249879,-0.168555147,-0.203784152,-0.189343683,-0.571929759,5.07670835031897,-0.001306168,-0.243570297,-0.214815931,-0.554287191,4.53256445114321,-0.441741855,-0.290027331,-0.454882567,0.0187536522650573,5.28994630864654,-0.379797089,-0.171268521,-0.253179623,-0.348314493,5.1794877582761,-0.223817266,-0.205660738,-0.26535268,-0.278847576,5.73136863007272,-0.021997683,-0.174729645,-0.131815404,-0.433462408,4.63569132584123,-0.086433392,-0.16730159,-0.156319204,-0.691035427,4.96429938366963
-0.323367306,-0.471313596,-0.218602421,-0.085273832,5.37705449452183,-0.38962294,-0.263298127,-0.32426312,-0.125395242,5.51710689474071,-0.169843435,-0.116615779,-0.299139147,-0.629521565,6.02038353322015,-0.155928022,-0.154436489,-0.296893049,-0.3078838,4.45368656962482,0.107837486344571,-0.052094705,-0.153924401,-0.758114581,4.77745309407636,0.0751029259161136,-0.160139113,-0.135604757,-0.665304009,5.74383927636447,-0.369433801,-0.47820388,-0.226770597,0.0295671638200879,5.40414498393295,-0.440914385,-0.278888926,-0.368224323,-0.031768965,5.70708443039801,-0.084311552,-0.09538871,-0.24370511,-0.740482092,5.85021838381564,-0.170102182,-0.143598549,-0.313323831,-0.296392861,4.66111575771709,0.157678872403895,0.000105381111812433,-0.164612137,-0.852962297,4.78058491077715,0.131558680665355,-0.128873413,-0.11318272,-0.754486681,5.64434447638438
-0.35481564,-0.282879087,-0.306605695,0.0370413905351873,5.86321166748537,-0.199345367,-0.312637039,-0.228664565,-0.130071468,4.04281186829773,-0.256402538,-0.316800745,-0.212423966,-0.68369695,5.35842349925229,-0.347744268,-0.272852028,-0.336174128,-0.082288978,5.76592106601045,-0.117878018,-0.330653997,-0.177898839,-0.212345899,4.39774499174304,-0.300082685,-0.350182221,-0.223485082,-0.404050659,6.03955691194776,-0.555978256,-0.401314627,-0.394452033,0.285938674432612,6.32026851484889,-0.268770981,-0.320826907,-0.265786448,-0.051468686,4.15787322774692,-0.119363944,-0.252867123,-0.142963211,-0.895414233,5.06798726763825,-0.446571138,-0.318859828,-0.380840417,0.0428637595275176,5.99141110420326,-0.18478648,-0.376249098,-0.184663291,-0.125615792,4.56530707546748,-0.241676589,-0.316545169,-0.216181364,-0.517850502,5.99228499307121
-0.554149294,-0.136568704,-0.329301338,0.0614331366076981,6.31177681961296,-0.135032656,-0.049067423,-0.204507248,-0.185417506,4.69499354720022,-0.273613238,-0.250723895,-0.254850733,-0.304282781,6.26980212386934,-0.105302769,-0.249098486,-0.154104114,-0.477977379,5.24690682441995,-0.299906633,-0.412254179,-0.238627767,-0.16205755,5.09514143566625,-0.102693841,-0.211808774,-0.177376456,-0.416081308,5.10135315342059,-0.565688811,-0.140114365,-0.331018818,0.0693026818417583,6.40967761354098,-0.090158362,-0.015066341,-0.202051291,-0.25876367,4.66409217064181,-0.159286423,-0.197103431,-0.199546799,-0.552240402,5.97843515374751,-0.142984492,-0.254676815,-0.18156446,-0.405668049,5.25639714728289,-0.282488676,-0.402693218,-0.248849322,-0.213734642,5.08729460906041,0.00869412803636489,-0.150081372,-0.140775155,-0.588220707,4.96516028535782
-0.199039376,-0.16387671,-0.136044694,-0.520784298,5.61204291663169,-0.228649939,-0.302718523,-0.139697348,-0.538029892,6.50675725771935,-0.065773487,-0.22110339,-0.213173154,-0.319573052,4.10136491264335,0.0732597401547047,-0.179797837,-0.101745278,-0.674664679,4.68616613867792,-0.445675897,-0.257842177,-0.386162564,0.206875403490236,5.32348159158227,-0.372482495,-0.350085969,-0.211345774,-0.46741841,4.77708477,-0.179574866,-0.15248433,-0.139896998,-0.540700026,5.61035264107589,-0.317750697,-0.344261605,-0.189271671,-0.447199327,6.85261750270311,0.0160175175828524,-0.171393271,-0.18259115,-0.422765288,3.86411487275885,0.127373634048539,-0.15634281,-0.075538921,-0.751152508,4.60432405217422,-0.628793691,-0.33035768,-0.457272698,0.501977053873549,5.6066367052595,-0.284741381,-0.305376103,-0.181629862,-0.586409746,4.67044371147998
-0.187479119,-0.189079704,-0.304665888,-0.369417095,7.00377937687445,-0.68795209,-0.368240281,-0.249096556,-0.03045089,6.66983922624841,0.160313307832128,-0.22344949,-0.102269518,-0.695504393,4.71490647711326,-0.284281819,-0.263700088,-0.245698757,-0.255502595,5.22698469782324,-0.280982895,-0.247852157,-0.269311376,-0.260376817,6.72885680782194,-0.236656463,-0.201623928,-0.333944844,-0.683998675,5.20112891777622,-0.217140335,-0.19213705,-0.336056649,-0.321578712,7.15560506483959,-7.338688026,2.95928001846963,-7.58478916,35.6756204674809,31.7437875475586,0.281768561234508,-0.178161488,-0.050724154,-0.912532402,4.63523432743266,-0.239898845,-0.232435113,-0.248415621,-0.324045749,5.14403929644126,-0.288804493,-0.253265664,-0.260974996,-0.260171792,6.7553421647017,-0.118961542,-0.15892047,-0.280811608,-0.878143143,5.0240218477424
0.360793763045323,-0.114917988,-0.065112434,-0.895882492,4.04854355522954,0.0884299778498805,-0.197503033,-0.07974125,-0.494058384,4.41272733013838,-0.196129317,-0.216335303,-0.303563119,-0.261363473,4.44747061996003,-0.231296168,-0.241740946,-0.293447547,-0.115449405,5.35621103836277,-0.359591924,-0.219456699,-0.205067334,0.00290154367669891,5.1357673128191,-0.46430437,-0.208879175,-0.334776774,0.0315717736373585,5.08982294177328,0.383801396465313,-0.11126629,-0.052447578,-0.93809129,4.04080222213936,0.121357462254262,-0.184028291,-0.066811974,-0.531998554,4.34589343045661,-0.119498743,-0.202988262,-0.22584075,-0.432992858,4.21546364028018,-0.269401148,-0.271120201,-0.308624086,-0.124167667,5.7728011603174,-0.313453171,-0.203167927,-0.181681738,-0.089277332,5.07621724756547,-0.372822213,-0.171235734,-0.299548379,-0.134196345,4.98898242562468
-0.168056864,-0.242850473,-0.060590195,-0.545743677,5.34542040110172,-0.234773157,-0.280827384,-0.272445686,-0.11979478,4.95993422874855,-0.714688108,-0.399049626,-0.330860609,0.376056182250114,4.47852871192816,-0.303194021,-0.252511228,-0.194412655,-0.284591866,4.41386699673417,-0.285058377,-0.224897521,-0.313433799,-0.44619714,5.65951647428122,-0.135361004,-0.188854338,-0.187629176,-0.424253394,4.66213918707035,-0.16482974,-0.227408555,-0.061261487,-0.545551947,5.29908918134349,-0.194438052,-0.271019902,-0.241956543,-0.164870286,4.90815365560942,-0.442468282,-0.309577111,-0.180552267,0.0238932470023495,4.19111686479833,-0.268659269,-0.225931428,-0.185925831,-0.34959598,4.34817820905256,-0.266437948,-0.228048463,-0.292070724,-0.46405291,5.59007670257358,-0.043890406,-0.127573628,-0.154938889,-0.566284631,4.55988616345784
-0.124999396,-0.167002229,-0.211451781,-0.528566299,4.76023914145006,-0.608892274,-0.276569282,-0.283415352,0.0544944351155417,6.80135070321353,-0.077168829,-0.248396449,-0.210951115,-0.176666367,4.95632291977223,-0.356394496,-0.349086493,-0.24040113,-0.218977808,5.61363258930599,-0.361618486,-0.348018987,-0.280097266,-0.216904105,6.55660936576565,-0.205876254,-0.174932796,-0.214665937,-0.317671686,4.71882420484176,-0.114278653,-0.171358694,-0.18878233,-0.563333752,4.72283242462427,-0.664350113,-0.354664961,-0.258296851,0.183780418520341,6.89597541525482,0.136307141581693,-0.14770608,-0.121184772,-0.486942926,4.51980745146856,-0.339400367,-0.346335096,-0.220215372,-0.275334159,5.54171474549857,-0.338701013,-0.379417185,-0.228550925,-0.290472337,6.50325376842962,-0.14282929,-0.135360391,-0.188125461,-0.426026727,4.63773467309746
-0.318747965,-0.304428057,-0.290341033,-0.13232537,5.48667353512526,-0.269161305,-0.188277049,-0.325050516,-0.36504834,5.50305497999986,-0.122306172,-0.299050016,-0.104962181,-0.166845593,4.5992950267919,-0.11583397,-0.175039111,-0.27644495,-0.383982215,5.51824639567428,-0.278787742,-0.152567593,-0.318895463,-0.018461362,4.62877654744741,-0.429481129,-0.235026683,-0.363264601,-0.233331861,4.95183567245012,-0.224050429,-0.240067959,-0.280980795,-0.283111606,5.21054398573379,-0.281000393,-0.209142219,-0.329042014,-0.417009757,5.53983724528079,-0.038698368,-0.255609706,-0.059634185,-0.321152759,4.51776796262632,-0.202694685,-0.174595807,-0.348368239,-0.261340578,5.76271468547259,-0.344141182,-0.168383806,-0.354939035,0.0700492277852468,4.71807359700822,-0.312098474,-0.17281301,-0.317914585,-0.438336127,4.8171173254285
-0.509021407,-0.359832356,-0.23688015,-0.080475724,5.47225878,-0.078091326,-0.215961681,-0.353875271,-0.262328903,3.76888463311647,0.0368387211787097,-0.073562776,-0.159527475,-0.405867305,4.9058210715959,-0.305081388,-0.266559583,-0.288169671,-0.229769866,4.11967189872267,-0.186561789,-0.220996175,-0.251705687,-0.118152121,4.70696346005708,-0.218605312,-0.231382847,-0.142510221,-0.481268109,5.35935323639739,-0.543750842,-0.403612562,-0.207514823,-0.03524257,5.57607438580399,-0.118611877,-0.1873426,-0.404107746,-0.181605219,3.73592551466267,0.07650993529723,-0.075925827,-0.118202239,-0.471106238,4.83841575406057,-0.51190998,-0.369635319,-0.339930011,0.0409907779072027,4.35714181491469,-0.188861854,-0.201166383,-0.277019058,-0.119385726,4.7413375165531,-0.140886891,-0.188003719,-0.113893146,-0.63487095,5.2762298854576
-0.434262378,-0.260712824,-0.307450644,-0.082962617,6.17771055363026,-0.072665822,-0.172455963,-0.219084344,-0.62239704,5.7455755480969,-0.184987907,-0.200327147,-0.242091891,-0.688122564,6.2248001313294,-0.363418949,-0.313354175,-0.223511433,-0.186317243,6.97892525727801,0.0900763457174334,-0.154060613,-0.046624066,-0.741527754,4.71806301067791,-0.317906154,-0.190675787,-0.302783003,-0.106460128,4.55147947744986,-0.398528519,-0.255516897,-0.283704781,-0.184348621,6.14725109790375,-0.082672971,-0.173739711,-0.238123672,-0.644736872,5.85355641276838,-0.137662334,-0.19632925,-0.194606192,-0.770791949,6.04898710344935,-0.319295127,-0.289140021,-0.219598357,-0.221445204,6.82587962974859,0.0933383437367332,-0.175994446,-0.024697425,-0.746373332,4.76215395129335,-0.216416213,-0.159217702,-0.240659208,-0.275131791,4.45609292554274
-0.195481009,-0.340372229,-0.270554947,-0.134793215,5.0598598470133,-0.046048901,-0.265825649,-0.178910772,-1.0803527,4.54569943631987,-0.174925837,-0.347934312,-0.083558131,-1.014155307,6.5841134582452,-0.347975809,-0.289423166,-0.231329641,-0.321983955,5.19557678377077,-0.17800822,-0.276040544,-0.19969097,-0.354126235,5.32752701968159,-0.396890412,-0.250777897,-0.312862491,-0.098540363,5.4489121747341,-0.273108694,-0.356823252,-0.322220179,-0.082049349,5.32894899870358,0.0187594079916235,-0.209075872,-0.201555446,-1.160550101,4.44066760018132,-0.138883604,-0.331870813,-0.056995059,-1.118281465,6.5158204503184,-0.540967905,-0.38628734,-0.301641579,0.0111743127656555,5.41369377706636,-0.165491849,-0.268367578,-0.195357921,-0.359587518,5.34249661425742,-0.329105776,-0.206602086,-0.279409694,-0.217338625,5.25440892415816
-0.209294405,-0.298035718,-0.174522951,-0.221875099,6.09186506422544,-0.380626557,-0.28431189,-0.26060488,-0.095551309,4.35921145968439,-0.280863998,-0.269028964,-0.104080501,-0.671490839,7.37003473721939,-0.10336571,-0.280979464,-0.231264748,-0.370414314,4.37270174162671,0.0240254856151569,-0.300398105,-0.071032224,-0.626968368,5.18366446842989,-0.103225601,-0.219708687,-0.220939972,-0.405451301,4.40429366695207,-0.219559012,-0.30953681,-0.189036785,-0.184967658,6.10438791254394,-0.419984688,-0.299704892,-0.253064109,-0.028454364,4.40050126367183,-0.218753531,-0.248860972,-0.05124597,-0.819163529,7.31317865642397,-0.147684516,-0.347818457,-0.232488888,-0.317872545,4.47966056807269,0.0289601451710178,-0.292410151,-0.078597737,-0.651227365,5.15733361000932,-0.033097884,-0.200295925,-0.177871369,-0.532509508,4.29563013466535
-0.425468571,-0.339822607,-0.211121151,-0.038494741,5.23820865062604,-0.223334292,-0.220978547,-0.229977488,-0.470002831,6.10231704559317,0.1312142426758,-0.066636387,-0.169103017,-0.510420624,4.92285887134043,-0.124001211,-0.206859339,-0.284355278,-0.342188772,4.86842402507905,-0.138731731,-0.177904465,-0.286186595,-0.41939664,5.38644024219684,-0.121844696,-0.088405495,-0.264813478,-0.385936104,4.5108672139262,-0.486298797,-0.381097155,-0.20783457,0.0496855626807661,5.37639331346934,-0.174080665,-0.191595388,-0.213261632,-0.535824287,5.95253880456789,0.162426766502813,-0.04593409,-0.150463239,-0.583302161,4.90105968552185,-0.177284675,-0.207098726,-0.33490545,-0.261087221,4.96418714101931,-0.120001973,-0.167424546,-0.277955332,-0.453319123,5.35327691480716,-0.013275438,-0.033974396,-0.224708793,-0.569210671,4.41607452029546
-0.496703412,-0.511276329,-0.153458287,0.245936491406292,5.30600910946703,-0.304683594,-0.322218614,-0.288236742,0.16804793488154,5.31533662152006,0.00964724231978677,-0.121238601,-0.160010081,-0.848974903,6.29203167663768,-0.225630859,-0.231189395,-0.145203837,-0.463970751,5.39432075653004,-0.263825356,-0.287905553,-0.233870199,-0.239522507,5.27227935779986,-0.397634988,-0.235206928,-0.310546484,0.0559177946503683,5.10967452453609,-0.518518041,-0.538648719,-0.13540071,0.247643372903828,5.3301538696312,-0.302214407,-0.350285892,-0.258462336,0.17178390953784,5.33028863176493,0.0505911240126701,-0.113348085,-0.130644898,-0.913291144,6.20545380775594,-0.194670796,-0.241613811,-0.113412422,-0.544252829,5.39858940967807,-0.225578564,-0.266705122,-0.212782843,-0.305566845,5.15216281477231,-0.326521131,-0.208095752,-0.269585381,-0.037817414,4.98501608315257
-0.309455838,-0.097716041,-0.320783004,-0.942679297,5.60893298730459,-0.512519818,-0.29407728,-0.359360324,0.114243725206649,5.18320098281584,-0.237011036,-0.281995814,-0.080627978,-0.097889622,5.50966715191331,-0.303903292,-0.293569981,-0.338908427,-0.059076663,4.47144519307772,-0.354664084,-0.374528195,-0.256596883,-0.2060665,6.57155472767172,-0.317493754,-0.262111008,-0.286108428,0.283447509977814,4.39782378767226,-0.406144976,-0.055818849,-0.421856629,-1.045740914,6.0625226692414,-0.621659086,-0.338813198,-0.409429118,0.182511243931136,5.4711166524544,-0.180241092,-0.239566772,-0.063417522,-0.175561556,5.29330302036713,-0.388687127,-0.315053135,-0.378260918,0.0847278594908188,4.57720827898001,-0.409296554,-0.398737157,-0.263694706,-0.106269462,6.72331180796766,-0.232851585,-0.2360758,-0.228732054,0.147685450257162,4.26398880563742
-0.081431318,-0.113719373,-0.220005485,-0.399725573,5.85428131853512,-0.351227436,-0.283385435,-0.329951805,-0.129369224,6.56502235620585,-0.19512497,-0.207028103,-0.2239078,-0.270754199,6.38240895624165,-0.159716955,-0.157237713,-0.28613326,-0.468426357,5.59450189372094,-0.259216759,-0.18850514,-0.209991599,-0.563998489,5.74337492232615,-0.288828005,-0.309350723,-0.306920847,-0.184143902,5.69868455719274,-0.076662205,-0.131247377,-0.196786525,-0.397359466,5.87500451875438,-0.505542583,-0.272530627,-0.456939885,0.0594374184510361,7.04098577049504,-0.104951828,-0.157878235,-0.171278413,-0.411413601,6.10164636410628,-0.229681759,-0.172901891,-0.344115191,-0.359723129,5.79976708387435,-0.264447529,-0.160321211,-0.242243475,-0.569826032,5.78668968869606,-0.143405834,-0.241967825,-0.23893679,-0.409752589,5.36990081945424
-0.31024704,-0.260497417,-0.091031377,-0.79659121,6.78127839579912,-0.361375491,-0.292374614,-0.242681627,-0.043378912,6.52348033611525,-0.709817367,-0.386254876,-0.408919967,0.466035538123166,5.37210494780388,0.0240162729206508,-0.085666319,-0.171517782,-0.6379206,4.31929628706908,-0.477455269,-0.256053677,-0.298722128,-0.204049381,6.21885798216378,-0.339604874,-0.241561259,-0.287615546,-0.047636582,4.7360068818194,-0.297410921,-0.251315338,-0.077009197,-0.803052646,6.66747819058884,-0.505562404,-0.394917498,-0.245695992,0.155837709059679,6.91992238612503,-0.520496103,-0.294290947,-0.35118286,0.206404504939859,5.02521016896178,0.0187471946112831,-0.082027019,-0.191802803,-0.625098314,4.33991721561046,-0.50560176,-0.240282048,-0.339248135,-0.171541315,6.27281078035759,-0.303134586,-0.233637017,-0.252021744,-0.142836386,4.71099408815112
-0.703158354,-0.418515017,-0.322758453,0.497702157115933,5.60716516534148,-0.213682254,-0.297418047,-0.20601454,0.148100002852681,4.39487795107149,-0.18510994,-0.314341266,-0.227023807,-0.307378658,4.8934024573659,-0.050214675,-0.159254824,-0.194314459,-0.454968879,4.64691838398235,-0.389734831,-0.256411617,-0.344724299,0.193746229924956,5.33868634629843,-0.202436653,-0.25636204,-0.234690876,-0.180620206,5.0934724645034,-0.988336298,-0.500000561,-0.437041546,0.981066061475393,6.1692490028466,-0.224586885,-0.320025856,-0.166215141,0.10418843659933,4.35124847324756,-0.129841126,-0.278443263,-0.196307479,-0.413442266,4.83148715438444,-0.054419237,-0.159540857,-0.1953127,-0.462744808,4.65528893328164,-0.487946154,-0.298472664,-0.406118429,0.339826691570382,5.52993007862437,-0.141404497,-0.233349393,-0.213628428,-0.282118423,5.00647508727203
-0.344225291,-0.26401332,-0.186908183,-0.336544223,6.60550010338121,0.0207995096073757,-0.19399877,-0.243657151,-0.528391681,4.53803364615948,-0.338440433,-0.347720956,-0.196974988,0.317670431730814,4.0540225975097,-0.210714287,-0.126026903,-0.308028194,-0.324523978,5.42100290876234,-0.255188511,-0.281736067,-0.299920771,-0.181641669,6.31085976537281,0.00494495857813734,-0.146898426,-0.214439201,-0.838537684,5.13862869774984,-0.386647009,-0.256058657,-0.238141455,-0.329408795,6.71451853551438,0.00420673593548215,-0.194360875,-0.247422091,-0.528212057,4.60493040505965,-0.278977414,-0.310398391,-0.179973045,0.223998504298763,4.02420619729021,-0.223105645,-0.112697335,-0.334680537,-0.345766759,5.55731842514488,-0.217187343,-0.264574585,-0.297622645,-0.232687591,6.24947235346872,0.0485581807555227,-0.140070275,-0.17314941,-0.907095897,5.04673419099773
-0.55129881,-0.517210561,-0.217128167,-0.220125211,5.9581733264109,-0.115957041,-0.155263231,-0.358115288,-1.145740957,5.02976667480702,0.0319919994355659,-0.042039121,-0.185546677,-0.765667786,4.15674590575243,-0.282375728,-0.299431125,-0.310002323,-0.379263101,5.30483011305515,-0.309207633,-0.371557268,-0.215782537,0.136803335405827,4.31843410535207,-0.131591517,-0.170415057,-0.178146968,-0.383524798,4.62105849563721,-0.494361938,-0.490961451,-0.194663384,-0.340993571,5.7965928265402,-0.109581717,-0.143061848,-0.355912263,-1.156285337,5.10114120476218,0.110230668925069,-0.003475491,-0.153181401,-0.900733458,4.10385710701568,-0.257179944,-0.278242807,-0.310927119,-0.403991739,5.22148641337106,-0.455432663,-0.486548308,-0.246287091,0.264079007873262,4.74641554373273,-0.085702584,-0.1656663,-0.138945307,-0.469988689,4.59482095355398
-0.417532053,-0.312780846,-0.383858279,-0.16342738,4.25420457588555,-0.534686672,-0.331011103,-0.349291093,0.0219896315127347,5.60988760698227,0.0257332126404567,-0.157697049,-0.190177211,-0.624752472,5.31974678616612,-0.167358622,-0.147721802,-0.253895754,-0.123838421,4.16009433914229,-0.249571166,-0.234443538,-0.216523522,-0.189684249,5.76683642992646,0.0339044596008147,-0.165559155,-0.100457056,-0.892670937,5.66299216974354,-0.48663219,-0.332268746,-0.417336276,-0.036812469,4.31208604877678,-1.174626277,-4.264327852,1.04416337310379,5.37555095880164,1.15804146179061,0.0682685291885034,-0.140652108,-0.162830286,-0.700976135,5.26605835581642,-0.116089122,-0.111959795,-0.237239537,-0.211831337,4.06840229771058,-0.212075859,-0.205103444,-0.209271247,-0.237627006,5.62096622028689,0.105789296384215,-0.130697485,-0.065315355,-1.035693776,5.5489689813276
-0.425355441,-0.255818052,-0.255799665,-0.370916054,5.64372184797107,-0.365203728,-0.260216984,-0.247228815,-0.115141761,4.64021302579828,-0.183595237,-0.153946532,-0.26910784,-0.66185771,5.09004312504135,-0.146214234,-0.2831346,-0.154286567,-0.581056807,5.44122871092149,-0.371280424,-0.250783541,-0.231429189,-0.159276739,5.46710838322941,-0.390018045,-0.258365153,-0.37360088,0.109297247640294,4.67106857410044,-0.38020651,-0.203238406,-0.280618073,-0.444836089,5.66150942195988,-0.419235159,-0.284473904,-0.269236345,-0.039156695,4.76090626775011,-0.091853895,-0.088348445,-0.244921111,-0.797443152,4.95585491791929,-0.145442359,-0.28041123,-0.148223901,-0.597694281,5.41507867942584,-0.301422335,-0.222473837,-0.196443743,-0.249235561,5.31821405575126,-0.282814202,-0.214061034,-0.315268705,-0.077572256,4.51079381097937
-0.457567736,-0.343495015,-0.352897582,0.143221258829165,4.88829399998122,-0.279452401,-0.328170256,-0.228066804,-0.183074557,5.92360139256853,-0.226480431,-0.192306031,-0.227718386,-0.075362162,5.57706160749242,-0.264389681,-0.230633411,-0.217385521,-0.707541293,6.32637180824571,-0.331535997,-0.294662602,-0.267018769,-0.474985687,6.1942303811176,-0.240013781,-0.284793555,-0.13992793,-0.279942671,4.37285593419863,-0.678652698,-0.421754033,-0.450743996,0.545912358902794,5.14563957197935,-0.253202833,-0.324078426,-0.208787127,-0.231463773,5.83664941396522,-0.141795635,-0.137154519,-0.224207189,-0.202348657,5.51161983938578,-0.331539492,-0.270758929,-0.240900682,-0.585445371,6.46028075121457,-0.327840342,-0.328038208,-0.232386225,-0.498814373,6.13519947998015,-0.131412618,-0.215176374,-0.114825189,-0.47126814,4.25306642397743
-0.157492431,-0.307839797,-0.154364389,-0.771891918,6.9375586251051,0.230845615360142,-0.151152224,-0.114639325,-0.868152692,4.84905865789885,-0.310558263,-0.332305795,-0.174744673,-0.439279471,5.7239845908968,-0.136650385,-0.215667612,-0.234633315,-0.624917574,5.4200186608156,-0.490384207,-0.390143519,-0.258433962,-0.214487784,6.05562163353393,-0.159852455,-0.235692554,-0.253122935,-0.223418379,4.52583294267253,-0.211580988,-0.35193896,-0.131912995,-0.684130124,6.98102904369577,0.270088586149224,-0.137740478,-0.089143573,-0.931494138,4.78900128840079,-0.238999751,-0.301444875,-0.174834737,-0.583219533,5.71419182421937,-0.051998723,-0.181638831,-0.187147623,-0.759864966,5.26085066854191,-0.598057716,-0.452223924,-0.288000374,-0.027700423,6.3662665172499,-0.057130909,-0.191899214,-0.19600892,-0.366878515,4.35630920832238
-0.02371161,-0.206335073,-0.115528433,-0.783277494,4.63127376765606,0.116751283021708,-0.175226307,-0.132020557,-1.028742013,5.60374762984641,-0.162681471,-0.221685449,-0.205737023,-0.384755058,4.72492198743055,-0.310833908,-0.242051319,-0.27361003,-0.131581338,4.48888194097356,-0.428216083,-0.183298722,-0.327136512,-0.009537449,5.38786775688444,-0.138517809,-0.193870393,-0.192589063,-0.360529414,5.62667519746966,-0.140163818,-0.295732338,-0.141357857,-0.585244435,4.80629384964566,0.131240194860248,-0.174162695,-0.128867536,-1.049148463,5.55608749250435,-0.123185089,-0.204004068,-0.186940937,-0.491724781,4.73950732826017,-0.424280719,-0.308653575,-0.293178043,0.0596134408972511,4.63563486917325,-0.422355582,-0.199539868,-0.310305509,-0.006264902,5.33237097451314,-0.107974156,-0.168410204,-0.187079635,-0.429890625,5.62484357732925
-0.29117964,-0.311743755,-0.292756327,0.0313611461963384,6.51935125459179,-0.028334643,-0.158831835,-0.248601082,-0.589648699,4.24251484129751,-0.098857414,-0.129517858,-0.327947919,-0.090781099,4.32826118317851,-0.446960807,-0.305755465,-0.325917849,0.00787834971338397,5.45056703684272,-0.464853734,-0.291831139,-0.216059487,-0.01939179,5.37276887463661,-0.146948857,-0.322098214,-0.142433981,-0.394208558,5.42117263607405,-0.397468691,-0.380238849,-0.36227799,0.224099105634033,6.87155271845505,0.00551309371727514,-0.141814649,-0.235797322,-0.658234327,4.18682596258637,-0.054045771,-0.108884888,-0.298252075,-0.139935574,4.25407207513358,-0.444505689,-0.285092612,-0.336105993,-0.010983415,5.47230612617438,-0.445508616,-0.289665795,-0.188022184,-0.044382987,5.30255049957922,-0.099657089,-0.293914156,-0.108839227,-0.467643266,5.26527966645742
-0.080981705,-0.257779404,-0.183723123,-0.246402346,5.16323713987433,-0.406902074,-0.381782209,-0.189196585,-0.154108989,7.01641288509992,-0.246874833,-0.335225217,-0.231843301,0.209087367711563,6.04425484315462,-0.144207808,-0.19411322,-0.197342047,-0.479112526,5.45418267790699,-0.083152354,-0.190922423,-0.221990056,-0.402287112,5.64790209494225,-0.368049081,-0.278185402,-0.275816262,-0.146104879,4.66448338433982,-0.169902162,-0.32925623,-0.20149664,-0.054236161,5.48782228201717,-0.311531551,-0.337903641,-0.163499346,-0.298403853,6.85637911975224,-0.23604818,-0.306918437,-0.243455249,0.16679817838009,6.07403527735282,-0.167154741,-0.197416879,-0.208788526,-0.45592831,5.53872050028972,-0.061608625,-0.175963826,-0.215335198,-0.454397195,5.67571376986087,-0.261449213,-0.226826393,-0.231542476,-0.33661092,4.49794693220895
-0.160397314,-0.281638077,-0.047077449,-0.31117945,5.07562620078788,-0.003067528,-0.127366656,-0.235751862,-0.949525314,6.36420024519627,-0.431297106,-0.342041768,-0.247683719,0.0972645000876253,6.1356525297523,-0.045895445,-0.218618192,-0.176490302,-1.319999889,4.8331530477844,-0.309273613,-0.274960127,-0.318299798,-0.22342002,4.97266940328257,-0.322130486,-0.204658481,-0.282343239,-0.143754175,6.16287322871396,-0.130380994,-0.245647794,-0.043137667,-0.361669178,4.96347026783196,-0.092789795,-0.139521237,-0.27415433,-0.775633779,6.5125790703309,-0.207923752,-0.248395335,-0.148996438,-0.320512063,5.65117087686199,0.0124015524128487,-0.201319778,-0.144228408,-1.457474045,4.77322353609923,-0.33036535,-0.299357136,-0.317261335,-0.160233715,4.99795460305977,-0.291586624,-0.169160112,-0.276511479,-0.228477443,6.14111727193576
0.0381845776082626,-0.239282368,-0.133575799,-0.639171983,6.39792449265749,-0.189323277,-0.264697602,-0.399561353,-0.148550548,4.88435208111017,-0.120641908,-0.19551437,-0.363418819,-0.061383387,3.65377203736697,-0.042770294,-0.173512674,-0.136569422,-0.749283336,5.75002627242706,-0.309291094,-0.17628303,-0.37336196,-0.235720308,4.28761680757739,-0.070187949,-0.155045753,-0.281305143,-0.368653017,5.14702214773065,0.0363159606348742,-0.227126488,-0.154822117,-0.609281117,6.35275739933576,-0.310530816,-0.316765338,-0.483514743,0.0546116288589561,5.15046944730685,-0.017778877,-0.179706812,-0.278676108,-0.213972814,3.48924255625931,-0.045581818,-0.192324746,-0.127314858,-0.745230178,5.77869098236579,-0.492044272,-0.172772543,-0.516331166,-0.048092176,4.56562855785786,-0.068299941,-0.15943304,-0.287572183,-0.382293377,5.22802351091312
-0.141156842,-0.14919309,-0.226605235,-0.487110412,7.17600143734199,-0.391710453,-0.375037394,-0.33917054,0.181101141221699,5.44536342079147,0.0317216977366627,-0.173190804,-0.18332801,-0.699553001,4.13838816721381,-0.25985554,-0.228338142,-0.216711354,-0.325080831,5.51583504165091,-0.287351638,-0.264927279,-0.282367077,-0.231021699,4.50452416467996,-0.288600956,-0.161266743,-0.352371805,-0.503491839,5.92696464943797,-0.319599584,-0.205057574,-0.32266211,-0.196602281,7.62896668533919,-0.344222584,-0.353230646,-0.324128489,0.149169770566471,5.37895773742346,0.126406214647278,-0.117727981,-0.167384192,-0.867973175,4.09396174540401,-0.199145884,-0.21318801,-0.173794276,-0.443140387,5.41742758722082,-0.262828907,-0.268171619,-0.251323817,-0.27186306,4.46045445527874,-0.203009825,-0.136418381,-0.295461713,-0.687077773,5.75031096351744
-0.387070074,-0.444785391,-0.165914917,-0.265474483,7.21819385290697,0.0675461589335402,0.0427842668735539,-0.257670701,-0.409992444,4.24727430609466,0.0128937074812794,-0.204935914,-0.100803674,-0.530930078,4.04936100968724,-0.240069096,-0.209120643,-0.276200764,-0.560225964,5.69074573262872,-0.372685917,-0.293883175,-0.327046461,0.0614914035669399,4.58227952880183,-0.232576616,-0.175070007,-0.271363062,-0.1695927,6.86431087586322,-0.416158905,-0.465633039,-0.136960432,-0.291171818,7.48579746844023,0.0942475615659961,0.0970328288532644,-0.267431142,-0.469247185,4.27679052409988,0.0816257656165774,-0.142456281,-0.110403936,-0.638725884,3.94628771569133,-0.242192701,-0.199177283,-0.296219153,-0.567244038,5.74509231644435,-0.333203122,-0.317768005,-0.278198186,-0.020943812,4.5467778562392,-0.179015179,-0.150591467,-0.239409587,-0.272507464,6.76450191429381
-0.325780015,-0.164735967,-0.416156669,-0.216716565,5.60117478088734,-0.45781039,-0.307949009,-0.35058975,0.0772869474189004,6.14282349290271,-0.281324777,-0.283347897,-0.269899549,-0.35075601,5.19802799303391,-0.338842908,-0.331377775,-0.229559339,0.0726005652061143,5.06463295650822,-0.093103419,-0.239592435,-0.161858379,-1.035878284,5.54593850694885,0.0370320062368666,-0.15265086,-0.225375491,-1.060274092,5.43997886965219,-0.302891406,-0.140670999,-0.431231897,-0.306922118,5.7686930240677,-0.475436692,-0.326006179,-0.344774762,0.101633868442797,6.48065315339517,-0.203487073,-0.236431837,-0.261816562,-0.442858318,5.07312188540436,-0.330893339,-0.320830788,-0.230963789,0.0675009798849262,5.0915696467622,-0.194137734,-0.290154404,-0.195032575,-0.916238889,5.73241054073665,0.0964390436055409,-0.139303771,-0.183113634,-1.138800351,5.30697480591663
-0.400761655,-0.232633904,-0.382817582,-0.153455062,5.44330801018767,-0.231134708,-0.379764534,-0.102274135,0.163067305942914,4.14696991991542,-0.082485358,-0.187076005,-0.267645871,-1.11404709,5.3883078878115,-0.38387168,-0.344402861,-0.209254446,-0.222604783,5.92097431938403,-0.341688164,-0.173073611,-0.318414136,-0.265868316,6.8783594889638,-0.257575797,-0.382422553,-0.043008392,-0.451613945,6.29822748325831,-0.476882436,-0.260856229,-0.413086923,-0.034021019,5.67261603201591,-0.092040444,-0.305190131,-0.062629402,-0.079870511,4.02026529362303,0.0144307303919186,-0.130976271,-0.234052836,-1.204683417,5.14217224752698,-0.408269562,-0.366839522,-0.200852186,-0.178756037,5.89048345526382,-0.407678915,-0.182082826,-0.355887016,-0.120245171,6.9978814772054,-0.149707957,-0.33975517,0.00201606864969307,-0.630006927,6.19149948252228
-0.299696286,-0.171755598,-0.422822233,-0.085693542,5.10526256697136,-0.511865965,-0.348672639,-0.186241373,-0.192561299,5.55857297844981,-0.110107076,-0.218955105,-0.190488445,-0.742848752,7.5837900431234,-0.263952454,-0.193832331,-0.34204246,-0.103847581,5.07356618944365,-0.496711139,-0.354389344,-0.26938319,-0.053146878,6.62051985220594,-0.03473939,-0.133463675,-0.146402815,-0.674345529,4.86132923879707,-0.300385596,-0.138867222,-0.457987846,-0.09885925,5.31604524878083,-0.641499647,-0.434295574,-0.203379401,-0.02923876,5.78057733251102,-0.024584293,-0.212761871,-0.138006225,-0.901449114,7.49022272224401,-0.306244846,-0.210155879,-0.372858492,-0.035343265,5.20556689908189,-0.486431111,-0.334604494,-0.275297893,-0.089181366,6.69268440683394,0.0152044788868343,-0.106100752,-0.127998574,-0.754983913,4.80254351603112
-0.22612552,-0.189278059,-0.348280143,0.0676665530985314,6.70103646779532,-0.035556817,-0.207744007,-0.06453635,-0.660426657,4.39391646365303,-0.057801788,-0.283831967,-0.04291535,-0.509132947,5.40408786390247,-0.188530613,-0.274698789,-0.251394969,-0.209600931,4.95347170233387,-0.327331891,-0.285824853,-0.200665942,-0.308708522,5.28721883608289,-0.391601911,-0.31390168,-0.268549236,0.0345700829505758,5.2341961347536,-0.262906578,-0.280819025,-0.32753868,0.119671393642707,7.10954893076357,-0.026827893,-0.18595968,-0.074005847,-0.669326853,4.34514025698702,-0.014038989,-0.274616527,-0.017765064,-0.59233261,5.34380505710647,-0.179246921,-0.27420326,-0.243444769,-0.229897,4.96507740151257,-0.268630731,-0.253373125,-0.199938178,-0.399739441,5.18960335732405,-0.322044243,-0.265995041,-0.250886008,-0.097112058,5.13671783373925
-0.017986428,-0.208631675,-0.118028187,-0.428715794,5.27409333091849,-0.232101206,-0.329264701,-0.18426892,-0.283669314,4.74399367269987,0.0363925737531652,-0.044173302,-0.192035999,-0.734035681,5.24655260843328,-0.304383814,-0.421037417,-0.205811,-0.088933623,5.11291311532454,-0.342269097,-0.34729896,-0.297971008,0.0748317632789016,4.57054209500801,-0.248311544,-0.340806021,-0.212103593,-0.073178842,4.18613022932523,-0.097793979,-0.238230117,-0.173625955,-0.292770159,5.36649078337442,-0.250470209,-0.308060803,-0.225204853,-0.257334906,4.73587278271068,0.143064701580285,0.0284483275614128,-0.175422173,-0.942555929,5.22419104133766,-0.182825015,-0.384728272,-0.139702383,-0.269409889,4.87310477187305,-0.318714865,-0.364450977,-0.269448369,0.0396994905155213,4.56847373500945,-0.146631353,-0.27166348,-0.173568134,-0.273646179,4.07081752041055
-0.279374701,-0.168261845,-0.315451797,-0.437371852,4.33327865235434,-0.58626143,-0.211396719,-0.379995813,0.121768455745537,7.43711990347348,-0.283345957,-0.190046251,-0.127658507,-0.26780125,5.76640167671636,-0.404796695,-0.294032372,-0.279037135,-0.028433386,5.40772983807511,-0.245069375,-0.192411096,-0.277660315,-0.033305891,5.04064769423075,-0.330517058,-0.26595988,-0.230253862,-0.188137762,4.9571211301651,-0.21917373,-0.103749429,-0.336444175,-0.530635843,4.36338992042768,-0.669543188,-0.22800949,-0.421538777,0.222921256788181,7.59885815730431,-0.21637829,-0.153876504,-0.090411699,-0.396259512,5.6314105618796,-0.492972406,-0.278717693,-0.368803306,0.102269721789544,5.57813977951017,-0.187129388,-0.162689303,-0.255943423,-0.116236847,4.89301689030357,-0.207874984,-0.189529167,-0.189626279,-0.370499131,4.69360597682223
-0.430699619,-0.258902012,-0.285623867,-0.286570208,5.65345868430118,-0.362167912,-0.275778199,-0.329808456,-0.124183473,4.74503722538182,-0.396804482,-0.202198639,-0.383595524,-0.167224434,5.80670424299577,-0.274492972,-0.237510531,-0.311400128,-0.031813787,4.68058778426091,-0.005748198,-0.279691431,-0.125073407,-0.365622647,4.76963349895989,-0.321036974,-0.350587304,-0.23478338,0.0681761041269398,4.20891417056684,-0.520238088,-0.258110964,-0.342470275,-0.149936497,5.77000651382623,-0.360617008,-0.296366422,-0.298261421,-0.150633487,4.6877395640407,-0.337674724,-0.180756281,-0.342504008,-0.309435108,5.76534495738967,-0.21759983,-0.219351078,-0.285475499,-0.108252837,4.56926713900112,0.0205011186194032,-0.291819992,-0.097152078,-0.425672922,4.80115699464217,-0.249570754,-0.316708028,-0.204162707,-0.038341606,4.06884388912145
-0.439720466,-0.42051438,-0.205095264,-0.154692306,5.25539650853231,-0.041669125,-0.107865268,-0.289289548,-0.21987155,4.57430657654499,0.0540372795928125,-0.160386012,-0.244967403,-0.76304963,7.45236571520704,-0.596254808,-0.264009392,-0.465190752,0.0938485623233737,6.07151441261585,-0.376689641,-0.274010691,-0.202454964,-0.076037515,5.99954835659038,-0.124613011,-0.25386815,-0.118947673,-0.455736051,6.27694552293996,-0.480100054,-0.474116587,-0.196094607,-0.189329115,5.4994353311924,-0.139699451,-0.138253079,-0.347966422,-0.052257063,4.73249339791389,0.125355054711709,-0.133419086,-0.215806413,-0.880463442,7.26033756800293,-0.730311833,-0.351459136,-0.519266335,0.29238141014683,6.28146286902012,-0.334992514,-0.254478864,-0.18881434,-0.14047174,5.97559820306395,-0.066322234,-0.205258375,-0.112811915,-0.549139911,6.1283507546962
-0.529988582,-0.375270127,-0.456987316,0.252828807461541,5.18422081010475,-0.079836997,-0.196913945,-0.24998964,-0.48445477,4.59652104871837,-0.145781711,-0.147155899,-0.31132692,-0.294095635,5.33987376435522,-0.212454493,-0.350786879,-0.209404827,-0.172227467,4.53545508492726,-0.303430067,-0.284852823,-0.261948622,-0.328172662,5.08157739349553,-0.329172323,-0.250037635,-0.360742825,0.0372221973289021,4.39435356423059,-0.512052652,-0.410827299,-0.414718911,0.19846054294987,5.12067546361596,-0.02232077,-0.185500584,-0.217808687,-0.575216119,4.4547719450852,-0.103206885,-0.169148044,-0.254766016,-0.331047903,5.20214253460487,-0.160944367,-0.339200355,-0.192182772,-0.241705355,4.51281353580853,-0.284673267,-0.279871685,-0.252840345,-0.383787759,5.03469781158407,-0.249733557,-0.19738508,-0.320616537,-0.083917138,4.22349688823596
-0.474843068,-0.339449063,-0.25968149,0.358853877295845,4.83691949606502,-0.406904538,-0.390232139,-0.223304691,-0.333162079,5.21552758483048,-0.089210612,-0.216426918,0.0357935710594782,-0.709276632,5.88373677593129,-0.412569142,-0.31946873,-0.355209285,-0.085077864,6.23831714567686,-0.162408207,-0.202082184,-0.230749027,-0.624348994,5.59844921014738,-0.572107262,-0.300079683,-0.284796532,-0.018534334,5.18636105331278,-0.54848857,-0.384411987,-0.290518857,0.423255198839791,4.95080858440003,-0.46206075,-0.438054874,-0.219297225,-0.263323033,5.35721040463288,-0.040831132,-0.222166166,0.0827637887871663,-0.808960592,5.93694157521417,-0.593486279,-0.355172402,-0.489681077,0.139871900992227,6.74215852465502,-0.160792385,-0.219563505,-0.231561245,-0.676122075,5.66130193206201,-0.53045861,-0.283790235,-0.235790892,-0.103241839,5.15807594328634
-0.139432591,-0.213636205,-0.259313867,-0.153242173,4.73859542395934,-0.127644078,-0.165052911,-0.265366593,-0.687871038,4.32730408973199,-0.115517945,-0.274646967,-0.163593565,-0.485926097,4.50617402228251,-0.237822877,-0.2232935,-0.346642603,-0.024675665,5.0169470443321,-0.28992329,-0.194401301,-0.317819448,-0.039286988,5.81465913418802,-0.275271721,-0.198901906,-0.284014792,-0.247481178,5.00430467697104,-0.21273412,-0.246472526,-0.283561299,-0.030886617,4.83446807554995,-0.274246008,-0.149456337,-0.423578438,-0.620569865,4.63635995390097,-0.028405902,-0.264188367,-0.090356444,-0.6635314,4.49348606255605,-0.371410296,-0.295981028,-0.416669682,0.183683231836954,5.38340084702063,-0.285750915,-0.18225503,-0.334193537,-0.082965012,5.87058105305582,-0.234739913,-0.172010011,-0.266950883,-0.311763258,4.95298093931058
-0.206897616,-0.174566238,-0.189044768,-0.26289005,5.80678531857976,-0.537266973,-0.24619896,-0.440990925,-0.538697963,5.98264196135145,-0.094164371,-0.179392581,-0.190263852,-0.134213825,4.83659951803252,-0.433889267,-0.299739918,-0.326067996,-0.127440538,5.42514167155804,-0.192281929,-0.269775012,-0.261038703,-0.215438817,5.6444529950495,-0.312419574,-0.29008278,-0.175921706,-0.291995297,5.03404036547449,-0.143965987,-0.156669337,-0.153189345,-0.398352809,5.7324661520337,-0.451351848,-0.209168395,-0.387963932,-0.636288453,5.73723517608964,0.00123431744517888,-0.153208849,-0.138774027,-0.265724239,4.64850567478751,-0.425437076,-0.276127651,-0.341788437,-0.155354069,5.39729576152831,-0.241889356,-0.290360567,-0.276087616,-0.141790703,5.73383806485339,-0.265113134,-0.261133201,-0.169269422,-0.391476357,5.00760723167934
-0.245621094,-0.368834303,-0.179316336,0.133144755748993,4.88789485345482,-0.358517934,-0.292755661,-0.215878418,-0.357339916,6.40425534354428,0.054151449758464,-0.087028598,-0.267282658,-0.447972274,4.54866300870214,-0.333553465,-0.128931381,-0.449048905,-0.18305089,4.5006710876745,-0.122499401,-0.272072011,-0.224318139,-0.266278068,5.30210884882276,-0.164124417,-0.322908254,-0.149023719,-0.270175756,5.24341727118502,-0.173440766,-0.349766107,-0.148009563,-0.020354275,4.74403508686773,-0.374411766,-0.276716565,-0.24360393,-0.37376861,6.44873162020671,0.11704479766794,-0.055670513,-0.244038816,-0.576255343,4.43594958241394,-0.47847239,-0.120097789,-0.52451466,-0.038408399,4.69654348943044,-0.097084498,-0.270320631,-0.203350132,-0.294600314,5.23804498310789,-0.045475626,-0.278144074,-0.093111054,-0.484122954,5.12511567844275
-0.179626991,0.00177698949218447,-0.339540298,-0.605893365,4.79308370783859,-0.376775408,-0.273556695,-0.262564003,-0.205060082,6.15094907789871,-0.214484277,-0.301903914,-0.233550023,-0.193094869,4.9282855758015,-0.085310278,-0.148133955,-0.204095448,-0.603017697,4.77941952586298,-0.218222893,-0.293647516,-0.223278221,-0.017091302,4.79574981378494,-0.226257619,-0.280744905,-0.245829422,-0.022627182,4.60658075407379,-0.157022748,0.074482611456544,-0.380115758,-0.667202536,4.88980450390794,-0.426328724,-0.343707776,-0.241907223,-0.10748564,6.13920915436934,-0.113245995,-0.258864742,-0.185497181,-0.293091749,4.83085731769471,-0.09232904,-0.140023257,-0.220342353,-0.60652813,4.81045792855611,-0.23779094,-0.324273516,-0.230488792,0.0018999090937844,4.89845711132163,-0.157782932,-0.248142712,-0.21378899,-0.155935035,4.53537300528025
-0.502241446,-0.303891594,-0.456753148,-0.073142976,5.9245406949719,-0.328331238,-0.427646063,-0.121536584,0.0497561311939165,4.95911002085472,-0.054258883,-0.041455605,-0.236640928,-0.386340984,4.54091543683414,-0.193780502,-0.224311358,-0.319870203,-0.171715081,4.83013360449916,-0.473036881,-0.330669581,-0.264379517,0.121893886521864,4.79461231476252,-0.188942755,-0.247791935,-0.263811594,-0.154279788,4.44759849905031,-0.761723592,-0.355957932,-0.621390296,0.288053531254335,6.10701490953597,-0.369450548,-0.454569128,-0.115407305,0.0190400026120577,5.31244517309956,-0.008829882,-0.027789179,-0.209817887,-0.466973311,4.52090474973621,-0.159349011,-0.208123172,-0.30996125,-0.235415538,4.80471271776286,-0.52750118,-0.353194569,-0.276166187,0.224599329451885,4.88131795555191,-0.098308241,-0.206612356,-0.238185088,-0.288293357,4.38518310422963
-0.314850063,-0.150264247,-0.362361049,-0.542882233,5.03107060011977,-0.076367555,-0.244843614,-0.189562375,-0.364362325,4.38798249994353,-0.109784426,-0.288545779,-0.212520454,-0.310821701,5.1859041357075,-0.252960019,-0.255249241,-0.25774392,-0.137199065,5.19360065303028,-0.243516912,-0.340460115,-0.204455682,-0.106445847,5.46870309298748,-0.288501339,-0.184454126,-0.198200853,-0.349173632,5.89735706446602,-0.460527869,-0.158103084,-0.43775404,-0.349329057,5.23168370530419,-0.005603723,-0.25350248,-0.138725393,-0.485205921,4.39235658643721,-0.010957686,-0.235260406,-0.182558389,-0.469825761,4.96738050222979,-0.238365477,-0.260149685,-0.249442665,-0.142018633,5.19937544703402,-0.269957922,-0.337993494,-0.224141079,-0.08751989,5.48879888113005,-0.228310986,-0.138367749,-0.190304308,-0.448276853,5.8203522877515
-0.110952679,-0.111056542,-0.219486116,-0.254339001,4.2923653496912,-0.547091834,-0.299042807,-0.34719832,0.108600957886201,5.23735146729381,-0.375665053,-0.251016148,-0.295800653,-0.295034756,5.9457987320138,-0.353583581,-0.19631146,-0.264898166,-0.108840541,5.24930450631079,-0.466705621,-0.383723755,-0.361834461,-0.254272732,5.73731292711871,-0.155531403,-0.161742874,-0.338251608,-0.195809977,4.13534450857409,0.00295283728526335,-0.058082461,-0.171805651,-0.456614264,4.1624431854036,-0.585324708,-0.326368546,-0.338684312,0.178753713032958,5.19467831230616,-0.254621456,-0.181616,-0.250821355,-0.561407139,5.80457663010632,-0.391358365,-0.196110789,-0.296308385,-0.022740853,5.31774818815106,-0.505522277,-0.434416776,-0.347252205,-0.331424856,5.87101195385542,-0.075203236,-0.132449034,-0.303268982,-0.334709021,4.06241310759679
-0.491926568,-0.169433773,-0.55759292,0.358162810471676,4.60484407007922,0.0289831433789547,-0.128803916,-0.116465652,-0.62196699,5.82172575592384,-0.409577067,-0.330216238,-0.225444719,-0.016681105,4.615974125,-0.202698297,-0.260607373,-0.166580697,-0.421980635,5.27581908442015,-0.288713695,-0.209364124,-0.278404603,-0.438942016,6.85918600001939,-0.084028421,-0.27910935,-0.188416716,-0.282813866,4.18772216286053,-0.581683907,-0.153584664,-0.632352442,0.425667497934559,4.89733714013053,-0.039072829,-0.132851444,-0.1896071,-0.525680505,5.95126784832051,-0.254363449,-0.217170564,-0.19742257,-0.258705649,4.39330157712582,-0.229795226,-0.276589302,-0.165492015,-0.374969799,5.38605219191743,-0.275779687,-0.195183422,-0.286533186,-0.466502505,6.86029969416552,0.0228332571167057,-0.236063215,-0.131192398,-0.450382509,4.03103704109332
-0.550757955,-0.303320507,-0.297489935,0.0757535548694142,5.9186879232399,0.132963745147511,-0.099942767,-0.095472967,-1.070807686,6.1275202487242,-0.211449775,-0.226411309,-0.14363064,-0.750136219,6.13773717479763,-0.246112582,-0.278959482,-0.196854297,-0.294768917,5.80903295281509,-0.392283919,-0.289817724,-0.246903418,-0.520441113,5.7381383419203,-0.133993024,-0.191649512,-0.261660052,-0.382576496,5.61872328445803,-0.725983615,-0.367389529,-0.343275579,0.267171788817387,6.35910123993729,0.0888352485554178,-0.156577317,-0.078477693,-0.98421822,6.19039180752739,-0.078628998,-0.160394915,-0.097080574,-0.932195578,5.90084950357525,-0.286403169,-0.294194188,-0.221574389,-0.245613059,5.89216493432767,-0.395710627,-0.292446177,-0.249394456,-0.561365398,5.75414127128518,-0.060608103,-0.162395247,-0.225400174,-0.502643174,5.51954862203125
-0.221958235,-0.301524209,-0.328001306,-0.371158659,4.40893972537915,-0.435793498,-0.444895376,-0.127146131,0.159035625998021,5.81593439265886,-0.422742859,-0.302154109,-0.148072552,-0.251136976,6.52166461222469,-0.402892625,-0.255810428,-0.36924797,0.140306911624633,5.14098429840536,-0.1463302,-0.247557901,-0.287545315,-0.275635531,5.03123235253064,-0.264124332,-0.245104779,-0.244438565,-0.238740568,4.28904572258994,-0.197208323,-0.2924373,-0.325343057,-0.409546697,4.33522560199488,-0.600158388,-0.597231498,-0.096190161,0.443444914480411,6.14851408974732,-0.397512152,-0.269691493,-0.139285536,-0.312865225,6.49297082272157,-0.440859755,-0.24120851,-0.39917339,0.193084542151249,5.09549819119406,-0.150625507,-0.265408459,-0.297559675,-0.254143003,5.14771343846696,-0.175961993,-0.211602787,-0.184441483,-0.41399513,4.18615369352212
-0.453361749,-0.418291566,-0.227426799,0.169576373227802,5.43947657442018,0.146872652966228,-0.07701277,-0.150758441,-0.781805799,4.48896357527862,-0.672570487,-0.285516762,-0.491703866,0.437836957845071,5.77724960787585,-0.137573412,-0.16532871,-0.241343929,-0.485139142,4.7553121406906,-0.312847626,-0.285630447,-0.355290458,-0.331381677,4.91846359662954,-0.646555095,-0.278359966,-0.382872279,0.159248770702584,6.05592745453319,-0.407680601,-0.417493435,-0.181833718,0.0799035747952952,5.30748824687989,0.124864688058717,-0.099748998,-0.144392319,-0.782078538,4.5233138170864,-0.593997767,-0.243553604,-0.456762842,0.320678920008609,5.52378097054192,-0.129463898,-0.177341299,-0.216253624,-0.489006332,4.72427840818053,-0.319248171,-0.302315923,-0.357128503,-0.349715247,5.0142507545004,-0.542560048,-0.231709571,-0.334026091,0.00468359466756399,5.82375370059892
-0.578057588,-0.486890544,-0.278820174,0.540102460239633,6.11604906588823,-0.800437568,-0.348017941,-0.450697683,0.210339603703856,5.83150135077847,-0.33132277,-0.295417107,-0.299075192,0.120869685213237,4.20587909872266,-0.049813086,-0.143302339,-0.251905839,-0.511172909,3.98161235338223,-0.206228533,-0.268600522,-0.252694754,-0.104276005,4.28011962898657,-0.296988637,-0.27638617,-0.245277874,-0.072000537,4.7397324139404,-0.761393485,-0.625680934,-0.286089948,0.806610129570114,6.66777606110634,-1.185232457,-0.522887694,-0.540943693,0.63898753362855,6.53869112997483,-0.270606258,-0.270406062,-0.264613632,0.0306527013515726,4.17798301898419,-0.073066566,-0.131815465,-0.271651347,-0.515229632,4.03893230776807,-0.204379876,-0.251566363,-0.270308519,-0.078590181,4.32844282790302,-0.213924968,-0.236783959,-0.222246199,-0.191473005,4.68057129959431
-0.215782628,-0.299974771,-0.244801846,-0.201061641,4.81422092087613,-0.345895985,-0.311546337,-0.232130624,-0.046940163,4.83795631939976,-0.047928695,-0.225500612,-0.272373644,-0.43843069,3.7961677891293,-0.282730231,-0.177289573,-0.262966219,-0.657449893,5.46260256924413,-0.277480998,-0.197279502,-0.3392947,0.0322410746725927,4.69709686611704,-0.007870968,-0.208859945,-0.146908465,-0.580035188,5.519625315,-0.189606505,-0.310704718,-0.230581875,-0.255619087,4.82856200416537,-0.355237164,-0.334267601,-0.193099483,-0.04604413,4.82427117380414,-0.047434214,-0.239842749,-0.257604429,-0.498365171,3.86056974797247,-0.290900342,-0.17411471,-0.269766477,-0.626681791,5.48701877467725,-0.32238234,-0.193203134,-0.391314588,0.110405496761246,4.80201173158073,0.0673257124519976,-0.169334432,-0.108561465,-0.705788714,5.37431008232253
-0.386941093,-0.288526521,-0.21455427,-0.101885903,5.2923533773602,-0.309271624,-0.334071242,-0.288043279,0.236615253372668,4.69511958564152,-0.188223234,-0.073469448,-0.349277174,-0.546008971,4.51829899720107,-0.314458358,-0.256699487,-0.317497141,-0.298439313,5.86865683894962,0.0562341649341589,-0.070366118,-0.178308687,-0.767548551,4.48348316767738,-0.179296595,-0.274959131,-0.096604793,-0.486113213,5.21422603496748,-0.403864722,-0.300436845,-0.223412805,-0.117489361,5.31836843557257,-0.271813628,-0.320675341,-0.259570896,0.182164462914245,4.47552993622373,-0.145462874,-0.048899907,-0.324349382,-0.623282391,4.46257615277024,-0.347643522,-0.268550473,-0.34771783,-0.224683975,5.94744239901255,0.0349159248270067,-0.091669426,-0.181364566,-0.708984379,4.49731283432934,-0.123483366,-0.219997827,-0.0931813,-0.601013722,5.11867083660946
-0.387343861,-0.252630405,-0.223053389,0.0515374569707496,5.65004896167895,-0.018806071,-0.13603929,-0.285369805,-0.898987102,4.66121721249467,-0.378586791,-0.296635617,-0.223699815,0.26470508704911,4.89337386739435,-0.299753624,-0.269824001,-0.258754388,-0.211458217,5.09506771308452,-0.483361447,-0.27787228,-0.338987334,-0.119808916,6.49367412489266,-0.235597454,-0.117434142,-0.302583103,-0.440810964,5.66905832226776,-0.388187093,-0.274094584,-0.186628911,0.0220112871413284,5.73853053376372,-0.016824828,-0.180274008,-0.258373797,-0.948300955,4.66571530312237,-0.278589842,-0.232667347,-0.186927181,0.0704853504606319,4.67836156735482,-0.342926374,-0.274231346,-0.281362952,-0.157832077,5.14754518902177,-0.516151539,-0.298196304,-0.344156114,-0.107875316,6.64020566577471,-0.140338364,-0.101311455,-0.230998832,-0.575832014,5.47299847304513
-0.109874664,-0.210218541,-0.219055944,-0.642414117,6.34133442216316,-0.328900091,-0.191240397,-0.315245584,0.126818057891419,4.74126387384527,-0.258151099,-0.251167347,-0.210566971,0.0200530967874695,5.7412698994479,-0.336014911,-0.21210363,-0.313921889,-0.212051373,4.92591167295415,-0.210879219,-0.215623002,-0.215872205,-0.618909246,4.83229190855198,-0.315967734,-0.223462251,-0.28173475,-0.046849842,5.36355257184825,-0.207406217,-0.253904238,-0.266954562,-0.505750024,6.60018266046791,-0.285540717,-0.185710128,-0.286193409,0.0740470907506952,4.7220361840457,-0.214369473,-0.236336196,-0.193073019,-0.082905901,5.79120235936852,-0.360809558,-0.230698176,-0.321471395,-0.175783527,5.05509166331726,-0.184374194,-0.184410025,-0.219323582,-0.684279826,4.77432910230611,-0.242362852,-0.186705801,-0.262723416,-0.149761355,5.29681936080329
-0.250324381,-0.303216576,-0.28288473,-0.207081008,4.85832575715081,0.0545604721212384,-0.121541055,0.0665054310870677,-0.523126729,4.45219572057347,-0.411788994,-0.410954873,-0.172006644,0.233940878480423,5.09634124455441,-0.424058852,-0.390255883,-0.25721538,-0.03698319,5.55305171452597,-0.003271,-0.11024461,-0.237885706,-0.533857674,4.01710943676961,-0.335797813,-0.228268304,-0.243206447,-0.398263844,4.41626930609705,-0.253350719,-0.323427602,-0.257753457,-0.227929734,4.8577044195782,0.0805808404359201,-0.120108912,0.0970578921047635,-0.575055669,4.4701573401252,-0.285360061,-0.332962055,-0.128904687,0.023291478174284,4.80460141887795,-0.43762171,-0.415763539,-0.269338093,-0.013549026,5.57686883351901,0.051269146795498,-0.101856375,-0.201715097,-0.632047893,3.95398206534208,-0.280622913,-0.207646412,-0.20889667,-0.476191903,4.34493747499267
-0.217609959,-0.140393067,-0.187391319,-0.671232082,7.00672221867347,-0.520401058,-0.441337032,-0.184490541,0.0824521448496369,5.10328196409224,-0.371651991,-0.274349794,-0.241433687,-0.058404093,5.13326226493632,-0.072156731,-0.202044052,-0.147802503,-0.852618255,4.87207543761219,0.098412352735558,-0.131850225,-0.127731109,-0.82237596,5.8845115555733,-0.109104978,-0.230684728,-0.176094159,-0.458527902,4.43051561233223,-0.167327549,-0.114609099,-0.171699657,-0.754600336,6.90755981120313,-0.622188977,-0.472352041,-0.245619608,0.232320444909872,5.45211798311073,-0.285601532,-0.220764469,-0.224841208,-0.206308652,5.06773047254817,0.000888323888498843,-0.181636839,-0.099229262,-0.961010019,4.74504676657808,0.107153550742025,-0.151108031,-0.109121362,-0.836459583,5.89627105763554,-0.015107465,-0.197331759,-0.122941632,-0.622709688,4.33500762637136
-0.062392516,-0.09983736,-0.159731827,-0.717518002,5.59249765210532,-0.236967144,-0.274229869,-0.332843105,-0.593695115,5.69914539561846,-0.163073263,-0.276289047,-0.211225986,-0.127007414,4.70200417549994,-0.227913218,-0.267854203,-0.170253815,-0.454655438,4.94270433020627,-0.055193109,-0.250780198,-0.170167851,-0.750354418,4.69902030496393,-0.233094904,-0.230587936,-0.217466557,-0.344774868,6.0292442609471,-0.129154136,-0.122221533,-0.183208652,-0.61326329,5.65838026295626,-0.286003651,-0.206913247,-0.41718217,-0.533892937,5.91574145743875,-0.094653516,-0.262045896,-0.169377142,-0.230238094,4.68104310226778,-0.230957861,-0.289392928,-0.154240118,-0.453581073,5.01515869161372,-0.061873553,-0.272726992,-0.156687045,-0.73744084,4.76477752748122,-0.161389028,-0.203867806,-0.174482842,-0.482428614,5.92307541499494
-0.163828866,-0.234445506,-0.221546159,-0.195941752,5.0107361820806,-0.453186398,-0.415637722,-0.278164182,0.16684125198952,4.83647940371243,-0.622545104,-0.286258176,-0.368664056,0.2590952065723,5.72332043948755,-0.249908967,-0.17873531,-0.281553897,-0.292613076,5.5285777568631,-0.198570107,-0.000447423,-0.327207571,-0.552688777,5.51338374683637,-0.179067451,-0.213553525,-0.149634515,-0.540292043,5.47205333544944,-0.129053851,-0.17935095,-0.226703268,-0.248651033,4.84819066910975,-0.526048105,-0.471654884,-0.304173827,0.282654289104313,4.87509467901212,-0.552873119,-0.244641028,-0.347133272,0.130348919654767,5.68172919216065,-0.250033411,-0.155785813,-0.291755241,-0.298620305,5.51058574821322,-0.169684991,0.0620927629578711,-0.358197689,-0.632969834,5.64192232405705,-0.124270337,-0.169036022,-0.150027146,-0.627441933,5.42193426011396
-0.340860981,-0.208103342,-0.288795994,0.138289037742252,4.46425146210666,-0.275671231,-0.266589232,-0.229395543,-0.19586486,4.56887369274371,-0.432213977,-0.240694524,-0.279123651,-0.328149023,7.2726710639599,-0.081365813,-0.189995462,-0.203376473,-0.760960468,5.87530664460514,-0.14276244,-0.255329793,-0.251411358,-0.355254373,5.51080154177383,-0.321084991,-0.278237927,-0.305287083,-0.40823165,4.92647122533002,-0.354806766,-0.185328916,-0.321071835,0.172125590823659,4.47633453681451,-0.235168128,-0.249150226,-0.188585079,-0.248948273,4.49304251805519,-0.314131655,-0.183236426,-0.234332485,-0.548636531,7.1476801949562,-0.045403592,-0.156182329,-0.203836224,-0.82542936,5.80761775256434,-0.130248245,-0.257730771,-0.243066952,-0.340818108,5.45141836048971,-0.200032546,-0.229647051,-0.254364105,-0.589552474,4.73737130803503
-0.465167619,-0.265256656,-0.287614465,-0.239345286,5.61505990961757,-0.320634862,-0.340397258,-0.387719613,-0.07928484,4.42469023936303,-0.166435956,-0.243218503,-0.191057425,-0.535099907,6.28072146862802,-0.162505072,-0.264694914,-0.231886574,-0.124382293,4.52380809920841,-0.251886316,-0.228989587,-0.250511147,-0.263159222,4.87930233094156,-0.449253779,-0.268145989,-0.364822838,0.0204746518292464,5.15154636350678,-0.544443118,-0.287083754,-0.363730452,-0.142946887,5.79394536052632,-0.447651171,-0.381166925,-0.441876264,0.073880160130447,4.60692057057463,-0.094772169,-0.181410581,-0.191026682,-0.666036948,6.07367721738106,-0.192637989,-0.282091866,-0.24647832,-0.098087649,4.65305565851219,-0.210953555,-0.211730927,-0.235619333,-0.340380183,4.87601604573925,-0.399345201,-0.232797608,-0.34518494,-0.100021765,5.23881745764078
-0.29107992,-0.34668169,-0.201649003,-0.001215028,5.60952992650552,-0.381174512,-0.316005454,-0.218587165,-0.125888544,5.25173738251658,-0.302465622,-0.245063479,-0.298038137,-0.287532266,5.01365034481079,-0.278008703,-0.256294269,-0.276023015,-0.177228349,4.92969360146343,-0.403357703,-0.235485605,-0.30815767,-0.273192372,5.93081693571797,-0.413333208,-0.290192233,-0.287409953,-0.091976327,5.87358959218213,-0.328441191,-0.351653191,-0.231018185,0.0960327707747386,5.6302412121578,-0.423368863,-0.326600659,-0.234938135,-0.050884439,5.37433059728317,-0.239164016,-0.242064965,-0.238821716,-0.400931412,4.92008765501934,-0.310926171,-0.265177457,-0.279620295,-0.146105916,5.03063500333351,-0.488026588,-0.273202735,-0.335438019,-0.14584374,6.05668552148753,-0.355195806,-0.25461738,-0.274962556,-0.195593633,5.78982871987308
-0.145155172,-0.27266566,-0.16658789,-0.296166012,4.34597073357768,-0.262376398,-0.134714522,-0.337905153,-0.281737045,5.51005288687205,-0.636969871,-0.456834054,-0.314965301,0.0980579051946684,5.00392048975928,-0.07499017,-0.255817029,-0.230445367,-0.57504657,4.91448713331313,-0.22665938,-0.286302481,-0.168069808,-0.287141077,6.05467666915433,-0.165351744,-0.32175116,-0.227658846,0.00828748352379596,4.60895700729573,-0.12441033,-0.246555379,-0.172912028,-0.273525479,4.29279546448439,-0.304291871,-0.133513254,-0.371789807,-0.225322359,5.64492245708994,-0.56086358,-0.397334168,-0.309649702,-0.058472035,4.93145034169444,-0.064860822,-0.262412243,-0.226885831,-0.597898265,4.97515681992486,-0.249027469,-0.297936215,-0.173583368,-0.252402148,6.19000189391336,-0.125344825,-0.309011423,-0.207157344,-0.067852748,4.63456740915897
-0.248614821,-0.257482321,-0.17555483,-0.342843915,5.94566451136918,-0.415621857,-0.356295061,-0.21537708,0.165076163172455,5.13926659364798,-0.02603471,-0.245110902,-0.23199443,-0.183626668,4.59297424429908,-0.152477953,-0.187846127,-0.18743508,-0.26999808,6.72997378366943,-0.052053192,-0.356641373,-0.179051048,-0.205417048,4.29246719852195,-0.276449954,-0.313183318,-0.24643812,-0.246721949,4.61682107620295,-0.286398241,-0.264069823,-0.196150584,-0.288112542,5.96939356062027,-0.546030235,-0.450782247,-0.232784573,0.419426481191524,5.31634149807553,0.0377152465041041,-0.216227644,-0.183607832,-0.307161106,4.56285195245503,-0.158829875,-0.187177894,-0.196089679,-0.240688391,6.69527423768311,-0.170092913,-0.427511518,-0.207703559,-0.010855579,4.50217340368661,-0.175820021,-0.26806361,-0.189563924,-0.451343452,4.48720795509809
0.220842700962127,-0.033155459,-0.198129255,-1.053058045,5.54738187545336,-0.161815834,-0.203366076,-0.207822659,-0.215621729,4.8257212387743,0.326382508233976,-0.313617241,0.0214519874745987,-1.016028691,4.9847706355202,-0.14379284,-0.15131963,-0.343142445,-0.31446813,4.98437160117303,-0.089009003,-0.229368261,-0.170422806,-0.328101704,4.34323410665511,-0.42195799,-0.268606959,-0.339063803,-0.022849208,5.15534214737752,0.17831236340689,-0.045769776,-0.209764896,-0.987938035,5.62927540199439,-0.119531618,-0.147399437,-0.210056779,-0.310150724,4.77654000074912,0.390850977671436,-0.298002612,0.0630996278419229,-1.167826196,5.02223099093365,-0.116473723,-0.158021781,-0.313875391,-0.366524593,4.9273566758353,-0.103172035,-0.237870406,-0.18565515,-0.304719639,4.4019855719815,-0.352706814,-0.242766704,-0.30555668,-0.155387453,5.03389147997674
-0.147944035,-0.119492094,-0.253459676,-0.331403503,5.80478225197076,-0.577350563,-0.314868025,-0.261722183,-0.141124606,6.90784982025664,-0.171571512,-0.267096637,-0.321715704,-0.056034804,3.69284619754209,-0.329658707,-0.206810216,-0.380024909,-0.284843431,6.0005186075048,-0.402324986,-0.210444206,-0.338584947,-0.094410131,6.18966980399661,-0.313415619,-0.173585836,-0.278600728,-0.202019876,5.23380434627094,-0.191967712,-0.138455234,-0.261478245,-0.26057538,5.83342328483796,-0.567376843,-0.291963637,-0.26988378,-0.150146605,6.84411253866965,-0.118709814,-0.239504639,-0.304427011,-0.213050102,3.73372519134243,-0.285562584,-0.188402426,-0.354706658,-0.378404816,5.81444315412912,-0.38302112,-0.18355075,-0.337864519,-0.124499765,6.08206034592171,-0.225792432,-0.148676817,-0.221398923,-0.364772322,5.1230869808973
-0.32058812,-0.386362946,-0.142996495,-0.276820142,5.82605666425112,-0.216925694,-0.208116271,-0.292917469,-0.174907923,4.4101902044542,-0.125929391,-0.175803621,-0.143780284,-0.463505876,5.40538342904066,-0.235436177,-0.275514033,-0.169674246,-0.178289697,5.73558289834123,-0.089711757,-0.224098606,-0.138906536,-0.631744001,4.87961481350838,-0.341945549,-0.343682411,-0.318672673,-0.11746704,5.24268746442165,-0.271462425,-0.351968049,-0.124895009,-0.355088269,5.64719763361287,-0.105778349,-0.178997764,-0.211421742,-0.377833415,4.27748660322036,-0.022425628,-0.144700535,-0.068831993,-0.62040263,5.23270407313624,-0.196456504,-0.260516758,-0.163040981,-0.245425261,5.71625345219023,-0.05194273,-0.221534012,-0.107367022,-0.703485411,4.89089788594234,-0.215190868,-0.290025431,-0.278093022,-0.325406666,5.06165205525282
-0.439340526,-0.31346121,-0.273200189,-0.178298492,4.9130117867864,-0.208323414,-0.237779722,-0.123612204,-0.867017287,5.65863520452568,-0.366620933,-0.283102676,-0.252646739,-0.084749114,4.61520332960472,-0.25365106,-0.298929852,-0.236672843,-0.430836818,5.17251178680395,-0.174449177,-0.190022468,-0.263514319,-0.37185631,4.69684843077669,-0.22369857,-0.215254187,-0.140027793,-0.357431872,5.26805277173156,-0.489674296,-0.34332257,-0.288010293,-0.159228784,4.98877227587138,-0.221840095,-0.268711167,-0.10956316,-0.79454213,5.62284025890505,-0.314535752,-0.236982242,-0.243128741,-0.186720974,4.58625730469378,-0.236045816,-0.30360871,-0.240402231,-0.455101014,5.2610828600932,-0.104711179,-0.157320811,-0.247818136,-0.495460767,4.6090528754977,-0.156917558,-0.181013727,-0.115516213,-0.477726911,5.21044145101457
-0.438010554,-0.249969179,-0.282977571,0.022873514556779,4.96367261616129,-0.237524735,-0.309994113,-0.272306169,-0.098511532,5.56531435766295,-0.376485524,-0.442779718,-0.306723866,-0.66065474,5.48389479708708,-0.343150605,-0.299715132,-0.282557752,0.108300349100559,4.56078544244657,-0.155470376,-0.181648019,-0.265202692,-0.294502843,4.38284254576478,-0.238926326,-0.18244226,-0.207156753,-0.324703059,5.20599063191014,-0.360926305,-0.219714764,-0.222133376,-0.084869771,4.73901504635434,-0.257181089,-0.327502887,-0.279610013,-0.097883161,5.58433314082235,-0.32184739,-0.40235385,-0.306380982,-0.745075446,5.33265143369073,-0.288157857,-0.266795636,-0.260572319,0.0322853092023313,4.46274603212993,-0.211940253,-0.212159893,-0.283141382,-0.183041462,4.41260724885452,-0.146882415,-0.143313875,-0.157278623,-0.511758028,5.05029365824405
-0.014821117,-0.235953394,-0.169668275,-0.714989446,5.12896217043718,-0.17889603,-0.137060323,-0.414678079,-0.500376794,3.47303013580592,-0.35114318,-0.398141546,-0.182813769,-0.329114815,5.43018940025302,-0.103228308,-0.127514917,-0.23182908,-0.532667102,5.61163353401349,-0.037827902,-0.182242797,-0.250144632,-0.492569762,4.44323937372903,-0.194936828,-0.224481523,-0.335135061,-0.576145225,5.19845825753936,-0.045425808,-0.250619337,-0.175422168,-0.646815888,5.17609848545333,-0.588141916,-0.284336771,-0.653231087,-0.017936365,3.86189037065614,-0.300364499,-0.323786844,-0.216701119,-0.403665479,5.38660409547141,-0.092186094,-0.126655846,-0.22131843,-0.539228473,5.5517481282504,-0.049707525,-0.176844801,-0.270126826,-0.460072094,4.50643307237475,-0.103537039,-0.163653909,-0.283486159,-0.755957695,5.06115891889223
-0.865134747,-0.239710759,-0.784111491,0.488815953891988,6.83414377326094,-0.024291618,-0.226950706,-0.091568449,-0.433055004,5.01080798577516,0.150826342145765,-0.08688678,-0.039965061,-1.251930375,6.86166255067719,-0.425870867,-0.179502574,-0.373022774,0.158678117445675,4.87134019791082,-0.234729459,-0.274164468,-0.176748697,-0.41670943,5.39099756519098,-0.333511573,-0.154301438,-0.348171644,-0.104743062,5.99763564974702,-24.30901983,10.3517464651392,-24.13770358,-8.65417904,1.43961530561109,-0.013669363,-0.225597137,-0.084190043,-0.453501225,5.00397046912919,0.208833193106498,-0.064164663,-0.007746098,-1.356781226,6.81491453070422,-0.487228008,-0.199729728,-0.396257628,0.272700649016631,4.9874529871844,-0.155199715,-0.232290395,-0.143455298,-0.550305017,5.22180566749642,-0.225871381,-0.119508179,-0.281471618,-0.263918771,5.68218709667649
-0.485573652,-0.466897404,-0.283624175,0.169960339249233,5.34077991765352,-0.410824258,-0.309155834,-0.283334396,0.166558596033859,6.86292816113555,-0.125745786,-0.195562977,-0.181416171,-0.767225867,4.9425650411725,-0.484151396,-0.322841046,-0.267048822,0.209059460527725,6.74740763858794,-0.196504188,-0.283252174,-0.26462811,-0.492081747,4.63598403499789,-0.06139103,-0.09699286,-0.192726763,-0.450489611,5.03798312941793,-0.632386393,-0.489020268,-0.357397675,0.369886515385024,5.6157869043177,-0.434256423,-0.298320353,-0.304295222,0.213682568800278,6.95859872379528,-0.062614964,-0.164293196,-0.161888236,-0.877007079,4.8853357149888,-0.488439648,-0.30873472,-0.283243938,0.200716057199404,6.63867702558538,-0.176119716,-0.274505709,-0.250974958,-0.557220626,4.65939522058258,0.00384656927402733,-0.069890062,-0.164355754,-0.574617896,4.99136431412478
-0.400275148,-0.2131757,-0.284835103,-0.328370481,4.68619007613716,-0.018221709,-0.301739277,-0.172742983,-0.270944208,3.8362580467592,-0.042083967,-0.186326178,-0.145387382,-0.689874339,6.96065781884736,0.0199236416305701,-0.13361613,-0.201675245,-0.528025614,5.587901386,-0.236050839,-0.251291854,-0.264828582,-0.009125329,4.23038669783523,-0.033537755,-0.253005438,-0.106988377,-0.446466173,4.06549713445988,-0.503138299,-0.239095312,-0.331971931,-0.153732646,4.8423278073337,-0.023786581,-0.34649172,-0.127505765,-0.292795395,3.86797410116949,-0.025658748,-0.164883112,-0.145960497,-0.691984862,6.90904902032416,0.0170770535961968,-0.149176389,-0.197325916,-0.500243197,5.62187507532033,-0.245549717,-0.258442859,-0.253407404,-0.005174228,4.24578110617082,0.0466071571876032,-0.199962278,-0.080526399,-0.575452164,3.96482182106535
-0.11388671,-0.192300937,-0.21029103,-0.183692624,4.74667737568404,-0.509911015,-0.487263923,-0.159771202,0.359738062360879,5.00750759608601,-0.442144265,-0.246129171,-0.342288396,-0.047149436,4.72735749081966,-0.236326405,-0.285209303,-0.248680404,-0.167203794,4.71787452187093,-0.123592471,-0.184414763,-0.165062139,-0.222346366,4.41913048826294,0.101121077146989,-0.13983063,-0.17723482,-0.762217976,5.50426392026156,-0.130374818,-0.177540738,-0.227517506,-0.1702901,4.75560299036198,-0.943475931,-0.747551567,-0.169724676,0.945625123539306,5.56580092053355,-0.427788873,-0.242230319,-0.32595615,-0.094477272,4.82410570916472,-0.224631008,-0.265633636,-0.246805134,-0.173153167,4.6322441484657,-0.111121653,-0.169422017,-0.168489548,-0.239489606,4.39953652326099,0.132965519231222,-0.127473925,-0.156227489,-0.827702019,5.47841108841885
-0.179466449,-0.303405333,-0.187597942,-0.717111769,7.27990587975932,-0.322860084,-0.395225437,-0.246706442,-0.216465264,7.05459054685377,-0.21434429,-0.353392641,-0.143634729,-0.254871122,5.11168796850532,-0.098690295,-0.187553139,-0.224365599,-0.290530032,4.61022960308567,-0.217750886,-0.20394512,-0.256892896,-0.387256737,5.76650223476618,-0.408594046,-0.294655344,-0.201240394,-0.323780509,5.31058046020229,-0.195203477,-0.328007047,-0.183576788,-0.714807515,7.4467563898169,-0.275415679,-0.374047201,-0.238714555,-0.281935023,6.89788824488126,-0.139017893,-0.297451472,-0.124547873,-0.387062501,4.93204125797179,-0.074761397,-0.181237408,-0.20820491,-0.328875843,4.57448563472501,-0.174500413,-0.179140007,-0.237409899,-0.439976676,5.63783126974025,-0.31577676,-0.242680827,-0.165784119,-0.487660549,5.14904494265481
-0.179420871,-0.226929811,-0.181294007,-0.285623559,4.97736131218163,-0.355610527,-0.313991577,-0.322344165,0.18314403639868,4.65737414612015,-0.155162252,-0.213941073,-0.279608825,-0.653004553,5.49762633475046,-0.008081126,-0.267072239,-0.078649213,-0.756805247,4.90227142671697,-0.242420371,-0.202415318,-0.350937997,-0.061557355,4.78762924273138,-0.351759295,-0.397948418,-0.240297316,0.00409436505483997,4.86277496169149,-0.115019947,-0.192573686,-0.173469111,-0.377667714,4.89282423586652,-0.361217712,-0.330198827,-0.325711026,0.21643147153123,4.77995701543099,-0.117309404,-0.19279672,-0.254375522,-0.720656628,5.45149453601171,0.00144931484050678,-0.278848701,-0.059156699,-0.775864889,4.91656051866808,-0.191313669,-0.186642289,-0.319912996,-0.132920516,4.7068851614488,-0.301319996,-0.360796348,-0.230965482,-0.11212967,4.85489049797632
-0.2351219,-0.174445807,-0.235920955,-0.981458946,5.78325057958019,-0.464612928,-0.331421711,-0.304255891,0.123199441987413,6.44787341779812,-0.319959566,-0.132149305,-0.396751653,-0.35818854,6.58279260167148,-0.470271787,-0.317635757,-0.390674109,0.0986773706337368,3.92041610473559,-0.191297156,-0.24767687,-0.19609026,-0.44930768,4.76446075153371,0.105320518914561,-0.183024161,-0.152181369,-0.401239809,4.13582776590149,-0.170131124,-0.121957619,-0.23253952,-1.084269249,5.63926523263967,-0.522761277,-0.377007402,-0.288450347,0.204103850048872,6.70550379584613,-0.213635053,-0.07148076,-0.335833251,-0.517874317,6.29980669749274,-0.557826648,-0.398031761,-0.385001926,0.184727117944554,4.01635740398345,-0.119887004,-0.235852201,-0.145937997,-0.57094913,4.64545508555059,0.145648730745713,-0.174052551,-0.124018057,-0.478788554,4.1054513754661
-0.24068711,-0.21116157,-0.294808335,-0.680404035,6.46189595421675,0.454967702913698,0.0228603561564943,-0.101857405,-1.259493084,4.3150461983473,-0.012160751,-0.23726126,-0.201768899,-0.227649287,4.10652213711047,-0.234000034,-0.290271381,-0.166070661,-0.565301204,5.24870687906053,-0.296515479,-0.199640157,-0.232904362,-0.428429746,4.8926609661115,-0.265066061,-0.246043397,-0.257121922,-0.300296396,4.69679444390348,-0.144269926,-0.219845871,-0.195390593,-0.79850178,6.08452034643993,0.482095233333888,0.0354139516048992,-0.094546214,-1.307219285,4.31428467201423,0.139638669385136,-0.108484388,-0.173901637,-0.543566317,3.98293329989285,-0.252361988,-0.326703053,-0.141351709,-0.543374436,5.30784032269364,-0.283302773,-0.195070507,-0.214274824,-0.458098467,4.83080591581542,-0.164326496,-0.19237878,-0.210778267,-0.458252017,4.53484322450095
-0.464401772,-0.342471171,-0.171444343,-0.106252278,5.81972784065916,-0.1670871,-0.30096146,-0.204469208,-0.470494445,4.9283917233522,-0.151299264,-0.308993192,-0.035187654,-0.602249971,6.98722928178116,-0.500608148,-0.316080872,-0.264915558,0.0365534981086421,5.77957094979817,-0.096345498,-0.245356483,-0.228425135,-0.351159309,4.40531283678098,-0.060236646,-0.244840771,-0.179315488,-0.242758661,4.49684716723799,-0.401768325,-0.310715012,-0.147747519,-0.176166561,5.59085396416611,-0.171179808,-0.29624621,-0.19643974,-0.453872813,4.86022418876479,-0.094348003,-0.279067731,-0.013899341,-0.686301286,6.89139077791171,-0.538673839,-0.310917046,-0.301566599,0.113439430583821,5.78586498269399,-0.080546488,-0.223507975,-0.235483908,-0.377832262,4.35067552951219,0.0598808241977683,-0.190120159,-0.142322127,-0.424081463,4.33727352790435
-0.301208611,-0.304259035,-0.321467131,-0.430180184,6.96749108417311,-0.044824577,-0.297824346,-0.180233492,-0.414288199,3.77425561174086,0.294070667941513,-0.013177697,-0.042736593,-1.242899529,4.76144013446612,-0.011263397,-0.138952744,-0.230954549,-0.810279448,5.20918721202948,-0.184881494,-0.205488316,-0.190971934,-0.532316674,4.95882298299719,-0.42333227,-0.34761198,-0.251505722,-0.313047803,5.2247435585137,-0.387285101,-0.312894572,-0.426445281,-0.331996511,7.09214770472942,-0.041617611,-0.294062287,-0.172796606,-0.43522554,3.71959077353082,0.345130991290847,0.0251930942787258,-0.022464522,-1.356231007,4.75895607665149,-0.012546081,-0.141259799,-0.234318047,-0.799831372,5.23845253979777,-0.202111085,-0.213464971,-0.203416876,-0.498195177,4.9932779715445,-0.347442392,-0.300141752,-0.228933299,-0.41428824,5.0406546586792
-0.401712141,-0.216890787,-0.333776336,-0.305606858,6.65150717677283,-0.528274792,-0.165790069,-0.45650171,0.231410696325913,7.72748429488768,-0.346540022,-0.113959779,-0.327809261,-0.43265572,6.57386779166843,-0.043504147,-0.209768109,-0.078742885,-0.685411899,5.9792561522552,-0.636974891,-0.306649536,-0.473103878,-0.024767526,6.48818419295013,-0.139219453,-0.102627579,-0.235057856,-0.651934506,4.7035395587741,-0.363151333,-0.185371234,-0.341300393,-0.365814753,6.58921894792393,-0.630690729,-0.12046242,-0.536124365,0.269395783059843,8.49134176057924,-0.251719498,-0.123028962,-0.259374082,-0.599545114,6.3906795927282,-0.100554361,-0.239412719,-0.09729192,-0.610839292,6.16281656447563,-0.668838792,-0.2808667,-0.514572273,-0.004053073,6.50807035030511,-0.052945294,-0.052059019,-0.203972471,-0.817671138,4.64309925324526
-0.222996668,-0.285145179,-0.256888439,-0.311598747,5.41786211357769,-0.332314917,-0.245310397,-0.15826087,-0.570450349,6.09880818651213,-0.480159691,-0.348551184,-0.350684184,-0.003890188,5.46683748275205,-0.173523983,-0.232232536,-0.23775399,-0.496955976,5.5430538816689,-0.422517248,-0.316453984,-0.306117121,0.0403033390772035,4.90241588773802,-0.070238196,-0.220745555,-0.082659072,-0.344728484,5.13569275338954,-0.258603487,-0.301001058,-0.258032316,-0.287795707,5.42270522309505,-0.291319578,-0.212636865,-0.156478754,-0.619383443,5.99864635845093,-0.347054811,-0.289011626,-0.285328133,-0.293898385,5.29842337452003,-0.164796028,-0.233228018,-0.232332136,-0.521601775,5.56891139785293,-0.389907811,-0.309713473,-0.287318303,0.0179670080353419,4.84719835410485,0.00874715998463259,-0.155432403,-0.055899518,-0.49549749,5.02353560465723
-0.224219093,-0.078891097,-0.402127725,-0.703287437,5.65797312841194,-0.154622328,-0.309641107,-0.047419739,-0.843909726,7.09860029955901,-0.717737557,-0.430353456,-0.403946032,0.346342791223684,7.02799069886722,-0.119403236,-0.253647338,-0.185268278,-0.371266562,5.29524484351923,-0.11554838,-0.22494194,-0.164341523,-0.22636575,5.03650092212156,-0.08904203,-0.140805026,-0.143991916,-0.591954964,4.46985956666792,-0.317816079,-0.078469399,-0.475977501,-0.648498787,5.87419962716814,-0.127492117,-0.324803909,-0.011471512,-0.90427664,7.18071871786272,-0.555433797,-0.333689494,-0.323893666,0.095149522652744,6.18399793320166,-0.133502626,-0.268690806,-0.181979443,-0.331925808,5.36381793441948,-0.089443091,-0.224103838,-0.140681868,-0.284553764,4.9870880269639,-0.052603614,-0.129871948,-0.114935061,-0.672959568,4.44092516526985
0.00673952565170222,-0.187243126,-0.155054552,-0.703804319,5.12797551498725,-0.196340987,-0.190632182,-0.245648046,-0.656934008,5.20883433964916,-0.02190344,-0.206181114,-0.16137612,-0.772838264,5.61317601751608,-0.324274355,-0.262381684,-0.298787335,-0.070170518,5.38417297555413,-0.109284768,-0.24498119,-0.188560204,-0.47506721,5.37042583189193,-0.671624041,-0.345399481,-0.350286315,0.273421246321212,5.76376512724677,-0.060857106,-0.211095631,-0.177792882,-0.58000679,5.20086493589604,-0.237292112,-0.2050811,-0.26859085,-0.637736995,5.27006231546061,0.00632457153640679,-0.171098871,-0.165149965,-0.834533208,5.60890008809358,-0.305930667,-0.252069318,-0.291761406,-0.099300471,5.38993249614552,-0.119760932,-0.244254043,-0.211812409,-0.481385493,5.45778319772637,-0.515242935,-0.279400408,-0.291546988,0.015003090586595,5.5275813974455
-0.228760666,-0.174316669,-0.335492713,-0.080410492,4.78346038070645,-0.59371546,-0.318603307,-0.38135724,-0.27540654,6.5368973258547,-0.358987099,-0.287787897,-0.306758916,-0.059347627,6.02231603892465,-0.231680873,-0.166367587,-0.283004089,0.131696850009937,4.35147518677934,-0.399144154,-0.226332422,-0.311257608,0.0438518816472076,4.87634889778246,-0.445125855,-0.260436435,-0.327082781,-0.091761353,6.21991453765406,-0.432884724,-0.278776094,-0.377657742,0.19012182272137,4.83135862659795,-0.588794391,-0.317862727,-0.405211594,-0.291455209,6.83918026596406,-0.322701287,-0.27250816,-0.291452468,-0.123209358,6.01360302720546,-0.220782382,-0.165288497,-0.274497374,0.119118730054203,4.29041990159576,-0.341475438,-0.193294154,-0.305711082,-0.044123216,4.84117147325903,-0.334671541,-0.220352049,-0.263556986,-0.289389695,5.97406534005711
-0.490443615,-0.132566213,-0.57271709,-0.044523715,5.82291432345079,0.239411950167648,-0.23015791,0.136044451172336,-1.234663975,4.77517684048947,-0.236210829,-0.212464232,-0.261590971,-0.449745714,5.80393343125312,-0.176097651,-0.129936671,-0.267818906,-0.31849419,6.25638127374181,0.187429977971892,-0.103473814,-0.141215063,-0.756641999,3.72113085309637,-0.300040544,-0.229112876,-0.343158877,-0.244385646,5.08748268874344,-0.617841351,-0.192957882,-0.622804239,0.234770072581554,5.69653668793537,0.145578336535865,-0.309292472,0.103702373071208,-1.08061906,4.78890233185564,-0.18821056,-0.190592778,-0.223094599,-0.56024633,5.80146213995437,-0.20058596,-0.144638529,-0.27958355,-0.289579329,6.35017549506457,0.184805111877671,-0.117703541,-0.124849113,-0.750714267,3.70897432914984,-0.163349415,-0.173753086,-0.269072701,-0.466758531,4.85046813585351
-0.262572676,-0.284379781,-0.127874516,0.0573873856102241,6.30598417582511,-0.414777565,-0.363230509,-0.16276695,-0.465334604,5.82669259697443,-0.086486094,-0.218508601,-0.255546758,-0.582972727,4.41833166688621,-0.468911565,-0.388045905,-0.299205498,0.134963217836707,4.97807902552174,-0.42578663,-0.270856388,-0.378486838,-0.208414928,5.39589252005389,-0.171853533,-0.227460277,-0.148220268,-0.221451833,4.99617101209542,-0.263441565,-0.30108227,-0.105201166,0.062072750942534,6.41161719212014,-0.496577377,-0.365848524,-0.234949069,-0.31567388,5.95355962136811,0.0333368155774937,-0.174881356,-0.199923461,-0.743817028,4.29946551664001,-0.539769157,-0.399284523,-0.356856183,0.248109806425266,5.19529398183352,-0.43906806,-0.273197764,-0.370813296,-0.217494543,5.47701858196929,-0.128432575,-0.199573367,-0.138353407,-0.307198522,4.96394617139572
0.0195529098141681,-0.094119373,-0.288179819,-0.683670031,5.02871274584816,-0.234146663,-0.277944742,-0.253607949,-0.043520051,4.44623619203176,-0.496055635,-0.309657385,-0.445606635,0.227756044457962,4.2012851904272,-0.349540191,-0.235300337,-0.278147442,-0.032240523,5.47423413142492,-0.385580934,-0.307491592,-0.238725675,0.14697328782484,4.68436899911223,-0.158129686,-0.233725071,-0.249226804,-0.283796968,4.39451408245351,-0.037968453,-0.147773521,-0.284767734,-0.575618979,5.11842647808124,-0.25918178,-0.317276747,-0.222300389,-0.015502,4.4598383493958,-0.399103503,-0.249076907,-0.40154324,0.0476193028724357,4.07977438790973,-0.381684097,-0.246337109,-0.299272962,0.0226241855185827,5.55621133235888,-0.403314979,-0.325453861,-0.235822754,0.179926226639806,4.68424218076599,-0.035376211,-0.18613764,-0.200641765,-0.476644125,4.20680545872454
-0.051871912,-0.252189428,-0.038575193,-0.799252133,6.13982970753219,0.193806517491457,-0.19253549,0.0580897010183513,-0.820677368,4.29414773756641,-0.229717832,-0.221080521,-0.283945998,-0.611346757,5.13928443921492,-0.126907913,-0.287760213,-0.200729501,-0.173954367,4.68639483057414,-0.036337482,-0.150645141,-0.205362572,-0.51734336,4.90465565707688,-0.270393409,-0.256704668,-0.260581689,-0.306900656,5.35272019665102,-0.016180709,-0.265267184,-0.022561639,-0.82381755,6.13972249556203,0.219603512078808,-0.190024042,0.0815361586443933,-0.837246196,4.26751549534167,-0.169334124,-0.205225808,-0.241051286,-0.735270184,5.11163175723042,-0.144200843,-0.301179528,-0.199431615,-0.123630299,4.69069940738752,0.00159703385804491,-0.153182852,-0.180955563,-0.57043308,4.84788716539584,-0.198922612,-0.210543072,-0.225087997,-0.458708935,5.24019843087464
-0.398952967,-0.321854817,-0.280228386,-0.169777171,4.75417215845826,0.141841515534969,-0.139104391,-0.17472238,-0.909319029,4.17133700844305,-0.011860353,-0.149101927,-0.239570568,-0.334855792,5.52541436212261,-0.183636441,-0.119952115,-0.24734669,-0.513052698,5.27521227038879,-0.319804841,-0.19200579,-0.389641016,-0.279851641,5.46364519162581,-0.254158837,-0.260466206,-0.162320649,-0.371275792,5.03130730130734,-0.429606186,-0.341634224,-0.29993953,-0.109860818,4.81629392619736,0.155924110923577,-0.13624602,-0.175023597,-0.9703955,4.17787835251906,0.0228739777972784,-0.139792536,-0.20874476,-0.395735497,5.41218437680948,-0.17810242,-0.14779789,-0.239786666,-0.49304944,5.15701176507376,-0.382520278,-0.215495979,-0.400539693,-0.213703344,5.5552353565591,-0.146940501,-0.21160042,-0.094148674,-0.540667753,4.85291473439462
-0.474633941,-0.378005414,-0.288439618,0.0595092591111299,6.06465261482791,-0.252856363,-0.218058713,-0.252312659,-0.287936938,5.05245115330825,0.0760976297289273,-0.150808448,0.0582642487707674,-0.927516964,5.09548190565143,-0.365603443,-0.312525698,-0.23501004,-0.407915768,4.88008606684638,-0.40106182,-0.396477584,-0.202400208,-0.295304412,5.83051575441416,-0.269686404,-0.220723536,-0.338326194,-0.568170119,4.94055764789319,-0.424932048,-0.397477656,-0.234077655,0.0503287752140926,5.97892071553131,-0.404637965,-0.384229234,-0.241149041,-0.065308567,5.27454060121944,0.145170596827109,-0.101728146,0.0774497327348385,-1.043895403,5.0512408491258,-0.352541824,-0.317964669,-0.225283194,-0.440465834,4.8586299533987,-0.321842165,-0.367544491,-0.1518529,-0.419230244,5.72265285666004,-0.239844785,-0.223058406,-0.3079801,-0.630304638,4.87417053783616
-0.498831748,-0.241237662,-0.388891356,0.172098908749253,4.98585111340991,-0.113453681,-0.263099926,-0.21578798,-0.233650894,5.79760489308619,-0.276491146,-0.222838383,-0.26241418,-0.230431361,5.70983898578797,-0.128683428,-0.228859532,-0.16326115,-0.55946093,6.320778365,-0.296854829,-0.282743995,-0.288383706,-0.063982334,4.8590181108799,-0.095140657,-0.207649045,-0.195977571,-0.964772487,6.86205897816743,-0.501269007,-0.260120312,-0.368771005,0.201901180519322,4.97459676303112,-0.104496178,-0.253040721,-0.223014172,-0.24915969,5.73106101768706,-0.195847843,-0.17769298,-0.242984349,-0.351842579,5.53506060908373,-0.148088395,-0.249059528,-0.169378712,-0.53352004,6.45018761582467,-0.592846004,-0.434020391,-0.358000985,0.282559745910046,5.23070509167679,-0.049738593,-0.186067476,-0.175054936,-1.05075724,6.80904099305901
-0.320889318,-0.232856069,-0.38737182,0.103608800016791,4.47954542309909,-0.091292604,-0.240236675,-0.102255542,-0.23533899,5.30315550381398,-0.324077239,-0.328365439,-0.276773454,-0.324104204,4.77671431442814,-0.100340526,-0.218288307,-0.237045726,-0.39721116,4.03969504795269,-0.205157214,-0.271078446,-0.188276983,-0.126842192,5.58441919742092,-0.163921011,-0.120139729,-0.260362634,-0.418955872,5.34738645459858,-0.314716437,-0.239541194,-0.390651949,0.0602583853580607,4.45989647322285,-0.127347984,-0.266651537,-0.096890874,-0.180796486,5.40645966285406,-0.280326058,-0.320946896,-0.228487495,-0.420796401,4.71665761547026,-0.111152369,-0.196128001,-0.251610606,-0.417366396,4.01473658551465,-0.159874822,-0.266008466,-0.155453017,-0.187096025,5.50805970842457,-0.147586461,-0.10781957,-0.247781131,-0.459909445,5.33122149391667
-0.568870641,-0.15947273,-0.413607151,0.125114832328137,6.67272575580262,-0.448752414,-0.289104289,-0.320032063,-0.302423249,6.53870852950702,0.0278982048685286,-0.085417233,-0.183218908,-1.020243171,5.31351031288674,-0.428094151,-0.358893374,-0.312819712,0.134207469431162,4.44529740096991,-0.49650645,-0.219614886,-0.34553917,-0.338450843,6.58354378411124,-0.476418563,-0.292923289,-0.374730741,0.0113773169477842,4.9194710765212,-0.634283624,-0.125736416,-0.469427689,0.250868404095045,7.00783552407961,-0.385121634,-0.317310712,-0.250994648,-0.506177679,6.64302497300106,0.0615627214714916,-0.072068659,-0.15983312,-1.107956373,5.29796160985768,-0.316512858,-0.315676971,-0.249682687,-0.035918268,4.27066668703432,-0.437409119,-0.199388804,-0.305068848,-0.402087128,6.4786535851435,-0.407227178,-0.25358995,-0.338730072,-0.070666458,4.78302357171876
-0.302782799,-0.360147328,-0.123358923,-0.31873098,4.9496488274923,-0.658737462,-0.367270078,-0.464758573,0.213292006175542,6.53964206452353,-0.092454516,-0.235257195,-0.243627077,-0.017598403,3.62820937326647,-0.310385728,-0.339140402,-0.23042,0.0662910804434317,5.72542889505563,-0.294900453,-0.361419188,-0.237001732,-0.038333062,5.5436611083139,-0.205350877,-0.275406498,-0.27439715,-0.29010951,4.75155513952019,-0.331976135,-0.400444731,-0.089051842,-0.273009112,5.04055493863966,-0.640097731,-0.375913152,-0.445462806,0.211569649607216,6.69580576957564,-0.02267114,-0.190977637,-0.20282265,-0.104872985,3.47420204127578,-0.271888324,-0.336736449,-0.216191382,0.03716318164556,5.60648419539261,-0.422184386,-0.364845615,-0.265221374,0.171839039552941,6.05376517220662,-0.116757303,-0.244633738,-0.216377888,-0.435984751,4.65642979547259
-0.169936563,-0.281831861,-0.188790833,-0.239215782,5.25121318762678,-0.1552587,-0.332134158,-0.147448331,-0.581342734,5.53567183166161,-0.272943447,-0.238836661,-0.258341967,-0.119578148,4.18513186262131,-0.29455355,-0.328979368,-0.220599261,0.0483417135981453,4.45617290328553,-0.358745005,-0.242213434,-0.313871863,-0.069794169,4.60017109440139,-0.166392789,-0.333315077,-0.260465511,-0.359809824,4.62051435057517,-0.217692937,-0.310740812,-0.206767097,-0.154494736,5.37600957404555,-0.14540317,-0.342913737,-0.12556905,-0.597326359,5.51228402022137,-0.046922315,-0.172807495,-0.129660501,-0.516948414,4.02437301229435,-0.264867084,-0.334302721,-0.2045742,0.00682313842414461,4.44828863454488,-0.425519024,-0.280310389,-0.322273698,0.0461572962759055,4.75268569745112,-0.079778041,-0.297787651,-0.228213061,-0.513037721,4.60268160579762
-0.398788992,-0.240137651,-0.181666825,-0.178518846,4.94823485101885,-0.184725292,-0.198620813,-0.273944271,-0.186546557,4.94084535141693,-0.125235672,-0.194914982,-0.252226063,-0.682499379,5.64486652271891,-0.288973523,-0.314878664,-0.242795595,-0.024774293,4.42116382966107,-0.316407112,-0.197256198,-0.313259149,-0.295881414,5.15744165145544,0.0916383928428091,-0.136016157,-0.203931568,-0.574021324,4.15894309123464,-0.424229164,-0.20856528,-0.216354291,-0.1246794,4.97770753995448,-0.163519845,-0.220462221,-0.217647161,-0.215290512,4.85369276435296,-0.065509289,-0.189350553,-0.204361038,-0.806675771,5.57433218174571,-0.27010045,-0.298407472,-0.238769156,-0.053617131,4.44651412322656,-0.32686993,-0.195546831,-0.325568972,-0.285900944,5.12046780286045,0.179553530703595,-0.095467582,-0.160465604,-0.729223706,4.06040308731556
-0.26464543,-0.403234629,-0.18776493,0.0349794149095049,4.75500111244494,-0.469450247,-0.382831674,-0.365592545,0.178112791547847,5.88219351574083,0.0924832708581333,-0.079124281,-0.183001541,-0.517753539,4.09023703299361,-0.305823761,-0.225257779,-0.266809106,-0.274659409,5.63605968132017,-0.161672204,-0.210396524,-0.261609151,-0.356267286,5.40678677969835,-0.223749111,-0.241300566,-0.169199593,-0.190589603,5.52747683582754,-0.45287432,-0.576045439,-0.224215565,0.186549945019392,5.31717216268249,-0.43085214,-0.353649632,-0.368128184,0.0935533522239463,5.62256431579327,0.200791901574146,-0.026205216,-0.141335057,-0.720056937,4.00755889719853,-0.262402629,-0.188444801,-0.270629533,-0.362972071,5.61573214261437,-0.166751086,-0.202886697,-0.261471697,-0.353638007,5.41356163278813,-0.200065579,-0.220609943,-0.161053475,-0.234722217,5.48054826931599
-0.142681259,-0.225485995,-0.109250358,-0.633032919,5.24118224062406,-0.163636088,-0.196709742,-0.277734374,-0.399496872,4.9284021044285,-0.189231086,-0.293590693,-0.065505122,-0.274949345,5.81770890668149,-0.173798603,-0.269127713,-0.269516965,-0.091171353,4.11627430080022,-0.07608081,-0.105237918,-0.257983768,-0.528892222,5.05974792298202,-0.335211113,-0.358498704,-0.232814672,-0.227670614,5.19727929258682,-0.147184948,-0.252284104,-0.065563577,-0.622767414,5.21805570697499,-0.27654401,-0.252464435,-0.314112926,-0.250130855,5.00354046365875,-0.165662846,-0.29853123,-0.038043798,-0.346332901,5.91282021549376,-0.149505256,-0.236473941,-0.279559252,-0.120605733,4.11034905373706,-0.068829519,-0.112668775,-0.255567715,-0.526576383,5.07496473942632,-0.214962571,-0.297742285,-0.191881455,-0.433063608,5.01698655770844
-0.524668279,-0.478814304,-0.100881005,-0.090839731,4.88873285438371,-0.407037361,-0.290951641,-0.282666459,0.107292636347641,6.05744198389658,-0.452001663,-0.30941917,-0.360098871,0.229873541202107,5.74375974502108,-0.263243164,-0.2192839,-0.223789727,-0.38180737,5.35563107322117,-0.099183539,-0.097826887,-0.22613481,-0.310790961,4.94868816165277,-0.283459354,-0.309252104,-0.268617377,-0.111901468,4.74847632669861,92.0009260876614,20.391420867425,17.5888208527347,-177.2196398,41.4892009392979,-0.41145974,-0.271097035,-0.283300817,0.0930822320694731,6.01276880907759,-0.3933836,-0.293901308,-0.315792796,0.104336378127224,5.73318600073311,-0.182113725,-0.178648983,-0.193036224,-0.506784366,5.1758106397557,-0.136190664,-0.071058339,-0.274919327,-0.283132759,5.01607292242675,-0.159503056,-0.255414759,-0.207241087,-0.294465935,4.5226193343521
0.236958990697195,-0.021643724,-0.055968546,-1.446202068,5.62159035760319,-0.673502445,-0.415034203,-0.425310774,0.00255578044472418,6.57458245828864,-0.325714448,-0.392738735,-0.176358843,0.209690397659108,4.23370921699639,0.0715230508848157,-0.094068207,-0.231314543,-0.585094813,4.71939438782257,-0.355164053,-0.31050277,-0.257796904,-0.029659912,5.68884785705178,-0.08182204,-0.237340143,-0.12353676,-0.572777818,4.94082411181861,0.364804999521336,0.0553380628621803,0.00550789522070724,-1.714861911,5.61301495302906,-0.773542082,-0.455590426,-0.445169034,0.206835910566879,6.65699966275998,-0.196788636,-0.316918013,-0.1518563,-0.009747523,3.97432380410778,0.0420939652290456,-0.091483159,-0.25433263,-0.537281025,4.78199403381423,-0.348159764,-0.313959341,-0.246223746,-0.018384105,5.62428838075381,-0.045906897,-0.236105323,-0.07973093,-0.6369983,4.94784800167521
-0.317002928,-0.205223871,-0.427574092,-0.137753952,5.6236863051259,-0.355795983,-0.201271473,-0.406911276,-0.392346508,6.13259606809749,-0.134155531,-0.265218851,-0.168067665,-0.415718365,4.81215452971968,0.0512007815750749,-0.111614311,-0.274476698,-0.816930274,4.42136964960029,-0.3152355,-0.232756485,-0.355435288,-0.052948476,6.429068274,-0.131945315,-0.186328744,-0.247477785,-0.290503637,4.16061967614352,-0.378639554,-0.176228007,-0.517741691,-0.090219775,5.86575219256837,-0.373508673,-0.156834133,-0.458910613,-0.37329284,6.41920889054288,-0.046603127,-0.220074736,-0.113409018,-0.57017152,4.63172057161731,0.0735588778027889,-0.116304607,-0.255853072,-0.84024296,4.37947135133652,-0.309622892,-0.249266883,-0.34118088,-0.06342042,6.50226296254354,-0.09944048,-0.178943746,-0.225110157,-0.339789598,4.12291248652672
-0.321491111,-0.31890163,-0.11419513,-0.427630889,4.81944541494249,-0.260391511,-0.165186418,-0.297370785,-0.211461666,5.62449123075249,-0.568968118,-0.333721622,-0.358452988,0.0586822241866508,5.18201351572866,-0.312781269,-0.226665168,-0.293989196,-0.062166163,5.49998316293291,-0.193566896,-0.237146896,-0.261985692,-0.338007169,4.67455963594292,-0.115304215,-0.196597975,-0.195930671,-0.238180059,4.09754443688266,-0.2224479,-0.292032406,-0.052050053,-0.603986334,4.7714356208744,-0.264291819,-0.187933865,-0.293466711,-0.230370511,5.88807709403244,-0.439222456,-0.281361319,-0.295179037,-0.120539895,4.9246045100721,-0.34701183,-0.231465465,-0.307633399,-0.016350791,5.56184585650293,-0.17681567,-0.23344214,-0.245903038,-0.376674029,4.64594647866502,-0.025588308,-0.137191541,-0.184077418,-0.405413234,4.02881651382945
-0.092981047,-0.297207805,-0.096624324,-0.215596995,4.20800299190558,-0.159166852,-0.25633437,-0.121941671,-0.463942786,5.58177496403736,-0.402311313,-0.245825077,-0.372230612,0.0220906293064488,5.1951947679077,-0.353029299,-0.212045624,-0.331617091,-0.3390632,5.29616371476109,0.0828457118060081,-0.125976635,-0.15532173,-0.724653971,4.89339043854966,-0.344927525,-0.274708322,-0.277152329,-0.348134567,5.32306922583881,-0.097668629,-0.302200918,-0.082405624,-0.229985912,4.22522543931179,-0.141053227,-0.289563182,-0.074374718,-0.455851158,5.59781294439508,-0.270748578,-0.175229425,-0.329183781,-0.191249335,4.96703501410692,-0.504590823,-0.302405011,-0.381606105,-0.133814593,5.53592854463173,0.0878729027585169,-0.119706485,-0.153492202,-0.739736408,4.87026275747122,-0.254027811,-0.255044808,-0.215068187,-0.522209879,5.24841886050377
-0.337152465,-0.185625784,-0.273432628,-0.288364315,4.99446458969056,-0.531707698,-0.450069388,-0.189895064,0.101139084827312,6.92159771015437,-0.215131066,-0.247724551,-0.057523507,-0.187039474,4.53257336621308,-0.160029606,-0.196778254,-0.314267925,-0.552447098,5.01970839868515,-0.220065445,-0.297353597,-0.240535954,0.0170441002782799,4.75012512411763,0.0734583565700832,-0.197510147,-0.127346123,-0.590800595,4.19244373518799,-0.269117906,-0.12113693,-0.277893823,-0.387698777,4.87030262074692,-0.5639619,-0.440105622,-0.223745459,0.118976300310763,7.31550459683007,-0.081146478,-0.192386793,-0.004957248,-0.415535986,4.39900525923416,-0.17663229,-0.187434415,-0.339023046,-0.531018664,5.13095131720887,-0.296464989,-0.365892821,-0.210314696,0.158247974137304,4.95471253732775,0.180090524123139,-0.140575003,-0.086857087,-0.755202585,4.06655938538205
-0.454929602,-0.374715434,-0.31678729,-0.138262313,4.79044792515283,-0.061794591,-0.216850207,-0.21963855,-0.036287835,5.00439012854668,-0.120309634,-0.215428712,-0.1442373,-0.358460289,4.86222137961368,-0.296075286,-0.110850554,-0.360380179,-0.478770021,6.07536016673423,-0.184587211,-0.171918114,-0.253876368,-0.227233206,4.30620753645398,-0.069790722,-0.262982073,-0.267957512,-0.424263683,4.44184948295304,-0.419556019,-0.420073436,-0.275180551,-0.172466247,4.74882276888631,-0.076337254,-0.241423951,-0.225866758,-0.006124875,5.09951283292591,-0.102256917,-0.215586378,-0.127838707,-0.396916921,4.90646364600404,-0.297798624,-0.073905902,-0.39236356,-0.475845012,6.28482537163971,-0.200865531,-0.148772197,-0.296341471,-0.209299417,4.37785227609746,0.0092856331419781,-0.215430038,-0.236930929,-0.589027245,4.30564980353263
0.158782435570683,-0.221974182,-0.105179347,-0.767639313,5.44739558029862,-0.359403385,-0.267133084,-0.334631779,0.0780035485119567,4.6479002399117,-0.169685089,-0.193547238,-0.229713791,-0.486048691,6.36032815513248,-0.355460046,-0.313642125,-0.272939935,0.0507580574489608,5.32616557050503,-0.186120627,-0.282774219,-0.230490699,-0.08113507,3.99651623832739,-0.240007901,-0.338358719,-0.205324124,-0.497853668,5.63619226068946,0.0698285195428904,-0.286361818,-0.126638877,-0.620534607,5.61227016588736,-0.383279899,-0.289082657,-0.322074433,0.109387458954478,4.62723836656829,-0.07530068,-0.158292072,-0.188995627,-0.634851636,6.23585453171437,-0.326301039,-0.308863391,-0.254822101,0.0343504417642516,5.26636330998436,-0.182279958,-0.280218979,-0.220994078,-0.086330566,3.99357040104248,-0.081238534,-0.282808537,-0.119388679,-0.777276698,5.34848175374283
-0.142249109,-0.287016751,0.0661892967382963,-0.476167742,5.138731616,-0.373777648,-0.306100141,-0.234611463,-0.460807538,4.93846204742015,-0.057978378,-0.217763961,-0.388944147,-0.135338305,5.03492915873626,-0.134617322,-0.145395765,-0.338826143,-0.417726585,4.1169057089792,-0.508316827,-0.258871347,-0.33203904,0.0171140509070331,4.89338595246034,-0.363610782,-0.331699123,-0.193725773,-0.282494934,5.82212578851678,-0.108764619,-0.291374762,0.133962448377784,-0.547477638,5.19992714538651,-0.310927913,-0.27058532,-0.211325397,-0.579880282,4.80863148692079,0.000575306228255804,-0.204972764,-0.335697797,-0.191594497,4.80023119772599,-0.03904148,-0.110696771,-0.291867897,-0.505669272,3.9507030595908,-0.51004984,-0.265176367,-0.337699231,-0.008197184,4.87476801802571,-0.345258224,-0.31336489,-0.175860427,-0.339726262,5.82416507954064
-0.232205794,-0.278738219,-0.252522602,0.0204133651025436,5.08582305330928,-0.194525932,-0.286700883,-0.229411943,-0.284524532,5.00070595996292,-0.287586075,-0.20202784,-0.229613607,-0.679964585,4.49009062514739,-0.463459108,-0.310702088,-0.388556133,-0.016640431,5.41926043628568,-0.442473672,-0.317287218,-0.233606712,-0.170477599,5.5814407357449,-0.111085167,-0.196949783,-0.202508114,-0.540269121,4.43471074460883,-0.365931056,-0.328518073,-0.303941529,0.172421708523906,5.27128592605292,-0.181330501,-0.292913539,-0.215895255,-0.285984962,4.85805733107387,-0.207751057,-0.17753306,-0.172947387,-0.794072206,4.38395986358262,-0.541388792,-0.341912944,-0.431104815,0.0852857256014451,5.5388928261754,-0.404271128,-0.304309853,-0.208795007,-0.223642321,5.45658788992398,-0.096924812,-0.19399804,-0.194313305,-0.57983596,4.45364220083828
-0.314992603,-0.195997338,-0.251504241,-0.326202051,5.60294847158542,-0.244332619,-0.245400697,-0.217402084,-0.216126596,5.43204803907314,-0.481015248,-0.155957004,-0.318486134,0.135993432051452,4.77339247508985,-0.227261922,-0.263012416,-0.093062073,-0.242852992,4.76133764711991,-0.069066706,-0.175515399,-0.246781664,-0.548282325,4.73539476666812,-0.414158394,-0.223931261,-0.305714701,-0.488342647,6.0768078160216,-0.363432535,-0.21127189,-0.298036614,-0.238135672,5.67639297616779,-0.348604487,-0.341087406,-0.171870414,-0.209614662,5.6740360624411,-0.408047396,-0.125688283,-0.269523234,0.0368540735162132,4.5994955588608,-0.24005197,-0.272285791,-0.1056693,-0.224917996,4.83960527396408,-0.095732897,-0.175517264,-0.277262636,-0.505461121,4.80888266861066,-0.333768188,-0.214247127,-0.246613086,-0.611611755,5.89750050384593
-0.134947789,-0.299183928,-0.154347475,-0.191085902,5.00184966690565,-0.518624254,-0.433967626,-0.445501257,0.68547911853849,5.38049469891116,-0.514996607,-0.226182852,-0.415330334,0.275436775450526,5.6585229351044,-0.084349925,-0.274910315,-0.154298568,-0.377955407,4.18104157962842,-0.237412927,-0.281436496,-0.237285518,-0.150416785,4.88937874897225,0.0428654471567405,-0.187853676,-0.181972919,-0.454877403,3.97219545770421,-0.125150808,-0.293184191,-0.15383003,-0.184269925,5.05382422233145,-0.496508704,-0.474502247,-0.379384802,0.605843286111295,5.64006993384474,-0.370336665,-0.219620861,-0.321984456,0.0383420340521775,5.106026801,-0.120110567,-0.292572595,-0.173717008,-0.313956818,4.18253704633892,-0.271847519,-0.25770796,-0.269586321,-0.113364384,4.85373487796218,0.146627556721792,-0.165862824,-0.10431151,-0.621851809,3.86227040966561
-0.505504051,-0.369651614,-0.3304588,-0.435228471,7.21082205960025,-0.063047042,-0.195310719,-0.202943146,-0.572314842,4.99594395056307,-0.314857699,-0.294760043,-0.217996143,0.100069606382876,6.24346199187306,-0.341799153,-0.269848611,-0.324843918,-0.37299245,5.38337085596673,-0.060529928,-0.213612723,-0.183883027,-0.523472117,4.75793574728162,-0.211188081,-0.30704214,-0.139393327,-0.331844573,4.97316735468539,-0.54697377,-0.365907716,-0.369328521,-0.43997321,7.46727445057351,-0.027802857,-0.181304153,-0.182645504,-0.649729381,4.94350030826846,-0.133833475,-0.202646517,-0.141537646,-0.230797618,5.87936489068313,-0.428139382,-0.308997574,-0.36509333,-0.268112975,5.40256873005198,-0.027981684,-0.217024128,-0.149509104,-0.56193974,4.66751357439015,-0.129564966,-0.256278365,-0.113318051,-0.480865814,4.86575207915564
0.0661301028129089,-0.210443921,-0.152144257,-0.759239633,4.93143297469704,-0.204175047,-0.288971496,-0.249798093,-0.471889673,5.58607014459301,-0.105449542,-0.044177584,-0.27045005,-0.811489646,5.90962020850873,0.0512666898460709,-0.268330598,-0.126860385,-0.243821597,3.83246405617895,-0.314323291,-0.237734752,-0.283123538,-0.309074584,5.73935479781161,-0.094922232,-0.099384247,-0.313769535,-0.487700458,5.02746589367571,0.139550124647595,-0.182896517,-0.114246632,-0.90298148,4.87116799221992,-0.192120068,-0.325184543,-0.20940693,-0.423185488,5.56742664224102,-0.034008143,-0.045561455,-0.198729126,-0.876114039,5.73095108265878,0.0805866367439683,-0.25892736,-0.116584011,-0.260802117,3.76845898974598,-0.279989191,-0.223744715,-0.267757951,-0.310436746,5.66344191878032,-0.004300953,-0.065066972,-0.262595779,-0.615444809,4.87597834602895
-0.264330011,-0.340991937,-0.179790879,-0.281442209,6.18101697604073,-0.215132668,-0.237786217,-0.228654723,-0.49358467,5.13260257674878,-0.228563638,-0.21905218,-0.333857295,-0.214144963,5.09814290152737,-0.081216689,-0.206910245,-0.188475814,-0.299271354,4.72446348401063,-0.119527626,-0.20471257,-0.141009601,-0.627163117,5.18352656821436,-0.228439285,-0.268523768,-0.253221365,-0.066990703,4.38077513689194,-0.168642568,-0.351291221,-0.086978194,-0.484881682,6.25609993251519,-0.210278429,-0.243886081,-0.215640761,-0.58778443,5.22251328867508,-0.075873151,-0.171536082,-0.262010767,-0.421437814,4.74944111207944,-0.064945247,-0.187201346,-0.194530121,-0.329284674,4.72928885687196,-0.039391848,-0.174223235,-0.097493803,-0.755699265,5.02672033501497,-0.147113604,-0.231660431,-0.211076374,-0.240369371,4.30334097978792
-0.066029437,0.100929082466497,-0.337060098,-1.34794051,6.783668442,-0.161112598,-0.279328968,-0.10188109,-0.696245498,4.77348444744998,0.0893180222104309,-0.16308854,-0.103185939,-1.01029258,5.37234760124175,-0.298640141,-0.359018723,-0.215325885,-0.080994193,4.3132880602642,-0.182475667,-0.255732721,-0.237287204,-0.49955086,5.29838840954599,-0.326342296,-0.231036413,-0.223852727,-0.466365717,5.73594514976488,0.00175316993327709,0.101445682291517,-0.286699496,-1.439189108,6.70073243185118,-0.063209277,-0.256554533,-0.022491972,-0.897193768,4.71581673561311,0.135859211838997,-0.121914881,-0.096429675,-1.102090217,5.32993466226437,-0.373338902,-0.406899465,-0.210354696,0.0209602561257813,4.44996366921668,-0.229375446,-0.292224989,-0.224000722,-0.445846319,5.39762991633071,-0.262737822,-0.207882862,-0.182450928,-0.591340885,5.61514748100086
-0.217534176,-0.262335878,-0.308641544,-0.353847705,4.85568840209895,-0.359857443,-0.22436715,-0.429809587,0.286428515956308,4.54483805759474,0.0430525733253359,-0.155238775,-0.164207942,-0.757652561,5.57654237329305,-0.168304876,-0.262243706,-0.201161511,-0.067061316,6.2296154051326,0.0846773824810716,-0.214284768,-0.212660135,-0.574271267,3.72222078788119,-0.342847312,-0.265574943,-0.30582853,0.0859733545035962,4.01552043796528,-0.317024184,-0.316579239,-0.353103483,-0.171087312,5.00533375741182,-0.47605054,-0.297127525,-0.450338372,0.55696441471804,4.6127377758621,0.127863220669063,-0.102233115,-0.131551049,-0.928188206,5.44783806654853,-0.206619579,-0.301062772,-0.19427936,-0.013455739,6.40768585978523,0.103254017440866,-0.166522253,-0.242033455,-0.627992529,3.68095591123064,-0.200825005,-0.171180807,-0.267720941,-0.165251133,3.88106797127117
-0.46218056,-0.448180648,-0.258630405,0.206638739904464,4.06093769569337,-1.0457283,-0.569874508,-0.163783817,0.593040318983313,6.78942108723634,-0.132118789,-0.348729743,-0.194057512,-0.24210781,6.50357603786664,-0.198698643,-0.330510819,-0.280929254,-0.118962614,3.96453306759197,-0.116797263,-0.179239305,-0.162240576,-0.316683057,5.29757921773321,-0.286612671,-0.232275582,-0.192583386,-0.2590354,5.44198798727235,-0.498257486,-0.471419867,-0.252678733,0.228737155661269,4.16399618594836,-1.296969173,-0.679047148,-0.208901033,0.901338578578013,7.23801887775763,-0.069064295,-0.316938334,-0.161709404,-0.332613883,6.48170915287298,-0.229075485,-0.339905946,-0.304914298,-0.060260269,4.0681961480696,-0.153993181,-0.168399558,-0.19842705,-0.27493448,5.3323948740659,-0.206981668,-0.182578234,-0.166225926,-0.402095495,5.28843027678581
-0.080397803,-0.135677574,-0.253052418,-0.494321942,4.97876140846482,0.153526530958562,-0.081951049,-0.099860723,-0.691202206,4.97451993951282,-0.175451918,-0.212191909,-0.148642836,-0.592544266,6.39665106277955,-0.278654785,-0.258956503,-0.28771396,-0.184660255,5.02452056019989,-0.516546108,-0.337540297,-0.241043824,0.00853152345151641,5.81512245466412,-0.22865971,-0.262471861,-0.204037401,-0.263256855,4.54899810055783,-0.125734113,-0.132930304,-0.306024277,-0.433236746,5.14149084530492,0.176529057024327,-0.044278542,-0.110489259,-0.708859201,4.94579578657798,-0.147863376,-0.202515527,-0.123509713,-0.656218497,6.44901900489945,-0.395855064,-0.288131741,-0.345778423,-0.054286696,5.24646133528733,-0.693342915,-0.418037405,-0.3042321,0.227149602407571,6.17144310174267,-0.190474438,-0.24782579,-0.185007763,-0.297533043,4.49747275361674
-0.197462021,-0.197761706,-0.124403644,-0.684018394,5.46974342601635,-0.096350546,-0.271612683,-0.036856691,-0.59280119,4.94388214662923,-0.172134556,-0.236210956,-0.206795283,-0.16867968,5.34510063527523,-0.240356647,-0.301011277,-0.192042113,-0.31771739,5.40279705862844,-0.305092375,-0.19653001,-0.300947599,-0.307843827,5.00228112327711,-0.263334307,-0.26646868,-0.259763864,-0.008478588,4.69755596874677,-0.214601794,-0.233540089,-0.128754065,-0.623038037,5.61404994682715,-0.015696762,-0.214209818,-0.029408813,-0.710437085,4.76847002163357,-0.032247853,-0.192929985,-0.119717049,-0.42188458,5.09240041967686,-0.261184683,-0.314824444,-0.201988894,-0.319469357,5.47727969432059,-0.305836175,-0.193517361,-0.286521603,-0.274126144,4.9603950278528,-0.226937493,-0.25724211,-0.226269604,-0.093097395,4.71120677864171
-0.201888364,-0.205070374,-0.218927957,-0.18341795,3.64947144965979,-0.10010399,-0.212220274,-0.228209913,-0.647850912,5.92209447145601,-0.418699634,-0.257832867,-0.334536687,-0.114399096,4.05534232911234,-0.348706002,-0.267207993,-0.343066761,-0.265761077,5.59670812894998,-0.372123286,-0.300711095,-0.287300207,0.11696004614457,5.16981540552322,-0.27880177,-0.335312789,-0.212311904,-0.325099686,5.19096439499424,-0.254894585,-0.226437995,-0.229407772,-0.113618082,3.71552467087918,-0.050174401,-0.185457308,-0.215869917,-0.719072889,5.77950921290513,-0.326531323,-0.227146554,-0.280659738,-0.263876126,4.02770872724959,-0.389852338,-0.291543325,-0.349203284,-0.19606072,5.62996939878555,-0.486561815,-0.327495489,-0.348020964,0.283236818938035,5.29295535288121,-0.156481194,-0.280320074,-0.164201119,-0.553904379,5.02388300425187
-0.104405066,-0.175485426,-0.095803885,-0.628848425,6.04541366292924,-0.223053887,-0.135696774,-0.329805917,-0.630364648,6.60666472148266,0.0258860143830912,-0.254992095,-0.093451172,-0.387255451,4.03855195431888,-0.080309127,-0.240888828,-0.18581653,-0.287950012,5.57814644460793,-0.318624452,-0.144521338,-0.276239348,-0.480433837,6.23661294584006,-0.359706982,-0.245679778,-0.317778379,-0.368003523,5.94359904127951,-0.109383506,-0.197861433,-0.085115121,-0.633911892,6.09471391564785,-0.140048373,-0.066597424,-0.333590797,-0.739264539,6.62535549568245,0.0930466102764136,-0.198486314,-0.086329979,-0.488659718,3.94616306370546,0.00711457629619647,-0.2199411,-0.148980295,-0.437695301,5.44765226646885,-0.297924363,-0.124195251,-0.273387147,-0.547933394,6.24088422214581,-0.26813657,-0.206915298,-0.271866559,-0.536730175,5.81375011149479
0.0737523977643696,-0.233170609,-0.107011084,-0.558023304,4.50513520104871,-0.206297999,-0.323705916,-0.107473319,-0.280860496,4.81571539334803,-0.466037672,-0.374024134,-0.291116089,-0.08770799,4.5609991623987,-0.431551758,-0.324520986,-0.353125475,-0.089649338,5.14360311755311,-0.28443808,-0.280930462,-0.250728247,-0.155668655,4.97363142483976,-0.500001341,-0.304948024,-0.256775084,0.0606023706776809,6.09307194802491,0.0519905603630575,-0.240897145,-0.1050211,-0.538138759,4.49421715206071,-0.170685681,-0.300596879,-0.095942884,-0.317800087,4.67496411392275,-0.315388504,-0.292305796,-0.227201702,-0.274993198,4.29295512539096,-0.447618,-0.351972174,-0.329082131,-0.0686959,5.16883843359614,-0.243219438,-0.302762986,-0.200090224,-0.244178019,4.90021439288425,-0.401562363,-0.246174873,-0.218210011,-0.121049334,5.90724265807429
-0.378373987,-0.280072758,-0.289934644,0.0333035632596237,4.63381846040682,-0.247615236,-0.279801683,-0.23188657,-0.240409414,4.61576485551231,0.0426558086162148,-0.015324593,-0.210720784,-0.71358676,5.0284386623944,-0.11781863,-0.148958171,-0.210969584,-0.463838382,5.09658605742152,-0.408781139,-0.215372874,-0.275304504,-0.30417575,5.68016480255065,-0.211948746,-0.280451488,-0.162599131,-0.279485292,4.88303520681062,-0.338770029,-0.27553232,-0.280079054,-0.00622953,4.56047496472227,-0.246161973,-0.269435314,-0.234263879,-0.233165005,4.53924350671367,0.0762080747342102,-0.021409298,-0.17908851,-0.77317042,4.9904293191666,-0.152990506,-0.186152782,-0.199107456,-0.40742064,5.15140469749457,-0.433530483,-0.251358569,-0.270112025,-0.271517192,5.72341497649882,-0.129847177,-0.230978486,-0.127153519,-0.416726508,4.76996795224802
-0.077036159,-0.242046651,-0.154926768,-0.875065667,5.11997283333144,-0.369014684,-0.429178585,-0.268773327,-0.276800295,5.76841363686126,-0.337099326,-0.2826066,-0.221862816,-0.285515652,6.17250345455586,-0.000114128,-0.12674925,-0.189593513,-0.669435838,5.45814062910848,-0.337181207,-0.345227136,-0.29883464,-0.022064844,5.10470403308726,-0.183157528,-0.248725638,-0.214222538,-0.19320277,4.88972251049328,-0.065647044,-0.227401074,-0.155270031,-0.8783608,5.04519645937304,-0.484850712,-0.589814004,-0.250070223,-0.287000339,6.39210233481941,-0.168976863,-0.219558514,-0.131886554,-0.560433778,5.84570589730057,0.0209396414282552,-0.113271038,-0.182360581,-0.706106347,5.42082307673712,-0.277507466,-0.331791334,-0.284443992,-0.079325707,4.96554114365912,-0.077013184,-0.177232584,-0.188762972,-0.353744333,4.71264581529308
-0.313112211,-0.269847456,-0.28225233,0.0664517626390699,5.2573689659266,-0.432892327,-0.095931109,-0.41340687,0.121434532217913,5.77159003427575,-0.05827959,-0.262847485,-0.094174612,-0.738522113,5.6134746445842,-0.243802614,-0.227951197,-0.261097001,-0.2143447,4.24472771335151,-0.278193709,-0.236267327,-0.283771732,-0.265446416,6.40740201839792,-0.418332144,-0.232210614,-0.245804859,-0.111951411,4.64214094409303,-0.232823528,-0.254106675,-0.217465572,-0.08870714,5.08968486787531,-0.40786892,-0.061659568,-0.419755449,0.0854338668489285,5.99998924708606,-0.022986167,-0.25175109,-0.08218784,-0.758473604,5.56514738140446,-0.198880281,-0.19876284,-0.249527168,-0.286541105,4.15949624588064,-0.366351276,-0.251514771,-0.337014303,-0.130906751,6.55992551510049,-0.343763911,-0.20703215,-0.20333439,-0.255648164,4.57102415179764
-0.207139111,-0.198556519,-0.309221158,-0.090308567,3.73798497493643,-0.066562327,-0.228101714,-0.173690547,-0.451119072,5.79350417071503,-0.219891985,-0.336848876,-0.247982342,-0.445352003,6.29426823134014,-0.282565554,-0.272099147,-0.193366097,-0.276961032,6.56889773841865,-0.2686082,-0.202899151,-0.274218655,-0.063365827,5.00171870105611,-0.256795991,-0.353567773,-0.218405337,-0.20766096,4.4952650586781,-0.164358874,-0.183579611,-0.294820874,-0.135258228,3.6915937851409,-0.117861812,-0.257289608,-0.187682114,-0.38031316,6.02393077323139,-0.097641676,-0.313717983,-0.173202821,-0.626778041,6.21093360772414,-0.232177141,-0.255418957,-0.171793901,-0.358896187,6.405179152,-0.272637425,-0.200264881,-0.2775202,-0.057013756,5.0736889893128,-0.149649185,-0.306197759,-0.172096029,-0.422291099,4.35258469805511
0.069254808445448,-0.176562626,-0.141987914,-0.536875051,5.09218218656782,-0.415567688,-0.36048711,-0.188691787,-0.173639233,4.85549155158162,-0.179929058,-0.234706487,-0.227531359,-0.369947792,4.7063394370051,-0.486915211,-0.230751086,-0.431864331,0.209762761242568,4.37194439552485,-0.0785256,-0.213662325,-0.230064934,-0.294660798,5.05594888275489,-0.133083764,-0.279565594,-0.217412918,-0.343132307,5.50853199079373,0.0741591458728793,-0.171108744,-0.149007725,-0.566983625,5.09788628422558,-0.427503799,-0.332695058,-0.208391439,-0.095889874,4.76255724521652,-0.208708647,-0.25975067,-0.219034222,-0.358167799,4.75550148920514,-0.441002612,-0.19617897,-0.415469877,0.125160126658426,4.31908140448099,-0.05549873,-0.195203867,-0.219178715,-0.333877459,4.95796001389349,-0.036821549,-0.225477746,-0.192105112,-0.484702774,5.36913550690302
-0.346056315,-0.264717881,-0.304943327,-0.141241282,5.85048886585228,-0.131913645,-0.16775549,-0.307347898,-0.590403744,5.27797870040987,-0.434263003,-0.285962777,-0.379973176,0.283255334754405,4.26682751734781,-0.720329886,-0.461381977,-0.424099734,0.515014221691751,6.21170126534959,-0.313016649,-0.362264169,-0.243130516,-0.024202745,5.26906295363273,-0.178933008,-0.202053037,-0.288485087,-0.394072018,4.63306983560954,-0.47420146,-0.296674067,-0.370333283,0.0341769731037282,6.06206560247875,-0.221454708,-0.157213198,-0.387348086,-0.524569011,5.48246300259564,-0.321966148,-0.23401244,-0.327996435,0.0797283164394906,4.09305810516584,-0.794722709,-0.505393076,-0.41758233,0.60679278227124,6.23963326406193,-0.275065176,-0.373651534,-0.205283624,-0.061204099,5.11162847336587,-0.122258575,-0.172922535,-0.269800076,-0.474233932,4.59493014950591
-0.110616673,-0.026408703,-0.419280906,-0.53613177,5.5446141325363,-0.32277296,-0.388423401,-0.036634069,-0.052006092,5.65638013038116,-0.185144045,-0.376993583,-0.112297692,-0.403846807,4.21619292235359,-0.43004898,-0.331336683,-0.180713094,-0.250053055,5.32480639698601,-0.317725167,-0.343356554,-0.228064409,-0.040466569,4.77035060795629,-0.413542163,-0.388614065,-0.245768818,-0.1602861,5.93387759548371,-0.093740355,0.0380714667006827,-0.464542459,-0.6067612,5.78829900501712,-0.374409333,-0.416669306,-0.030287787,-0.015163464,6.14448119909077,-0.125291677,-0.318109305,-0.123883515,-0.480325648,4.12406778113395,-0.421211011,-0.319868497,-0.178598744,-0.238057754,5.2542298303701,-0.312209963,-0.345189691,-0.221185621,-0.055271654,4.81847335184274,-0.314435758,-0.352940672,-0.195321952,-0.343596347,5.7162536103471
-0.350122582,-0.391613687,-0.303949844,0.0407741249977215,4.21753450343701,-0.546698429,-0.237615946,-0.349829287,-0.182245396,5.44273721799869,-0.512810678,-0.269737601,-0.331964122,0.107116372444573,4.69841852422442,-0.498907727,-0.261055301,-0.455865436,-0.319201079,5.94396934080701,-0.111076634,-0.193272238,-0.241171847,-0.37575018,4.97952851868626,-0.191439658,-0.294698607,-0.166039131,-0.297921378,5.75081246428939,-0.482192962,-0.508301595,-0.314249009,0.233942652381446,4.47304702450622,-0.635642889,-0.245028818,-0.386051662,-0.074255108,5.43166864541107,-0.436586224,-0.234687289,-0.291199425,-0.04472871,4.61934025939379,-0.992307681,-0.429225113,-0.646803479,0.33731759962939,6.66351269195015,-0.086998697,-0.199091294,-0.222452422,-0.412428651,4.97187387013953,-0.121122182,-0.266444283,-0.147592456,-0.423041931,5.74454176213413
-0.212184707,-0.226335137,-0.143774058,-0.150829972,4.07204278229602,-0.125567304,-0.192273381,-0.412450372,-0.074422866,3.98182742425456,-0.666991761,-0.293125597,-0.336979821,0.309370948707061,5.29090414250122,-0.364310151,-0.201993482,-0.307100247,-0.21315512,4.90665906845379,-0.186663172,-0.196273568,-0.318150376,-0.324635647,4.44618169417177,-0.267539737,-0.26996126,-0.23618789,-0.365358537,4.8752073269263,-0.439383138,-0.325200344,-0.267822101,0.202746729795849,4.41640365770097,-0.068780935,-0.21119662,-0.345933727,-0.111335041,3.91115090264199,-0.535203191,-0.211586481,-0.274702334,0.115570634767303,4.94005592426165,-0.350520723,-0.183984853,-0.312575778,-0.234035704,4.92708888531542,-0.245466255,-0.229632931,-0.334270157,-0.204447715,4.51390570331679,-0.202966197,-0.232525527,-0.202173318,-0.499380092,4.76220292148662
-0.389154198,-0.101122134,-0.459631048,-0.755110449,5.62924556273896,-0.685692911,-0.413893639,-0.444342504,0.17621840820461,7.52973702343503,-0.05918268,-0.181303453,-0.186467255,-0.430090659,4.06018177641396,-0.530769676,-0.240742308,-0.416543683,0.368075001300082,6.11641806550661,-0.350684682,-0.321612252,-0.261974368,-0.358807642,6.15562597245972,-0.059095219,-0.225234774,-0.107466709,-0.734989795,5.04003590445847,-0.521508899,-0.110346976,-0.534909447,-0.716096856,6.01210738628924,-0.7116031,-0.47221058,-0.419835037,0.188838322778685,7.87365302499935,0.0217620211174867,-0.155982038,-0.153863175,-0.579752981,4.00180765635453,-0.771696804,-0.363316775,-0.549031572,0.782294169421987,6.79187601040153,-0.383788084,-0.332763989,-0.276054623,-0.32161064,6.15388998781394,-0.015732014,-0.206726928,-0.083762776,-0.820260142,5.01880806615295
-0.201821662,-0.228361428,-0.29633074,-0.296350756,4.7597157519183,-0.934389333,-0.580716383,-0.444032702,0.927176620373834,5.01137272292641,0.0381080099566312,-0.145593004,-0.306149209,-0.319479631,4.48296966407579,-0.510647749,-0.235916591,-0.369967773,-0.016483832,6.61139477390968,-0.280354166,-0.248756538,-0.187679853,-0.257348357,6.70768202254667,-0.441508524,-0.293783742,-0.245102272,-0.161910219,6.51620251058295,-0.272930342,-0.262960254,-0.325598656,-0.256966455,4.93519253626611,1.22765220800998,-3.379619374,0.858732995884324,-42.18138265,170.390275892259,0.102653919467561,-0.123779312,-0.257275714,-0.424170363,4.34687901101573,-0.595487348,-0.248275027,-0.404390221,0.109367869674068,6.82368104992517,-0.236213249,-0.218680859,-0.171461539,-0.32969033,6.57332294164199,-0.394930621,-0.289054087,-0.188183873,-0.223713817,6.38574594795532
-0.163807845,-0.303513634,-0.210870361,-0.037453045,4.76400525246056,0.0795882090418805,-0.116104093,-0.283873196,-0.855842406,4.18218617854316,-0.374988288,-0.297889374,-0.302128714,-0.146521121,5.78662963832653,-0.559960641,-0.417967879,-0.288874067,0.0730545468907859,5.43436442952686,-0.136148139,-0.174066578,-0.247629895,-0.662670621,5.67853308094616,-0.085639596,-0.09721268,-0.233908843,-0.374413275,5.32159029144742,-0.177471528,-0.329743849,-0.186740761,-0.030968483,4.77728837999379,0.125014437413011,-0.07900443,-0.273434736,-0.973400079,4.14251952637622,-0.282479513,-0.256189749,-0.23898173,-0.361942615,5.67814868703586,-0.526819906,-0.405898481,-0.278843636,0.0308487249941058,5.43965460179644,-0.156971325,-0.168595293,-0.278105796,-0.646630178,5.76680089259859,-0.016979992,-0.081575622,-0.195841714,-0.47796946,5.22281595858674
-0.536372831,-0.383261326,-0.42291961,-0.111698754,6.37819031427658,-0.312698834,-0.209018385,-0.419849145,0.161576822603169,5.8395823543741,-0.243920543,-0.047955713,-0.297144124,-0.517904597,5.47440813516848,-0.30105449,-0.353932609,-0.264486737,-0.067502386,4.74347642524037,-0.213124126,-0.26481333,-0.301559596,-0.115135607,4.30011174613642,-0.013167427,-0.136853947,-0.213132977,-0.18205166,4.09077752776897,-0.691395525,-0.504471819,-0.453352739,0.0981846619720206,7.15087535971024,-0.336126632,-0.173317402,-0.460407322,0.240870964092866,5.77535383648111,-0.145373406,-0.012065985,-0.235151058,-0.683308561,5.3115444738782,-0.304713531,-0.351926283,-0.272082313,-0.071080426,4.74789504331389,-0.27899344,-0.311904052,-0.296607404,-0.004365792,4.41438072342321,0.0420992772210999,-0.105269662,-0.186522831,-0.274954413,4.0307273010707
-0.269983429,-0.303937572,-0.262218555,-0.232261879,3.98904439694994,-0.479311605,-0.233064838,-0.380168482,0.228712047988504,5.58123242295727,-0.495060564,-0.377565827,-0.322824022,-0.150509561,6.05583137419118,-0.319958882,-0.209965091,-0.228480651,-0.02471326,5.73404460899073,-0.267520104,-0.322073137,-0.170944663,-0.66168669,4.98567574378811,-0.116156494,-0.213844431,-0.235499749,-0.226267588,4.39217454673804,-0.209249581,-0.285545491,-0.239293924,-0.349127337,3.93534181752209,-0.564217155,-0.277177655,-0.387094841,0.385311295054393,5.69598586965997,-0.357817502,-0.294178729,-0.29188117,-0.402991353,5.72487519935802,-0.283946526,-0.193704958,-0.223963826,-0.071295889,5.70816881533505,-0.217328034,-0.324113375,-0.123152397,-0.769192987,4.96117953525773,-0.078165435,-0.211833378,-0.192887272,-0.30868642,4.34273063930902
-0.087923509,-0.277936637,-0.095380449,-0.311764408,4.67575728779592,-0.3375143,-0.22595816,-0.261685593,-0.181520366,6.85979075801117,-0.178262263,-0.371422381,-0.120273107,-0.786611862,4.8953252077339,-0.170688976,-0.227614732,-0.272984676,-0.243247888,4.93301323250504,-0.444198198,-0.262270144,-0.291822103,-0.041076386,5.42694714228556,-0.245721771,-0.265661174,-0.190007608,-0.79934047,5.32517024380924,-0.072873161,-0.241883622,-0.120971556,-0.314683099,4.6249189112568,-0.458540451,-0.319806494,-0.286465479,0.0284085269814739,7.04013563692537,-0.050372748,-0.302150897,-0.085928563,-0.931462887,4.58911811386771,-0.176949709,-0.240741993,-0.274079566,-0.24645907,4.94893165532845,-0.446798823,-0.241490191,-0.298173592,-0.026562795,5.3559443543592,-0.182197785,-0.240015751,-0.16321555,-0.910296069,5.28979172948504
-0.241591575,-0.391036839,-0.270636181,0.143056297691214,4.45669663969178,-0.245944863,-0.22394182,-0.384426366,-0.11993325,4.46642875940414,-0.350053435,-0.294109953,-0.368882675,0.0872182617055923,5.09300137499478,-0.329782296,-0.246726177,-0.281735626,-0.431560851,4.75733415456187,-0.296500497,-0.318330221,-0.154396309,-0.296144447,5.50163748543813,-0.290721291,-0.237726947,-0.312048916,-0.277719399,5.58969544498298,-0.183274885,-0.439669247,-0.17622818,0.0622242989850921,4.45041348137335,-0.485363912,-0.28696784,-0.54093445,0.148033783012963,4.80967517096881,-0.26188944,-0.250923338,-0.324590614,-0.088600008,4.92556408642782,-0.321082301,-0.227298623,-0.292573182,-0.455951198,4.72003197998792,-0.334170471,-0.353030003,-0.155550706,-0.249939971,5.5788046016987,-0.227510354,-0.221365942,-0.273412664,-0.368622793,5.54938517625127
-0.182306781,-0.234713983,-0.189895113,-0.417236927,4.3083523610344,-0.021129123,-0.275222864,-0.114656517,-0.547308031,4.18662869820596,-0.300303844,-0.199098592,-0.29085424,0.0806506175177824,6.54225073844156,-0.244488634,-0.232618893,-0.252865747,-0.432226647,4.86032223360268,-0.090302591,-0.215310722,-0.127947044,-0.470162542,5.15994791533151,-0.23963456,-0.166596328,-0.278095755,-0.237837399,5.91652007732345,-0.1302352,-0.212171115,-0.154215233,-0.496962975,4.19967673383055,0.0279328794561104,-0.258196207,-0.108128875,-0.614064195,4.12223977089166,-0.232220224,-0.162943604,-0.268615073,-0.00540557,6.43369852300053,-0.230756123,-0.219192426,-0.266868893,-0.447731797,4.85107437616282,-0.093037717,-0.223063253,-0.117589118,-0.485068502,5.20276447243351,-0.160307449,-0.124394783,-0.242146776,-0.374438718,5.77257509133134
-0.734053748,-0.548021243,-0.198743256,0.342316269505279,5.78883464794232,-0.343580057,-0.435557614,-0.244666401,0.0584584982604627,4.89418580639087,-0.098445748,-0.241929468,-0.102155551,-0.523260188,4.71400255232783,-0.61872119,-0.37677203,-0.35378122,0.268589709031491,5.46901750314123,-0.179178665,-0.260874103,-0.208673072,-0.776767226,6.61066169763453,-0.112097528,-0.298597301,-0.17127375,-0.276456802,5.31714371080259,-0.780523651,-0.617748794,-0.168046793,0.388023255982368,6.23999411371118,-0.542985774,-0.48729228,-0.317444898,0.387105167379641,5.16528703037055,-0.093766151,-0.218892706,-0.113949144,-0.546606969,4.70304575309395,-0.636391545,-0.403851101,-0.325849899,0.316643950730053,5.47418438186635,-0.222254722,-0.290412401,-0.233330537,-0.688459289,6.73342270929707,-0.037285708,-0.242187744,-0.149484481,-0.418242789,5.15105062309177
-0.173861505,-0.260371284,-0.121352012,-0.788351045,5.3620019416212,-0.279362161,-0.362323825,-0.169345212,-0.210933805,5.29919752209541,-0.086428484,-0.289015462,-0.217915051,-0.569956098,4.15659989559728,-0.109954318,-0.265968207,-0.222350525,-0.513660592,4.25677202824444,-0.207257143,-0.251936198,-0.248045624,-0.32173093,6.45368187200457,-0.104384697,-0.137771384,-0.234884746,-0.499886934,5.3361326782934,-0.180414525,-0.271494752,-0.138328823,-0.789918689,5.43576876540403,-0.333476503,-0.403785581,-0.217277185,-0.056583048,5.40186979121943,0.0210499759668453,-0.25444278,-0.147718342,-0.81187424,4.09023093747728,-0.099218638,-0.274962318,-0.199897836,-0.560144448,4.20153294896664,-0.215870403,-0.250253254,-0.25275385,-0.316542483,6.5484691414551,-0.010288455,-0.102123531,-0.189374224,-0.669975903,5.21569212974811
-0.514336554,-0.27860794,-0.385326604,0.268438723775491,5.04181115842054,-0.420636511,-0.290846068,-0.3734204,-0.012419965,6.66274289631379,-0.309587285,-0.279720588,-0.218320803,-0.048478675,7.18280967025653,-0.116202018,-0.123318879,-0.292091877,-0.434661834,4.82897245334477,-0.16438504,-0.195851623,-0.210116591,-0.131202905,4.5295449687819,-0.267723983,-0.241047761,-0.339930065,-0.447543114,5.46339645620634,-0.547820997,-0.302497622,-0.384135595,0.278934192193569,4.9470572215101,-0.395387616,-0.314235403,-0.398228935,-0.149226804,7.05248126645526,-0.28690406,-0.279618222,-0.189138461,-0.12562207,7.40050541986517,-0.088766309,-0.097209814,-0.301823029,-0.491262044,4.83418197234844,-0.158559506,-0.168068929,-0.230238098,-0.1290172,4.51062064268376,-0.17039139,-0.187064605,-0.305062039,-0.593140326,5.25574752038191
-0.323385182,-0.342512208,-0.217455362,-0.453626958,6.17357197481838,-0.264948841,-0.192959543,-0.261538641,-0.224958758,5.46827387965168,-0.411474297,-0.349487271,-0.360213446,0.188164483305037,6.62515335302323,-0.175823513,-0.190029688,-0.243515547,-0.366348088,4.99961182258743,-0.288298571,-0.269697791,-0.25379649,-0.202164486,5.48502842734691,-0.429344819,-0.425740547,-0.230365253,0.0338960812425122,4.24162739418922,-0.336493965,-0.385625324,-0.226009939,-0.435498799,6.4716765063012,-0.255284187,-0.198599832,-0.239232377,-0.244102276,5.41736982497483,-0.267891259,-0.277922849,-0.324282498,-0.053594225,6.29968251282179,-0.167446389,-0.192241682,-0.239636781,-0.398141038,5.02099522230707,-0.269475887,-0.270169676,-0.256306275,-0.23967522,5.48808071316684,-0.385864889,-0.402767071,-0.198356151,-0.037308243,4.18185785854822
-0.133716438,-0.308422672,-0.182210866,-0.34497174,5.00604959487643,0.0527230496358004,-0.182451986,-0.135594655,-0.674007792,5.77306129308595,-0.302996676,-0.042650084,-0.277072189,-0.602235652,7.91907845620322,-0.069220386,-0.285517019,-0.181133111,-0.418938357,4.89269528649319,-0.198169811,-0.252860989,-0.244547151,-0.433241411,4.60763734303083,-0.183288451,-0.241938381,-0.205661718,-0.377211558,4.85920783995691,-0.136146256,-0.320719485,-0.171214125,-0.364632752,5.10731939611375,0.0792234450337736,-0.184878487,-0.116842269,-0.722386073,5.74546984502398,-0.287259535,-0.01639871,-0.281723765,-0.622768374,7.89856698153488,-0.015733762,-0.283084526,-0.137386044,-0.510809903,4.79004068986858,-0.196259945,-0.250816184,-0.25486548,-0.422810932,4.64503838496595,-0.095769686,-0.200700454,-0.164464301,-0.544334171,4.7621446887606
-0.390387606,-0.385464213,-0.195564269,0.208691946296175,4.810872464,-0.272560831,-0.168736131,-0.304527129,-0.213097279,4.93343442779175,-0.188676491,-0.281161997,-0.058149584,-0.533786855,5.1172608062127,-0.510608206,-0.432898818,-0.215365945,-0.183576271,5.93823942911947,-0.283070182,-0.204947598,-0.275772907,-0.276075806,5.01222582005312,-0.200154093,-0.198847847,-0.273863215,-0.142727797,5.32043815400805,-0.301065468,-0.296523808,-0.215468327,0.103087460310263,4.53480588662584,-0.194717713,-0.127858317,-0.27485907,-0.360557487,4.84412404154093,-0.161016185,-0.296354648,-0.011854715,-0.584351076,5.21541183053235,-0.510340934,-0.470066734,-0.173028453,-0.159937838,6.04648073347909,-0.248455442,-0.201222168,-0.245771493,-0.355170884,4.95439652972103,-0.127455617,-0.18367167,-0.223557644,-0.275912768,5.22711967498412
-0.250393264,-0.289722031,-0.2377782,0.00794410682865335,4.72114788488278,-0.407040834,-0.354484388,-0.220909145,-0.230617002,8.73918408080496,-0.126275464,-0.012587496,-0.337895684,-0.564786562,4.57279894844528,-0.056858503,-0.195858556,-0.224467637,-0.723791961,5.60149625910876,-0.266874376,-0.326009982,-0.253759445,-0.132343913,4.38438374723292,-0.407993417,-0.307846034,-0.215756233,-0.441501683,5.13487320398447,-0.249927048,-0.258583295,-0.255543803,0.0045316312346317,4.68421303581175,-0.361409362,-0.333185589,-0.194942085,-0.297904284,8.62537695453115,-0.017433792,-0.016910536,-0.253662361,-0.728519949,4.41331886916837,-0.098589953,-0.215418335,-0.239648786,-0.659161251,5.66321651345303,-0.243656969,-0.329116567,-0.242216987,-0.138711208,4.39481540043059,-0.349780015,-0.262818499,-0.200168084,-0.546952471,5.02178346539924
-0.066214195,-0.213085737,-0.093923149,-0.446063707,4.87862592529937,-0.284823004,-0.30736744,-0.296892136,-0.325546841,4.4144234652308,0.0282324328728058,-0.230898361,-0.225378158,-0.597736428,4.1279463497249,-0.462743267,-0.346627324,-0.186859878,-0.069214713,5.19753549114206,-0.301597768,-0.289753245,-0.242175467,-0.079496822,4.655002917,-0.067277778,-0.125963314,-0.154863104,-0.401785565,4.83580344773348,0.0348700832738261,-0.159637138,-0.052218307,-0.608479154,4.72845157623405,-0.286969022,-0.289982061,-0.317873876,-0.282755908,4.31358878668988,0.0613723214633344,-0.162710006,-0.227851353,-0.674687406,4.08852413837875,-0.467492843,-0.341981913,-0.190322375,-0.060881361,5.19641106673385,-0.26754687,-0.268288924,-0.221339822,-0.126692838,4.54041357077481,0.0233391450083819,-0.103229298,-0.101132076,-0.553104972,4.77381758705069
-0.321163341,-0.229040991,-0.305693542,-0.259558561,4.68911110400623,-0.124354102,-0.231308914,-0.112289729,-0.474492694,6.41506571270125,-0.177382573,-0.215046047,-0.22397556,-0.470012609,4.57807501817376,-0.35657791,-0.304619281,-0.140894629,0.158249342891086,6.09019951949074,-0.234396297,-0.341233395,-0.176148866,-0.530279002,5.39011967833518,-0.278651335,-0.208448931,-0.355848343,-0.111359418,5.24131495860364,-0.357296842,-0.247382604,-0.347200349,-0.192890685,4.84003360521246,-0.145224066,-0.232115701,-0.122562002,-0.46497378,6.41406551504389,-0.152241774,-0.211130895,-0.210068313,-0.548781386,4.56998620202522,-0.43187206,-0.322966566,-0.175397396,0.287217036556583,6.18748133152926,-0.2377705,-0.350273279,-0.183334768,-0.536188153,5.54489553584034,-0.089222178,-0.143076719,-0.251268268,-0.415288024,4.88346631318693
-0.160571813,-0.309831817,-0.25562141,-0.296357539,5.48315630193269,-0.110015809,-0.023149,-0.389101904,-0.427016083,5.61966028640539,-0.26914607,-0.342156657,-0.203835457,-0.567322643,5.57469714209707,-0.310744226,-0.324287922,-0.3357288,-0.00488708,5.01305510928807,-0.197388212,-0.301939665,-0.277724773,0.218669530432216,4.23689708972981,-0.000385255,-0.075283267,-0.274211629,-0.674137127,4.7280248867146,-0.29972791,-0.379568923,-0.334188966,-0.054673933,5.7123540691863,-0.06874792,0.00660302758425174,-0.385785858,-0.518124898,5.54891313768213,-0.144809701,-0.30805106,-0.123581847,-0.793169192,5.49112848126074,-0.259069977,-0.271433482,-0.33144952,-0.09605348,5.45086373977924,-0.24911227,-0.326012682,-0.303996683,0.284054136248639,4.40564155579374,0.0539293116375252,-0.040881498,-0.253761844,-0.789528081,4.7375760057952
-0.023575964,-0.253181634,-0.094522591,-0.519891979,4.79460006664133,-0.581201973,-0.3319158,-0.384687436,0.214797268485666,5.68784879501532,-0.084867735,-0.090181869,-0.27304209,-0.469242171,6.84803142067199,-0.389543456,-0.200232607,-0.253254609,-0.122859777,5.37217418095164,-0.261035194,-0.255337031,-0.247955267,-0.562021505,6.39403235738545,-0.255459545,-0.217718307,-0.266084104,-0.45293849,4.8732610460454,0.00188768138436378,-0.269209838,-0.055184181,-0.561411854,4.83060223074763,-0.619101896,-0.368754544,-0.405776001,0.312109260673184,5.65612586645241,-0.005108457,-0.070879599,-0.232704824,-0.580299204,6.6170794934546,-0.340981563,-0.181814958,-0.228957836,-0.206526572,5.24921188908797,-0.255473251,-0.270715034,-0.225144301,-0.605034937,6.37740178715299,-0.202582813,-0.188212697,-0.24971537,-0.533154594,4.84700735058634
-0.451751371,-0.228312545,-0.310185396,-0.229312878,6.47339267335748,0.165563009672441,-0.166658656,-0.065589626,-1.301964519,5.81632067751804,-0.376253541,-0.193097789,-0.434178167,-0.032562191,5.32415894072474,0.00803834093762129,-0.071150251,-0.180408489,-0.782781568,5.30601005747747,-0.532701643,-0.282905995,-0.423039083,0.0373949539872054,5.45493819862917,-0.182511719,-0.292807399,-0.234131662,-0.263708613,5.44741530910332,-0.493970078,-0.204423119,-0.336183508,-0.192446619,6.44931858331839,0.24010839769342,-0.142723588,-0.011230491,-1.475560256,5.78128474137999,-0.257484095,-0.160932933,-0.378058068,-0.238111391,5.07359723206141,-0.023552936,-0.069753515,-0.207647678,-0.722867173,5.31446228203212,-0.559530845,-0.294136019,-0.442275186,0.0908767351765589,5.47836006465002,-0.064260767,-0.254013992,-0.179852818,-0.442880792,5.1979469714365
-0.588873918,-0.327292442,-0.130039322,-0.140024815,5.76582747416274,0.130886188435576,-0.087817605,-0.224920349,-0.868535834,4.18384711500758,-0.531434888,-0.228404458,-0.247661767,-0.322053519,6.68756483724651,-0.185092055,-0.245041501,-0.247163625,-0.213526845,4.83196506200086,-0.076780987,-0.182037341,-0.229131257,-0.638040181,4.57015845614508,-0.345494056,-0.257222942,-0.269850988,-0.206816888,5.53028522684674,-0.64222724,-0.394721216,-0.078853453,0.0084505589761947,5.79166545789166,0.179518942,-0.091040023,-0.183279929,-0.935561062,4.07672353754421,-0.431033187,-0.174982459,-0.202822936,-0.413773056,6.41161796093289,-0.159374367,-0.237153859,-0.233408712,-0.22694733,4.75070173580066,-0.022175839,-0.154140884,-0.208106023,-0.716506639,4.43716632674764,-0.281294006,-0.216846979,-0.242633615,-0.313922878,5.36348154621741
-0.245304381,-0.349735417,-0.338072433,-0.0002538,5.18909155744779,-0.513539004,-0.236230984,-0.430715438,-0.25407722,6.87816478256802,-0.325056131,-0.295625576,-0.32077454,-0.25983151,4.73913208194735,-0.163666362,-0.273207484,-0.226544253,-0.303757354,4.26511314759464,-0.193215062,-0.237096726,-0.274749886,-0.266204033,4.81860297453259,-0.271402777,-0.247718426,-0.247111946,-0.357835119,5.19567186185738,-0.268930648,-0.398242419,-0.31382977,0.000683715142823609,5.36668026659045,-0.58021425,-0.275242173,-0.440048352,-0.156121035,7.20975461837893,-0.161584722,-0.240274762,-0.220518433,-0.518133871,4.49354726799013,-0.172094852,-0.272075908,-0.228506824,-0.320893649,4.3383512905423,-0.155960811,-0.208573999,-0.262818935,-0.297375781,4.69030915583861,-0.226835383,-0.213822566,-0.222187805,-0.451914446,5.14178635031282
-0.048817494,-0.20417603,-0.135467924,-0.440798188,4.41175412515572,-0.197567242,-0.155727777,-0.277699829,-0.775980762,5.17995592520502,-0.081340015,-0.140060261,-0.251617419,-0.812434356,6.72369792034247,-0.121773402,-0.231809809,-0.181721421,-0.485588133,4.5367048650997,-0.115902599,-0.186898725,-0.193088989,-0.370105803,5.10549469355645,-0.378089184,-0.230978929,-0.286792827,-0.15406006,4.93214087257633,0.0164821583584873,-0.168305572,-0.109845494,-0.559620716,4.33765952766583,-0.13220721,-0.146254338,-0.228023019,-0.828343948,4.98900343063286,0.0130112621413022,-0.111858365,-0.183764804,-0.981110878,6.47231020087568,-0.132188342,-0.221591425,-0.192083429,-0.463440214,4.4932087544953,-0.134156974,-0.18801586,-0.205704482,-0.341533914,5.16505099370208,-0.223288231,-0.193365734,-0.20635056,-0.378602798,4.72189984321256
-0.346463184,-0.377464473,-0.176196364,-0.008453363,5.15791603639105,-0.193594319,-0.393510151,-0.186502122,-0.374659043,6.54073199911711,-0.063899245,-0.267344488,-0.183642287,-0.528378738,4.45644330138703,-0.23823993,-0.286050605,-0.222807613,-0.378664492,4.99529884935588,-0.374427492,-0.26856918,-0.333122541,-0.025859171,4.83246240993035,-0.266532361,-0.312929938,-0.20810836,-0.280514817,5.30537577021341,-0.342990293,-0.36381131,-0.164668587,-0.007589422,5.09675918026201,-0.302976534,-0.476583673,-0.194444761,-0.313132601,6.91473046165922,-0.010742231,-0.255341375,-0.145180034,-0.64185057,4.4303852309565,-0.310084925,-0.330058038,-0.234420493,-0.287071497,5.05937275834605,-0.361764478,-0.264210805,-0.320548429,-0.04717807,4.79798448139409,-0.129663026,-0.2616839,-0.156346808,-0.490329082,5.05037240108746
-0.372001232,-0.270036824,-0.245013934,-0.034576696,4.78056766821267,-0.409979836,-0.304614732,-0.268071551,-0.278380759,5.75817883046315,-0.160547883,-0.186679593,-0.247380452,0.0359302286116514,4.31678297670732,-0.146492231,-0.245055057,-0.203214347,-0.314572094,5.65677436085242,-0.571226706,-0.378458165,-0.311830656,0.283671362263629,5.47464787107134,-0.229033688,-0.285997607,-0.200051789,-0.309605747,5.34724401903578,-0.433984232,-0.346964828,-0.218652713,0.0374208016273455,4.95897506041334,-0.340989026,-0.314126305,-0.217379753,-0.35078933,5.61178010196117,-0.139263352,-0.178092754,-0.239485343,-0.010048995,4.32118192139424,-0.116939383,-0.232203521,-0.18575489,-0.348055671,5.63464645426711,-0.663754406,-0.443991923,-0.337376089,0.439783217964741,5.68702048746846,-0.152914705,-0.257556182,-0.154605135,-0.439486829,5.22256481864203
-0.373972088,-0.217116129,-0.271077591,0.125529168943122,4.37269845306234,0.0753560801617039,-0.079649839,-0.157869314,-0.549130845,4.75008952418211,0.114322396502609,-0.124320722,-0.049677742,-0.940719742,6.07543993496661,-0.375957007,-0.250494675,-0.324819223,-0.420102506,5.96434292818009,-0.313447542,-0.316433995,-0.194410938,-0.156982992,5.46644604926109,-0.210076455,-0.097598871,-0.352824289,-0.174416515,4.83990720096228,-0.398548871,-0.291279613,-0.205851119,0.210151653223572,4.30560626562964,0.10580181256275,-0.084015773,-0.128370964,-0.605511701,4.70132695158064,0.150028645681419,-0.105358964,-0.030098558,-1.006196154,6.04431734616793,-0.330176647,-0.235165151,-0.3120755,-0.493660864,6.01047205386866,-0.320200513,-0.339752236,-0.189721592,-0.153178016,5.53240586230145,-0.170322171,-0.079175917,-0.338906631,-0.237358017,4.87796267426431
-0.180352063,-0.292982294,-0.257909054,-0.371588632,5.89805772638331,-0.167926885,-0.215165603,-0.253942822,-0.132251353,4.89460677002137,-0.275590161,-0.055164377,-0.411607982,-0.321697747,5.85275756734916,-0.273220285,-0.264684363,-0.278559481,-0.315458819,5.00624534453082,-0.129764875,-0.141878579,-0.244834917,-0.21058928,4.42976218129049,0.0626619752423738,-0.137472538,-0.048808532,-1.040168932,5.1516622920748,-0.162521424,-0.276516073,-0.261603875,-0.419611397,5.97943997308448,-0.173162144,-0.220173122,-0.266134694,-0.147650379,4.99309647663834,-0.232327217,-0.042781404,-0.377877463,-0.407576686,5.83845362649057,-0.31822551,-0.277876337,-0.294429081,-0.265294355,5.01492175518036,-0.140216364,-0.12773921,-0.27052939,-0.196396759,4.43974599607096,0.103957580793271,-0.127820941,-0.023407775,-1.122044341,5.1520770936108
-0.49669901,-0.253523342,-0.270409643,0.162278066678376,4.82363157692022,-0.545365653,-0.32690057,-0.27236145,-0.26703389,5.36819149437763,-0.428379552,-0.415992644,-0.142153805,0.0921951128552522,4.18739258343791,0.0259617062608404,-0.125524446,-0.255966997,-0.575375356,5.17109299662469,-0.423238664,-0.267399992,-0.263414395,-0.389588695,6.11759014995643,-0.323432481,-0.245052538,-0.259904515,-0.1376925,6.02419253687697,-0.357845568,-0.165709835,-0.234911099,-0.05275752,4.68316810369081,-0.525304351,-0.341292656,-0.219488943,-0.329512736,5.25610746913572,-0.45337177,-0.410636656,-0.157728692,0.0567168407593167,4.22928989218125,0.0400761078643921,-0.115306795,-0.24670442,-0.606219472,5.16730565725542,-0.556821248,-0.363466959,-0.283111426,-0.189684034,6.26948298632221,-0.263027141,-0.211416217,-0.230501547,-0.259673359,5.88467072063543
-0.086769094,-0.164340361,-0.325526067,-0.454274246,4.67761093958741,-0.334469085,-0.338306015,-0.257773252,-0.461027296,4.25919262042188,-0.151181611,-0.154633398,-0.187410432,-0.275600334,4.52055292929668,-0.186210351,-0.296815749,-0.224194668,-0.344448456,4.74134188996647,-0.16553186,-0.233817871,-0.241491184,-0.098687424,4.18073097827181,-0.245506009,-0.375946034,-0.085953484,-0.362566132,4.92587858979767,-0.157590562,-0.156996012,-0.358150082,-0.387822563,4.75491429215608,-0.461144059,-0.441366145,-0.267670164,-0.397123719,4.36397398584328,-0.098135277,-0.14525214,-0.157429985,-0.368473001,4.48337044933621,-0.191473989,-0.325255632,-0.196598365,-0.361851521,4.75449491327468,-0.154521407,-0.218182908,-0.260725785,-0.099396184,4.13907474839379,-0.152584926,-0.322559712,-0.050501998,-0.491392045,4.77364193957114
0.00879604593861163,-0.123682933,-0.164192616,-0.554676733,4.3524873718124,-0.409086715,-0.318641182,-0.321056737,-0.467260653,5.15718657374471,-0.447526992,-0.342071031,-0.36621206,-0.069527622,6.72249071238861,-0.320446322,-0.267807956,-0.223068242,-0.123200504,4.79062203236771,-0.199166556,-0.160324816,-0.203622183,-0.377818621,5.86290337201217,-0.112292746,-0.24539394,-0.201684335,-0.321647494,4.29189677754849,0.104854679810664,-0.061189804,-0.116514769,-0.700603583,4.28051259114177,-0.551480488,-0.364757503,-0.399260092,-0.181019031,5.1046004257676,-0.329818864,-0.309333643,-0.291331876,-0.25492025,6.37172471000653,-0.260484316,-0.244847658,-0.216695839,-0.214581586,4.71689011290498,-0.217341425,-0.179038598,-0.191573583,-0.336459937,5.86156552722442,-0.066596503,-0.235777016,-0.164502459,-0.386349862,4.27338506687899
-0.341834957,-0.246451542,-0.312394809,-0.376510697,5.13278208283098,-0.350151381,-0.353933467,-0.229433687,0.166020520118937,5.62517726756774,-0.283221729,-0.236957121,-0.324952477,-0.626800722,6.89632585046322,-0.35284658,-0.405669554,-0.184618544,-0.129290619,5.54577404772002,-0.412360272,-0.375793447,-0.268437997,0.0210673475535075,4.7151354422922,-0.133450819,-0.222690485,-0.236144708,-0.492380456,5.07471231718123,-0.328751389,-0.2658124,-0.282899975,-0.422160203,5.09689568117268,-0.350157441,-0.324861773,-0.26895653,0.178056926673074,5.60984568591407,-0.24159802,-0.209164795,-0.313542788,-0.707033194,6.70177054888834,-0.419215911,-0.436633777,-0.205077448,-0.054879607,5.76202557507022,-0.463071966,-0.333933546,-0.335158427,0.0773515554797298,4.73118351004434,-0.094385085,-0.194400569,-0.221835639,-0.558441551,4.97954045040718
-0.568018574,-0.370153155,-0.253145943,-0.006126317,5.72848935161121,-0.342660546,-0.193024662,-0.362917619,-0.155610439,4.97773538265546,-0.037057321,-0.107632103,-0.257270049,-0.376442005,5.18461259574434,-0.497384954,-0.302330336,-0.451415268,0.118481179349178,4.72307912043854,-0.251603457,-0.233656839,-0.289914039,-0.067538188,4.91323612118186,-0.307074009,-0.221384839,-0.298700382,0.0149827691797224,5.29785327739047,-0.646347799,-0.438425174,-0.227264081,0.0278189429025547,6.11222546370446,-0.416609759,-0.208746267,-0.42131652,-0.018914449,5.10850147984917,0.0110753643871928,-0.088116108,-0.236850386,-0.4660602,5.12806817526294,-0.579264512,-0.331460687,-0.459776869,0.226403091728063,4.82555116331786,-0.320480549,-0.277983997,-0.285864933,0.0440054892243561,4.98136330710083,-0.204469173,-0.184219119,-0.259721189,-0.183090404,5.12303801823414
-0.275904319,-0.270745229,-0.400484137,-0.345100528,5.56658963101858,-0.706885951,-0.365920279,-0.424746315,0.465414333653247,5.11362751494743,-0.047443423,-0.234696846,-0.13926311,-0.986065656,6.69863882966348,-0.43189477,-0.163141153,-0.346668409,-0.202512063,6.36989610925514,-0.232197484,-0.234288594,-0.22542824,-0.222401704,5.18377925088781,-0.362334581,-0.281045287,-0.305996884,-0.107146658,4.38991071047002,-0.336636154,-0.303026814,-0.40247914,-0.284835408,5.69462512795394,-1.053149372,-0.477018314,-0.610303479,0.877921368227879,5.92084603786068,-0.020256888,-0.239948637,-0.105250413,-1.018558645,6.75177137664941,-0.430064378,-0.166152468,-0.346073624,-0.205440532,6.42349443164221,-0.234455377,-0.26076281,-0.199186554,-0.198951879,5.22643912037343,-0.256053041,-0.23827315,-0.246099693,-0.311503191,4.27270669585294
-0.058823903,-0.201611316,-0.072451241,-0.577482746,5.16544617637217,-0.527217834,-0.195392096,-0.425231385,0.502154901525847,5.74216890268805,0.028726656430652,-0.201525137,-0.128509567,-0.529272773,5.83378962933932,-0.247958037,-0.274432577,-0.157644455,-0.472945256,5.00104194125555,0.0150650629038681,-0.137011532,-0.225151045,-0.713667646,5.06096643326744,-0.152633326,-0.262119583,-0.186087408,-0.55047734,4.46402377888426,-0.027144329,-0.190858924,-0.050312989,-0.6263304,5.12148384171897,-0.670268706,-0.23796518,-0.51635923,0.739570635713571,6.344563853,0.0792712193074476,-0.192756037,-0.078174052,-0.655720863,5.81480886758666,-0.256927506,-0.270690278,-0.167042624,-0.457208778,4.99720044953859,-0.04576427,-0.163395802,-0.253537054,-0.596566854,5.16925930000344,-0.098291842,-0.223011446,-0.163688718,-0.67002502,4.41209490305049
-0.060603401,-0.098126943,-0.190518816,-0.479694264,4.40820019148989,-0.240928855,-0.296753018,-0.203101877,-0.108674992,6.59597828422517,-0.600628347,-0.356261595,-0.295451667,-0.130413077,4.78448014539636,-0.06077488,-0.126587438,-0.162734989,-0.732508116,4.63591692080112,-0.112757836,-0.172232973,-0.206083103,-0.300470284,5.20412106480748,-0.239963926,-0.197973175,-0.28932115,-0.107726217,5.25692218418791,-0.070390509,-0.047898578,-0.246199611,-0.522287451,4.46669771935601,-0.229537827,-0.293657285,-0.18962005,-0.152592954,6.46545033979175,-0.422362794,-0.315658835,-0.213006762,-0.399773165,4.71255439983017,-0.045953281,-0.095773469,-0.178553009,-0.766802094,4.63865252742305,-0.115438524,-0.187100647,-0.197667863,-0.273744032,5.22326364247139,-0.104082603,-0.149859085,-0.227019961,-0.317284541,5.02026072666512
-0.066013645,-0.131929155,-0.189910501,-0.598893305,5.32333874737968,-0.370777804,-0.354914795,-0.239841644,-0.57718911,5.96748227750639,0.00653723425508107,-0.242835442,-0.095105899,-0.496279112,4.54491013686279,-0.074798811,-0.210803897,-0.227896519,-0.170402822,5.17490264312962,-0.26070964,-0.250473208,-0.287061826,-0.418038448,4.50521575597012,-0.197633243,-0.192818412,-0.354229192,-0.444368297,4.74053685831906,-0.065980876,-0.125284466,-0.184992178,-0.594018366,5.28364157754977,-0.332468404,-0.368500928,-0.200521206,-0.591548992,5.94338823814213,0.0838678773763246,-0.188735585,-0.075586671,-0.636027708,4.47238741099103,-0.344543184,-0.343071766,-0.22515677,0.0616685983090901,6.43301520264802,-0.329126276,-0.284254224,-0.305756553,-0.364048833,4.59971755721073,-0.117379779,-0.174833816,-0.300907543,-0.579686188,4.62808674895154
-0.13816158,-0.239738012,-0.219135033,-0.394739029,5.79950117294116,-0.544352034,-0.372953302,-0.401036264,-0.143595027,5.36214617985214,-0.025915169,-0.202517254,-0.08435889,-0.562571993,5.44971935005539,-0.144534037,-0.21505262,-0.306812158,-0.018370965,4.70486387495053,-0.211150997,-0.202868664,-0.150131459,-0.45527897,5.95956942902557,-0.508696611,-0.36426003,-0.35069712,-0.023754669,4.97632293315979,-0.169359946,-0.242959865,-0.246058424,-0.375177575,5.9350445717192,-0.683061528,-0.416886749,-0.46374862,-0.027429708,5.65272997394782,-0.003843722,-0.20270547,-0.055231525,-0.615881243,5.46161115693423,-0.095771262,-0.193496628,-0.290597529,-0.106156514,4.58148136095258,-0.21577673,-0.184007041,-0.171156814,-0.456935725,5.99547526503234,-0.423311542,-0.319218836,-0.325279075,-0.162495031,4.89147216740348
-0.157925815,-0.159189866,-0.32765886,-1.121906269,6.4209009973457,-0.451039312,-0.159700137,-0.253486849,0.101791102871651,4.82445323591071,-0.445482955,-0.375812185,-0.214324779,0.0535546704557558,6.88562484820721,-0.273212241,-0.33607017,-0.267064131,-0.065750018,4.70527525807567,-0.203832256,-0.286191984,-0.142334628,-0.740835259,5.61721790734093,-0.170913637,-0.252796496,-0.206205497,-0.622712315,5.73847754415173,-0.198334677,-0.170395056,-0.34417446,-1.078302813,6.77993316448312,-0.473820554,-0.162900967,-0.27340857,0.150040947464364,4.8310742730758,-0.398194625,-0.349042129,-0.180642908,-0.08425817,6.80836574107057,-0.33286416,-0.336708226,-0.311370383,-0.022856095,4.91776756347804,-0.236261512,-0.303518355,-0.154333414,-0.710711269,5.66334365171201,-0.116928572,-0.228934132,-0.181630345,-0.725925026,5.70801701219375
-0.527239164,-0.305586135,-0.280873254,0.156248840215949,5.59524896213141,0.21251610176625,-0.24715608,0.0746006327009759,-0.533738829,3.54636385900664,-0.285096654,-0.318671716,-0.265308641,-0.518422871,5.96803940133134,-0.294639566,-0.286364877,-0.196291286,-0.242829672,4.90024474010987,-0.248767051,-0.314477315,-0.208422721,-0.123757245,4.69209158423638,-0.292149084,-0.306135828,-0.199943959,0.084877656007731,4.46316976712462,-0.557474972,-0.328293029,-0.282293614,0.195781760899287,5.75566110159441,0.265090692081651,-0.203699205,0.0893716447734823,-0.639424507,3.47823366650853,-0.216489648,-0.250124546,-0.249088139,-0.554605023,5.66152670255753,-0.3125274,-0.275159178,-0.212451929,-0.23970331,4.87120698466811,-0.225285813,-0.305338639,-0.201166581,-0.161296217,4.6773676962978,-0.2358384,-0.27072944,-0.181765855,-0.025377147,4.38952694250971
-0.619691874,-0.332610262,-0.29393203,0.263883100467802,5.61543823028708,-0.594918107,-0.270218964,-0.334056254,0.207587798308812,5.27083205496527,0.0444758250090829,-0.138956763,-0.065804435,-0.734744008,5.51081946730422,-0.088802272,-0.150799027,-0.144797917,-0.597944469,5.37290711804843,-0.031841641,-0.223883482,-0.123499286,-0.554330643,4.74757716219047,-0.262158844,-0.276989822,-0.186244817,-0.550507573,4.3526573290579,-0.665348601,-0.339259882,-0.295410439,0.31049532695103,5.75656988532584,-0.636102143,-0.312285778,-0.331875515,0.270578379804355,5.48269689917477,0.0432628954949957,-0.149433076,-0.05826678,-0.736899631,5.55053921694105,-0.074564567,-0.128275267,-0.149288433,-0.626773549,5.34611375021145,-0.027022982,-0.22008052,-0.116196695,-0.569982418,4.74239040098289,-0.160324252,-0.238515487,-0.129250537,-0.70501363,4.2595585916954
-0.135009591,-0.208427841,-0.232618513,-0.364174225,4.99625803922206,-0.193687534,-0.095742869,-0.288064256,-0.317549654,5.353497222,0.164451822287863,-0.209773649,-0.074529975,-0.909334912,4.61348595194525,-0.073296488,-0.201027786,-0.190823691,-0.40584241,4.94244569371282,-0.231979047,-0.227703862,-0.202453371,-0.076729658,3.95930397111384,-0.15136192,-0.192920294,-0.245844188,-0.580063223,4.49635382488643,-0.053072728,-0.188205747,-0.188063365,-0.485812428,4.83984701349342,-0.12206581,-0.061377832,-0.259840086,-0.442508022,5.31377504093419,0.205134817062694,-0.190780077,-0.051309785,-0.972177051,4.89925818020233,-0.020790584,-0.190043618,-0.161462105,-0.494052113,4.84069503749193,-0.237483095,-0.242908286,-0.187571834,-0.069827897,3.97130141605878,-0.038978597,-0.161783696,-0.173385526,-0.757801315,4.35935363554198
0.0849391540144432,-0.048778051,-0.033636221,-0.895781953,5.46501052185263,-0.298951731,-0.171721276,-0.291631015,-0.409427999,5.38862114229853,-0.477920711,-0.203225844,-0.485686415,-0.169219737,7.03617352216126,-0.141502948,-0.236034107,-0.124677988,-0.460385294,4.99477228944003,-0.348239351,-0.296917328,-0.234878792,-0.020190955,4.87329342968981,-0.268427329,-0.288948448,-0.199522119,-0.095718325,5.13437062566895,0.177153572453863,0.00233130268521083,0.023508625975044,-1.126132736,5.45025946800172,-0.21854214,-0.105255922,-0.283403556,-0.486270841,5.19619098123108,-0.362233337,-0.127088915,-0.426814035,-0.417232496,6.7896516287377,-0.15115314,-0.258031079,-0.120864336,-0.426683459,5.0492644946628,-0.33170874,-0.298880144,-0.229694347,-0.058999068,4.8891122874503,-0.174330381,-0.224160875,-0.18315646,-0.22816764,4.99919866722759
-0.510540774,-0.405350993,-0.256756218,0.047849561870049,6.02716349717342,-0.353627341,-0.451860295,-0.15072671,0.102037968649687,3.36898838645753,-0.385920772,-0.242152525,-0.231444654,-0.00583324,5.11119295609168,-0.168961535,-0.239154634,-0.263976587,-0.364910486,4.7244077022975,-0.397182479,-0.449618246,-0.21225303,-0.025759544,6.19084214239652,0.0236609377671842,-0.265447403,-0.087931163,-0.781161739,5.25104839682332,-0.601491927,-0.517498772,-0.209962882,0.144328742163891,6.43027424716371,-0.464933775,-0.484198694,-0.192196533,0.245946617696543,3.40648064352346,-0.270393884,-0.162696594,-0.208318414,-0.181311731,5.02034040284675,-0.162202201,-0.244308913,-0.249340546,-0.393457604,4.71045487795949,-0.417326587,-0.47763123,-0.22243235,-0.044490193,6.33037134771488,0.10549073412813,-0.231731098,-0.049490766,-0.920248802,5.1496797666825
-0.416624484,-0.268330487,-0.287953376,-0.326172527,4.93739528236193,-0.606634527,-0.342778182,-0.472962868,-0.031971112,5.28097486643447,-0.567484219,-0.371359051,-0.368517033,-0.006650844,5.32172555344052,-0.228382083,-0.299126989,-0.186457334,-0.173556096,5.44890033740887,-0.314529076,-0.244327858,-0.261701652,-0.142329468,5.44524911953494,-0.204887544,-0.170194721,-0.251105508,-0.423159345,5.05748636413247,-0.387965715,-0.252674874,-0.2758218,-0.350507641,4.86319876373801,-0.767084637,-0.302885515,-0.666742526,0.185475963534349,5.57896852228425,-0.446360641,-0.30882227,-0.341262183,-0.144001514,5.15617290075969,-0.250535837,-0.297567997,-0.21012438,-0.154374027,5.5151833094936,-0.278790744,-0.226046538,-0.255710028,-0.171604874,5.31681977082996,-0.156107364,-0.142403995,-0.238600465,-0.501928917,4.99184230135026
-0.205900908,-0.175633617,-0.282876139,-0.394065527,5.13284727763099,-0.139957261,-0.249824805,-0.307869615,-0.542333079,4.76815804026193,0.125681811226142,-0.114100583,-0.241665957,-0.897418143,4.09311910388311,-0.041582487,-0.25544031,-0.17181431,-0.363091149,4.12991605495439,-0.41670805,-0.310201765,-0.304620002,-0.029662331,5.16194233642811,-0.297649193,-0.25142418,-0.273271685,-0.05618589,5.41751255900259,-0.234774437,-0.151689038,-0.330848528,-0.371217884,5.15351759115259,-0.220297692,-0.267773827,-0.411487218,-0.545246697,4.7899643905622,0.235454317184596,-0.057673316,-0.212309614,-1.088954605,3.96787204939859,-0.054720779,-0.266471144,-0.176171745,-0.321762312,4.11516229333422,-0.462058447,-0.335609726,-0.308847586,0.0739661781004527,5.11014433648055,-0.187751267,-0.188730804,-0.230810606,-0.241137286,5.17353155115841
-0.28156984,-0.092413803,-0.36877982,-0.11605418,4.80675290793007,-0.289108289,-0.302705471,-0.32828647,-0.160775993,4.26091370487194,-0.80453038,-0.397858833,-0.491278355,0.719424937019823,5.73363641215995,-0.287392755,-0.279713295,-0.289397768,-0.448309189,6.45049476537186,-0.235382468,-0.199696538,-0.268551184,-0.255842064,5.04694298809714,-0.311612661,-0.227379838,-0.296253427,-0.407654781,6.73012499039383,-0.258022711,-0.068939296,-0.370520226,-0.140380146,4.72815891174762,-0.358115089,-0.380284184,-0.317124986,-0.00372035,4.34704561317129,-0.633984343,-0.325762114,-0.409126722,0.427803082354708,5.29627608126403,-0.373931666,-0.28080056,-0.36203631,-0.346660117,6.5978050728253,-0.253544017,-0.205881683,-0.272055461,-0.247074794,5.04003018633716,-0.221118357,-0.191574364,-0.245375892,-0.567887804,6.54172668604366
-0.277958018,-0.125542921,-0.21344029,-0.326592349,5.29941483174279,-0.645336288,-0.375768961,-0.448508732,0.227355583132676,6.08065441560084,0.0427897514668808,-0.28662493,-0.202342244,-0.661603668,5.02423511666392,-0.178081917,-0.285372546,-0.234501916,-0.541250603,4.76062621267051,0.118093083800835,-0.129281604,-0.171230176,-0.633349601,5.34670150106233,-0.027597254,-0.173161496,-0.173324308,-0.447436878,5.46201989498776,-0.284674942,-0.122789181,-0.223344417,-0.320153811,5.31998427865191,-0.887914237,-0.462452862,-0.560379487,0.640210189840045,6.35214247943255,0.0670678419687705,-0.258461073,-0.202071645,-0.720710465,4.98456978712761,-0.150852119,-0.257017469,-0.228467997,-0.586510826,4.80219829097628,0.0758597525897847,-0.129144469,-0.200962075,-0.561073096,5.39780567347926,0.0402112678156511,-0.136554071,-0.147093301,-0.55562807,5.31316394528887
-0.251232279,-0.231504229,-0.29724664,-0.284002128,4.55232762708652,-0.320476595,-0.307725738,-0.281996955,-0.478436275,5.33548008943134,-0.411297831,-0.234685622,-0.377610816,-0.548082746,6.09219031362477,-0.35375903,-0.262582845,-0.304188247,0.217014472735135,4.62310560682506,-0.03639808,-0.129774439,-0.229153597,-0.62492052,3.95167345182633,-0.451518602,-0.245669371,-0.278867118,0.142174254827677,6.00605966038182,-0.301550818,-0.245610764,-0.342318394,-0.1673021,4.59631523446037,-0.21899263,-0.281212768,-0.230721836,-0.611200974,5.15478192172319,-0.292808663,-0.209119385,-0.267179643,-0.650558675,5.64991766596879,-0.390692472,-0.272826365,-0.304912075,0.311739030732384,4.64997185653416,-0.040503266,-0.128287336,-0.225710567,-0.628691963,3.93619592947862,-0.343038106,-0.2136156,-0.230477923,-0.038831088,5.78164070306399
-0.010016144,-0.161283411,-0.339700611,-0.341926863,4.48178918646565,-0.186356686,-0.279573887,-0.180174767,-0.578147747,5.85855858876036,-0.286188818,-0.213300067,-0.280716888,-0.295334796,4.7165186955355,-0.178608846,-0.241104827,-0.189892894,-0.40533676,6.00604810323175,-0.221447695,-0.242107018,-0.25400653,-0.2632723,4.88768187664501,-0.410517234,-0.268474084,-0.224538418,-0.07548466,5.23618416825842,-0.067279133,-0.160641054,-0.38617083,-0.259865909,4.55657798903929,-0.223182125,-0.304435098,-0.168512759,-0.563206632,5.96642813154093,-0.290496569,-0.22000952,-0.266264314,-0.311654049,4.6711747759229,-0.175918586,-0.216811001,-0.210545775,-0.424787913,5.9564356101698,-0.285089013,-0.254233587,-0.302599146,-0.134379249,4.94510410012619,-0.358374969,-0.244262014,-0.191616256,-0.183190232,5.21919606953785
-0.623660598,-0.22234626,-0.548043381,0.251217218193797,7.23499704091971,-0.205526803,-0.127806849,-0.203720415,-0.417308184,5.81398938118606,0.0467624031419251,-0.106112941,-0.143780766,-0.700038819,5.46073938003451,-0.143820475,-0.172883723,-0.247798745,-0.294728545,4.56941261151545,-0.404434312,-0.303184285,-0.325008324,0.121347787288092,4.57015582038263,-0.126973634,-0.187095657,-0.185676141,-0.50750597,4.9664266832354,10.9410492615129,-12.22619546,-0.879961283,27.2192936559934,117.149574772246,-0.184362753,-0.122396434,-0.196203871,-0.464071025,5.80482468315175,0.125060965864039,-0.076791326,-0.107930664,-0.82514409,5.36451195068206,-0.146503868,-0.18016368,-0.236045543,-0.302245626,4.56164421495685,-0.382894879,-0.277545987,-0.327242176,0.0553533290755025,4.53030835167174,-0.020570294,-0.145088234,-0.141257482,-0.676052275,4.85491850977982
-0.335963634,-0.291792297,-0.175142512,-0.224867321,5.54352586757212,-1.202705763,-0.510386347,-0.658489872,1.23835715061455,6.12404918629668,0.0806045554716838,-0.197148233,-0.172363455,-0.902744134,5.79351716598952,-0.123555853,-0.199924691,-0.168544826,-0.255031515,4.00476635195256,-0.092231509,-0.287757632,-0.110616934,-0.464202521,5.42740549038938,-0.274356611,-0.288979239,-0.249851888,0.0787795583659741,4.08398836738855,-0.413785475,-0.310240633,-0.210666983,-0.07410826,5.56962195227558,93.0638027369579,-6.153362385,1.34307946698112,-110.7112108,167.261381185511,0.140303344571737,-0.150170713,-0.172020994,-0.975839921,5.619986506,-0.121632426,-0.185131849,-0.186340036,-0.249248376,3.98992113042397,-0.060475334,-0.277516608,-0.101001474,-0.528515388,5.39083005274798,-0.183566376,-0.243858504,-0.210619933,-0.059497592,3.94719458845594
-0.305410436,-0.19478622,-0.455131767,0.402524371902306,5.29830077071031,-0.058357206,-0.27609424,-0.14998316,-0.7839298,4.79351431193043,-0.238687188,-0.282864767,-0.205904377,0.134571979233101,5.20682284963233,-0.473350383,-0.375025312,-0.313278163,0.0723573908536657,5.55129192097999,-0.199989734,-0.131621248,-0.283386064,-0.510278967,4.46349943299971,-0.089907175,-0.170216901,-0.24060563,-0.539108813,5.39500872556644,-0.340428789,-0.193454245,-0.492066441,0.492548218244296,5.25443359328767,0.0290790168080794,-0.223539107,-0.126256559,-0.931979237,4.6907056974327,-0.156270561,-0.224648233,-0.184545872,0.00899269774755065,5.02244471051868,-0.420530318,-0.367305462,-0.277654842,0.0104916329011924,5.46985699781401,-0.233217443,-0.121258284,-0.332879517,-0.471169339,4.56034164899644,-0.007989044,-0.148541891,-0.194591223,-0.65680913,5.27949622212639
-0.227535325,-0.198434653,-0.299115714,-0.532636291,5.08607602147565,-0.189706257,-0.086859585,-0.296720897,0.0109859372079684,5.26853897763971,-0.293401914,-0.188322772,-0.274545514,-0.698741445,5.44254030638127,-0.129266566,-0.323939687,-0.204807446,-0.259055892,4.64577370608333,-0.137046437,-0.308601632,-0.126628235,-0.365655976,4.19517350677464,-0.152538565,-0.275448666,-0.185645627,-0.267207911,5.09708610800843,-0.193610155,-0.156915318,-0.315788795,-0.664502506,5.04926314703172,-0.176353714,-0.10915804,-0.274761107,-0.032130102,5.30457990514233,-0.246003079,-0.156536189,-0.264399089,-0.807097517,5.45448765155743,-0.085813006,-0.333952845,-0.172332509,-0.339833182,4.55455296211499,-0.120440622,-0.297171981,-0.127511616,-0.401754144,4.16184691779117,-0.104615731,-0.255734077,-0.15474411,-0.383701968,5.08823375394162
-0.267399729,-0.164672436,-0.201209689,-0.358084373,4.72441361739492,-0.203194461,-0.252458292,-0.207808087,-0.165727826,4.87829192999705,-0.33427807,-0.234718839,-0.222712852,-0.72918596,5.99179245327774,-0.396287454,-0.331026119,-0.264751184,0.0662947361805287,6.10835732956293,-0.315972191,-0.20245799,-0.279764206,-0.331199117,5.33999249701133,-0.328852608,-0.288960095,-0.300190313,-0.174066398,5.35405157214047,-0.237693655,-0.16099632,-0.186336424,-0.427145169,4.68998123486197,-0.207402355,-0.25291836,-0.214433854,-0.131490503,4.88371927468027,-0.299063138,-0.212143772,-0.195763561,-0.831967134,5.98533719994489,-0.412772696,-0.338477931,-0.266857898,0.098370404677266,6.12811084237459,-0.250037186,-0.169912993,-0.262368804,-0.431333006,5.25584166110856,-0.196424785,-0.233588474,-0.247453075,-0.388842782,5.06467079852428
-0.434437782,-0.260225748,-0.3092315,-0.338246906,5.84702163294806,-0.118225274,-0.166190605,-0.30090315,-0.698887747,5.75642757227182,0.115903619899469,-0.103004176,-0.087184113,-1.03368952,5.47501029563283,-0.140808099,-0.150877327,-0.264444422,-0.399777823,6.06409136811739,-0.428737694,-0.308467362,-0.366779318,0.0996111105064035,5.15755319819622,-0.071623058,-0.034126798,-0.307221427,-0.646725854,5.34038198080591,-0.418792483,-0.273388473,-0.28334607,-0.329882579,5.91684171592856,-0.1412658,-0.134895369,-0.332008149,-0.71814518,5.83064270656449,0.157800870335409,-0.084572986,-0.063494466,-1.109881154,5.43445147669004,-0.121923693,-0.117397816,-0.274545743,-0.445653547,6.09483085173798,-0.527265157,-0.35859475,-0.392756813,0.203201871863649,5.3040018087117,-0.015644804,-0.031009016,-0.264727422,-0.737310327,5.21801602624884
-0.15411961,-0.245848268,-0.210240251,-0.070394728,4.58098168153647,-0.008455374,-0.13529884,-0.199202216,-0.758811545,5.62012376930867,-0.207853408,-0.217415006,-0.186363814,-0.33412454,6.02540432343092,-0.389707926,-0.397731328,-0.253451466,-0.301754171,5.31884314049343,-0.262434031,-0.341525361,-0.219238125,-0.207002865,4.8977904067373,-0.335657243,-0.218215574,-0.310943194,-0.14063724,5.19391339242488,-0.177240951,-0.245444275,-0.237798048,-0.038535856,4.62312949132053,0.00187817461125477,-0.134487023,-0.187574904,-0.781008304,5.52871328145107,-0.148849005,-0.208601771,-0.140838483,-0.439551677,5.93907690715487,-0.377178461,-0.389347108,-0.250721936,-0.316814451,5.23828282924568,-0.420057634,-0.438250176,-0.269223064,0.0310440436353057,5.12162258365249,-0.193169038,-0.186016523,-0.232014264,-0.350591837,4.93997515708135
-0.210415867,-0.172276171,-0.222860434,-0.622525656,5.64898826547076,-0.264696331,-0.167232918,-0.268962547,-0.446527131,4.87016720439052,-0.101582603,-0.254984181,-0.247687422,-0.221010485,4.45692022565941,-0.148909284,-0.321461733,-0.19722764,-0.134983105,4.8090391697046,-0.259574027,-0.226908053,-0.240984871,-0.209331437,5.10949808182869,-0.119423799,-0.169584407,-0.210302537,-0.428143435,4.58648379286067,-0.214891681,-0.212016801,-0.189369574,-0.577892103,5.58649925205395,-0.181494293,-0.130680314,-0.232522706,-0.563792725,4.71436199149761,-0.016152276,-0.215368748,-0.194567367,-0.390816817,4.42033380397439,-0.192757217,-0.354960886,-0.206822015,-0.063634127,4.88513454962588,-0.248417994,-0.247379068,-0.208103555,-0.247475353,5.08020997525434,-0.052565262,-0.12758683,-0.190463181,-0.561095242,4.56053996825491
-0.391570061,-0.167794601,-0.380116039,-0.071678276,8.03888381138538,-0.316559755,-0.448394447,-0.250191301,-0.133449123,5.04389907855321,-0.589376225,-0.393799319,-0.319822047,0.444637750320999,4.32742554792832,-0.145941926,-0.096863859,-0.44813781,-0.181718842,4.39050797115533,-0.129915901,-0.209927598,-0.20502867,-0.438947723,4.69306785227319,-0.178001616,-0.195387895,-0.269132928,-0.186116055,4.29302108127157,-0.460291813,-0.20093823,-0.420075933,0.0720146342355719,8.46656834426504,-0.515104731,-0.519370438,-0.357803432,0.0838858136159612,5.38170096844148,-0.391495759,-0.311434385,-0.25214232,0.124937258272391,4.0920528587881,-0.179567193,-0.085437869,-0.472179696,-0.149334295,4.4007460908929,-0.121286119,-0.243767681,-0.161017999,-0.481020338,4.72102403607939,-0.122096336,-0.183578025,-0.218631714,-0.295141941,4.24248894097127
-0.534737852,-0.293421214,-0.339614844,-0.341425943,6.24985169311132,-0.443581348,-0.230444144,-0.293118038,-0.293444493,7.037174397,-0.243962411,-0.254345944,-0.205908077,-0.092726795,5.33114733803644,-0.201390471,-0.217098605,-0.266196888,-0.330313955,4.85523186070732,-0.2975862,-0.286432663,-0.217182762,0.038685115082599,4.60085769517817,-0.220845698,-0.32458033,-0.194004543,-0.213329059,5.03715135297402,-0.499799901,-0.272065915,-0.33819986,-0.39881699,6.17987375697386,-0.588058895,-0.263313605,-0.396593003,-0.177124406,7.51060398397698,-0.168368995,-0.218586765,-0.178642991,-0.192498877,5.23246409250971,-0.198040684,-0.238901616,-0.245386607,-0.326423015,4.83945063059623,-0.336111392,-0.322119048,-0.205134986,0.0732476872389745,4.59751528715367,-0.124318864,-0.28759698,-0.147480384,-0.3860264,4.92619828738068
-0.614588541,-0.466820548,-0.251510464,0.41360941868056,5.35256585272715,-0.382253247,-0.290311227,-0.201054944,-0.135905707,6.32201654757728,-0.498831759,-0.186845195,-0.41033791,0.0272622609920152,3.99654611639399,-0.276848629,-0.266419784,-0.219161848,-0.056798573,4.65734348045344,-0.461463985,-0.346133913,-0.257212807,-0.109952297,6.41079147948913,-0.311677294,-0.212779618,-0.227164999,-0.535425813,6.37248604141599,-0.69209094,-0.473549692,-0.309238466,0.422482671916111,5.42963113041012,-0.490512562,-0.376765456,-0.197795755,0.000872836562260912,6.67883224489789,-0.4145539,-0.174629629,-0.349237947,-0.066702538,3.8603638855899,-0.300447962,-0.271095231,-0.250354255,-0.007243452,4.69808071519003,-0.450689561,-0.361091616,-0.228260329,-0.143973108,6.41514510911843,-0.208558596,-0.193452401,-0.159087896,-0.70042619,6.18630255805619
-0.195945605,-0.231597117,-0.1755795,-0.715737296,4.93168506400069,0.0130235350081377,-0.228423584,-0.056225074,-0.448485972,5.09333646540097,-0.106017236,-0.137654253,-0.187932668,-0.733454019,5.82007593720354,-0.484775912,-0.234029967,-0.338433081,-0.010998356,6.37727501382316,-0.249465666,-0.264559781,-0.233470174,-0.209817101,4.92297493559396,-0.353332232,-0.352916109,-0.162186133,-0.324661377,6.16956778616354,-0.162119378,-0.21294852,-0.157232277,-0.771967241,4.84662889598165,0.0410459409145481,-0.225750299,-0.031610619,-0.502979616,5.027205135,-0.037641182,-0.12313642,-0.136934711,-0.835562521,5.68902452544911,-0.496405381,-0.249822654,-0.333965891,0.0257830606879156,6.40777491652455,-0.24132504,-0.258982942,-0.22623167,-0.216119777,4.8735166804206,-0.279445823,-0.337111357,-0.115429751,-0.463534731,6.12140468538866
-0.111889769,-0.201839704,-0.231955434,-0.207461183,4.36782173053138,0.0178987347337232,-0.003642315,-0.015485837,-0.572756078,4.29972844426723,-0.009792931,-0.130088121,-0.266319432,-0.22274795,4.79333315589059,-0.265068022,-0.256030582,-0.222106319,0.0077197303729659,5.17453606519789,-0.169321886,-0.147722131,-0.288770896,-0.672520776,4.76807847998958,-0.179180511,-0.204912765,-0.201075346,-0.506827533,5.33347826244033,-0.133871391,-0.211624015,-0.242285218,-0.196344781,4.56507552108792,0.0487370146307499,0.0154432804885502,-0.006387413,-0.634837148,4.3001713645775,0.0694603556823438,-0.109413748,-0.196524018,-0.366315349,4.6348370098267,-0.32559982,-0.271414012,-0.256871077,0.078983921771447,5.25635929453377,-0.214919808,-0.170652787,-0.299854563,-0.608027332,4.81144064393842,-0.121158509,-0.175517721,-0.174525167,-0.612823774,5.26416625191678
-0.117754775,-0.157766768,-0.163033066,-0.676051528,5.10775760240053,-0.058054126,-0.188315705,-0.293506881,-0.136447374,6.31282736529811,-0.247104798,-0.269594482,-0.22731349,-0.546259146,5.09906251650178,-0.315698141,-0.257697786,-0.226352161,-0.427625446,6.24796883520974,-0.490297152,-0.267729001,-0.342714748,-0.092929448,6.43317580425098,-0.230296134,-0.190534794,-0.247105674,-0.284898824,5.21966086321299,-0.043579544,-0.114376009,-0.147429638,-0.803932454,5.00957350281107,-0.102549151,-0.196381104,-0.321325062,-0.080649936,6.62329912122371,-0.101518466,-0.204341259,-0.147851399,-0.845920423,4.93011827572388,-0.410666988,-0.283476201,-0.259202952,-0.319569497,6.48689996742593,-0.522415605,-0.294330284,-0.32842154,-0.061098646,6.52533360281127,-0.22438799,-0.176307082,-0.243208036,-0.332333596,5.2933712833487
-0.193803414,-0.09372388,-0.25446586,-0.890128393,6.38441707107444,-0.087363519,-0.181965497,-0.121366266,-0.539799255,7.12043564790489,-0.287258873,-0.184564431,-0.294285615,-0.174318168,5.22086620352633,-0.255846081,-0.308069819,-0.252824312,-0.079646907,4.59833318202968,-0.250344326,-0.176658639,-0.294514413,-0.440730272,5.43001562285127,-0.462367552,-0.304867762,-0.286705715,-0.282541122,5.54733691461988,-0.169616549,-0.067735198,-0.254535978,-0.89401564,6.31680468724243,-0.128926637,-0.196317391,-0.136621278,-0.478391953,7.1776343508113,-0.207021939,-0.155654218,-0.26167679,-0.28076364,5.10260908040264,-0.313680396,-0.32711503,-0.31813587,0.0399660307327758,4.6590108894178,-0.227700738,-0.156263599,-0.290331097,-0.455934403,5.39713260072587,-0.334287966,-0.25878524,-0.227994807,-0.469793296,5.30704354592779
-0.303197267,-0.300012545,-0.264276284,-0.002777767,4.92684334598351,-0.339965457,-0.29097826,-0.222008616,-0.092122812,5.88603150358594,-0.486077064,-0.300803284,-0.45308927,0.198093626809097,5.15890971922228,0.0781065279186537,-0.18423972,-0.126882644,-0.744633462,4.60561923871981,-0.339026412,-0.218926152,-0.332310653,-0.091364277,4.52412578075751,-0.304214012,-0.316268162,-0.194901307,-0.14786038,5.18706126425544,-0.25020787,-0.277688755,-0.246605508,-0.083793465,4.8561709423173,-0.428942364,-0.312747537,-0.276452141,0.0474194039994483,6.16324225044348,-0.358135026,-0.255073413,-0.384201401,-0.018553603,4.94285500252019,0.104339847701897,-0.162495403,-0.131282149,-0.780368396,4.55447494761177,-0.369558982,-0.209775607,-0.356163212,-0.047221983,4.57966247962857,-0.227152892,-0.277067208,-0.162774648,-0.285159382,5.10645886727243
-0.420119545,-0.354843138,-0.103039037,0.0601953636308145,5.50750625629238,-0.2853474,-0.231325377,-0.233114584,-0.229624038,5.57565433739237,-0.569393002,-0.239677911,-0.430031969,0.298134450218836,6.41376260202907,-0.207714485,-0.229834309,-0.215250038,-0.249281444,4.97031525423961,-0.259568545,-0.249582517,-0.265315834,-0.402724722,5.71393747923599,-0.331907141,-0.224423944,-0.25870473,-0.087031972,4.7360809208109,-0.416474514,-0.340938853,-0.102289183,0.0706867444123126,5.54248919291183,-0.263329113,-0.216077268,-0.24287345,-0.244274353,5.56918792568729,-0.38263533,-0.18873745,-0.274440877,-0.068880299,5.90150327256088,-0.211611519,-0.235088182,-0.215481442,-0.219996396,4.96846882794252,-0.291954226,-0.238916443,-0.294617742,-0.368710085,5.79932325148997,-0.219726332,-0.160828671,-0.222319069,-0.29101961,4.62759694019997
-0.38322989,-0.351595269,-0.294784962,-0.06143721,4.88673709128343,-0.430766403,-0.313428692,-0.206986876,0.147111025925284,4.82088751600373,-0.164651121,-0.153073508,-0.243183302,-0.631129809,5.82858301191954,-0.068804828,-0.154724592,-0.256243305,-0.434221315,4.56133356521659,-0.293944066,-0.347752927,-0.272119175,-0.056287662,5.09929799473388,-0.163152906,-0.114795159,-0.323635448,-0.535519914,4.97983314708867,-0.598177836,-0.466268186,-0.345308206,0.191136888494675,5.12314727761371,-0.54023643,-0.333887498,-0.261703007,0.298191080241229,4.98821153721149,-0.092457004,-0.117328884,-0.211409059,-0.75404849,5.76649152150612,-0.083275933,-0.152646424,-0.275924895,-0.40239392,4.57604812926017,-0.383659558,-0.416591058,-0.281341848,0.0897034428052808,5.43035855234252,-0.115121235,-0.090292872,-0.290184915,-0.620519841,4.86388780442022
-0.459590586,-0.379829553,-0.390663572,0.351503476390515,4.1696598174105,-0.071650279,-0.179350957,-0.373443279,-0.148437176,3.97090616675069,-0.922745447,-0.558571061,-0.467087062,0.194109769130223,6.61469032103983,-0.206181761,-0.348316958,-0.274115315,-0.379233907,5.1239555988204,-0.234998368,-0.268819192,-0.271651179,-0.267009052,4.80105821425805,-0.373111118,-0.273830465,-0.27104941,-0.222430606,5.65868505635734,-0.651141984,-0.436538554,-0.471644093,0.651788466606861,4.3690696770846,-0.158178429,-0.160740651,-0.453128801,0.000503528487885076,4.1425117147373,-0.712075313,-0.459212996,-0.383078433,-0.137396348,6.24130970797098,-0.280074103,-0.391128263,-0.282931984,-0.252438602,5.17412553488595,-0.238880943,-0.270582465,-0.263692316,-0.276114586,4.81435301726532,-0.326133425,-0.261860536,-0.238834331,-0.314458109,5.69221772292556
0.212746843015886,-0.066282569,-0.138781088,-1.10673719,5.6760936990533,-0.387429835,-0.340900348,-0.220772083,0.13068512070214,6.26751471220486,-0.122737231,-0.228711099,-0.205450214,-0.56193441,5.94859060847228,-0.280693601,-0.338367563,-0.219783552,-0.344484616,5.54923260818057,-0.515377663,-0.349019077,-0.418720948,0.221190837516238,5.09729889498653,-0.311324967,-0.295583443,-0.22877333,0.0263700639042628,4.58486713026789,0.0195966764041215,-0.171373722,-0.18506981,-0.804105859,5.86814432359205,-0.403480915,-0.343956862,-0.23493327,0.18196960905043,6.23796054484473,-0.067977998,-0.197529546,-0.194069638,-0.646684644,5.95051384206684,-0.309034565,-0.341266631,-0.239064828,-0.309428337,5.61406504567834,-0.680076862,-0.462073262,-0.437628229,0.400027206248522,5.33778414419839,-0.25219226,-0.257316465,-0.219440385,-0.082342449,4.55245158458751
-0.12831027,-0.119382625,-0.230073405,-0.472495377,5.28895871212934,-0.274279691,-0.247708207,-0.216963364,-0.287398381,5.01114729780041,-0.336686971,-0.326485476,-0.166206571,-0.210762707,5.99182345568399,-0.023717904,-0.146857427,-0.215599954,-0.419124262,5.10203668302122,-0.415768877,-0.350367608,-0.309824405,-0.066585465,5.15952044654629,-0.031623548,-0.162658126,-0.164788398,-0.629738056,5.40600666869317,-0.206993957,-0.13422435,-0.264775659,-0.377170522,5.37802690478207,-0.361170397,-0.30877887,-0.252123254,-0.115379067,5.1881477979572,-0.243898757,-0.266249492,-0.15538847,-0.363800678,5.847394163,0.0232862172696526,-0.127227801,-0.202357717,-0.497135259,5.0548369695668,-0.418113196,-0.363153012,-0.309106132,-0.038493689,5.20929064200777,0.0323759486367847,-0.13242465,-0.139888502,-0.745291042,5.325184644
-0.429604973,-0.41029331,-0.25211322,-0.042140824,5.34264530267917,-0.422126497,-0.370169506,-0.215764677,-0.119514268,5.39827865712105,-0.111404182,-0.109610002,-0.32240825,-0.083368019,5.51037406779044,-0.19424296,-0.231161147,-0.158159794,-0.63490094,4.4483167290467,-0.220545888,-0.250156944,-0.241603056,-0.410963489,5.01819749791692,-0.316885973,-0.253151574,-0.312006718,-0.071251133,4.48968401802777,-0.508415167,-0.463903847,-0.249324474,0.0413621448818755,5.57573832040318,-0.41627112,-0.3740015,-0.204243762,-0.10228089,5.45488435648932,-0.069794394,-0.096391921,-0.292647707,-0.142212293,5.41670054592076,-0.185022157,-0.219402483,-0.155731069,-0.651535289,4.42467680111909,-0.215224436,-0.240247712,-0.251435043,-0.409295394,5.01218067570632,-0.245815649,-0.211693546,-0.286004851,-0.216385871,4.42568440765893
-0.361995873,-0.36917757,-0.227319553,-0.131229258,4.05210792010495,-0.308332827,-0.314948968,-0.16830618,-0.250888026,5.37686566023911,-0.376956151,-0.27911728,-0.256767999,-0.059783964,5.48688630261317,-0.054142753,-0.223898987,-0.181341757,-0.299119045,5.30331066495365,-0.017176403,-0.125558962,-0.20569503,-0.595908112,4.46473948937069,-0.144184611,-0.11880878,-0.271450882,-0.222184462,4.62951281082385,-0.415442641,-0.393472974,-0.241225117,-0.102733366,4.12092473526769,-0.309542877,-0.29972701,-0.191332366,-0.234478969,5.37792257473143,-0.302202874,-0.245870722,-0.229107295,-0.158421422,5.29794407432548,-0.056171508,-0.243956443,-0.166997801,-0.298564894,5.33982824676302,0.00745573367680584,-0.1013806,-0.206790711,-0.649858312,4.45565265488522,-0.072013453,-0.08176032,-0.228771638,-0.357679657,4.54435278018422
-0.740207762,-0.327876047,-0.463921716,0.161208138622785,5.69904468259536,-0.29830932,-0.167279937,-0.288914922,-0.086854264,4.64541631641634,-0.537945418,-0.246347463,-0.33817257,-0.101316956,8.98932936246515,-0.113175557,-0.124081856,-0.275602941,-0.402117902,3.93286820921716,-0.253857923,-0.362329549,-0.191990301,-0.168833458,4.78778645584223,0.0527679161314328,-0.205736636,-0.191897213,-0.589303017,4.61428943448124,-1.672209446,-0.569492512,-0.868349859,1.24359898427587,6.63088464142337,-0.240307248,-0.193677453,-0.22089842,-0.154536546,4.51808041601472,-0.451725817,-0.215554259,-0.293519636,-0.281472771,8.85960911281496,-0.269299529,-0.175411856,-0.343055799,-0.19898246,4.08380706935894,-0.236610216,-0.363213763,-0.151492843,-0.169555043,4.71348206728515,0.134871883952251,-0.163895905,-0.161967621,-0.728159841,4.53795613276294
-0.529745423,-0.189857498,-0.425845912,0.225127710616922,5.19004063327145,-0.126434969,-0.308270283,-0.111345335,-0.505101304,6.97094464774381,0.102363812148104,-0.251928789,-0.147492487,-1.580546562,4.52767885509597,-0.489069794,-0.294845392,-0.384589703,0.0106727679630453,6.02708462352116,-0.121335943,-0.186872832,-0.273696824,-0.336382283,4.89129862389471,-0.201852374,-0.267875276,-0.194716511,-0.428459745,5.19178109750847,-0.421089474,-0.188694425,-0.346874438,0.0654080089489245,4.88087804942669,-0.127186,-0.312294124,-0.110097347,-0.525391614,7.09351610289633,0.172698452408497,-0.233052205,-0.111881495,-1.725599653,4.52118266732904,-0.685065385,-0.456371959,-0.42346056,0.299921335424962,6.51131439022829,-0.116993421,-0.176085422,-0.274758383,-0.334033385,4.85976595868851,-0.087629592,-0.202298338,-0.157382932,-0.618005956,4.99498837210409
-0.042938393,-0.231606133,-0.139704629,-0.630202315,6.89165188721487,-0.015166339,-0.148966902,-0.189412798,-0.100775181,3.71256992079789,-0.433388368,-0.235315939,-0.28457662,-0.321809694,4.53827150396243,-0.289415696,-0.270572544,-0.226345463,-0.509231684,6.0096837502864,-0.483279904,-0.282695241,-0.351505311,0.269999633808482,5.35545645942029,-0.145770904,-0.174537781,-0.143741278,-0.504532617,4.58203534073686,-0.050322535,-0.250583312,-0.127323998,-0.641072355,7.1060940518673,0.0465251637495767,-0.109751586,-0.172393415,-0.224479703,3.65111578973576,-0.351546582,-0.217876474,-0.222072564,-0.40966797,4.39268182908163,-0.287624337,-0.265940624,-0.228500642,-0.501152647,5.9097893449249,-0.602840473,-0.338634161,-0.394281829,0.469751717401096,5.56724957799861,-0.075155454,-0.159453325,-0.086454525,-0.62984948,4.53687170327937
-0.371275818,-0.244892147,-0.239648692,0.159668584944442,4.90469463921155,-0.534504069,-0.386947874,-0.261056276,0.227488653099929,4.63792937605607,-0.24255459,-0.33052653,-0.201204098,-0.214600876,4.69985130685677,-0.238053802,-0.222385716,-0.27694252,-0.524680585,6.32234052631781,-0.417820285,-0.307734096,-0.404329501,-0.11581628,4.89066894027376,-0.359400849,-0.281678557,-0.286466834,-0.066417549,5.0777192983354,-0.313150283,-0.252908189,-0.186221508,0.0664634500373284,4.92114771869462,-0.641155201,-0.356862165,-0.354019294,0.3466637916662,4.71588160659918,-0.15798096,-0.32374385,-0.149795013,-0.365187675,4.66780925664229,-0.209484288,-0.211363527,-0.274726421,-0.572244416,6.26721184648988,-0.427003818,-0.295644925,-0.444902293,-0.060580454,4.9417860821575,-0.240334114,-0.23404604,-0.240370848,-0.23194463,4.90060288361545
-0.367480625,-0.243838069,-0.267645091,-0.113256115,8.32265377851284,-0.5552761,-0.38070166,-0.410208249,0.670821502606233,4.77186542943461,-0.282366114,-0.269459551,-0.248583901,-0.07990583,5.1454468420904,-0.057755011,-0.215405218,-0.24750509,-0.297168088,4.5334193020638,-0.171128665,-0.186004523,-0.244576326,-0.316426411,4.79366113130428,0.019692120303024,-0.237083403,-0.159817406,-0.666744832,4.69943127592716,-0.370708747,-0.19680417,-0.303084039,-0.118456278,8.16291332417852,-0.45610304,-0.351802551,-0.34870427,0.502736852835968,4.67179131464477,-0.230355595,-0.258922011,-0.21225625,-0.144780703,5.10374195529282,-0.152377874,-0.244792146,-0.292616987,-0.179421726,4.71630609684471,-0.193589738,-0.19846836,-0.258745717,-0.292311799,4.80941327963344,0.122373518796881,-0.203215011,-0.108704453,-0.836631602,4.60338258073962
0.0839070610502162,-0.223205562,-0.035416733,-1.144242276,5.73714202078418,-0.293731547,-0.277045699,-0.177185364,-0.360208576,6.39014228528991,-0.498479618,-0.35808052,-0.190666095,-0.238367011,5.52312719319575,-0.333353307,-0.296925421,-0.187953317,-0.263849308,4.35055870940639,-0.413229133,-0.219531254,-0.475323169,0.244490977904236,4.36226831881113,-0.061355926,-0.251766435,-0.071782718,-0.680724669,4.60243522459492,0.0682627088975734,-0.211958222,-0.054238486,-1.132977133,5.77530583112124,-0.369190903,-0.282965369,-0.2140003,-0.253448492,6.49470055759721,-0.343413625,-0.294340764,-0.135464736,-0.485317661,5.21861745677315,-0.32794258,-0.277511001,-0.209057338,-0.290631664,4.33992608426688,-0.435621024,-0.195132832,-0.512185467,0.277769421530019,4.45114640123335,-0.020980569,-0.241241619,-0.045287025,-0.756030542,4.61989704976952
-0.380435311,-0.286306022,-0.300902925,-0.07072524,5.59789117548551,-0.17302889,-0.304738835,-0.157395317,-0.442465872,4.77936024169128,-0.29225204,-0.234883467,-0.190039866,-0.463255722,4.91246096480621,-0.487226032,-0.210373262,-0.32236453,-0.486655384,6.68727573092513,-0.031956496,-0.229393996,-0.164212705,-0.629152348,5.15905972434985,-0.304770278,-0.267537632,-0.177009516,-0.295920759,5.02343371019695,-0.40892883,-0.333786281,-0.301948058,-0.020324208,5.88374439100985,-0.364200354,-0.377683581,-0.233853023,-0.15165932,4.90793397373082,-0.235354943,-0.21324253,-0.162420173,-0.562317977,4.81148200136855,-0.507810735,-0.20771735,-0.342832749,-0.470893582,6.77755400741976,0.00763961722969101,-0.212254459,-0.152294623,-0.684325379,5.1018974130565,-0.246425301,-0.234184445,-0.153764278,-0.408462041,4.95440819265291
-0.425858084,-0.223121911,-0.41196693,-0.181516057,8.06190028914973,-0.514834488,-0.480797137,-0.407330653,0.508712164045986,4.61915171274053,-0.109932853,-0.093978289,-0.232690976,-0.291911758,6.01657590345483,-0.272505355,-0.314211004,-0.253904012,-0.198684099,5.05972466787485,-0.164900379,-0.225173419,-0.236021441,-0.334320112,4.53145399925135,-0.109690019,-0.122543165,-0.274264643,-0.567508905,4.53562167219207,-0.38852297,-0.210256905,-0.402059009,-0.203418735,8.07498799622142,-0.535918793,-0.486884287,-0.399180555,0.501758371498421,4.73631034201297,-0.072479732,-0.098736439,-0.200339034,-0.34924615,5.95790610560514,-0.289913101,-0.340588039,-0.251260167,-0.193152896,5.12311344853953,-0.189351304,-0.243425368,-0.240707821,-0.270948666,4.54790225463943,-0.048024852,-0.099155164,-0.242431731,-0.693117973,4.48552621110054
-0.218220032,-0.327648413,0.0908649637247024,-0.864903959,6.86977383612969,-0.62158706,-0.269393953,-0.325633673,-0.37261379,8.19427281358083,-0.382219143,-0.299894106,-0.217397397,-0.692870273,6.75297208075227,-0.573462501,-0.414160221,-0.216727183,0.10729235417071,5.38727845311743,-0.112468376,-0.319792322,-0.158851742,-0.277791803,5.03130863859496,-0.132950198,-0.180760721,-0.195990163,-0.324488223,5.00255788883881,-0.20157071,-0.302406392,0.0792654884344333,-0.936185936,6.91566057780824,-0.679255472,-0.285319958,-0.341449987,-0.278790526,8.37988991622214,-0.228886113,-0.214736525,-0.141069141,-0.951613103,6.52761389444136,-0.554642908,-0.420969976,-0.193820431,0.112805672074803,5.33849734644397,-0.095291432,-0.321811387,-0.156614191,-0.284131339,5.01582051044376,-0.03855532,-0.134159669,-0.161901373,-0.485890914,4.90527859874324
-0.268411176,-0.101721705,-0.304534617,-0.424186867,5.0133340906103,-0.253532952,-0.177183181,-0.32844263,-0.84880305,5.04115626157667,-0.37618827,-0.253860621,-0.325004637,-0.197072411,4.93750102091433,-0.308286303,-0.237056676,-0.229134582,-0.74433333,5.42780563363501,-0.174674072,-0.289356882,-0.191012126,-0.292593871,4.09065739626294,-0.192155605,-0.101687277,-0.322149818,-0.380953107,4.93508870018801,-0.266899665,-0.05427015,-0.326846549,-0.429329497,5.03604149327886,-0.196190141,-0.131980717,-0.315069533,-0.934929731,5.00722719897062,-0.243893921,-0.214298483,-0.283084346,-0.38663932,4.76664315849298,-0.342554755,-0.264734323,-0.233094326,-0.716560535,5.47036563578373,-0.162004512,-0.248711964,-0.21063908,-0.307473678,4.02752029866613,-0.132074422,-0.114864671,-0.258524697,-0.481065401,4.85789155832841
-0.070845834,-0.12232301,-0.297144544,-0.575183087,5.64352267123196,0.0945810504376766,-0.152509201,-0.158700411,-0.769820412,4.73955975126415,-0.345792358,-0.286627314,-0.258203734,0.201925131721699,3.92049539806557,-0.344436333,-0.262330428,-0.284104321,-0.122477308,4.65062971861581,-0.211421195,-0.210663801,-0.228013505,-0.242533028,4.12935397075399,-0.268105112,-0.190656516,-0.278726724,-0.305350063,5.25417237607557,0.0219660465743376,-0.065807495,-0.275606257,-0.703869472,5.44712235399302,0.100877870597341,-0.16227089,-0.157899218,-0.776333662,4.79640879143547,-0.182272656,-0.241140375,-0.186492081,-0.099652223,3.7711023051982,-0.319772735,-0.270359261,-0.246774579,-0.16727539,4.6332375674659,-0.171640415,-0.179589292,-0.223113908,-0.290753223,4.04010617666844,-0.190585606,-0.173048741,-0.227821256,-0.434066669,5.06951582702725
-0.057324611,-0.302799565,-0.104572817,-0.61039962,6.40510104658996,-0.430924145,-0.407725295,-0.228956462,-0.208073222,7.75637953973933,-0.219380217,-0.229865058,-0.277610276,-0.166772043,5.43737687476582,-0.28350147,-0.242797396,-0.228832169,-0.560073869,6.49340588949215,-0.319106048,-0.366253554,-0.156052277,-0.357639993,5.42093816120952,-0.559042419,-0.308091833,-0.389410297,0.148529319272254,5.66730634109674,0.000107086037621241,-0.30971617,-0.055032288,-0.737369801,6.38629919086487,-0.630148004,-0.660778827,-0.137581211,0.034845035291396,8.48554548292517,-0.151676969,-0.166768652,-0.268680821,-0.295983299,5.41125758306644,-0.336907252,-0.262818203,-0.252111184,-0.473103992,6.70083195082329,-0.321863482,-0.380458672,-0.142049576,-0.308526624,5.42947490310669,-0.43491468,-0.27969066,-0.295921296,-0.026079823,5.38933261031974
-0.441354707,-0.32685465,-0.31050766,-0.133121112,4.85843352182015,-0.240331919,-0.179155662,-0.363468031,0.0571178612903344,5.82096438379617,-0.424499253,-0.377558408,-0.239538054,0.276112363469468,5.79045081764552,-0.141102508,-0.35173442,-0.114543945,-0.322410291,4.30836952537694,-0.279796808,-0.232683832,-0.229399269,-0.316097622,5.27599324482441,-0.086566402,-0.197919631,-0.175736765,-0.36942143,4.84164805507624,-0.501762477,-0.359697988,-0.350407409,-0.049951821,4.73141392177185,-0.232188233,-0.174992258,-0.351070761,0.0646937459738963,5.80973900680379,-0.393132079,-0.366442519,-0.22291685,0.220657906830848,5.75501875869562,-0.147420381,-0.341675199,-0.126970077,-0.314552279,4.3169299427318,-0.269642993,-0.238057607,-0.221901901,-0.335748379,5.24573362992832,0.00513136713845638,-0.160155559,-0.134020276,-0.514519097,4.68111406780684
0.0169664705758924,0.00403024996192372,-0.241392297,-0.551600793,4.46965463191091,-0.548453735,-0.431722751,-0.181078117,0.158803264802506,6.00563475449538,-0.103530454,-0.193217923,-0.318881771,-0.376168996,5.91388911475234,-0.331183124,-0.287646349,-0.331776798,-0.106046535,3.93900286818284,-0.473851357,-0.338865105,-0.30447878,-0.235829456,6.42585313191474,-0.310198201,-0.263388601,-0.227301207,-0.170201465,6.32784341720457,-0.00970184,-0.013448913,-0.24597519,-0.496639155,4.49820628849748,-0.577257277,-0.425722317,-0.224528284,0.166548369434831,5.99693282466971,0.00998336583376402,-0.135972648,-0.264142793,-0.518366339,5.59941692930013,-0.372066421,-0.333137263,-0.329603895,-0.051603137,4.00049254710228,-0.502172678,-0.363127423,-0.315239121,-0.212440858,6.49740258855822,-0.230106647,-0.231008492,-0.188503066,-0.302587328,6.16305635190538
-0.102764267,-0.15546803,-0.302453584,-0.375452916,4.90210882433755,-0.357461504,-0.287859252,-0.230012928,-0.226927931,4.5082540904295,-0.261365154,-0.232320187,-0.321185108,-0.191860776,4.88218118777621,-0.525982187,-0.347426275,-0.261821253,-0.072312168,5.29666416220701,-0.120880523,-0.2782593,-0.161026939,-0.309896908,4.3648608115345,-0.353376555,-0.223954859,-0.30433639,-0.464421885,6.35206081190532,-0.072122456,-0.146114508,-0.297292337,-0.431448529,4.92901198076213,-0.294145258,-0.260714793,-0.211657938,-0.346248076,4.44184074741926,-0.135925284,-0.176823374,-0.252834123,-0.36961439,4.67073054534739,-0.477931967,-0.332268864,-0.225956814,-0.187205992,5.23887872813151,-0.0497706,-0.260638908,-0.123004777,-0.408935597,4.28354318826761,-0.320803477,-0.206747595,-0.282980464,-0.529977059,6.3527446322969
-0.362475223,-0.170908525,-0.332304287,-0.337782301,5.08906740784976,0.217046327225286,-0.108617138,-0.257485627,-0.662039718,4.58962160555328,-0.160247367,-0.240770253,-0.224949227,-0.500038426,5.45137462,-0.465055925,-0.367827688,-0.257580298,-0.118890659,5.5004109753807,-0.501596095,-0.340275946,-0.362456158,0.0646210950900733,6.33493977533142,-0.332851516,-0.21639472,-0.368121441,-0.194148481,4.85438437635442,-0.315823548,-0.160675449,-0.298115196,-0.379275024,4.96238498999433,0.105094797061471,-0.163677657,-0.310576431,-0.464615564,4.83987707866336,-0.040257281,-0.162387558,-0.19176653,-0.66706719,5.1222318709245,-0.401719047,-0.352033688,-0.218321737,-0.178245937,5.33723655469324,-0.624914462,-0.379307444,-0.434144015,0.183626379994215,6.70800275455206,-0.222941354,-0.174637456,-0.308249078,-0.389482885,4.72072858869841
0.0902586039081172,-0.107905894,-0.090767667,-1.010525138,6.24543022332404,0.0978259147104112,-0.23343186,0.0236754353251832,-1.101904214,5.91148048503929,-0.119556272,-0.244067314,-0.131302944,-0.830259856,4.53319260626402,-0.045497942,-0.091904899,-0.225909228,-0.481534948,4.98445049708876,-0.357772975,-0.339845449,-0.276759097,-0.025309082,5.25535447456358,-0.307038838,-0.255380638,-0.257054187,-0.425690719,5.25375441689799,0.149653715325445,-0.095551744,-0.043783918,-1.122362827,6.17968290229106,0.179131938088348,-0.191375012,0.062283179668798,-1.24802885,5.80078890645632,-0.123201392,-0.252215967,-0.124067632,-0.872344426,4.59193236462665,-0.015151321,-0.082611763,-0.216145855,-0.536329492,4.97161962605605,-0.353756628,-0.337573727,-0.280082123,-0.033986049,5.19679568652542,-0.268487775,-0.229251837,-0.237654449,-0.516937253,5.25122672508316
-0.529633345,-0.377960985,-0.231536918,-0.516430474,5.5184426871494,-0.061301237,-0.344685571,-0.12537566,-0.356609176,5.0238766024676,-0.021709156,-0.116413158,-0.158895775,-0.517909354,5.24416263011026,0.0327786308577385,-0.158668138,-0.174515989,-0.954595145,4.7425544580823,-0.12846465,-0.21295651,-0.293814932,-0.28342579,5.54528188952567,-0.165002401,-0.210471939,-0.19792371,-0.511109879,6.09341466471071,-0.501279695,-0.363881149,-0.23924355,-0.552220737,5.52667031912457,-0.152644114,-0.397099989,-0.140222402,-0.253564815,5.26240283018529,0.00305359187735577,-0.096545283,-0.146237324,-0.569726662,5.24792499305443,0.0395566690735127,-0.128315926,-0.197382503,-0.955203124,4.69159102018136,-0.130639194,-0.173604023,-0.326549815,-0.250193704,5.8852324572692,-0.063910109,-0.178645752,-0.133621033,-0.662579736,5.92270227063971
-0.216142611,-0.336452251,-0.123758649,-0.433467172,4.88578685356606,-0.242624231,-0.30904325,-0.11310354,0.0189642278261554,4.86141696195382,-0.098899301,-0.121657816,-0.263242129,-0.750044182,4.5721259709761,-0.223123489,-0.26878828,-0.137533896,-0.367106071,5.95450382420153,-0.066232127,-0.228332267,-0.160206841,-0.341962826,4.60408964293014,-0.13672322,-0.146493836,-0.326162367,-0.550463225,4.5871740654857,-0.201943714,-0.336652513,-0.128010194,-0.439678898,4.91630000177047,-0.285058403,-0.332791048,-0.101305501,0.0878943539534745,4.94540510125578,-0.031584463,-0.122544227,-0.211058334,-0.842230419,4.49566837488731,-0.202981687,-0.269871607,-0.121796907,-0.393430253,5.89541728489896,-0.004688047,-0.201144492,-0.136961858,-0.447749726,4.4642108079285,-0.086493468,-0.116920189,-0.299388629,-0.656175505,4.54330513940065
-0.194168712,-0.16870615,-0.283769217,-0.721829264,6.10786944841628,-0.506243755,-0.284996993,-0.303712206,0.0866109347504221,5.15042787444657,-0.357703904,-0.293343907,-0.147165299,-0.335456017,7.17863671288022,-0.226317682,-0.31088803,-0.280789797,-0.272796594,4.79481956010405,-0.066112419,-0.165954636,-0.257490826,-0.605001599,5.42207330489159,-0.107081599,-0.162914169,-0.231326015,-0.698387033,5.59446374249603,-0.213158649,-0.13382761,-0.341180423,-0.749257769,6.14299368359779,-0.508952679,-0.242971749,-0.361741903,0.0640146302187001,5.17020544163704,-0.232077485,-0.229683903,-0.104601285,-0.546256413,6.94900445303278,-0.21270553,-0.321304021,-0.258308474,-0.326448362,4.76153101962591,-0.055254853,-0.142730452,-0.27107926,-0.601393454,5.39375350070182,-0.045499834,-0.161589836,-0.168470204,-0.798996596,5.45149217975635
0.0504708953897751,-0.161532161,-0.105567791,-0.662978418,5.87102544193506,0.242846873122924,-0.050711905,-0.086246003,-1.133328622,4.97869603214178,-0.312006444,-0.387257149,-0.289153627,0.120757706507858,6.84894006406883,-0.370051528,-0.338604488,-0.25555522,0.0688210209710289,4.88362624689708,-0.2229409,-0.237540231,-0.271750411,-0.279219268,5.37369574817762,-0.201968866,-0.234611003,-0.19821031,-0.119992946,4.67612151772087,0.030548334440644,-0.171716078,-0.116939972,-0.599722413,5.85297157293085,0.26393150817252,-0.035622986,-0.08501617,-1.164204415,4.95876720778523,-0.244145871,-0.319623252,-0.295402733,-0.015870117,6.63785146606577,-0.367922009,-0.326439801,-0.263260484,0.0441374415163174,4.88676465862134,-0.304629591,-0.274024019,-0.308289397,-0.133011587,5.486319195,-0.076383324,-0.179106342,-0.143256022,-0.347970094,4.50865535278466
-0.510237709,-0.239942822,-0.350229155,0.0394680697594034,6.65556164005834,-0.207583869,-0.088902458,-0.3160511,-0.070458631,3.69013484568329,-0.359508178,-0.194145168,-0.190572041,0.0372049999300208,4.98035532611763,0.0586127017418715,-0.220317656,-0.125412824,-0.630256822,4.65052918672324,-0.086606883,-0.190755428,-0.17099708,-0.601614874,5.55804273174447,-0.543130321,-0.18677201,-0.406910458,-0.182149592,5.17319565450466,-0.573681824,-0.338128221,-0.36433264,0.165663398636106,6.96206752468758,-0.168206646,-0.072101474,-0.303020713,-0.121488441,3.67118510415589,-0.322949711,-0.148514439,-0.177909824,-0.054036065,4.90539715472192,0.0844741476302425,-0.22155769,-0.106909504,-0.65888829,4.61526629929505,-0.062794176,-0.153905456,-0.188755491,-0.658375263,5.52720714429411,-0.395838135,-0.147338207,-0.325908991,-0.368510697,4.93419894890743
-0.113455518,-0.001588385,-0.387363178,-0.515546232,5.55879594530272,-0.454573884,-0.296210734,-0.246599493,-0.247485784,6.31210213296893,-0.322718996,-0.346262929,-0.180647294,-0.235469096,4.5105032426161,-0.375073384,-0.220683876,-0.277661886,-0.193638404,5.30394077671648,-0.130486961,-0.125109778,-0.270468688,-0.418220138,4.87856606409666,-0.259525777,-0.212131809,-0.17589774,-0.355203317,5.33492788369397,0.0855421073745945,0.124268020989613,-0.374410201,-0.934041703,5.61288198293055,-0.438046563,-0.268295679,-0.24191435,-0.259287307,6.17098350301439,-0.266545615,-0.331480872,-0.136127092,-0.378951906,4.46944082820233,-0.300323439,-0.177073137,-0.248209972,-0.326727834,5.17680033497803,-0.09785209,-0.110137741,-0.263098949,-0.472473469,4.85129647044162,-0.176087,-0.159986387,-0.145071628,-0.487756539,5.17416585553806
-0.554960832,-0.35398098,-0.241315981,-0.14432546,6.55848357800505,-0.195437016,-0.321496332,-0.167066646,-0.247521383,5.89247199300589,-0.11297302,-0.15353181,-0.289648465,-0.15910819,4.5809503795026,-0.250960295,-0.239920329,-0.260034383,-0.466563015,5.8284270656507,-0.364043709,-0.326330422,-0.227944042,-0.184423752,5.66199807494058,-0.228762473,-0.226686494,-0.250036354,-0.030136507,5.78467640572334,-0.483992824,-0.332103313,-0.201919895,-0.196687115,6.278170873,-0.235023729,-0.399708125,-0.128161947,-0.245939284,6.09579825316992,-0.094315439,-0.141161547,-0.272412274,-0.194073444,4.55551066457241,-0.261201824,-0.241486618,-0.287807535,-0.492425288,5.84543017500255,-0.529560339,-0.448577126,-0.229751647,0.0239821496815104,5.9530645659169,-0.181708982,-0.219348497,-0.205674203,-0.130981234,5.6941576510699
-0.335098966,-0.338359108,-0.259519712,-0.383148485,4.55128124966478,0.0623566160748909,-0.060132935,-0.250325179,-0.581051944,3.89583379438519,-0.411158249,-0.339289238,-0.200442211,-0.360889257,5.7102988457524,-0.484259608,-0.338408522,-0.342818467,0.378190861029532,4.83731200469054,-0.30582887,-0.367676905,-0.170372704,-0.337650259,5.21322021912118,-0.302733168,-0.274527346,-0.263572874,-0.389827617,5.22490990205563,-0.296731296,-0.318305165,-0.245075577,-0.453538122,4.45628680413925,0.0851814111750944,-0.048259483,-0.238419269,-0.638543933,3.90126965392704,-0.346408717,-0.305753709,-0.166649946,-0.495980423,5.55105355894392,-0.486094282,-0.381315215,-0.312070422,0.347316763898261,5.02944224147762,-0.400261284,-0.441340825,-0.211538594,-0.206146881,5.47527121952631,-0.189444826,-0.241372211,-0.200467149,-0.541773213,5.02876494579172
-0.173952401,-0.147882725,-0.186471652,-1.079974639,5.27020569070489,-0.248627759,-0.381945672,-0.09619262,0.145249779119798,4.39530960827051,-0.354138882,-0.18852616,-0.303975685,-0.414304444,4.58788737103167,-0.275924234,-0.327197169,-0.252235782,-0.228174063,4.91831779660704,-0.226733536,-0.185368747,-0.295590904,0.00874175915547159,4.43813634976683,-0.303831707,-0.155056155,-0.317464224,0.0486722646769334,4.32215985224593,-0.214770813,-0.169052861,-0.188623401,-1.030906421,5.32053986162483,-0.41354457,-0.448254774,-0.177474451,0.441573598756134,4.48849271899601,-0.205427926,-0.112110968,-0.253812623,-0.661618474,4.48486714139262,-0.317228687,-0.362978598,-0.266480247,-0.210732898,5.08086223511205,-0.19820905,-0.169195722,-0.28810316,-0.024679281,4.38926396337742,-0.255135713,-0.118889393,-0.295701737,-0.057276162,4.26028339249158
-0.2971413,-0.374196739,-0.089562362,-0.450786128,5.20693632823631,-0.268737802,-0.169053426,-0.258855831,-0.215024527,4.4286724101857,-0.154978795,-0.393454828,-0.079200514,-0.648593553,6.23414736495045,-0.177160898,-0.235034071,-0.225206392,-0.547553918,5.03166983759809,-0.281882911,-0.268111493,-0.30411705,-0.226273598,5.64290896901637,-0.153062644,-0.177129922,-0.236381394,-0.48747181,5.98134511973734,-0.233455505,-0.352370685,-0.057445342,-0.534133488,5.13191277926027,-0.246649062,-0.198102181,-0.222879465,-0.229596679,4.33786061779513,-0.070380032,-0.311013474,-0.075307948,-0.821974915,5.91368248487196,-0.150474906,-0.254901423,-0.196663554,-0.566648151,4.95261509060068,-0.28297775,-0.256473475,-0.310244393,-0.24459924,5.65317832887471,-0.095340936,-0.158750301,-0.198595507,-0.611506335,5.92758108635338
-0.159725835,-0.230586885,-0.305405818,-0.69397946,5.10245513770457,-0.061631254,-0.125046873,-0.167205206,-1.104497117,7.71401338035384,-0.600692311,-0.193224545,-0.394911543,-0.047246967,5.09279563209948,-0.337092507,-0.23577996,-0.322056634,-0.874161056,5.40520763651629,-0.356465373,-0.282432441,-0.257921969,-0.11903968,4.89597567301105,-0.188921977,-0.24240437,-0.216390593,-0.357956717,6.0492750521234,-0.221339394,-0.247100372,-0.345353992,-0.609144907,5.20508900212549,-0.042325471,-0.097684649,-0.175779082,-1.13594295,7.60647941140987,-0.55945432,-0.175726743,-0.35544616,-0.120010597,4.96954749812254,-0.331931972,-0.212857509,-0.336871344,-0.877050584,5.39957471693123,-0.364729815,-0.299556029,-0.25413129,-0.090278782,4.96875639222402,-0.176095282,-0.235026406,-0.200677978,-0.390012756,6.06182651324113
-0.080148621,-0.253191532,-0.231975998,-0.300188448,4.13450158062872,-0.307482644,-0.012797034,-0.519373705,-0.399836848,5.51870948912505,-0.439516634,-0.208182961,-0.441960737,0.281889036214312,3.7824600148864,-0.207729899,-0.2736646,-0.177439834,-0.341480333,5.9795203305404,-0.28852369,-0.227560658,-0.281948393,-0.114660402,5.49410116259107,-0.109734942,-0.240514777,-0.150488786,-0.325869715,4.65749932167378,-0.056233415,-0.252276469,-0.203094836,-0.350596467,4.07741062056833,-0.793207149,-0.100540472,-0.866025644,0.0614986793179936,6.64271684253695,-0.338621004,-0.13077344,-0.406818535,0.066726510606291,3.69677346415711,-0.272577438,-0.307493201,-0.204419132,-0.239119821,6.08627479956079,-0.282606238,-0.202123971,-0.304984693,-0.11807066,5.49369498600947,-0.06171235,-0.226970538,-0.110321729,-0.414917339,4.63809714256573
-0.73781422,-0.425535787,-0.445476306,0.302933155331206,7.39005747760024,-0.360633624,-0.329560649,-0.340981474,-0.321744355,4.10739123098484,-0.292005168,-0.236843661,-0.264365152,-0.83909242,7.68114605909972,-0.23466586,-0.198855787,-0.347384064,-0.195470287,4.66449940561536,-0.162087445,-0.193680535,-0.280740076,-0.141437659,4.82563562496642,-0.037592652,-0.304739875,-0.207739956,-0.162024881,3.90742343241021,-0.951505693,-0.558510961,-0.527806995,0.622910616413618,8.51356625883854,-0.432275977,-0.374915994,-0.389494509,-0.059818096,4.26103586088448,-0.252294536,-0.219856539,-0.247968898,-0.923546348,7.7414758638568,-0.147275374,-0.162739397,-0.316818551,-0.330253932,4.53301848239884,-0.13126392,-0.181306366,-0.271154823,-0.174194839,4.7499368253248,0.08021658133772,-0.271593646,-0.132369782,-0.368504083,3.75406952234212
-0.14010536,-0.10396228,-0.199685488,-0.257803548,4.99020228006735,0.0778788140575356,-0.025594535,-0.206724267,-0.501755224,4.09053376950187,-0.270568747,-0.269587059,-0.129294699,-0.38459119,5.79387355011175,-0.115789538,-0.218309914,-0.267166918,-0.46312741,5.36818523751796,-0.296395215,-0.242170528,-0.277620076,-0.346570237,5.46371589004259,-0.136823935,-0.198612222,-0.214362422,-0.395044087,4.58407305507607,-0.093842364,-0.093397075,-0.168090989,-0.33124305,4.90936866619878,0.0896947539877885,-0.018180608,-0.196496485,-0.511139637,4.06854170236347,-0.191347221,-0.26113957,-0.051560281,-0.551810704,5.8090429319751,-0.051209152,-0.209723282,-0.21699374,-0.546830268,5.15768872938294,-0.384890851,-0.276534771,-0.309997296,-0.205421681,5.60061020578745,-0.053272371,-0.157077335,-0.183336966,-0.547224741,4.49734641014688
-0.528728272,-0.431741117,-0.358989155,0.45439762224371,4.89881006181459,-0.489237858,-0.378460851,-0.259955098,-0.114280535,7.18930455709237,-0.139161907,-0.177960654,-0.190170856,-0.724072797,5.87638074572639,-0.261402494,-0.29954461,-0.222549329,-0.225806565,5.37048178090232,-0.197446557,-0.218770558,-0.242701464,-0.153543233,4.84280319621351,-0.254719852,-0.291555422,-0.231746409,0.0184210898065272,4.986714389,-0.50840113,-0.427646806,-0.346893171,0.40935250854877,4.79163308911827,-0.634828896,-0.432581231,-0.33042621,0.155969336563285,7.54540706522811,-0.095208894,-0.166983811,-0.165667982,-0.802781966,5.81654846729873,-0.337319269,-0.322617746,-0.260268799,-0.101227749,5.51137595638171,-0.116447385,-0.148404287,-0.239259705,-0.279128361,4.70234104912861,-0.191272329,-0.257501209,-0.202580171,-0.103970052,4.9024860962861
-0.21936478,-0.348894669,-0.177596987,-0.111200788,5.09056725778584,-0.368632874,-0.310730912,-0.330073852,-0.630721687,4.69560858614762,-0.154619753,-0.199986424,-0.242112555,-0.409069051,5.18665106866786,0.00731905451071581,-0.164251865,-0.187859274,-0.469085989,5.42213229941267,-0.271423849,-0.252381077,-0.246956564,-0.453757298,5.68426690503273,-0.35995342,-0.332863755,-0.241070569,-0.103959272,5.26798863823413,-0.218482123,-0.315263701,-0.197944981,-0.122801427,5.05875061591484,-0.382896338,-0.362755739,-0.306677322,-0.555880016,4.60528484810017,-0.130478643,-0.191134013,-0.232983103,-0.427452597,5.19024535109448,0.0769198018489686,-0.134532779,-0.15790168,-0.589304585,5.30793451821638,-0.311901529,-0.286362548,-0.256060582,-0.418449067,5.75736420829645,-0.264030789,-0.275907547,-0.211296468,-0.25296533,5.10728081577941
-0.029576064,-0.236037982,-0.106791655,-0.62034764,4.71835913582723,-0.108760987,-0.305130135,-0.219994018,-0.187664059,3.73419519027349,-0.515309493,-0.324193107,-0.300362811,-0.033101093,5.02698030552449,-0.391719797,-0.240019916,-0.282012199,-0.287139632,5.68242955321887,-0.239094999,-0.094365472,-0.327842149,-0.199905529,5.55827037953288,-0.363687126,-0.24892824,-0.219659922,-0.078571058,4.60434787221804,-0.042510732,-0.249061939,-0.101600432,-0.601072703,4.72517596420935,-0.121322695,-0.311462386,-0.227823216,-0.198635154,3.77725175446244,-0.392372174,-0.275168704,-0.251806104,-0.250468364,4.91741012407834,-0.347080253,-0.207362533,-0.2726695,-0.367489607,5.67992124216717,-0.296415482,-0.143407466,-0.331242835,-0.099496293,5.59157132851976,-0.309586624,-0.214773896,-0.198789501,-0.180680336,4.56625798197991
-0.297735036,-0.127284987,-0.365171271,-0.288791672,4.65517169884079,-0.280024438,-0.328155716,-0.201844931,-0.542084134,4.53471688247084,-0.044912747,-0.125920935,-0.274843762,-0.651338323,4.97161779525704,-0.256190852,-0.243460672,-0.189646346,-0.436434724,5.88417756830381,-0.46117962,-0.381642934,-0.360167543,-0.16933143,6.34782434619074,-0.321626877,-0.34053634,-0.252850779,-0.037985877,4.47791435474021,-0.309918333,-0.111329497,-0.396732155,-0.289655379,4.7216252788437,-0.214926739,-0.292575772,-0.196090914,-0.626919935,4.51667853297921,0.0293717573485043,-0.122769056,-0.219322206,-0.77610961,4.94713646801592,-0.27161297,-0.303997295,-0.136521712,-0.461945379,6.00884368889438,-0.480985261,-0.372042193,-0.40038761,-0.108811561,6.57533150312723,-0.262971225,-0.306698546,-0.227484095,-0.137953543,4.48848366293234
-0.421488424,-0.21815736,-0.318315454,0.0710309698867731,6.17718844230291,-0.595266574,-0.365461772,-0.279831408,0.359605106687548,6.44144935302367,-0.025383895,-0.186549694,-0.183224572,-0.414123038,4.5206937023845,-0.256393002,-0.281155939,-0.198801284,-0.061791154,4.96063031606248,-0.066589241,-0.171892377,-0.180259156,-0.594192558,5.49898583542386,-0.134843836,-0.168299592,-0.163715112,-0.505865764,5.26306949173231,-0.4367885,-0.235134607,-0.31646799,0.0863880267024824,6.37290580182981,-0.575280553,-0.386068301,-0.245803557,0.356989775789094,6.4780375646695,0.0232230256267456,-0.173450984,-0.14639544,-0.505547249,4.444384539,-0.267292814,-0.293556569,-0.18821265,-0.062660896,4.97882035858447,-0.035746646,-0.155520686,-0.168267712,-0.631771872,5.42611925948713,-0.078149878,-0.137149976,-0.139871288,-0.619975518,5.17750359861169
-0.004108664,-0.206675152,-0.216167642,-0.497106672,3.29002690033899,0.0994033129045851,-0.156136496,-0.135142347,-0.413609456,4.80301549219755,-0.463136334,-0.418567738,-0.245348571,-0.43575171,6.0509554997874,-0.280626182,-0.198463799,-0.233274957,-0.156221638,4.8423920570262,-0.355579685,-0.236271814,-0.255079644,-0.292462549,4.98872110496405,-0.401497002,-0.19463576,-0.25248139,-0.084439146,4.85146954303232,0.0163047768630308,-0.172845455,-0.238257598,-0.538141454,3.31683619099049,0.0535982093030451,-0.198427849,-0.147685618,-0.327490434,4.89764635783023,-0.344709863,-0.336942125,-0.220298079,-0.551401418,5.72388724527253,-0.215622389,-0.183977341,-0.196022856,-0.250803208,4.72816951123815,-0.328506487,-0.253358939,-0.22031303,-0.347107289,4.9477988628855,-0.314618403,-0.175226983,-0.194297541,-0.219800564,4.7279611729833
-0.516407019,-0.330743718,-0.252951589,-0.020042693,5.36265276669798,-0.250020384,-0.166406833,-0.266335792,-1.025986217,6.08051739303462,-0.042084278,-0.285216961,-0.216529711,-0.440690669,4.26755020731221,-0.154826249,-0.173357199,-0.208917838,-0.445056192,5.67720820572221,-0.083831738,-0.177661706,-0.258591507,-0.638030575,4.57278611311558,-0.540056388,-0.38968364,-0.310912864,0.184212141959455,5.04884434344931,-0.489278413,-0.342498339,-0.211841867,-0.045851859,5.27182807898921,-0.159513119,-0.126922604,-0.239825333,-1.132639281,5.96702870518113,0.042994359396397,-0.260139055,-0.145562741,-0.626017395,4.13229296349546,-0.209359579,-0.213469152,-0.218341353,-0.362652754,5.81863663441216,-0.077018441,-0.148526639,-0.275772753,-0.688602053,4.56015810738082,-0.445249924,-0.320916768,-0.29340539,0.035731403927305,4.8868931468262
-0.414687514,-0.383487666,-0.30497559,-0.153201275,4.7894861059317,-0.649032019,-0.332058031,-0.422915508,0.269038858537033,5.69621515885619,-0.297014929,-0.312421763,-0.156461269,-0.318300553,4.78569469495513,-0.119844118,-0.242048821,-0.221387524,-0.345305357,4.50164024004011,-0.203628121,-0.162898786,-0.30802519,-0.533387167,4.87118997008378,-0.071517138,-0.15146037,-0.184866963,-0.759158212,4.83841950238839,-0.503524291,-0.444000133,-0.317161815,-0.110623422,5.06409876679673,-0.730695624,-0.388092986,-0.448840721,0.401685945856612,5.93781360356865,-0.170801955,-0.223720179,-0.137478362,-0.488404012,4.61513130467926,-0.171703407,-0.282958105,-0.210308906,-0.303902351,4.62845602602149,-0.249793802,-0.163740971,-0.362258635,-0.440553606,4.9748053434835,0.008355556199261,-0.108948037,-0.160580829,-0.904492084,4.76868148000469
-0.364198306,-0.338085046,-0.301121077,-0.19729659,4.95791323829795,-0.302386834,-0.249913783,-0.272471171,-0.603312553,5.18265016446424,-0.012135289,-0.220073488,-0.172299216,-0.357749997,4.14308713948321,-0.117059429,-0.246014254,-0.170859119,-0.77562366,5.29991537712086,-0.406941419,-0.347831741,-0.314261003,0.260341301824651,4.64328580588548,-0.34066399,-0.245820614,-0.299293401,-0.133338492,5.5680745773468,-0.392127608,-0.358835463,-0.331953002,-0.158497269,4.96936189496402,-0.331563928,-0.299110515,-0.23458993,-0.566220638,5.17001394575383,0.0415538698390069,-0.196625311,-0.126314368,-0.483326476,4.03027282950135,-0.106131712,-0.252379943,-0.151036594,-0.797358432,5.26052284809188,-0.463919467,-0.37908383,-0.307207226,0.35288989885218,4.73558267805414,-0.269820115,-0.216360648,-0.273102404,-0.246388609,5.48153924380412
-0.261475833,-0.310747303,-0.127843686,-0.361075694,5.10118211412963,-0.166383272,-0.150813716,-0.284445887,-0.483714603,4.96772833744188,-0.213730913,-0.281667967,-0.183653118,-0.545395827,4.65841537344711,-0.289176992,-0.304139963,-0.181529946,-0.117323686,4.25584065386018,-0.112365071,-0.182530417,-0.23004911,-0.328271625,4.32044195370255,-0.163824164,-0.103156138,-0.308936561,-0.410488783,5.26275338741658,-0.305170739,-0.406639889,-0.048167898,-0.33459639,5.28676583977822,-0.150964604,-0.133135186,-0.279903052,-0.478300697,4.89375388486621,-0.122028888,-0.218551747,-0.149984438,-0.722090728,4.50908317690437,-0.261921034,-0.296016639,-0.161370716,-0.154655789,4.23799429206173,-0.131787594,-0.20140488,-0.232956503,-0.292941069,4.34839266644857,-0.103789393,-0.092883474,-0.256943303,-0.514880101,5.15586085686031
-0.714779002,-0.331827878,-0.328375449,0.350291440380184,5.68628252383338,0.100083832470823,-0.079409927,-0.046261011,-0.856037485,5.49759794918575,-0.242030974,-0.231829645,-0.257939588,-0.302827846,5.22861626631235,-0.20178812,-0.20934934,-0.31719382,-0.236774853,4.44096371059468,-0.37592527,-0.383080865,-0.236182148,-0.004347435,4.68161835202242,-0.17704794,-0.240749515,-0.247471797,-0.364302795,4.90143687001472,-0.678740178,-0.310653247,-0.290740391,0.294852440634582,5.4626943784325,0.0476818174462211,-0.106314241,-0.065290302,-0.775853161,5.57596952419874,-0.111191126,-0.186041382,-0.208057007,-0.49563136,5.02411439805942,-0.182268094,-0.196699187,-0.30846648,-0.25799224,4.39883234647059,-0.469538478,-0.51907129,-0.177400752,0.139190013483303,4.99539248557872,-0.113496918,-0.216889266,-0.209699202,-0.447078349,4.84567673632235
-0.450972222,-0.299284608,-0.306199794,-0.114284976,6.06807501906473,-0.076214367,-0.105697431,-0.291729056,-0.33232422,4.49609277928548,-0.377961367,-0.349488235,-0.152664439,-0.575697898,5.2899600140499,-0.387883466,-0.281948354,-0.309315591,-0.001554445,5.42358120044065,-0.171104206,-0.154276191,-0.283253093,-0.297099655,4.62270809326684,-0.25428848,-0.258118025,-0.269250862,-0.178178668,4.81334134009649,-0.416280303,-0.279915776,-0.286458077,-0.130865209,5.97727206372628,-0.10999568,-0.107557839,-0.321389138,-0.334033849,4.56323600484283,-0.261988319,-0.291472045,-0.096800325,-0.737188418,5.04237484073392,-0.514625216,-0.309908907,-0.399731932,0.142124742963948,5.69083565504528,-0.141968435,-0.125905863,-0.279661306,-0.376027591,4.60151458474866,-0.186283662,-0.206507658,-0.245563111,-0.316180093,4.66986423503561
-0.199476582,-0.202449279,-0.38091579,-0.285851302,3.96525490907349,-0.335659632,-0.390896939,-0.301163245,0.204038032006261,6.07069867328297,-0.421341711,-0.384119762,-0.342496444,0.388740545508651,3.59418498993679,-0.260362154,-0.217409453,-0.361170931,-0.181834475,5.06887448475246,-0.373592449,-0.28566623,-0.384548546,0.0905232119748052,4.92843129629099,-0.29906686,-0.28929932,-0.242537053,-0.177155696,4.6711986534497,-0.128807384,-0.241100818,-0.288988417,-0.382851979,3.80918573442025,-0.314192844,-0.37372381,-0.315452926,0.246717689014276,6.01268206556437,-0.250718516,-0.302963963,-0.2703309,0.0152044541227991,3.52251419462648,-0.297457029,-0.230033108,-0.385098376,-0.138279053,5.17050198668977,-0.54578341,-0.339367531,-0.452558505,0.357453528519846,5.24911699832867,-0.236696871,-0.231487571,-0.234659366,-0.299701465,4.61433787455712
-0.487391082,-0.071259203,-0.325833335,-0.384471816,5.56155128548885,-0.23393543,-0.269834162,-0.213427312,-0.143406253,4.13403160671162,-0.723232853,-0.322014798,-0.38473997,0.149668062665099,6.7134612,-0.001029808,-0.227043297,-0.144332457,-0.615948103,5.55543405423949,-0.124741478,-0.184641056,-0.156270986,-0.511680188,5.26902529265089,-0.283452783,-0.199366212,-0.253413515,-0.613614251,6.2382446201659,-0.436302898,-0.006214042,-0.321435582,-0.488565865,5.50667182307155,-0.337130303,-0.31755868,-0.213414341,-0.008191181,4.28927289927745,-0.627719332,-0.300122435,-0.316654939,0.00867656471705661,6.33371349799891,0.0211668111932989,-0.200020851,-0.156670167,-0.635005603,5.49812157779971,-0.023530291,-0.125558413,-0.138489562,-0.652440315,5.10574983973015,-0.201816978,-0.165481797,-0.206814973,-0.733185374,6.03922510789578
-0.227498486,-0.220569613,-0.229009322,-0.337389002,6.66964478744358,-0.160258252,-0.141969027,-0.244125159,-0.501503692,5.81460114435457,-0.003748592,-0.091603444,-0.251564397,-0.898237504,5.51906535341482,-0.356136012,-0.290396845,-0.274975245,-0.086059753,4.78940760913465,-0.543029516,-0.36710801,-0.419551588,0.181732255669646,6.76376407487563,-0.184612228,-0.142103595,-0.27329418,-0.540763553,6.08719257600424,-0.20510071,-0.188946903,-0.247262106,-0.377475878,6.79718696067533,-0.303324443,-0.166730705,-0.328114614,-0.277019384,6.23871203125169,0.0811878093286871,-0.070904828,-0.197434231,-1.027436756,5.39222974091955,-0.38994779,-0.307609892,-0.28739735,-0.045371759,4.77475361677172,-0.729513893,-0.473606655,-0.476444333,0.46384327699754,7.29957188329363,-0.115630724,-0.103104161,-0.242851092,-0.637116448,5.95159843271904
-0.340889062,-0.339736355,-0.284211384,-0.019180072,4.20765865726077,-0.332931752,-0.329328696,-0.192892544,-0.470862644,5.4798314706841,-0.47452208,-0.199102942,-0.406648785,0.0669186260671159,6.23814247201293,0.0220296175023878,-0.163731648,-0.202685066,-0.816067285,5.5017751158282,-0.266495681,-0.242464965,-0.285582872,-0.516353134,5.45601289169089,-0.337476041,-0.252673137,-0.287010544,-0.031641837,5.74696643628428,-0.440927225,-0.322876019,-0.373158169,0.177881462809853,4.31115454300839,-0.413525631,-0.386309085,-0.191110325,-0.347215997,5.57660479746303,-0.372614241,-0.172965978,-0.337603454,-0.122857064,6.00959010953967,0.0535343287957629,-0.152647151,-0.190818254,-0.8542242,5.4497159412719,-0.359029071,-0.306136545,-0.290769485,-0.436228636,5.68898753669413,-0.215118924,-0.176402192,-0.26536436,-0.201630875,5.53502966916705
-0.419370498,-0.334737263,-0.19941873,-0.249824705,5.06152699364032,-0.154626546,-0.147558995,-0.371306735,-0.525182602,5.52940585296474,-0.437643718,-0.24884471,-0.298968192,-0.517981486,5.80625691308961,-0.411798532,-0.241670701,-0.349747181,-0.047670405,4.87853296538991,-0.054556518,-0.140032943,-0.192150538,-0.672504409,4.67370821471573,-0.170902889,-0.14946828,-0.327773589,-0.120857629,4.61643542645024,-0.404884536,-0.359618842,-0.159035284,-0.253096643,5.02538237680711,-0.131570877,-0.144894911,-0.353963818,-0.54609808,5.40612785527717,-0.309924711,-0.222601742,-0.248475242,-0.730370486,5.67220985720941,-0.456660706,-0.255984159,-0.355209824,-0.006735576,4.95402477730526,-0.057948859,-0.148835342,-0.188589011,-0.658309311,4.66997913367296,-0.073691758,-0.13343147,-0.265401771,-0.291639719,4.45037769776194
-0.188171979,-0.438811263,-0.269677257,-0.748166206,5.05682652017566,-0.547068283,-0.307064157,-0.462982873,0.36055828007979,5.34194790434152,-0.025194966,-0.273168456,-0.05057768,-0.495579755,4.77014576778991,-0.159355762,-0.174348549,-0.263955459,-0.597401967,6.32276448124142,-0.267100662,-0.197389296,-0.273503443,-0.354967887,5.37280176362732,-0.064563846,-0.237630887,-0.116712066,-0.551632362,5.95950566138849,-0.14772289,-0.423610825,-0.257789239,-0.80994996,5.17096472721694,-6.18003156,-3.63021425,-4.255560085,22.4253064795948,8.50900989001284,0.0449300896330154,-0.231404423,-0.004521348,-0.641563458,4.71465472721809,-0.188718905,-0.189514699,-0.280846051,-0.518812202,6.39360293990666,-0.295251251,-0.228742198,-0.281978361,-0.268944545,5.3987164966089,-0.037641578,-0.198880096,-0.126162944,-0.61787669,5.86047228254169
-0.306981967,-0.247215959,-0.261512614,0.127989717266466,4.90285378080402,-0.148308276,-0.189426141,-0.328694703,-0.347032438,5.8804151963355,-0.085350563,-0.131382921,-0.326661479,-0.841505041,5.1549829149594,-0.241114103,-0.319489317,-0.285513646,-0.102979295,5.44703520933259,-0.116481467,-0.315952749,-0.150709544,-0.457128212,5.34696040465695,-0.336951693,-0.279401156,-0.226037213,-0.535284781,6.26705541419423,-0.310202195,-0.252266158,-0.244900198,0.109101756485826,4.91249809212122,-0.169284969,-0.206075838,-0.337099171,-0.299366607,6.00932178371181,-0.009205758,-0.126863193,-0.262044911,-0.981456535,5.05974280901691,-0.276893874,-0.333330679,-0.312407176,0.00905978808260786,5.53812450321274,-0.099901619,-0.317736825,-0.133675507,-0.485900204,5.32514826587231,-0.270220807,-0.243382849,-0.195489161,-0.685312843,6.11640671217833
-0.522443783,-0.306821713,-0.35590759,0.0100601757952235,6.2499585897456,-0.489093936,-0.296844532,-0.326457622,-0.188577397,4.88837528028142,-0.313881838,-0.29540757,-0.173172037,-0.594171784,5.12746769384292,-0.600770977,-0.419934258,-0.260424528,0.13447746637361,5.96698679971551,-0.196645041,-0.287200251,-0.193931858,-0.098662158,5.28820982357188,-0.148920674,-0.218848156,-0.253467849,-0.663217403,4.7928054536486,-0.655862304,-0.332112338,-0.4283133,0.212004417287836,6.55298616010518,-0.65338043,-0.330539045,-0.382385602,0.138566824315568,5.01777151072967,-0.12061384,-0.249120076,-0.036533982,-0.998974806,5.03494605892971,-0.634768214,-0.427783897,-0.290691023,0.190839763000342,6.04129086900196,-0.218869559,-0.294678704,-0.198239766,-0.063060742,5.22462164873288,-0.051807655,-0.175917116,-0.219160495,-0.812844551,4.62846521218474
-0.613633744,-0.232713813,-0.342232591,0.141711141347958,4.68863925060378,-0.205064992,-0.252007691,-0.210267368,-0.091416093,4.86951099051179,-0.69504414,-0.337356407,-0.315660306,0.713560203317064,6.00807079231739,-0.162884871,-0.238344574,-0.211971781,-0.532867862,5.66511381715831,-0.13689963,-0.237674094,-0.184554234,-0.495790589,5.46357390930952,-0.034375172,-0.160567543,-0.216376986,-0.265618883,4.49301304096978,-0.684097993,-0.264355237,-0.356820548,0.25595139009949,4.84586640112186,-0.148316124,-0.238518902,-0.189796679,-0.187968164,4.83136988477842,-0.65269373,-0.331368702,-0.285343314,0.617216193023908,6.04600266022426,-0.281660666,-0.305293617,-0.237183076,-0.360840978,5.95475069784793,-0.167026332,-0.242368446,-0.207335321,-0.423730084,5.5869870787065,0.0784724759372821,-0.100807523,-0.170040901,-0.477216955,4.35228107744458
0.0147656481132709,-0.2835587,-0.152082366,-0.478168737,6.33316134702985,-0.173256894,-0.191926417,-0.255091925,0.015405325289262,5.94526201252863,-0.577220596,-0.2421745,-0.365755337,0.142383711161774,5.66594204430535,-0.12007386,-0.169532882,-0.25666738,-0.647708704,4.64797921148139,-0.472341288,-0.323663879,-0.311237525,-0.032011957,5.0135910788933,-0.3962967,-0.233062048,-0.278799383,-0.239840537,6.25713363344798,-0.023322063,-0.306087574,-0.171020949,-0.404139798,6.45556603208504,-0.264401422,-0.223595649,-0.288976381,0.154623515053998,6.18112989591804,-0.541381541,-0.220633263,-0.370092175,0.101589728346363,5.76718849063106,-0.140058711,-0.174526237,-0.275536498,-0.63311968,4.71069148216699,-0.42504371,-0.282495421,-0.322532079,-0.121425466,4.95571086271848,-0.374694177,-0.221759056,-0.264101116,-0.304524353,6.29816026109091
-0.494343153,-0.233938988,-0.401987905,0.0146634449683485,4.38685714604447,-0.24242892,-0.217941205,-0.175995684,-0.628604166,6.25222451988131,-0.015577048,-0.138030684,-0.21316367,-0.782435812,6.21076776614017,-0.525608014,-0.406156076,-0.376819141,0.0560942835630052,5.03221937008732,-0.305991308,-0.245668926,-0.308408364,0.005979790279712,4.76632582167861,-0.244926413,-0.198818599,-0.193347168,-0.536786871,5.25467052615424,-0.608869147,-0.297927437,-0.432509675,0.209011624660665,4.5623011320079,-0.229584787,-0.258233469,-0.132086093,-0.625489392,6.15419601380658,0.0021995086718742,-0.14650562,-0.203072769,-0.859166028,6.55776128234078,-0.683778027,-0.517042013,-0.398034876,0.204780735603949,5.40665382112228,-0.339027604,-0.242589442,-0.329429165,0.0105760733602156,4.90305299713686,-0.190652679,-0.173443408,-0.156725127,-0.645822159,5.21336600327201
-0.081194198,-0.248451726,-0.228028766,-0.239749323,4.58563754982288,-0.106803588,-0.257862468,-0.14489459,-0.670662655,5.29768507047792,-0.18311328,-0.273358293,-0.262468249,0.0093121642674626,4.35001784451677,-0.374858619,-0.211891968,-0.324094093,0.0376474980746171,6.20692154076465,-0.30689366,-0.161644428,-0.284653998,-0.224272719,6.31423219152157,-0.012608167,-0.168772654,-0.208486825,-0.503065454,4.95149176274361,-0.139520506,-0.275932858,-0.248776357,-0.161023478,4.68374536948131,-0.080609569,-0.257424577,-0.114865897,-0.725608973,5.26508098162446,-0.06420846,-0.218537212,-0.204593371,-0.192210882,4.14059549484701,-0.36093062,-0.219253969,-0.317197615,0.0236797410665881,6.22832027464297,-0.481540152,-0.277858261,-0.373806529,0.229395432719641,5.49230080978857,0.0543510829968326,-0.128977407,-0.186021318,-0.626846688,4.88701484642199
-0.223738542,-0.16751738,-0.269146738,-0.490774021,5.55114115600644,-0.281096179,-0.365001682,-0.307191446,0.133877625536614,4.53032759310786,-0.019927021,-0.128345693,-0.167596468,-0.561721815,5.12302857561205,-0.281314341,-0.273487534,-0.276625209,-0.333257421,4.69865585526216,-0.505086311,-0.319246578,-0.351744834,0.133201800039181,7.39293479562081,-0.043398155,-0.276987028,-0.185759731,-0.435767331,5.54284885220688,-0.388472906,-0.213643383,-0.327769029,-0.22215962,5.64583897304872,-0.264797227,-0.390593621,-0.25841591,0.142764743070042,4.54787889930209,0.00365409887062575,-0.112034355,-0.162248185,-0.615296086,5.12391124730312,-0.335203528,-0.312130648,-0.289543534,-0.260631403,4.80514787334933,-0.54381606,-0.316429681,-0.379023441,0.15362094303788,7.59250064619363,0.0470437315667671,-0.238165994,-0.13956495,-0.584407019,5.39567287218503
-0.063300279,-0.163172725,-0.244098841,-0.689538834,5.31942566089961,-0.229144053,-0.222764074,-0.264196214,-0.657292736,6.2150948256747,-0.720036846,-0.231270406,-0.378779255,0.237817562562455,6.5656937361067,-0.304639405,-0.261269921,-0.258652997,-0.05520482,5.37826241092655,-0.475907421,-0.269419316,-0.269194992,-0.198860159,5.8131509241417,-0.47449112,-0.32482509,-0.310202794,0.177180614634244,4.97498561168693,-0.01037593,-0.084216234,-0.253703605,-0.78655087,5.34976270726373,-0.195887001,-0.200718585,-0.257942804,-0.723580088,6.2045788511147,-0.636410684,-0.177625681,-0.354249165,0.0587122755583045,6.53248997907084,-0.413490492,-0.287292556,-0.324495974,0.069258638750734,5.71939355538495,-0.454177804,-0.240326279,-0.262992687,-0.199838819,5.72790040038003,-0.398390939,-0.282072967,-0.278135721,0.0204975916481806,4.77039760600081
-0.461275031,-0.458194498,-0.283734838,0.124156644264003,5.85744729222989,-0.097234332,-0.273334713,-0.134682974,-0.495146313,6.28389606608677,0.0437116111344814,-0.146198997,-0.144979324,-0.611969681,4.01356838560623,-0.211798125,-0.255307988,-0.181068337,-0.461741151,4.46493810646869,-0.126317438,-0.199303033,-0.20372467,-0.439221952,5.03112174457965,-0.224297785,-0.187379958,-0.198026068,-0.553338217,5.38946217143096,-0.638301912,-0.58117514,-0.324650377,0.347051166655866,6.5914338773996,-0.131242028,-0.288126379,-0.14312609,-0.453228814,6.37129661857904,0.0808874027491365,-0.106081356,-0.144137226,-0.662983955,3.97444380837478,-0.115848724,-0.224639308,-0.138010697,-0.612911988,4.37107726115535,-0.134274414,-0.218364028,-0.190884142,-0.437675225,5.12358358713351,-0.144969042,-0.161035268,-0.148139307,-0.69609781,5.29266437140485
-0.373845617,-0.327256242,-0.283984637,-0.2737107,7.19441769855479,-0.381121945,-0.247906656,-0.213552364,-0.597534835,6.00186851023696,-0.13854602,-0.142977042,-0.275967209,-0.657628248,4.48447850751333,-0.61112226,-0.381719532,-0.353234475,0.150342941208063,5.95278433663755,-0.36265428,-0.24789547,-0.279266523,0.0427448262063732,5.04412654863904,-0.074502733,-0.203751671,-0.227438998,-0.75766202,6.05663290961102,-0.404107348,-0.340565364,-0.311617593,-0.235027667,7.33177940308497,-0.302389322,-0.22279352,-0.16395668,-0.737195304,5.91112963075092,-0.123542708,-0.152921431,-0.244541515,-0.704884325,4.51892022319141,-0.690207328,-0.374505942,-0.413253495,0.224457244960827,6.26223820932083,-0.3466393,-0.236556287,-0.270649636,0.0221528430239484,4.95126392250717,-0.057084628,-0.16786963,-0.232819564,-0.794872474,5.97782213859657
-0.514924262,-0.343785136,-0.364638272,0.20873071141982,6.18448421117156,-0.570291407,-0.326755264,-0.395367248,0.315441160334921,5.64131324125698,0.0730190094672635,-0.195049728,-0.011212759,-0.688075166,4.72055135008462,-0.295140015,-0.252485341,-0.257592378,-0.097876416,5.60316507033318,-0.298400308,-0.34626655,-0.312372056,0.0371995042495579,4.5675579102431,-0.386633785,-0.3027813,-0.321283638,-0.175802492,5.66947663747316,-0.509467217,-0.355733136,-0.325195914,0.257154603020515,6.13591989956662,-0.673170543,-0.367888755,-0.458506067,0.319001286124812,6.07886997640105,0.10096683591977,-0.165693404,-0.008248581,-0.742778601,4.69407393177762,-0.314828043,-0.263278495,-0.261196231,-0.079991361,5.54173925148402,-0.211929758,-0.291679247,-0.29140051,-0.09026979,4.33950470235528,-0.301159375,-0.264047372,-0.299010808,-0.358389046,5.56802437766904
-0.494385706,-0.065884029,-0.374814549,-0.224895251,7.00209563010516,-0.026297301,-0.208723864,-0.150626909,-0.51061019,4.54847414554306,0.0450904775950621,-0.023347388,-0.068013025,-0.643714575,4.32871607945554,-0.221258668,-0.170896559,-0.168528993,-0.606119005,5.65980376670723,-0.608275206,-0.456123563,-0.251345202,0.211889719852749,5.00498295836595,-0.311695078,-0.191444893,-0.234417354,-0.19505724,5.46555367644095,-0.490008395,-0.00127193,-0.396279345,-0.274380064,7.86942349074806,-0.018653938,-0.164918814,-0.188132415,-0.52088017,4.568394567,0.0541732156152627,-0.021935719,-0.057012977,-0.666681669,4.33212055922669,-0.211337811,-0.183636758,-0.147730223,-0.616222343,5.64585021434463,-0.73313329,-0.510372716,-0.290977021,0.314770101257558,5.38110323868449,-0.269673014,-0.18475127,-0.198864558,-0.27165816,5.37484867082465
-0.070313047,-0.183284792,-0.385137324,-0.137200759,3.32620975873767,-0.184160163,-0.278655061,-0.281794604,-0.393591514,5.09685314327389,-0.134289895,-0.209279139,-0.200629141,-0.356877141,5.49852769403894,-0.089206508,-0.204152421,-0.205698696,-0.393295657,5.19858626811861,-0.261206131,-0.232273105,-0.223124547,-0.33044715,5.66997456546581,-0.255064311,-0.221190199,-0.218786545,-0.284902954,5.77105045066783,-0.163392502,-0.126345733,-0.527162766,-0.073425235,3.51406438186807,-0.174054969,-0.292738646,-0.246468763,-0.404211125,5.03586427798148,-0.08265166,-0.168159321,-0.194519364,-0.426191932,5.44868099723666,-0.107379144,-0.217198461,-0.210662962,-0.341377018,5.21149302391593,-0.334076606,-0.256973589,-0.260486276,-0.198202828,5.80141516035216,-0.190738474,-0.184911553,-0.194520459,-0.408951589,5.71094352499432
-0.301656145,-0.262905305,-0.256614906,-0.259453621,5.83159490721716,-0.402478465,-0.377366282,-0.286218504,0.183956499380403,5.03584258941085,-0.201446211,-0.287244904,-0.164963598,-0.29908969,5.05443061825619,-0.626536033,-0.27865723,-0.468101923,0.250736124093144,4.89588497731927,-0.280163093,-0.229303243,-0.277983043,-0.207722472,5.38926231268351,-0.186106711,-0.232037009,-0.190546573,-0.360312382,5.57185093751482,-0.291426038,-0.264836813,-0.220362345,-0.285996742,5.7744141207965,-0.434265956,-0.410888749,-0.297738033,0.183828723265088,5.1371282733293,-0.196180487,-0.277135666,-0.139730123,-0.317084999,5.06171951075848,-0.846621002,-0.369964814,-0.536157796,0.545812478167137,5.1685999743269,-0.339835918,-0.21324293,-0.33452209,-0.096411361,5.47164750677551,-0.040469599,-0.177323408,-0.136988663,-0.59627042,5.33954592920185
-0.044945307,-0.185676513,-0.236769694,-0.45896497,4.79745390472865,-0.223103074,-0.144649688,-0.085702286,-0.293044298,7.23562330257412,-0.331595088,-0.347923484,-0.21463926,0.319189048410498,4.58149199703208,-0.024941965,-0.178492042,-0.174249343,-0.480220132,5.07587645841145,-0.404273889,-0.175055343,-0.310087943,-0.359176136,5.69535205170239,-0.107297386,-0.204046652,-0.17488907,-0.536316609,5.01979593615419,-0.001261518,-0.159075164,-0.212125924,-0.558051497,4.68544794816101,-0.255773114,-0.171109915,-0.074870178,-0.204183392,7.1444437287268,-0.257703425,-0.328458721,-0.168268028,0.21789647023461,4.41091023074067,-0.04900085,-0.18630598,-0.18125618,-0.45604778,5.11478040800508,-0.394802267,-0.185129675,-0.296387635,-0.372910121,5.66997644864967,-0.082528713,-0.187950608,-0.163813877,-0.598556985,5.04447750414828
0.00690450890690657,-0.05595776,-0.319610141,-0.452821422,5.61833178764703,-0.30769762,-0.274401392,-0.412225575,-0.333052896,4.39454663428667,-0.230107454,-0.269449193,-0.140790481,-1.047992034,6.69882038653783,-0.308090834,-0.193832667,-0.282890299,-0.198646418,5.20046264972252,-0.544621889,-0.426777888,-0.262319419,0.184665002250083,4.59840839123638,-0.090265652,-0.07545884,-0.191309685,-0.595331964,5.26126963037054,-0.012752383,-0.01865534,-0.37648605,-0.420099455,5.8412834298098,-0.389241492,-0.265619619,-0.459431821,-0.263561097,4.40875231068545,-0.190983381,-0.245055351,-0.13060461,-1.150947546,6.73449891416023,-0.270022845,-0.187033424,-0.270622966,-0.278334788,5.14368314246438,-0.518049128,-0.457547847,-0.218015966,0.195080929953615,4.45297755157706,-0.056371886,-0.079443875,-0.149869711,-0.657185969,5.20947561608784
-0.128626604,-0.119850034,-0.287432567,-0.557982596,4.60993725425752,-0.414636551,-0.37495921,-0.262531153,-0.196715852,6.44701777988581,-0.395977334,-0.280282421,-0.207391869,-0.13039663,6.52545129587183,-0.208484408,-0.249478769,-0.245194577,0.0443033971568462,5.58591113186445,-0.228453641,-0.249870968,-0.2863641,-0.364402904,4.51222919785629,-0.602150232,-0.308863993,-0.412566795,0.301966327631984,4.76380262075544,-0.279232551,-0.165461793,-0.383462057,-0.425836496,4.94475311526069,-0.551846407,-0.430942423,-0.313942013,0.0360946280441712,6.66650612863941,-0.257316074,-0.233578685,-0.138784049,-0.361131153,6.24395159817648,-0.187745015,-0.23330502,-0.259545279,0.0409073549557323,5.51888003947897,-0.167037787,-0.240027641,-0.250766955,-0.445200506,4.43328989162224,-0.502003924,-0.277464076,-0.356054686,0.112568794912253,4.60707812241175
-0.184623556,-0.25608891,-0.215658654,-0.516351283,5.11383441159549,-0.440004763,-0.310144986,-0.272833528,-0.330051318,8.42418401996949,-0.086152406,-0.27907205,-0.197460365,-0.198918224,4.26311664458097,-0.080212678,-0.251374334,-0.189350036,-0.317467265,5.75003067722688,-0.241041356,-0.18150484,-0.147713773,-0.306177791,4.61159620509975,-0.424164584,-0.23013184,-0.299218636,-0.054115451,4.36211973463948,-0.337517911,-0.364986127,-0.263075158,-0.253634185,5.34019485962065,-0.45478639,-0.358918214,-0.272237155,-0.361076507,8.91557115938737,-0.080161523,-0.259742419,-0.182263779,-0.223084732,4.22451351327966,-0.093003176,-0.254524228,-0.200896336,-0.299875272,5.76451604366419,-0.24366815,-0.206524569,-0.124784152,-0.303121023,4.63510909136035,-0.355560958,-0.199136932,-0.257702721,-0.179366616,4.27741127050852
-0.217208315,-0.097694551,-0.27219925,-1.099048958,6.25320636344865,-0.482246914,-0.305232234,-0.288646176,0.645193567102719,4.5641001982195,-0.100261668,-0.341323853,-0.187903522,-0.099491272,4.2978229144636,-0.427132707,-0.387028591,-0.25839316,0.120319449711818,5.88789506712286,-0.083091923,-0.138279912,-0.204471713,-0.39474405,4.83116491637141,-0.207715539,-0.15838537,-0.268840774,-0.431194512,5.46123497008153,-0.333339374,-0.099939644,-0.366245123,-0.869368437,6.43602818795221,-0.497061963,-0.283472806,-0.348443119,0.685392886827956,4.63439102820359,-0.001838745,-0.2956519,-0.137030688,-0.278928023,4.18483932930185,-0.445990312,-0.386831029,-0.264784611,0.174172128728686,6.0855124359099,-0.060619362,-0.105233738,-0.21727066,-0.431420814,4.82828013589554,-0.133001411,-0.112763692,-0.237889021,-0.563769608,5.30869135680049
-0.540190869,-0.435526229,-0.165326169,-0.230592599,7.17993494994485,-0.24512462,-0.108131577,-0.308151493,-0.295065284,6.66503338544387,-0.363309591,-0.223224161,-0.319258892,-0.245094946,7.2119948389088,-0.273356372,-0.283318923,-0.177841387,-0.38455432,5.34474275281729,-0.348372491,-0.284165473,-0.239765469,-0.054126381,4.99689096650584,-0.093417453,-0.128577516,-0.152318963,-0.446886511,4.33921436733498,-0.565693733,-0.500310657,-0.105534154,-0.222741022,7.392617627,-0.255447524,-0.10587093,-0.322404508,-0.288969876,6.75400505349602,-0.248324445,-0.178200277,-0.260593558,-0.43659707,6.84439836142924,-0.275767198,-0.291584511,-0.167807902,-0.401687481,5.43247749924373,-0.350369641,-0.272619488,-0.234175304,-0.080580329,4.92137327393484,-0.003883535,-0.082559674,-0.104425363,-0.61572521,4.25498348820363
-0.083007879,-0.225296714,-0.239340138,-0.372755903,6.79828570019359,-0.325673785,-0.223560402,-0.276974466,-0.180504175,6.50404316308164,-0.079522879,-0.108024251,-0.149914251,-0.834876538,5.35543664985337,-0.293433415,-0.177202402,-0.274409961,-0.3115629,5.85503497688621,-0.323946802,-0.336211315,-0.121508244,-0.129038145,5.33426669945324,-0.057110968,-0.157784747,-0.158383571,-0.549433964,4.85264588049298,-0.093119788,-0.228589068,-0.237778566,-0.339910063,6.78949908857506,-0.339024684,-0.235201765,-0.289689564,-0.13886128,6.60587099715519,-0.044466457,-0.069930455,-0.145600264,-0.901845653,5.31760305143428,-0.287812597,-0.206345003,-0.239596637,-0.353120094,5.76821614129213,-0.296269243,-0.333936053,-0.086026144,-0.175258447,5.29773153535686,0.0141227221259413,-0.138558983,-0.114442223,-0.687593464,4.79240481994679
-0.76371042,-0.398142253,-0.334360932,-0.03480736,6.51161434599195,-0.113951506,-0.185342847,-0.22100068,-0.237486539,4.77169439210351,-0.093658981,-0.249334038,-0.295994155,-0.397401834,4.9551347058446,-0.464200077,-0.292763617,-0.264595347,-0.216810389,5.90861638069364,-0.29621839,-0.193720808,-0.315737073,-0.272564711,4.48058235379672,-0.216288025,-0.245243045,-0.292439142,-0.087938499,5.01365681061941,-0.962402319,-0.483399009,-0.373324317,0.240325395163292,6.87564379734151,-0.017438691,-0.141705853,-0.192770421,-0.367362885,4.57251993289071,0.069967050527442,-0.188329043,-0.226435502,-0.65619105,4.58433175015257,-0.487676759,-0.298410642,-0.291432547,-0.202587786,6.11927319962084,-0.360365776,-0.224520796,-0.334808805,-0.186780099,4.54480705628623,-0.11372813,-0.206608906,-0.240189321,-0.278751789,4.82961275107848
-0.345105822,-0.065452105,-0.376265804,-0.040185128,5.77119551183244,-0.13559994,-0.261946228,-0.06692677,-0.215319004,5.1066656804274,-0.235960815,-0.278293085,-0.227086146,-0.077411321,7.29689214961917,-0.268361622,-0.292155455,-0.3126209,-0.445247005,5.12303336319531,-0.647689529,-0.453992618,-0.301904467,0.229446561038733,5.54240463972192,-0.025071583,-0.164648048,-0.146473933,-0.462350947,4.9719943183815,-0.382243632,-0.097896667,-0.380355018,0.0439019628892456,5.82952206101317,-0.086047465,-0.25738153,-0.01859627,-0.27938814,5.07083608642815,-0.144507338,-0.270371846,-0.163826085,-0.214868025,7.10935790269287,-0.296519921,-0.309204862,-0.329801953,-0.462899035,5.23511741495605,-0.730819815,-0.511117606,-0.297911473,0.402527900958885,5.54379285103909,-0.005163726,-0.134582569,-0.151858282,-0.51125915,4.97422819726236
-0.065836144,-0.180392557,-0.169642005,-0.835592956,6.36289028474876,0.0388802823737817,-0.172388842,-0.151759791,-0.398312444,4.35848289116028,-0.179233014,-0.198478467,-0.200909918,-0.472669782,4.52360841406399,-0.542523151,-0.340712498,-0.335920317,0.0145683305437265,6.36251208675795,-0.333560516,-0.274053574,-0.295983659,-0.188013674,5.06231057588229,-0.24061999,-0.384698062,-0.196552557,-0.069333385,4.67171780553752,-0.143071782,-0.240618851,-0.178764288,-0.669779622,6.40681680495647,0.0765199053422955,-0.160395874,-0.142616642,-0.463360683,4.34253145551324,-0.043476735,-0.1296571,-0.153846902,-0.70046472,4.37153475921226,-0.582836711,-0.319402186,-0.397185349,0.100529981372265,6.01578563873752,-0.361909842,-0.267890881,-0.311104988,-0.130785603,5.11558859130117,-0.131321724,-0.331258695,-0.160997114,-0.243819449,4.51360785256857
-0.19642882,-0.330925198,-0.26558088,0.0762307862634786,4.10402133526443,-0.068498152,-0.288536365,-0.146438272,-0.905099658,4.72334581687021,-0.357956795,-0.3498481,-0.201548727,-0.163657403,5.02354865528342,-0.28009976,-0.321674162,-0.260597094,-0.113158117,4.15090670782281,0.0092762849837169,-0.177590316,-0.153554228,-0.366141463,5.08238116205497,-0.229041594,-0.261849306,-0.219532684,-0.463768979,5.19845147523319,-0.229230647,-0.338403717,-0.281966399,0.121559072738372,4.20117615330832,-0.023694307,-0.262134072,-0.13670404,-0.957598809,4.67842284797354,-0.293025142,-0.310367204,-0.185166545,-0.254643408,4.93896560871274,-0.293485338,-0.325586123,-0.261664813,-0.120528132,4.14817803700931,-0.019785347,-0.208703554,-0.151277146,-0.339939031,5.1384666654281,-0.123040122,-0.234660071,-0.158027576,-0.630198857,5.08122051247919
-0.029679371,-0.199364745,-0.212917305,-0.687962226,4.72843702565239,-0.192057884,-0.239656281,-0.243416067,-0.542039641,5.74653266898107,-0.318702653,-0.285512222,-0.278884173,-0.160039278,6.97433317659188,-0.229852894,-0.234301259,-0.24744473,-0.155747945,4.54000064276963,-0.059982591,-0.206697586,-0.216819009,-0.438349509,4.25248120804093,-0.176098588,-0.231450725,-0.255974549,-0.695697701,5.68213021024422,-0.073152034,-0.19578266,-0.246837531,-0.657956867,4.80936343739698,-0.190348363,-0.242532994,-0.222110224,-0.518209818,5.67468301036774,-0.210768496,-0.253661366,-0.212365625,-0.361899964,6.78482097593692,-0.200105017,-0.236732338,-0.219692997,-0.195705823,4.46851542021417,-0.036066675,-0.179220881,-0.21895708,-0.500791611,4.18831089377635,-0.128686018,-0.213253858,-0.220516237,-0.781826326,5.62818479893609
-0.337757327,-0.304465486,-0.298407553,-0.385411711,6.38201956135774,-0.369712635,-0.20867338,-0.247902189,-0.643066672,7.20458155753951,-0.245485588,-0.130671453,-0.199609877,-0.663098983,8.22783549151589,-0.188834169,-0.206874286,-0.230460346,-0.647001441,4.59852750545117,-0.243873911,-0.229907557,-0.247110165,-0.270685589,5.57534242630738,0.00745519401352271,-0.14889297,-0.140783807,-0.523514217,4.72950919265695,-0.376289057,-0.367616755,-0.297516737,-0.286217479,6.42574603091428,-0.479385011,-0.253930556,-0.296868816,-0.532790389,7.48234722064755,-0.175458949,-0.102131665,-0.150143417,-0.790017611,8.010556944,-0.123341545,-0.188427059,-0.19650316,-0.747210259,4.48523022121255,-0.267902356,-0.250747507,-0.24664857,-0.22345696,5.63596492465331,0.0858614767207693,-0.114165113,-0.100947253,-0.678038123,4.65092387246737
-0.567963422,-0.304527628,-0.291790719,0.00203590374380208,6.44055780846023,-0.039995409,-0.235603375,-0.244619562,-0.209604894,3.82236696742508,-0.500113811,-0.161867788,-0.388993203,-0.375152527,6.12884259732011,0.0306135899049668,-0.170219657,-0.099452299,-0.680027118,4.99100760346468,-0.281074869,-0.332487348,-0.209598959,-0.054832792,4.17080744985149,-0.303660351,-0.288740537,-0.234677907,-0.284557995,4.52207504471306,-0.59277678,-0.334653341,-0.271799948,-0.00579908,6.48369401366284,-0.056463196,-0.227747137,-0.248918891,-0.198857227,3.86278117793341,-0.391336126,-0.112938646,-0.345284464,-0.531253011,5.83156438445986,0.0445363379118441,-0.160050052,-0.10046471,-0.705669183,4.96111458546637,-0.293786466,-0.352612336,-0.194721054,-0.036785547,4.17461943500035,-0.237608238,-0.263929486,-0.19342999,-0.412406851,4.47580999366156
-0.325889851,-0.288154907,-0.057642668,0.132750580458921,5.88643986073958,-0.349863805,-0.172654563,-0.143237801,-0.740163204,6.08651983191846,0.00150058167030144,-0.151113051,-0.118753673,-0.649398313,5.5605597074778,-0.128523349,-0.210929895,-0.082100031,-0.748919173,5.61742490739977,-0.296182131,-0.279302842,-0.213359482,-0.346299468,5.16801427504413,-0.217863706,-0.154419969,-0.335227424,-0.239554169,5.0448769618408,-0.343901732,-0.31362242,-0.035110406,0.165874309818457,5.96626150177843,-0.360700241,-0.189932374,-0.132363465,-0.714051818,6.11109789932475,0.0535744107816917,-0.114153142,-0.10594729,-0.744677761,5.45734373727068,-0.085670306,-0.173132437,-0.085885027,-0.816381442,5.53522237012022,-0.296875544,-0.276886398,-0.223354546,-0.345861122,5.13889579198923,-0.099471009,-0.117595975,-0.258611341,-0.422381321,4.82805445517443
-0.392265235,-0.379177483,-0.235828057,0.338070243892765,5.45491010008773,0.0414490876623066,-0.297658073,-0.178334492,-0.306962413,3.17425943907584,-0.244623097,-0.232809657,-0.378497795,-0.093514247,4.75696411150743,-0.167031536,-0.187359043,-0.264592958,-0.313998771,5.38151317692208,-0.254513272,-0.186481058,-0.189039667,-0.484324527,5.48589453009721,-0.475270992,-0.307040303,-0.282134974,-0.084063897,5.86710318591163,-0.37099107,-0.377109313,-0.227000576,0.301984576940368,5.36895501026832,0.106188893900626,-0.295556198,-0.144664492,-0.387298395,3.09294262136461,-0.06788317,-0.182838325,-0.283438112,-0.348646405,4.52774104746566,-0.162863414,-0.178120268,-0.277371964,-0.307408474,5.46458846206083,-0.135409821,-0.122055453,-0.157599922,-0.680873709,5.32755384018612,-0.36633877,-0.258351436,-0.238342285,-0.249886072,5.69802881359465
-0.035520365,-0.272351654,-0.15845288,-0.510539541,5.45569038266755,-0.32613901,-0.373367864,-0.06584543,-0.437299974,6.0122139881403,-0.078650844,-0.187172687,-0.178653715,-0.597255511,4.36396490522547,0.012184681930832,-0.100861183,-0.22934681,-0.627927438,5.54287373274626,-0.144242953,-0.163968533,-0.38742125,-0.281842875,4.52382609345328,-0.207213158,-0.138910854,-0.300295643,-0.257689268,4.68406837404948,-0.008932964,-0.286699127,-0.155262188,-0.52460776,5.5131935839891,-0.370535325,-0.399109555,-0.062105217,-0.377258523,6.08958298806791,-0.001820613,-0.181888586,-0.118281794,-0.755881566,4.31008970649016,0.0211518878237518,-0.088478056,-0.234697662,-0.643870107,5.56306126355529,-0.25603387,-0.232319619,-0.439990986,-0.080232879,4.67507864038436,-0.077522818,-0.09563086,-0.231641275,-0.451056057,4.4642059634607
-0.541263849,-0.24477388,-0.48412292,0.00967055205411091,5.60605067294308,0.056398719079614,-0.284088376,-0.078370089,-0.801521103,5.20808288895122,-0.100147729,-0.143388232,-0.226113809,-0.593914245,4.78351170467827,-0.368795677,-0.29278178,-0.277395924,-0.173070748,5.22993263042898,-0.314966794,-0.248108031,-0.282584845,-0.136332129,4.91624314417402,-0.08662264,-0.18387128,-0.285499822,-0.393757828,4.52617330906275,-0.650488269,-0.126094283,-0.669556172,0.118960344779293,5.79957352493247,0.126113706380344,-0.260687141,-0.03944667,-0.892637786,5.06161445419574,-0.039115858,-0.088234851,-0.239114772,-0.692877522,4.79888836710094,-0.377703146,-0.31436239,-0.264233931,-0.155419432,5.31484497062199,-0.297556216,-0.240425871,-0.280415975,-0.136738745,4.87685798191634,-0.0160308,-0.154784614,-0.256289817,-0.497515781,4.43152503093737
-0.384163042,-0.311387863,-0.285655122,-0.043522764,5.50629911663776,-0.133479608,-0.307363549,-0.110872499,-0.524641354,5.60175258019027,-0.474761512,-0.328981969,-0.286344701,-0.091818238,4.84496620864907,-0.063379776,-0.230947734,-0.134026443,-0.546090935,4.82493406641932,-0.261109947,-0.272192935,-0.256086941,-0.029776543,4.60164297875319,-0.361798991,-0.295287485,-0.302281822,-0.266472327,5.36955650634554,-0.326909932,-0.264414886,-0.303382102,-0.157079448,5.49637009858449,-0.049348465,-0.275522751,-0.086062612,-0.64663999,5.42446926163282,-0.41018888,-0.263253256,-0.294703855,-0.152434642,4.74937041728157,-0.135505828,-0.268343701,-0.172729406,-0.419230531,4.93703581639895,-0.269240612,-0.253396776,-0.276392847,-0.039266721,4.57684226669029,-0.258212825,-0.263156698,-0.248238217,-0.400276222,5.1841715706261
-0.170961767,-0.259704444,-0.134320211,-0.356223626,6.13159212605917,-0.199360398,-0.266013098,-0.115627712,-0.496366269,4.8128552542987,-0.063575622,-0.339015986,-0.15222641,-0.423632461,4.35433744024387,-0.328119294,-0.297390728,-0.260928312,0.014110456032703,4.29774621783734,-0.355896233,-0.278781706,-0.213501404,-0.211422365,5.40544712487528,0.0601590130233177,-0.164339903,-0.177598794,-0.539449965,4.45012139861236,-0.186856586,-0.291264707,-0.098020348,-0.347700478,6.23101559057788,-0.242379304,-0.318240012,-0.103895253,-0.42157412,4.94247789965676,0.129222568636603,-0.216222333,-0.102664444,-0.699811002,4.04516991277484,-0.353383516,-0.291722838,-0.297748166,0.0467705597595459,4.37378578652958,-0.275459122,-0.252724556,-0.182528871,-0.334348244,5.25809253483537,0.109375966834392,-0.144000629,-0.148552584,-0.614900749,4.37859172590452
-0.484585572,-0.367238472,-0.139714013,-0.25257429,6.73968410487002,-0.039589594,-0.142974487,0.0468689163499916,-0.967702129,5.7710085276448,-0.292913691,-0.190434446,-0.307552581,-0.20059405,5.28974523370762,-0.243303381,-0.122237622,-0.277940684,-0.628871263,6.06573669008761,-0.504512427,-0.441731103,-0.281069389,0.264652987496255,4.52681431939838,-0.495443652,-0.40049036,-0.277831728,0.0726410204194942,4.35748411212321,-0.574966512,-0.422336418,-0.132055585,-0.144974315,6.90564696200248,-0.038994955,-0.125682924,0.0370120401384599,-0.951920329,5.71037736884497,-0.282805477,-0.180592502,-0.302635983,-0.249368417,5.3838494382518,-0.28237491,-0.129383334,-0.299484186,-0.569798631,6.13658800710744,-0.567747384,-0.485041248,-0.310884304,0.318256239935208,4.68957657408422,-0.40489093,-0.355219844,-0.225256441,-0.126183572,4.23254995235107
-0.291519819,-0.328437582,-0.251703584,-0.043151962,5.77780570439462,-0.303539888,-0.257310197,-0.391293377,-0.125909826,4.68101060727184,-0.347801766,-0.287379443,-0.260083535,0.325547411500326,5.25956042623876,-0.314208349,-0.250381465,-0.265842826,-0.191323178,5.23375814205063,-0.27327391,-0.257982794,-0.210055174,-0.600867736,5.53903705345343,-0.354296892,-0.274165788,-0.25342187,-0.15940217,4.99072194202084,-0.273174899,-0.308178496,-0.227167887,-0.087811085,5.68245387495051,-0.324642417,-0.28271382,-0.386749014,-0.058838987,4.74873625650258,-0.223004383,-0.246123961,-0.202624513,0.12554780597546,5.02976552681812,-0.298775967,-0.233761155,-0.271843534,-0.198634219,5.13730432091402,-0.357279231,-0.290154803,-0.247942237,-0.455328349,5.62322785251564,-0.221136637,-0.207583,-0.187284945,-0.369721282,4.76581120307145
-0.382400411,-0.352911423,-0.160386672,-0.451674715,6.07488648215791,0.0120751555510769,-0.274927599,0.019670484809756,-0.897039386,7.33639624706095,-0.031925686,-0.046679976,-0.326312334,-0.886588023,6.73367088298849,-0.252459029,-0.265414404,-0.189581847,-0.333338771,5.88231769573931,-0.444489717,-0.324564937,-0.355747436,-0.018705492,5.08764392348068,-0.156371693,-0.252027536,-0.156040661,-0.442456496,4.66424325221706,-0.481988328,-0.512238693,-0.104693978,-0.391115902,6.53919393,0.000560617108684228,-0.28423972,0.0109644041020686,-0.9000282,7.40872475011361,-0.029389439,-0.055200989,-0.30826282,-0.921979504,6.74268084550868,-0.288859676,-0.279498635,-0.196363361,-0.242943001,5.88690702999245,-0.660339666,-0.407522731,-0.471583025,0.330011115617942,5.36747292355892,-0.113080531,-0.242403295,-0.129949449,-0.52476479,4.63245836802834
-0.041322536,-0.228998816,-0.160739655,-0.494713198,6.13235266107114,-0.373041125,-0.223304363,-0.312827933,0.126221336648333,4.88274011571288,-0.11233566,-0.169067997,-0.130950339,-0.658634253,5.54336310381052,-0.134735644,-0.232904817,-0.164423785,-0.677777666,4.75899629502676,-0.490712365,-0.225572709,-0.364983947,-0.133629126,5.57581555257514,-0.333635235,-0.280194252,-0.258361663,-0.186952262,5.19537740160238,-0.058567334,-0.244389751,-0.165534553,-0.475942885,6.23866213293948,-0.418078988,-0.22392361,-0.360833394,0.161981212014644,5.12270664382665,-0.031818925,-0.133363273,-0.104186231,-0.795763189,5.44758985745082,-0.145538187,-0.240567274,-0.167996633,-0.661007234,4.80107892811282,-0.532604453,-0.243079143,-0.393987258,-0.094886125,5.68261597706998,-0.237911497,-0.242184999,-0.214370901,-0.323020869,5.02955351403369
-0.702113535,-0.329069291,-0.381168487,-0.377229717,5.68023467831195,-0.258512504,-0.212390821,-0.126114453,-0.588518597,4.85373119345674,-0.404409217,-0.204667309,-0.28351399,-0.176995181,4.95940206736997,-0.369332823,-0.260181993,-0.246381439,-0.546464329,6.60145119266795,-0.2073501,-0.270474827,-0.223271168,-0.216820334,5.46611469055868,-0.438798255,-0.383712833,-0.326911312,-0.064856039,5.92161250286799,-0.797678102,-0.400109244,-0.336948068,-0.21154553,5.68933625566327,-0.431657803,-0.316717005,-0.163334212,-0.286553726,4.99259177362445,-0.272725138,-0.133555065,-0.227660279,-0.388568049,4.75575034639924,-0.3608551,-0.256759314,-0.254616483,-0.585156601,6.50971790300691,-0.17019692,-0.260264081,-0.207867942,-0.268130877,5.39343229943766,-0.377515689,-0.360673802,-0.298053465,-0.159191072,5.79928047425813
-0.771444733,-0.388126652,-0.450775154,0.325282553560999,4.07401705163354,0.160876432564305,-0.11078967,-0.175785327,-0.610203036,4.43483101292903,0.133579318117915,-0.298044849,-0.041704313,-0.467843348,4.66961501828212,-0.38656851,-0.328826451,-0.301797799,-0.209872496,5.40628931261852,-0.252279608,-0.293695459,-0.186832316,-0.030236982,4.74456880192954,-0.274812739,-0.238933686,-0.279441204,-0.334811571,5.65556029251768,-1.134591278,-0.577205521,-0.518120456,0.632727630461708,4.4810761397048,0.189396628317064,-0.074379424,-0.186402567,-0.640123348,4.3958186700487,0.195096599375075,-0.243465367,-0.047480126,-0.514467027,4.43581145459458,-0.385284591,-0.313808557,-0.307195967,-0.22704265,5.3685303107786,-0.256562133,-0.276032587,-0.203328823,-0.014723583,4.69831701470737,-0.152523911,-0.183942527,-0.23295934,-0.559976636,5.46165218196208
-0.216991981,-0.40566558,-0.045713419,-0.230329968,5.5624618212964,-0.444936508,-0.292366551,-0.202619607,-0.455388522,6.93297266495928,-0.432789504,-0.364495446,-0.285000304,-0.086077082,5.36270753987452,-0.080750446,-0.221400488,-0.262790434,-0.598283389,5.02743911367477,-0.066575457,-0.26926023,-0.185202125,-0.623130388,4.39900166670833,-0.363684369,-0.23801586,-0.275028337,-0.357183955,5.79341054770066,-0.202187108,-0.380785254,-0.061719743,-0.248345106,5.45081483538956,-0.576813129,-0.346202121,-0.252758825,-0.296814211,7.11425420346174,-0.357862087,-0.307105808,-0.276810186,-0.199946347,5.09991396755348,-0.094905979,-0.230975005,-0.275705909,-0.541208734,5.05473701322774,-0.092100725,-0.308461133,-0.174656955,-0.569832149,4.44780225992756,-0.342465886,-0.210138577,-0.265143703,-0.433009787,5.81702990931865
-0.255761354,-0.382393736,-0.099981454,-0.510005169,3.94263450626279,-0.577110802,-0.356438135,-0.368220319,0.229613772376316,5.40361112203791,-0.041128225,-0.303485312,-0.093490897,-0.516128349,4.45335570712856,-0.248098317,-0.278784452,-0.173166775,-0.528906836,5.29004099924638,-0.188165987,-0.220647429,-0.20761767,-0.141348266,4.54126978154275,-0.330986603,-0.263634131,-0.341238251,-0.236772987,5.31414959036592,-0.134515905,-0.327791986,-0.038842554,-0.672645416,3.87431231631415,-0.624698661,-0.380538501,-0.408791531,0.273268554186224,5.54050262151866,0.00140747167179558,-0.281197087,-0.075614928,-0.576896768,4.4105979997964,-0.332481055,-0.302378863,-0.204483993,-0.420940721,5.41996517698789,-0.188188135,-0.231111292,-0.194373911,-0.138386649,4.5292191676382,-0.226310381,-0.235892677,-0.286502878,-0.426427447,5.07105728565449
-0.290692262,-0.262141096,-0.289141833,-0.066205722,5.76614624091876,-0.532432908,-0.285762786,-0.369190463,-0.005312325,4.89680117742078,-0.047557345,-0.230907317,-0.237051895,-0.547505094,3.85755453182124,-0.424278775,-0.442262669,-0.205845086,0.1529043922981,4.86188621748781,-0.412694744,-0.266801778,-0.328043852,-0.005427778,5.75586597178705,-0.314403511,-0.214304399,-0.272151031,-0.256369304,4.5565064029469,-0.307385901,-0.260025931,-0.288456789,-0.020051063,5.74606472704793,-0.524028848,-0.270565084,-0.377838635,-0.120923014,4.87779623232348,0.0114134591500663,-0.199783787,-0.204227863,-0.636558241,3.78291247114411,-0.466317655,-0.497742586,-0.185612904,0.273248471128058,5.01639698012698,-0.44557856,-0.285430647,-0.338616013,0.0301265692755378,5.77652513615154,-0.218265968,-0.152914532,-0.257951809,-0.404128612,4.42222826264032
-0.287052992,-0.231168033,-0.384267832,-0.788454333,4.85079596735988,-0.043574057,-0.258194392,-0.12663673,-0.420565246,3.70443570215484,-0.159890301,-0.238995656,-0.270899415,-0.086607193,4.86987940100717,-0.128253298,-0.21933682,-0.271240443,-0.743831701,5.5574463905771,-0.381140425,-0.280432358,-0.267421998,-0.296767419,5.85087393944418,-0.303618062,-0.32309242,-0.217325926,-0.14452847,5.5476564463191,-0.364736418,-0.208320967,-0.434189739,-0.811891422,4.87810346784175,-0.021989323,-0.225801824,-0.133514851,-0.46780131,3.66998181792451,-0.055555096,-0.186796524,-0.227484957,-0.248947467,4.6941458643623,-0.093917271,-0.20109847,-0.259909536,-0.798828782,5.46911034676562,-0.373011237,-0.256825448,-0.277523264,-0.290062375,5.85445610959628,-0.219684692,-0.296601009,-0.174890329,-0.277421992,5.43317896092358
-0.203274163,-0.134874464,-0.217932115,-0.663933708,5.49428261995719,-0.246256303,-0.199733508,-0.255873591,-0.590942056,7.01392553591192,-0.311151952,-0.277614595,-0.191389238,-0.39731922,6.03762365138409,0.000107066604272137,-0.151297903,-0.184625885,-0.527264032,4.82288026829325,-0.533564637,-0.293105506,-0.385559947,0.178971460791236,4.7276603644539,-0.210591749,-0.240203237,-0.195771594,-0.290791789,5.33070289841301,-0.121959686,-0.086267737,-0.193301371,-0.805204235,5.41345016819532,-0.190283217,-0.157555901,-0.282163989,-0.706523683,6.63499773744514,-0.267343066,-0.265681036,-0.162932706,-0.472621502,5.94249488193107,0.0291355985397127,-0.132613719,-0.177635117,-0.584873078,4.79274694097634,-0.670891747,-0.331104863,-0.463987967,0.375025185873045,4.85879492532346,-0.137776645,-0.229187968,-0.145062298,-0.433026679,5.29589900986521
-0.324980993,-0.310131031,-0.198470417,-0.320198959,6.99331004480426,-0.500923686,-0.392080489,-0.156944301,-0.106277781,6.15374104475019,-0.322160071,-0.214416823,-0.447238382,-0.326978064,4.99401275923814,-0.380758234,-0.3085398,-0.328550158,-0.192453274,5.44607068356984,-0.267239787,-0.314032138,-0.183208042,-0.232062087,5.47488783265562,-0.20069523,-0.199509354,-0.258077858,-0.46086498,5.22387743423815,-0.270727952,-0.288109709,-0.163194178,-0.435995901,6.67745561689015,-0.451203602,-0.397722923,-0.118283432,-0.156654598,6.14965206074841,-0.226308298,-0.177014056,-0.402184565,-0.48917807,4.83529244283567,-0.50336903,-0.360556642,-0.371666569,0.0418771811262005,5.68781280111518,-0.229024998,-0.310495329,-0.152886077,-0.281742219,5.36874396618356,-0.127103185,-0.186777953,-0.198216984,-0.594024452,5.08525173780262
-0.403690774,-0.369597998,-0.306912832,0.0466849533835616,6.54466478989662,-0.585393985,-0.372246199,-0.375512804,0.230571991937501,4.96554529115478,-0.311676834,-0.191980622,-0.284298069,-0.133469462,4.87618681429583,-0.20785786,-0.17036431,-0.265465453,-0.441069842,4.9213889976412,-0.103024659,-0.315891093,-0.192709596,-0.383366179,4.56444482583909,-0.376109129,-0.425905709,-0.090598939,-0.218393738,4.9027428269605,-0.40699921,-0.388421396,-0.296251155,0.0269348703285597,6.72822551386033,-0.914540096,-0.432991854,-0.515149058,0.65040278921664,5.29837505579936,-0.25398523,-0.16672215,-0.246300186,-0.267118757,4.79570059038093,-0.23647256,-0.194685683,-0.275938985,-0.36226874,4.98896978180405,-0.07687911,-0.318974472,-0.168563435,-0.393745686,4.47383303743915,-0.27606699,-0.341873792,-0.066362358,-0.371198932,4.70784989879949
-0.09203372,-0.097986841,-0.132740059,-0.968239726,5.02826751568738,-0.323051474,-0.50798458,-0.214193878,-0.031884888,3.85030865321311,-0.551535836,-0.32407763,-0.294103403,0.144993933100066,6.1457958524325,-0.285223237,-0.155671784,-0.304479086,-0.243757893,6.67232734569098,-0.310960531,-0.176322072,-0.386941989,-0.246942363,5.30348813136989,-0.021532541,-0.295489356,-0.110772032,-0.514188089,4.02134296203982,-0.134337017,-0.109410226,-0.158864665,-0.896134941,5.08692273672205,-0.40414733,-0.555156258,-0.254856553,0.0597162171136954,3.97350608182851,-0.446558565,-0.24689537,-0.270339554,-0.001325565,6.04223237785069,-0.332188859,-0.160269495,-0.345167969,-0.143548215,6.3814894573806,-0.274909308,-0.176842126,-0.365329921,-0.318953042,5.25403577561382,0.0970268914497223,-0.211483686,-0.095312869,-0.727657244,3.89575296556425
-0.384076797,-0.197763474,-0.265432282,-0.164646751,5.57385803854859,-0.43471503,-0.309888277,-0.334136939,0.0612005801904625,6.38971009603088,-0.138572221,-0.171586269,-0.241817188,-0.359451412,4.14653726456821,-0.21091247,-0.13807522,-0.333617341,-0.450994522,5.82773642373231,-0.412832111,-0.170116785,-0.410435654,-0.160007463,5.58533921535015,-0.287623318,-0.293687739,-0.305007278,-0.064100603,5.21990717582867,-0.400178052,-0.156316582,-0.317452207,-0.166994325,5.7099144498007,-0.510375677,-0.350423542,-0.363461429,0.226505184401704,6.49375314590576,-0.025242161,-0.140896808,-0.179595474,-0.582861213,4.06860343321318,-0.141119924,-0.107045304,-0.296052509,-0.583799955,5.6683419599517,-0.414315482,-0.152105709,-0.422436593,-0.170590343,5.57321328741347,-0.211366458,-0.273397106,-0.248191334,-0.173675991,5.04887911704018
-0.182479778,-0.245305041,-0.272531475,-0.095774176,4.39128376082983,0.110863890743608,-0.175530483,-0.094685876,-0.871611625,3.83079000569887,-0.23113241,-0.326282795,-0.310045884,-0.230434778,6.40328455403271,-0.374155093,-0.311466313,-0.294908704,-0.066312753,5.44779809801739,-0.105872126,-0.138060156,-0.288596718,-0.441676098,5.38782588747482,-0.090741424,-0.138019565,-0.223021885,-0.457378736,5.35995885432031,-0.134015305,-0.21594039,-0.274718394,-0.177985873,4.34377555580124,0.126707570431192,-0.172581883,-0.08057535,-0.923019911,3.83170554985821,-0.182511109,-0.299780539,-0.258384309,-0.300354756,6.19565327983757,-0.396953131,-0.337624926,-0.299114814,-0.012623061,5.61149121912331,-0.12461124,-0.156497135,-0.289334361,-0.395529522,5.37000528902325,-0.031669285,-0.112697813,-0.187057463,-0.563645671,5.23720155
-0.284428337,-0.143256503,-0.343545905,-0.424979369,4.7769010951144,0.188841776015974,-0.109080612,-0.078440442,-1.434482168,6.42176658397715,-0.133163498,-0.269393119,-0.201452687,-0.126310401,4.57075326302541,-0.156416699,-0.23442542,-0.147196113,-0.81659281,5.64366681344614,-0.310669252,-0.260786948,-0.326961834,-0.022631298,4.40255889723084,-0.340374839,-0.350116738,-0.204606679,0.0231183519248433,4.84571781389046,-0.264024739,-0.120758597,-0.349523137,-0.442036241,4.75191845137795,0.197353721231961,-0.083435052,-0.095673921,-1.442247739,6.39154205272828,-0.127211192,-0.254434162,-0.204450809,-0.152737621,4.62592693693561,-0.140797615,-0.239112551,-0.143281012,-0.803556233,5.64241409096119,-0.282372017,-0.251211611,-0.312926594,-0.022544977,4.34177960322548,-0.171790284,-0.278440086,-0.134469392,-0.254290764,4.6389619271256
-0.219000994,-0.336650598,-0.180137236,-0.099843323,3.82998133049893,-0.430788513,-0.323914437,-0.333202427,-0.397574716,4.96546169253075,-0.45364747,-0.316704623,-0.335709129,0.0355317808492423,4.53373584954225,-0.271133849,-0.273519016,-0.2638937,-0.072915162,4.81017697196748,-0.557832932,-0.256614698,-0.394684505,0.108167340996192,5.8080109797117,-0.181051514,-0.274529661,-0.240900519,-0.337237232,4.11722364908542,-0.515749819,-0.471929336,-0.284389944,0.384085390537375,4.10700667183262,-0.322489838,-0.267460963,-0.301162031,-0.578604869,4.85978696950111,-0.388011127,-0.269110223,-0.321038516,-0.074316269,4.46431683837609,-0.296193936,-0.259360095,-0.307699844,-0.04303433,4.87870115901812,-0.639753813,-0.274706016,-0.428377848,0.215338836215145,5.82842197932664,-0.085605825,-0.226422605,-0.191916351,-0.483921442,3.96022252387847
-0.063075714,-0.172568152,-0.211777263,-0.521086686,4.41183944127595,-0.151519444,-0.094440964,-0.394221297,-0.557857963,6.76369474819387,-0.543668416,-0.310006676,-0.345992779,0.403823141186539,6.1209524407642,-0.247776897,-0.347962173,-0.181297708,-0.534460837,5.49141750926563,-0.407474016,-0.248434683,-0.301652469,-0.135036027,5.06736311548429,-0.272950943,-0.30540347,-0.197015025,-0.107095762,4.78329803021213,-0.07223626,-0.139568175,-0.245857032,-0.49845244,4.42152779745294,-0.092773839,-0.063479225,-0.385666517,-0.692623055,6.67297208432562,-0.468769152,-0.268894026,-0.319024604,0.243018342824317,5.98697034297174,-0.201121839,-0.326842568,-0.159198217,-0.592931823,5.41387457099156,-0.437166109,-0.261077452,-0.315707131,-0.090806205,5.14499430492163,-0.145588469,-0.233675265,-0.14581621,-0.352255162,4.59873319315885
-0.124520801,-0.143593752,-0.326882014,-0.633755735,5.43043560749494,-0.686562557,-0.476547152,-0.233200439,0.310833756458888,6.05196572895185,-0.286872948,-0.39930831,-0.197653027,-0.394028749,6.23737172114025,-0.111935867,-0.121684803,-0.274463933,-0.338409075,5.59006703789284,-0.242358361,-0.162153786,-0.256292521,-0.437734015,5.43986418891724,-0.345045074,-0.224469926,-0.271490768,-0.063329436,5.15027010794572,-0.086263644,-0.127408099,-0.2984387,-0.690707215,5.41193560125016,-1.116447957,-0.674213659,-0.408368536,0.883886264486558,6.53068131713457,-0.184501865,-0.34432309,-0.155036457,-0.583355446,6.10374045725696,-0.153024641,-0.095682599,-0.32108164,-0.281566473,5.76124720045112,-0.303706625,-0.165067408,-0.294675238,-0.362364871,5.53544799277365,-0.287340808,-0.222277689,-0.22507961,-0.15618271,5.03788318784278
-0.449092646,-0.448786478,-0.215043731,0.171130223509662,4.74002340684622,-0.167121954,-0.157147786,-0.160743517,-0.548234598,5.42194939758694,-0.561990003,-0.408591562,-0.335100203,0.189184162964579,5.42219578799122,-0.323383458,-0.201182301,-0.330161587,-0.239585152,5.32736962500546,0.0465184152229109,-0.195591966,-0.133181718,-0.534872736,3.76471083385079,-0.202689606,-0.30581762,-0.316762974,-0.01529802,4.52227153610604,-0.382060074,-0.403966145,-0.230054916,0.0770477247013479,4.66958095764176,-0.131419394,-0.137091942,-0.158764522,-0.610857675,5.41476894349232,-0.409962486,-0.351161516,-0.27964043,0.0121245388574011,5.10357093912959,-0.348134215,-0.159344713,-0.389017761,-0.246357358,5.45214315049157,0.0832261208505436,-0.189579618,-0.111279262,-0.592391995,3.73565840108588,-0.124385882,-0.265187263,-0.27702518,-0.162388535,4.4327406799107
-0.928339289,-0.464557567,-0.469302068,0.502888127910509,5.3837252502171,-0.636918028,-0.387260817,-0.427109883,0.36795867411798,5.95333887829506,-0.106514037,-0.322088318,-0.240693963,-0.136126521,4.15638775115909,-0.209340759,-0.192405098,-0.197733547,-0.534044395,7.27597277178944,-0.30646716,-0.293533278,-0.253580262,-0.174463683,4.87203946633954,-0.261804851,-0.253892065,-0.121285475,-0.531413635,6.47830456855042,-1.054473658,-0.526109866,-0.524359845,0.637683043319209,5.85868794156004,-0.703336682,-0.469777397,-0.404746959,0.474768232634592,6.21521374634295,-0.049404584,-0.2818932,-0.22518522,-0.20720185,4.07590397340778,-0.200384618,-0.180595929,-0.198974782,-0.544986911,7.26740435224823,-0.319272292,-0.288098944,-0.25372995,-0.173015676,4.84280242043737,-0.170302241,-0.217485937,-0.082971221,-0.688116426,6.32065017665793
-0.123523622,-0.170171242,-0.155633717,-0.625150512,4.88180545247525,-0.289994595,-0.221619225,-0.260791283,-0.052037009,5.48686141478983,0.064641654437256,0.0217656205089382,-0.141928975,-1.028587665,7.31547220755653,-0.333461518,-0.374732557,-0.196165846,0.0552488979924104,5.35574817471382,-0.450868547,-0.240476423,-0.321060741,0.056292142837808,6.03693987189558,-0.134868422,-0.195536059,-0.184385455,-0.461248816,4.44717985863702,-0.192964344,-0.108548481,-0.29541199,-0.563796638,4.9565018711444,-0.28062955,-0.227790323,-0.247319427,-0.059289615,5.47596648189771,0.128135748424798,0.0467035150849489,-0.100752643,-1.169495566,7.28478368883333,-0.345464526,-0.421394023,-0.174073296,0.0850151622419414,5.43202092650167,-0.437076196,-0.238133656,-0.323309283,0.0330006175404403,5.92175362108957,-0.106490474,-0.176266508,-0.173594518,-0.505201906,4.42807559219642
0.0705675037099039,-0.067592684,-0.285365278,-0.577941242,4.25424110052508,-0.305185086,-0.169351151,-0.359446341,-0.311807728,6.03767162773858,-0.352929032,-0.269244124,-0.311137316,0.107304004683521,5.55877535696097,-0.426026066,-0.230434169,-0.463947683,0.168874084053855,4.24228223214241,-0.448350958,-0.313979404,-0.342503961,-0.071193734,5.36690878065302,-0.285578102,-0.183006801,-0.272527859,-0.265710532,5.77500489121931,0.0146311674828713,-0.071837016,-0.30824153,-0.484603762,4.31843593699568,-0.332316649,-0.173005482,-0.36592648,-0.277062535,6.03985216059622,-0.296691764,-0.220055383,-0.317900446,0.00347977570426181,5.58694896503373,-0.488627366,-0.217387254,-0.529621081,0.197401212590305,4.46146610277042,-0.471622395,-0.310681182,-0.368152111,-0.015233881,5.44468663837986,-0.236638201,-0.178825282,-0.241177027,-0.365570043,5.68612022230188
-0.543177694,-0.320507404,-0.379716575,0.141057162359941,4.92948937082332,0.0865840818360891,0.0114344105424394,-0.178844257,-0.965512739,5.00645120474137,-0.551944065,-0.322278578,-0.514721107,-0.035525323,5.60045245332199,-0.364775102,-0.369182998,-0.247960852,0.0630398300079384,5.40180118957704,-0.123745235,-0.147913319,-0.161842463,-0.327961897,4.72786213620025,-0.115737435,-0.201084871,-0.152998274,-0.499684131,5.41154898930088,-0.610707193,-0.414324367,-0.347804378,0.322354584312422,4.88934254166918,0.120015898523642,0.0355617740555166,-0.164175829,-1.029295408,4.97793167121918,-0.54950226,-0.318644951,-0.506175384,-0.155915713,5.70661886343319,-0.442888626,-0.427842245,-0.280941412,0.199698214421117,5.59679798540795,-0.11003387,-0.151492295,-0.14444121,-0.344867137,4.72509472487852,0.0362972797267367,-0.130554927,-0.091625251,-0.736548717,5.21628765282585
-0.361004941,-0.306377158,-0.160762747,-0.369709805,6.20363215171242,-0.474142538,-0.315877762,-0.397586999,0.197067336692508,6.26194290521167,-0.12605185,-0.287819538,-0.20735335,-0.496581433,5.49935581688943,-0.164772006,-0.306906319,-0.153953382,-0.148723285,4.31400947179566,-0.475341281,-0.397238813,-0.308984717,-0.069671917,5.97037274956391,-0.050913584,-0.151447947,-0.202121682,-0.595079083,4.64942306812995,-0.361498247,-0.318689125,-0.179487226,-0.317462158,6.21915115800267,-0.392091655,-0.288339915,-0.361853289,0.105080153085716,6.021418503,-0.065878359,-0.219929435,-0.198488425,-0.606221492,5.41743277081143,-0.13362238,-0.321886067,-0.121101439,-0.166358321,4.33309352704457,-0.393989668,-0.427344168,-0.241370093,-0.177088791,5.97561430589571,0.0294781357058564,-0.093275558,-0.176340091,-0.725379147,4.52848435099799
-0.053920735,-0.086962684,-0.372117813,-0.442095981,4.36440904780587,-0.320377484,-0.299944229,-0.161438596,-0.28883905,4.26037746407824,-0.481280078,-0.230926746,-0.400721965,0.152274205967393,5.42246741009716,-0.350204527,-0.270039404,-0.277629712,-0.129283433,5.02699550178631,-0.250688472,-0.213296484,-0.259064752,-0.292378832,4.62413907212733,-0.696897339,-0.340082175,-0.393074835,0.332648381134028,6.25798099716855,-0.030173333,-0.06857328,-0.367753855,-0.474880358,4.28731516722155,-0.475157362,-0.365180568,-0.222562631,0.00300832603270932,4.36400067376029,-0.403838864,-0.179265837,-0.364014618,0.00468341574127878,5.29756189771677,-0.401801668,-0.273396111,-0.327217483,-0.058545381,5.19319047759198,-0.301706018,-0.207457647,-0.319284391,-0.241033652,4.74458142124798,-0.586006555,-0.287242665,-0.339776045,0.138200161883743,5.99155322590543
0.0510512374642541,-0.198063273,-0.158093199,-0.111198123,4.4725824940685,-0.004305579,-0.104300236,-0.20469357,-0.68502157,4.73259821392583,-0.571565687,-0.328100326,-0.327506668,0.553846789086571,4.53347286985234,-0.479092456,-0.329075489,-0.355161903,0.0889237471409912,4.59195761129841,0.111084483395594,-0.028356988,-0.166967749,-0.955152947,5.04290783409197,-0.112754177,-0.236679243,-0.270022973,-0.256109855,5.2123458718327,-0.002723185,-0.211741207,-0.183785496,-0.027986737,4.64092778086626,0.0322701423451515,-0.092298912,-0.195389127,-0.744943355,4.67783388195696,-0.529929712,-0.342220235,-0.271466854,0.438062603040699,4.54479128253136,-0.423365462,-0.31530706,-0.336568917,0.0216217865229735,4.53384305514821,0.1362349886357,-0.014432754,-0.161985934,-1.005812105,5.0218038291194,-0.024140286,-0.199342388,-0.223246996,-0.396000053,5.07429896923933
-0.387375781,-0.289640174,-0.324779396,-0.021285266,4.36088265201622,-0.142265578,-0.160690274,-0.202222392,-0.815911473,6.2478189362908,-0.068962364,-0.059866102,-0.156368039,-0.533940168,4.04880999491739,-0.459262586,-0.219069171,-0.316580771,-0.192343565,4.89984018291624,0.0725102114037429,-0.070158891,-0.186130966,-0.668180458,4.51042392085339,-0.29613509,-0.267582888,-0.229728268,-0.470412007,5.12876086886333,-0.335449647,-0.299397226,-0.291892036,-0.083719762,4.32731550270176,-0.192191897,-0.203472969,-0.200947238,-0.762184112,6.35697806604659,-0.019543621,-0.056928786,-0.110310985,-0.614562294,4.00261925048628,-0.519354898,-0.242377415,-0.355954895,-0.084894935,4.96114002937036,0.0777822244616459,-0.077407353,-0.183937092,-0.667018023,4.50313561086248,-0.232585778,-0.242531505,-0.201994067,-0.590171549,5.05243175217799
-0.233998824,-0.175850927,-0.224536853,-0.245650802,5.01866171665357,-0.173152741,-0.114003404,-0.233671255,-0.521144207,4.94393007481246,-0.380913167,-0.297608018,-0.289379022,-0.108605555,6.16849810126881,-0.400064252,-0.320277842,-0.248525292,0.0265439627302379,6.1847321410771,-0.377989354,-0.281806994,-0.233969941,-0.094175256,5.44889865277289,-0.272745491,-0.242875842,-0.160271021,-0.542455507,5.26869845572409,-0.51487514,-0.233546419,-0.396724875,0.159403797024744,5.28736772608999,-0.210366341,-0.130191973,-0.266537098,-0.47409511,5.01093725604458,-0.315428799,-0.262791949,-0.249226968,-0.257221653,6.22451028915926,-0.380953091,-0.327233102,-0.228386238,0.0104996103474547,6.2532977021844,-0.379531229,-0.279334209,-0.246692681,-0.090125224,5.48199005131757,-0.198503707,-0.215462041,-0.126732099,-0.672283961,5.16592249975394
0.0556495292641223,-0.187775693,-0.192469994,-0.352405991,4.55734866915147,-0.363081188,-0.250410793,-0.187410649,-0.096847188,5.16235514386439,-0.410848914,-0.297997831,-0.354923605,-0.281044677,4.27164734799685,-0.39057231,-0.388680661,-0.218533832,-0.160720124,5.27222390139795,-0.504012539,-0.335743466,-0.234487078,-0.179166138,6.55755257481787,-0.289369422,-0.229433285,-0.257851022,-0.164276745,5.25873296547227,0.0680386188945389,-0.191295341,-0.175009787,-0.399108058,4.55573760958505,-0.353175274,-0.251227043,-0.172956336,-0.100267573,5.10965387254917,-0.35664015,-0.292904502,-0.306100778,-0.456170679,4.30942034455444,-0.399142316,-0.452315849,-0.152015168,-0.159927,5.44495671394897,-0.519224503,-0.346140662,-0.233659804,-0.195826777,6.58469815802424,-0.18823551,-0.218958284,-0.186283288,-0.317440809,5.10401716203992
0.0974705687976348,-0.153314159,-0.144970224,-0.886799405,4.61442320798076,0.0738513594445571,-0.133893284,-0.116569057,-0.730004576,5.62036657788791,-0.742759489,-0.414504268,-0.26925362,0.354843939483442,5.1828274401629,-0.222935298,-0.231944248,-0.183072284,-0.355048734,4.08077372206956,-0.372631566,-0.312490272,-0.135696544,-0.274512223,6.32719173785816,-0.277874041,-0.166776159,-0.250794247,-0.331221575,5.27403666676777,0.0813339643304782,-0.142401365,-0.169060234,-0.887295911,4.59651718250498,0.155971954392963,-0.086133612,-0.092195489,-0.873439324,5.51158805503441,-0.650605966,-0.368400296,-0.201418516,0.215647229432966,5.07235622272493,-0.145625208,-0.197599464,-0.140575059,-0.494834701,3.99069728644617,-0.314933912,-0.307851911,-0.088308661,-0.35804235,6.2605970610759,-0.23039268,-0.141984274,-0.220457969,-0.421626416,5.19809412746501
-0.3773055,-0.21921389,-0.348315598,0.0589146771432062,4.17925212452682,-0.532539514,-0.425289445,-0.229857546,0.095872534319809,4.47130792111828,-0.2638007,-0.243750555,-0.267407328,-0.808117656,5.90704266923981,-0.285209681,-0.207361569,-0.261693407,0.0439768396628306,5.0531921299486,-0.541946927,-0.360816247,-0.305215523,0.246573248645273,5.01320169226491,-0.137787854,-0.254049369,-0.154976549,-0.50451695,4.72710188296843,-0.436814879,-0.206400023,-0.377950459,0.181342489888606,4.07218376920449,-0.566926189,-0.463808438,-0.223090406,0.0730486777893389,4.58866577433523,-0.21636823,-0.221090567,-0.242092607,-0.869562379,5.85566811369276,-0.232354891,-0.192499411,-0.237456242,-0.03668221,4.94039753376355,-0.584478473,-0.394326491,-0.298011593,0.333457772008439,5.16371633079535,-0.064941687,-0.193029926,-0.13895444,-0.637819825,4.61561180126767
-0.123980349,-0.180206924,-0.250582963,-0.699364278,7.14543010109736,-0.326543464,-0.229489424,-0.229942063,-0.508847544,5.39291656934388,-0.373953875,-0.285776206,-0.205455176,-0.003492794,5.36264130499187,-0.308906078,-0.289558282,-0.247645727,-0.535035335,5.67849900028493,-0.276227116,-0.207297918,-0.283021341,0.0535012065067893,4.96390439454315,-0.239276478,-0.242770628,-0.26419423,-0.402197812,5.51968981484218,-0.044653565,-0.16395605,-0.210885653,-0.808787877,6.90598146452188,-0.279953949,-0.210318021,-0.204956634,-0.578220391,5.33744229605305,-0.252128173,-0.234431704,-0.162223204,-0.182434196,5.18125609250325,-0.330572412,-0.298018291,-0.258113623,-0.529148285,5.74623375087299,-0.280965243,-0.226490041,-0.266918592,0.0576464091274941,4.99633466511021,-0.154590673,-0.210297582,-0.230197244,-0.57740242,5.45120137178369
-0.072680958,-0.268409795,-0.28293587,-0.102897376,4.65560376521565,-0.257737855,-0.180319,-0.365639566,-0.13442037,3.28432623494465,-0.494408606,-0.268897585,-0.369723341,0.0806416484607341,4.30264366869546,-0.332290797,-0.367122512,-0.159387293,-0.202691322,5.25721919362245,-0.467304991,-0.358727308,-0.212876337,-0.241103013,5.32374699967132,-0.364301611,-0.291269819,-0.236241623,-0.164129765,4.34847308204423,-0.044151057,-0.232693956,-0.293284808,-0.11394596,4.61147377012283,-0.203615173,-0.143689937,-0.371678066,-0.203243034,3.22528054433846,-0.324748544,-0.212547598,-0.2841068,-0.200711467,4.07186515170018,-0.357095803,-0.376821193,-0.169501119,-0.137264687,5.32387711959887,-0.47537239,-0.374182767,-0.208958616,-0.212598925,5.31861230201318,-0.255398449,-0.240259326,-0.185442589,-0.33752969,4.23323721469013
-0.775278725,-0.356332394,-0.357635772,-0.051819003,5.61713067728514,-0.358168608,-0.174268154,-0.302876347,-0.210989588,7.1000304537975,-0.389298094,-0.236878027,-0.231571059,-0.179169199,6.34049823517613,-0.466607731,-0.257991791,-0.359122683,-0.131118239,5.6275910268723,-0.276369663,-0.210100481,-0.346777278,-0.316903972,4.4739335889061,-0.228188754,-0.291325827,-0.216715206,-0.497256481,5.25863135583613,-1.085036754,-0.440429787,-0.452808912,0.378997576862562,5.98213343398969,-0.419401794,-0.136072427,-0.38421839,-0.110461077,7.3326767891308,-0.266571536,-0.216124494,-0.144578103,-0.357292654,6.05237928444836,-0.508448492,-0.253982043,-0.401983946,-0.054481045,5.79610682928648,-0.243833623,-0.187047525,-0.354196709,-0.351545016,4.47614091727698,-0.188950988,-0.262989101,-0.207926407,-0.571163506,5.21866421868656
-0.730447241,-0.57004074,-0.233291722,0.455051031274746,5.29544647280168,-0.206463365,-0.336123766,-0.200721276,-0.213790649,4.59279201326386,-0.176833753,-0.184178961,-0.209625298,-0.563847926,5.18366490537617,-0.321002063,-0.256824355,-0.195883013,-0.119717184,4.89577012057734,-0.301881458,-0.349515184,-0.172621726,-0.087415892,4.18260753233098,-0.178891172,-0.229492511,-0.264088691,-0.701593132,4.905346143,-0.735134649,-0.574153141,-0.246056389,0.436767434638663,5.37396604471198,-0.251668045,-0.347642716,-0.231644365,-0.171002542,4.79422721322556,-0.14370395,-0.174089789,-0.184771212,-0.632025843,5.169000744,-0.399379777,-0.323039017,-0.192133804,-0.024100028,5.03762750198939,-0.321223265,-0.353766208,-0.170989378,-0.043743113,4.16338216022793,-0.101582877,-0.196153325,-0.218977595,-0.853658856,4.79455335547461
-0.508986685,-0.458720971,-0.122107807,-0.344116862,6.00039697708429,-0.192544164,-0.181304215,-0.105830948,-0.467427172,5.69102613934754,-0.323419462,-0.407312163,-0.237458289,-0.103120413,5.44277374115371,-0.256636089,-0.276998019,-0.258040104,-0.085991792,5.61778364010866,-0.592259935,-0.196717342,-0.36158842,0.526814258951481,5.75040523597766,0.0500681281666073,-0.190463465,-0.116681223,-0.820309335,4.46133916740266,-0.504573258,-0.455767112,-0.124536493,-0.29332681,6.04030938340502,-0.234283754,-0.248001253,-0.10819811,-0.424230638,5.86588603090338,-0.220082651,-0.351235139,-0.206563215,-0.274665536,5.28827917918632,-0.231165606,-0.248327312,-0.258166149,-0.127151678,5.56314951953323,-0.607329356,-0.154640473,-0.398272092,0.523850638640355,5.78050659952707,0.103565057505297,-0.17417087,-0.076364842,-0.902639501,4.40644022165078
-0.469991449,-0.170794037,-0.293612651,0.0689803072422818,6.38710204910338,-0.437177433,-0.391119987,-0.317427817,0.0988513179421809,6.16661190998874,0.141421744506428,-0.049328353,-0.150961524,-0.754490806,5.38021166617408,-0.368276114,-0.267389885,-0.244974351,-0.326183531,5.37043122595588,-0.039909752,-0.253286369,-0.244720125,-0.291927481,5.82149047952142,-0.202823919,-0.186890281,-0.236819448,-0.438868827,5.2296174252913,-0.391301679,-0.127689751,-0.268101355,-0.060464367,6.23323893842288,-0.547111553,-0.463725823,-0.359486023,0.207804653367767,6.55445111619875,0.206650738158079,-0.00105506,-0.136628772,-0.855400574,5.33540916441715,-0.355104615,-0.267570114,-0.22989499,-0.345284963,5.41530949443885,-0.063653339,-0.267930032,-0.250599493,-0.225806887,5.89884217748848,-0.122792422,-0.172836229,-0.181587914,-0.554819686,5.07334519423392
-0.340953202,-0.142239401,-0.292152374,-0.487977746,7.2919053494081,-0.150911067,-0.127455111,-0.328582547,-0.137311013,4.7614396923865,-0.179076107,-0.223865701,-0.304959576,-1.057466058,5.64328058334326,0.0195485236694353,-0.156905034,-0.189622642,-0.500710801,5.06733988837868,-0.15478665,-0.244556314,-0.188305006,-0.361850219,4.88758506732509,-0.289014427,-0.213389756,-0.264061445,-0.108220142,5.22652234687763,-0.278378201,-0.112582238,-0.272151371,-0.573549678,7.22906390156349,-0.216122642,-0.166511441,-0.3696701,-0.004765839,4.85847955164124,-0.306490555,-0.26473078,-0.377279504,-1.012947441,6.17345364536572,0.0410623415953016,-0.122791566,-0.217923583,-0.525560802,5.05272299098296,-0.126290425,-0.210342624,-0.202008698,-0.408243455,4.84801560099553,-0.270221375,-0.199736364,-0.2387138,-0.171472132,5.24003372720305
-0.071039727,-0.100320879,-0.182544352,-0.477416278,4.81839043948142,-0.494046388,-0.251328873,-0.378929057,0.0749088659410694,5.33526183980665,-0.105925885,-0.203188762,-0.301505131,-0.514387791,4.13451585353325,-0.199298629,-0.291450702,-0.205739749,-0.275708271,4.66833725748675,-0.213161571,-0.227131187,-0.23281359,-0.064708566,5.20262329370875,-0.339301428,-0.104440026,-0.327658611,-0.475746289,5.77432183288342,-0.109676114,-0.159203882,-0.162200896,-0.420088349,4.87826783209697,-0.449610612,-0.22466435,-0.357191438,-0.001982986,5.14685073990025,-0.035970853,-0.188284866,-0.282011395,-0.654983703,4.12205215652787,-0.208197152,-0.311602185,-0.192224154,-0.259435927,4.66741916557611,-0.248385306,-0.263963766,-0.213060333,-0.015393354,5.24305931880039,-0.263468177,-0.097199335,-0.270163017,-0.617083956,5.65728120871845
-0.312851528,-0.380634175,-0.287411391,0.345022905944723,4.56569828716889,-0.375116989,-0.194358607,-0.270354479,0.189310581939079,5.029468192,-0.432845904,-0.24636926,-0.294810315,-0.579592578,6.68294152032174,-0.289904612,-0.271740994,-0.220168323,-0.182330331,4.62843412428068,-0.020942861,-0.208451484,-0.108941623,-0.543141757,4.32096144171107,-0.214094669,-0.156447975,-0.197855942,-0.320632734,5.1235803477567,-0.42914221,-0.485816537,-0.284393401,0.46066172252751,5.05636969430746,-0.324947993,-0.165987209,-0.250924038,0.0999567143991376,4.90152247411914,-0.342139081,-0.18054193,-0.28027927,-0.741638216,6.57467755425892,-0.28644571,-0.294914677,-0.187033926,-0.197974302,4.61182223810969,-0.041938947,-0.226416911,-0.112196839,-0.508091818,4.34828586863681,-0.16162258,-0.120308973,-0.178675246,-0.414854383,5.08140852971021
-0.183326348,-0.217713626,-0.274088224,-0.599504537,4.24484632936714,-0.008484903,-0.22901741,-0.188727712,-0.679789813,4.79274785236162,0.00347589869979377,-0.185569126,-0.165853044,-0.78368634,4.89038180716207,-0.405626894,-0.350891037,-0.306623963,-0.092690897,5.56817145668189,-0.34383053,-0.379827651,-0.261392173,0.278876090259641,3.99467663796787,-0.252210751,-0.232343317,-0.343733503,-0.232943284,4.90133702238538,-0.259329396,-0.217643572,-0.320139597,-0.519611416,4.26273648425263,0.0224137287077062,-0.212396399,-0.188738837,-0.74163807,4.80622591273055,0.0386008152362405,-0.18900321,-0.115022362,-0.862545149,4.85876124347985,-0.418447989,-0.336691177,-0.338503009,-0.096377235,5.59109306016514,-0.341076394,-0.369605251,-0.256089445,0.294576077159667,3.96436049371383,-0.154545523,-0.182829908,-0.308025715,-0.406885768,4.77276626484751
-0.251547358,-0.244655066,-0.322548399,-0.085034885,4.69961012240396,0.00959471563149438,-0.160185398,-0.185140067,-0.981583751,5.08701541978671,0.0493281641855368,-0.154169722,-0.081685003,-0.940378515,4.84106078493249,-0.171027852,-0.20146371,-0.266247322,-0.32106845,4.3780761259762,-0.212111254,-0.320833917,-0.34912594,-0.169822374,3.96994979466885,0.0299241111062823,-0.12444278,-0.26567158,-0.206127602,4.11740533044658,-0.286635895,-0.264026139,-0.325846833,0.013840260644414,4.74727418377266,0.0371880277907961,-0.136322288,-0.180844584,-1.013300454,5.01080223341904,0.0849739340939227,-0.139966148,-0.061485549,-1.024275478,4.81594093131396,-0.135172191,-0.191415705,-0.255142199,-0.369999477,4.28330832007227,-0.201955844,-0.363361289,-0.285218044,-0.198495564,3.95623887221415,0.130183706718718,-0.096278994,-0.215718987,-0.350815732,3.99320360635354
-0.308885441,-0.341669095,-0.182218184,-0.286438365,6.00463360630325,-0.153879214,-0.308035212,-0.240218283,-0.24408855,4.37900789595049,-0.231653468,-0.29855439,-0.241104764,-0.402675022,4.64006812444229,-0.308366827,-0.227174368,-0.274561328,-0.430201649,5.20622002502667,-0.239989302,-0.183951624,-0.272925422,-0.389283368,4.78330830657046,-0.12679168,-0.160309387,-0.265556271,-0.578407331,5.22485301260264,-0.278100284,-0.366583365,-0.142392811,-0.342485911,5.99139582081649,-0.105967023,-0.291911164,-0.201539717,-0.346118856,4.25629557309867,-0.188694811,-0.264515888,-0.217532883,-0.489798372,4.60390686445509,-0.277037455,-0.19600131,-0.279990268,-0.470140101,5.10763799731178,-0.309305615,-0.192324026,-0.32070926,-0.304723133,4.89519612068338,-0.063450337,-0.14333802,-0.226501131,-0.689772354,5.09908230320985
-0.024247486,-0.195162669,-0.19739169,-0.940681206,5.38089149816313,-0.201097538,-0.216567552,-0.224271383,-0.620291089,6.11391957822999,-0.287218192,-0.283639874,-0.159833442,-0.673212922,8.65709812129498,-0.190380865,-0.224711684,-0.211610154,-0.394773582,5.23094002894231,-0.09173111,-0.297002712,-0.124787438,-0.416041456,4.99885327383359,-0.312943545,-0.203752478,-0.345152285,-0.030409568,5.34826554915121,-0.056694892,-0.217652339,-0.209801894,-0.943796806,5.49486851054777,-0.235442757,-0.225014547,-0.238021467,-0.626933858,6.17717112296283,-0.213789015,-0.263639962,-0.108773512,-0.842417828,8.59398865501607,-0.38650482,-0.259401576,-0.293424124,-0.204045032,5.95517517632092,-0.093422494,-0.341692365,-0.074110144,-0.434377192,5.06430981864347,-0.271863378,-0.204694933,-0.299145304,-0.095197131,5.28644915178053
-0.295951303,-0.267549821,-0.21424644,-0.65920165,4.86509353546375,-0.145385001,-0.101827382,-0.347608536,-0.197364148,5.89527701120959,-0.249059037,-0.227251989,-0.298821403,-0.555628498,5.35742716220296,-0.081182523,-0.130612641,-0.307663979,-0.551703838,4.8227820749783,-0.166737315,-0.188093959,-0.213913149,-0.228578646,5.30446111188549,-0.372125539,-0.331272884,-0.24864458,0.0561504731960999,4.78190065684035,-0.276216713,-0.255533733,-0.213426989,-0.71047393,4.82390378724946,-0.220588403,-0.145924748,-0.361519782,-0.118257898,6.03159540033013,-0.078994617,-0.185791047,-0.206138454,-0.773601017,5.06262803312595,-0.070082209,-0.114046506,-0.318083144,-0.570164001,4.82019417796846,-0.125566058,-0.18207687,-0.181617892,-0.288335878,5.24329607402771,-0.326659754,-0.298303306,-0.220995042,-0.066534912,4.78555692285375
-0.44277141,-0.239508042,-0.387898631,-0.220321692,6.13638930356518,-0.523432172,-0.355602246,-0.405481135,-0.078137107,5.37594216114804,0.308768330192846,-0.190034611,0.0195940596812943,-0.857778281,4.44209657781379,-0.135761539,-0.269571888,-0.259847904,-0.453440151,5.1728940711811,-0.443313871,-0.26694338,-0.362532769,0.260336022279692,5.04498235669036,-0.586726291,-0.257683475,-0.348841319,0.0636703883687496,5.55882261688954,-0.558322955,-0.30050759,-0.412646881,-0.165220379,6.41819164417816,-0.604970339,-0.385302487,-0.433070328,-0.067993998,5.49251927537562,0.331034280037288,-0.188310383,0.0417934441466922,-0.907766972,4.48092991399662,-0.094919006,-0.229780274,-0.255833225,-0.516847786,5.18491273029391,-0.427000065,-0.28256084,-0.348040073,0.214161276854935,5.11022923123592,-0.488993573,-0.199495632,-0.324631171,-0.124186992,5.49798308260888
-0.492335371,-0.307574631,-0.438871788,-0.020010682,4.75156126190342,0.00449992619012436,-0.204284847,-0.20835648,-0.803261476,5.25139924593996,-0.099899834,-0.173740398,-0.185631083,-0.537553832,4.21917180561238,-0.199090723,-0.190198794,-0.273400614,-0.192148287,5.04984781437771,-0.146881582,-0.219761968,-0.220114243,-0.606880813,5.9243833041587,-0.168194154,-0.263236518,-0.143666102,-0.334259573,4.8932352340554,-0.688658683,-0.365867974,-0.541494703,0.150841266115227,5.01688585050501,0.0159272246852769,-0.138560356,-0.257885521,-0.85309572,5.32464978257562,-0.036709298,-0.147526951,-0.151894573,-0.649022219,4.13836530107295,-0.280445437,-0.207573437,-0.318700375,-0.05637324,5.22260322543934,-0.128811739,-0.225921334,-0.203401789,-0.631195367,5.86459909750643,-0.068208873,-0.214101544,-0.093275058,-0.521085269,4.77911765540441
-0.561415114,-0.340384871,-0.320027001,0.208491400698866,4.66179720786914,-0.18973424,-0.263051327,-0.115772469,-0.688070674,5.83149607344698,0.0327003697241859,-0.273075534,-0.138803764,0.0307479376220232,3.18434435664796,-0.354876489,-0.207286533,-0.294354248,0.0745609015623081,4.48934370612132,-0.171714897,-0.37716638,-0.132668808,-0.443582634,4.88056979488092,-0.173116365,-0.25979953,-0.283133831,-0.202099084,4.53578082662246,-0.541019857,-0.334905211,-0.295508427,0.153066665787244,4.61295618369405,-0.128445244,-0.218372027,-0.112751571,-0.767252967,5.70800999102282,0.125188791448292,-0.209326,-0.115727299,-0.106277474,3.07317042417543,-0.32458655,-0.192430179,-0.279593305,0.0357776950195497,4.45052262013187,-0.156085917,-0.390989485,-0.112535494,-0.466575141,4.94958654204748,-0.071600777,-0.186968677,-0.241325422,-0.344321904,4.38052794544277
-0.182260343,-0.268294544,-0.165229746,-0.164785707,4.95667481552426,-0.214631305,-0.172264759,-0.349563166,-0.26969983,5.47090098193496,-0.091755302,-0.19808721,-0.212446569,-0.746891188,5.07409488020316,-0.211356157,-0.210351362,-0.231163663,-0.347914982,5.7266624665717,-0.437867198,-0.231346175,-0.292759449,-0.102963737,5.99212290574128,-0.464601799,-0.310753005,-0.330882573,-0.072653551,4.53738780149408,-0.229762709,-0.294770898,-0.191715425,-0.096006138,5.1127870254631,-0.154728359,-0.158986138,-0.324884297,-0.415671574,5.44098891780944,-0.000308785,-0.122547643,-0.194959118,-0.889283114,4.89208040643006,-0.226502393,-0.211087162,-0.237791622,-0.304161702,5.76424079847056,-0.470555934,-0.199049057,-0.346617176,-0.067963236,6.08778222080522,-0.373384145,-0.283509033,-0.270519372,-0.246578137,4.46709014419238
-0.548266801,-0.356124211,-0.294509459,0.134247596252021,5.65026027247504,-0.608817414,-0.301694871,-0.451667713,-0.039687182,4.83181482799582,0.0463425937011532,-0.103499739,-0.156297509,-1.095541574,5.76573789787296,-0.366623106,-0.243655447,-0.290075639,-0.081849101,4.98863253078026,-0.349262441,-0.329409445,-0.194463081,-0.235807208,6.0261735239183,-0.24824398,-0.295918888,-0.258310229,-0.282605193,5.57391586361479,-0.536254329,-0.35146446,-0.304591541,0.0965712697473456,5.6645989711785,-0.637664891,-0.339888505,-0.412139816,0.0537933288797855,4.73576623890495,0.0984254152837389,-0.068354189,-0.149894544,-1.17613783,5.72700307322627,-0.400752789,-0.246910666,-0.310273178,-0.036730949,4.99562824155731,-0.35376888,-0.355659425,-0.167019924,-0.227436052,6.07093859148433,-0.213661902,-0.267695871,-0.248831559,-0.373295777,5.64084930686308
-0.632568619,-0.432061053,-0.224397044,0.336942252690564,6.27175922316805,-0.091083674,-0.241310057,-0.218288525,-0.343425446,4.39619667801904,-0.243265588,-0.165798581,-0.268648224,-0.842919558,5.36408953681209,-0.309970512,-0.247711853,-0.229493517,-0.347662978,5.36883056334314,-0.401251788,-0.356139285,-0.305032484,0.00477269305009189,5.28851707829261,-0.257956973,-0.24444145,-0.20802351,-0.360791735,5.33273733030907,-1.111595882,-0.75181672,-0.308901369,1.19958801741105,7.06226271043359,-0.12219002,-0.259803203,-0.213273067,-0.286076873,4.38322475360713,-0.195591135,-0.149178112,-0.248290816,-0.904083879,5.28070109802726,-0.25752015,-0.207916857,-0.22819602,-0.431760778,5.27388130034561,-0.384070444,-0.369511014,-0.305714831,-0.000505523,5.3524322402147,-0.179240998,-0.212884731,-0.177003869,-0.501405322,5.24847559661022
-0.073191323,-0.242064193,-0.174093902,-0.565833002,5.03506079283983,-0.092694978,-0.258664745,-0.185629827,-0.524951118,4.10001387236948,-0.338251847,-0.30210886,-0.150397452,-0.853263231,6.59784265072464,-0.216476306,-0.268593447,-0.255863152,-0.055254671,4.41850072659827,-0.339512972,-0.31740018,-0.312735852,-0.071102285,4.5288678880584,-0.538253761,-0.287394799,-0.329945364,-0.182310139,6.1759708487101,-0.106112929,-0.28395026,-0.164521669,-0.472196506,5.04264581004533,0.184532768096037,-0.140056203,-0.06322479,-1.025226896,3.96857025672191,-0.258016405,-0.282798945,-0.098932028,-1.041167505,6.55465645775039,-0.254085349,-0.289273576,-0.262001487,-0.006285722,4.5041629233707,-0.352452934,-0.340244789,-0.310009137,-0.031404873,4.6107301315181,-0.384664586,-0.224722414,-0.257490117,-0.445125862,5.93074199809732
-0.274592707,-0.195909636,-0.350192245,-0.266707769,5.18382899639058,-0.136574552,-0.294938895,-0.128173592,-0.63492644,4.44315068580352,-0.097748375,-0.15078037,-0.268537682,-0.451404532,4.41309467878454,-0.378322254,-0.241188659,-0.23943753,0.0914161727921218,6.40523557198813,-0.378529892,-0.332829068,-0.267509738,-0.195553872,4.99668355117433,-0.375178206,-0.226126263,-0.321178331,-0.041688133,5.65647958248725,-0.388758367,-0.23658724,-0.412213804,-0.028065313,5.33691422027371,-0.171286466,-0.320626432,-0.123714706,-0.606742664,4.54202686903498,-0.070831662,-0.135334471,-0.249787107,-0.525695223,4.47842206140639,-0.369847408,-0.232653431,-0.238205935,0.0810367297068899,6.34974124881406,-0.425548847,-0.341018543,-0.273453684,-0.148429782,4.99050663063452,-0.304778794,-0.205097448,-0.270246816,-0.13431212,5.47316718892755
-0.700703072,-0.439947095,-0.468981606,0.553826649702233,6.39508261376261,-0.493881042,-0.525555324,-0.148417034,-0.459904485,4.68017414366016,0.0499428670635957,-0.166981213,-0.186101435,-0.624183387,4.05259150961795,-0.118885725,-0.177384117,-0.189170388,-0.404660618,4.5665986834632,0.0805563040800953,-0.036254602,-0.231323234,-0.789554265,5.43737858399842,-0.348566214,-0.382835461,-0.287508266,0.192222168160398,4.18239267420256,-0.745135176,-0.407799235,-0.520126114,0.60650463666853,6.63328835065126,-0.684101831,-0.665465387,-0.150935792,-0.268066025,4.97422164163246,0.174925232414552,-0.138832621,-0.127684684,-0.826138784,3.94167059343232,-0.159348433,-0.210322431,-0.200468051,-0.325026661,4.62047634773418,0.0895244390672887,-0.017590624,-0.246050944,-0.803790434,5.52026948703262,-0.311978794,-0.365186486,-0.27139976,0.131837860112063,4.11853264031316
-0.429328857,-0.315573752,-0.260814753,-0.408767821,7.54350544153093,-0.592110994,-0.532787587,-0.385314601,0.0592250548064801,5.32375625073496,-0.421389692,-0.258167503,-0.458067547,0.144023038640227,5.21633825951547,-0.290658206,-0.25540512,-0.236996772,-0.069414312,5.06805411722846,-0.147043594,-0.261201672,-0.187217419,-0.448855361,4.47192568700244,-0.183858686,-0.204219275,-0.197160236,-0.439958216,5.36161200329659,-0.521673934,-0.384158743,-0.261517567,-0.253996437,7.86388740190393,-1.08960302,-0.833403447,-0.490940129,0.45221787696034,6.58941888234679,-0.308016647,-0.227618885,-0.377965062,-0.099922819,5.0687618494392,-0.316032882,-0.261333202,-0.246760126,-0.034255437,5.07368545138889,-0.143282127,-0.251957176,-0.206062967,-0.468574468,4.53045667346342,-0.107686095,-0.159889967,-0.176131157,-0.578613331,5.27723570572048
-0.2206092,-0.152474275,-0.236351769,-0.295351153,4.75157595454769,-0.060163246,-0.241908263,-0.211877898,-0.450074157,4.91794964582051,-0.600297088,-0.338862695,-0.30723264,0.34806100752882,6.3151683198109,-0.313722194,-0.322937845,-0.235762437,-0.018912113,5.16091577167713,-0.52516077,-0.39418781,-0.288062812,0.0526213569945931,5.40795927042757,-0.24675581,-0.173999051,-0.323465721,-0.542946538,5.40075418162881,-0.132320731,-0.120585364,-0.206867919,-0.427371501,4.64113569770471,-0.16842962,-0.28773068,-0.244454958,-0.25907252,5.06817845559729,-0.517451066,-0.28406876,-0.280509641,0.206190284593028,5.89326247683868,-0.361130787,-0.341674166,-0.253830965,0.0426692110913182,5.27645434418857,-0.599977333,-0.432601141,-0.316366959,0.0974552108183688,5.51314004315875,-0.124105314,-0.121377162,-0.252139273,-0.755649717,5.19616392517969
