MCCL1,,,,,MCCL2,,,,,Naive,,,,
beta0,beta1,beta2,beta3,phi,beta0,beta1,beta2,beta3,phi,beta0,beta1,beta2,beta3,phi
-0.272823912,-0.219415335,-0.193758883,-0.073638508,4.83872915863325,-0.188611892,-0.252800409,-0.194599257,-0.298291101,5.47575356739318,-0.186417146,-0.23896507,-0.235934023,-0.396209523,5.42052074122828
-0.336392847,-0.223143019,-0.321077545,-0.203586068,5.04132668514014,-0.469409374,-0.37400776,-0.276089917,-0.118456905,4.97686388609627,-0.105922747,-0.174177351,-0.19993655,-0.221840557,4.13979346
-0.168623887,-0.254356127,-0.190026647,-0.501165395,5.0482756953759,-0.335423709,-0.126104777,-0.340151145,-0.19426636,4.71099916705584,-0.257131144,-0.290748132,-0.239755385,-0.168811588,5.06311248795665
-0.172777032,-0.2562507,-0.263331409,-0.092147187,4.20810819306294,-0.195401496,-0.226238657,-0.282845222,0.0685047597928391,6.26450260837053,-0.321597996,-0.193155757,-0.270686358,-0.442098831,6.30044767764315
-0.338803712,-0.136938839,-0.397877853,-0.120203869,5.99948843047321,-0.390185078,-0.198265229,-0.338935216,-0.181740156,5.60141076631153,-0.381804357,-0.22630189,-0.313755717,-0.129701115,5.50539133241652
-0.112772188,-0.176910547,-0.284327654,-0.56450682,4.53933323070213,-0.286753755,-0.161681572,-0.258787493,-0.628552871,5.63516762553297,-0.330689618,-0.294290569,-0.218050568,-0.676150393,6.71410122434471
-0.155916385,-0.291897398,-0.202773123,-0.396971664,4.68311993697517,-0.473056074,-0.361322253,-0.336434281,0.0173703566920692,4.83949705677602,-0.220579217,-0.294461341,-0.259679698,-0.238456211,4.86231009666395
-0.32136447,-0.209429206,-0.263307495,-0.211379099,5.17704282138415,-0.207325688,-0.245349504,-0.220740328,-0.185617483,4.57383516969695,-0.31497858,-0.290665521,-0.184408041,-0.160542505,4.65858018115008
-0.282702686,-0.266842865,-0.30715154,-0.175695881,4.73073567772221,-0.211272375,-0.243684306,-0.179788627,-0.351198323,4.41118392457934,-0.116344182,-0.175573403,-0.136137145,-0.297507742,4.41120839259815
-0.509681402,-0.313599439,-0.291083644,0.157240139999257,5.70613165213153,-0.112205621,-0.253301301,-0.157917533,-0.416466003,4.40726069868458,-0.052340519,-0.169007181,-0.225477599,-0.22571969,3.8479526852897
-0.314178125,-0.394233416,-0.244321665,-0.358746953,4.78395402630784,-0.28756956,-0.300326266,-0.200034233,-0.112412935,4.90632646791365,-0.22744179,-0.215963955,-0.282560003,-0.42694087,6.22633651395498
0.0943655818516736,-0.12622586,-0.191448697,-0.749458423,5.27855299068464,-0.477023002,-0.222211461,-0.256960568,-0.040142386,6.42900920924745,-0.148806251,-0.280031922,-0.16058979,-0.212815809,5.10216328811537
-0.106224876,-0.066208793,-0.25606658,-0.367407679,4.10027443682689,-0.237386411,-0.126749961,-0.285048209,-0.487931605,5.25731656935944,-0.144656721,-0.267559005,-0.157717439,-0.674620274,4.5722578842135
-0.254102801,-0.239009634,-0.261872221,-0.337553429,5.44289367907152,-0.069812298,-0.109074671,-0.026650067,-1.17401889,5.03708862900971,-0.234601643,-0.145397358,-0.313948038,-0.318155238,4.77379257630193
-0.268798935,-0.29211218,-0.236734831,-0.267763303,4.77541585423675,-0.021770998,-0.161949769,-0.17654778,-0.70012067,5.56678957695985,-0.008229858,-0.185428371,-0.177991041,-0.576237894,4.87708087101477
-0.202731274,-0.248917593,-0.196439052,-0.511284587,4.67127618504134,-0.295645351,-0.351650459,-0.207190937,-0.061355444,5.76607664982954,-0.057300332,-0.137420005,-0.110208983,-0.582930757,4.58930254463194
-0.141123916,-0.23850583,-0.138329512,-0.439919731,4.5955232625989,-0.263445457,-0.189828496,-0.349620009,-0.088593961,4.64865622713587,-0.274988165,-0.299412209,-0.238591608,-0.085079351,5.01252582317649
-0.191415385,-0.268803216,-0.179728022,-0.425094253,5.12703470012213,-0.368891494,-0.342840406,-0.302572871,-0.276504151,6.09611221053839,-0.28217368,-0.192718884,-0.254094249,-0.07679845,6.42210747849492
-0.212964803,-0.27857966,-0.15407637,-0.49399248,5.1442328279548,-0.153582396,-0.268927218,-0.124093171,-0.283548239,5.37116496595594,-0.386891984,-0.280473367,-0.18873858,-0.263871604,6.19405698567906
-0.195335115,-0.215503077,-0.246049061,-0.434052316,5.16124498861545,-0.318298762,-0.267987184,-0.286552807,-0.115777192,4.6372826875469,-0.198211265,-0.144917431,-0.238691504,-0.36042694,5.54586078902168
-0.328223544,-0.195284537,-0.289348212,-0.436466566,4.3082503068509,-0.256840752,-0.247042407,-0.233921327,-0.579725512,5.65797410003143,-0.486742598,-0.249834696,-0.406667716,0.0673719017646707,5.17922823173523
-0.330609763,-0.298372992,-0.222762848,-0.09860362,5.89829851864183,-0.280881687,-0.483741695,-0.095228882,-0.220766464,4.2631588114138,-0.107403742,-0.22655173,-0.18976041,-0.380936645,5.85604141233835
-0.208395027,-0.29399113,-0.187473899,-0.247178903,6.31557824,-0.443661067,-0.259872077,-0.307605955,0.0853436876506542,5.96721031187879,-0.4284619,-0.308909986,-0.242652006,-0.024614703,5.48214055742316
-0.24086236,-0.211003887,-0.347105272,-0.30780553,5.1211570334638,-0.2733273,-0.243302255,-0.190941365,-0.335725044,5.51846416300704,0.0193780092978494,-0.126416449,-0.174566112,-0.396159838,4.96341832205312
-0.313298934,-0.281639344,-0.260247054,-0.20418185,6.06978111402831,-0.239847265,-0.24619191,-0.350707939,-0.368287412,5.36007293162645,-0.390176987,-0.362926525,-0.204300636,-0.331758251,5.34034863629028
-0.374733761,-0.211038194,-0.318750828,-0.252616103,5.40011314311478,-0.284698162,-0.271828039,-0.243953013,-0.281767965,5.55401311514268,-0.310535398,-0.316544885,-0.352706618,0.153631284977875,4.53229999673403
-0.278111887,-0.332891405,-0.267647783,-0.149484753,6.20762192239057,-0.082889751,-0.195151176,-0.154013364,-0.437716861,5.64261477945273,-0.14676899,-0.263414175,-0.210991541,-0.465500203,5.46714583478492
0.0509600015545106,-0.125591278,-0.180226279,-1.092932308,5.8158075097976,-0.270239226,-0.212741501,-0.306755705,-0.216277136,6.04765280567985,-0.257407849,-0.376415879,-0.139436987,-0.368378208,5.13107939714862
-0.35371729,-0.32105688,-0.25336494,-0.386056977,5.152451174,-0.151484228,-0.20118645,-0.333940317,-0.391198277,4.89203716834129,-0.323490054,-0.299851528,-0.288646274,0.0274647539372548,4.89488732513397
-0.233767019,-0.257721051,-0.244185636,-0.016909069,4.36924278856865,-0.358900684,-0.254795576,-0.352888956,0.101853552896426,4.9046859702842,-0.155849396,-0.206849473,-0.169015258,-0.291131396,4.10031796498449
-0.285651879,-0.293290011,-0.204831733,0.0490657370558542,5.29371469575719,-0.568743132,-0.25928038,-0.397720963,0.393040926105842,5.47670787865292,-0.088921264,-0.131271071,-0.348425481,-0.3065744,4.98457801454751
-0.268475583,-0.316990057,-0.23124585,-0.376446224,6.66125316294634,-0.13070086,-0.210336521,-0.251516018,-0.296769147,4.82040615368541,-0.181501135,-0.255015524,-0.166666966,-0.667349238,5.03753427315649
-0.328862472,-0.33392522,-0.224479768,-0.474029969,6.14068142422953,-0.186899056,-0.199680852,-0.333602837,-0.205176751,4.11703534941777,-0.284414504,-0.321705138,-0.336766658,-0.181591808,4.91870938743307
-0.448259876,-0.432146841,-0.164364962,-0.24067382,5.43413416049484,-0.17396374,-0.316367257,-0.159424867,-0.484806455,4.55495037577172,-0.285523164,-0.219801028,-0.26796876,-0.077459308,4.65255405041564
-0.481115609,-0.351955784,-0.322118693,0.0965361442799095,6.06677538195733,-0.31717152,-0.317063162,-0.253103968,-0.192426818,6.23984766860502,-0.127268833,-0.26685352,-0.180435753,-0.374503411,4.05498979721591
-0.376265371,-0.344914204,-0.257160265,-0.22738311,5.91303294597247,-0.264523595,-0.120627107,-0.310748276,-0.302675289,5.351034929,-0.319972053,-0.334435468,-0.248788776,-0.158318183,6.3356607421341
-0.219268253,-0.24950061,-0.239397089,-0.564898485,4.78361489861267,-0.516201096,-0.246476703,-0.305164994,-0.104056979,5.64765283725635,0.0525894598616615,-0.128665515,-0.20078696,-0.868333732,4.4459941897144
-0.348347208,-0.222838087,-0.319778663,-0.369475499,5.78530718428559,-0.146187501,-0.216644088,-0.094592405,-0.576092012,5.73004189106923,-0.132171334,-0.275409867,-0.195477373,-0.223123485,3.94009710749131
-0.352241913,-0.240102649,-0.31960144,-0.169464771,5.70009558761523,-0.274516168,-0.29537856,-0.316905085,-0.100237254,4.99919144217272,-0.409307056,-0.296328482,-0.253061564,-0.197570351,4.84999319567115
-0.08812155,-0.202015836,-0.118219501,-0.445898177,6.32996563403638,-0.036312969,-0.195113617,-0.177567635,-0.386438842,5.14354595843395,-0.304250822,-0.316776843,-0.2473388,0.087649423268447,4.99442061284097
-0.201129035,-0.238005071,-0.314880409,-0.149693811,4.47640313520494,-0.397971427,-0.271334154,-0.31684686,-0.173873751,4.8855094984882,-0.204707432,-0.275932456,-0.242741453,-0.275317933,4.78462672698606
-0.339961198,-0.296069065,-0.292881713,-0.027444661,4.61439860200295,-0.20396916,-0.258095529,-0.235161258,-0.063298942,4.50048476020028,-0.230226987,-0.178127691,-0.243503144,-0.441982406,5.39501737490606
-0.471126093,-0.429137293,-0.220393004,-0.209335717,6.29266638747674,-0.081057382,-0.290240844,-0.132442929,-0.380186397,5.01245081595636,-0.430293864,-0.25571419,-0.407407065,-0.169076471,5.71587092492947
-0.445383454,-0.27659614,-0.334988061,0.0109135879048455,5.7029276347194,-0.026848778,-0.05326422,-0.190814236,-0.67553114,4.53723797412357,-0.328294232,-0.29671811,-0.208559729,-0.211679074,4.97204930103038
-0.050795374,-0.178662747,-0.135188549,-0.638650302,4.91148450432097,-0.116164916,-0.232110136,-0.186732457,-0.898140191,5.83894694181304,-0.115845116,-0.192827678,-0.226990733,-0.399201142,5.30906801244362
-0.179337649,-0.210012659,-0.152206931,-0.433297209,4.65060170792522,-0.273924839,-0.342780195,-0.194545919,-0.323687554,5.72027025634532,-0.113771694,-0.201014599,-0.110168606,-0.689115252,5.09126751089323
-0.123092766,-0.285880043,-0.189041496,-0.467752004,5.10817538713602,-0.253862338,-0.245054267,-0.341874188,-0.165939176,4.77414052918341,-0.086304335,-0.184732121,-0.16850387,-0.389065561,5.48604029768216
-0.364449317,-0.244399131,-0.374196984,0.0076981117930151,5.27194053694828,-0.186330066,-0.320415115,-0.196658296,-0.505942018,5.15298741114542,-0.295771099,-0.306185042,-0.284197696,-0.24131846,5.69472924784352
-0.338436018,-0.287154336,-0.273266411,-0.139393296,4.62740350728081,-0.253017049,-0.362499368,-0.266208122,0.0763897198785919,5.00804604647196,-0.292866812,-0.237736385,-0.227507877,-0.25128236,6.20392589881256
-0.234705806,-0.209232694,-0.270261643,-0.381667903,5.31538211283982,-0.13581435,-0.245137955,-0.135978487,-0.628152371,6.82629066385886,-0.225837207,-0.229665504,-0.223851545,-0.46877691,6.51590989588547
-0.270246356,-0.317613073,-0.174580048,-0.213378681,4.43503933335312,-0.439132421,-0.280404856,-0.380575051,-0.06625343,5.386267543,-0.313252301,-0.138436347,-0.325227954,-0.33884128,5.9791478676369
-0.361480408,-0.248322137,-0.304084662,0.00542084880601207,5.3919682416625,-0.440520177,-0.337846857,-0.144928198,-0.322673626,5.42092129325518,-0.226699536,-0.238223733,-0.265345174,-0.158078834,5.52401526372912
-0.256069972,-0.168482544,-0.304225224,-0.158307636,4.84165312281334,0.0723218186357529,-0.141628269,-0.135585315,-0.691715828,4.38066062860595,-0.390004835,-0.232310751,-0.251511148,-0.126210618,5.87754712355917
-0.326794341,-0.348452858,-0.309152691,0.0815113266129357,4.93719925481354,-0.303557272,-0.231117783,-0.291932229,-0.285761799,4.50147651610516,-0.24392605,-0.227465214,-0.127324879,-0.526598561,4.80545847898801
0.0158915218134218,-0.105486402,-0.124341703,-0.647720137,5.27126514822375,-0.055347826,-0.271175163,-0.13993063,-0.505808281,4.37552724057447,-0.270662642,-0.222718302,-0.27761988,-0.175354064,5.10678493048746
-0.235254657,-0.241568917,-0.268366812,-0.34388821,5.16481073466802,-0.184120891,-0.173028759,-0.227095411,-0.724169843,5.17378880214087,-0.135919701,-0.226287499,-0.124720989,-0.518914688,5.25963491329963
-0.244540401,-0.173270706,-0.282495451,-0.446894508,6.26930226625321,-0.046710769,-0.170723101,-0.19756404,-0.280811248,3.81360766662879,-0.08463591,-0.248872312,-0.243949473,-0.631748862,5.12846257105205
-0.006376212,-0.20858938,-0.135961653,-0.615768602,4.68650651530703,-0.386578895,-0.300179923,-0.152020578,-0.109807676,5.40444610842128,-0.066526569,-0.201834136,-0.238886809,-0.505480062,4.06711298440845
-0.178805492,-0.325535008,-0.137664459,-0.783657911,5.0790867091402,-0.243580462,-0.176107404,-0.218368701,-0.467851616,6.54820475101941,-0.219346455,-0.175131132,-0.268716479,-0.325829686,5.18277797799336
-0.155034672,-0.267639201,-0.154370434,-0.344455569,5.9689984222604,-0.419183572,-0.273961733,-0.360714074,-0.237184802,4.61074187320676,-0.388514719,-0.240541533,-0.258888956,0.00817185580141382,6.19766819694491
-0.380299592,-0.39784292,-0.307465237,0.0804786184694934,5.09218287589931,-0.359807275,-0.337943348,-0.363294582,-0.341372883,4.22828516046517,-0.075803018,-0.170598734,-0.224833894,-0.567157762,4.39241179621263
-0.023317436,-0.316953598,-0.160357778,-0.439641029,4.77355192117007,-0.302782471,-0.216877404,-0.313196971,-0.137391366,5.74892484810571,-0.175841013,-0.213695182,-0.209886828,-0.221070778,4.80209365924644
-0.420243942,-0.291411907,-0.381253813,0.0677926366680685,5.22820597121833,-0.413934206,-0.392488904,-0.306189049,-0.098077044,6.44910048834665,-0.116366251,-0.196262487,-0.26854857,-0.4137392,4.64249849470665
-0.361069626,-0.315032019,-0.231975407,-0.196278139,5.39125623771256,-0.306517042,-0.242034866,-0.197692175,-0.401518238,5.15768886445707,-0.212076665,-0.230723243,-0.172074259,-0.493309708,4.48619382878445
-0.404846912,-0.162845087,-0.254149444,-0.184649115,6.11060768806781,-0.276171447,-0.131687647,-0.237700983,-0.384193208,6.02301180194929,-0.181133818,-0.194116255,-0.291052152,-0.155029552,3.90641382604459
-0.510208837,-0.314732292,-0.367337522,0.0484311007959289,5.33347099249936,-0.074774522,-0.139520471,-0.241164845,-0.41355676,4.54653991532079,-0.141232987,-0.169657047,-0.286773801,-0.179731654,5.48828065916336
-0.32112448,-0.228386792,-0.311625758,0.0811296878773824,5.52183383321977,-0.243333608,-0.190784112,-0.255613774,-0.174893441,5.4698016972468,-0.121221683,-0.099101356,-0.213989208,-0.862368216,5.4676130607613
-0.356893716,-0.270805083,-0.214171852,-0.289839631,6.34080894059596,-0.521897688,-0.367255718,-0.376532904,0.0222266952010036,6.33692129202689,-0.236533495,-0.21841915,-0.226424697,-0.368862884,4.78347675715695
-0.620161957,-0.344527532,-0.356235502,0.281156513064469,6.35696213097327,-0.442280684,-0.301271549,-0.324189601,-0.239842136,5.13504713930638,-0.12839296,-0.262656035,-0.199805545,-0.402469686,4.96985618515702
-0.162261227,-0.22940208,-0.154227843,-0.160719563,4.88203755705477,-0.348915833,-0.364263646,-0.194741561,-0.395333747,5.62356531465059,-0.179960983,-0.20060389,-0.21713471,-0.463616083,4.32992223227689
-0.371501363,-0.215532346,-0.341401256,0.109767981555448,4.84635507090109,-0.451481031,-0.372246779,-0.320713713,-0.372881746,5.60190417464943,-0.303770376,-0.226330885,-0.355144459,0.0745407984901621,4.9055748009681
-0.203542199,-0.256354987,-0.182134149,-0.35624026,5.21217739883292,-0.175962684,-0.26433549,-0.202329712,-0.27087265,4.59387118306791,-0.135796289,-0.221951033,-0.189364601,-0.38960707,4.25514962929806
-0.484801732,-0.297969193,-0.361755526,0.0555035662366866,5.8723581991824,-0.215681767,-0.247218821,-0.199896152,-0.333453295,5.0344885700226,-0.183428551,-0.324105506,-0.10166915,-0.538155344,5.34026856883573
0.0366523374956529,-0.150401047,-0.118623148,-0.74807495,5.50219328733824,-0.323595132,-0.220911565,-0.360645252,-0.190014977,5.13071275881727,-0.524264088,-0.241458068,-0.390170913,0.0877801157872273,4.57316141137873
-0.37243259,-0.287641236,-0.310092398,-0.054986,5.38875960092141,-0.526588927,-0.285984236,-0.403080235,-0.228919237,6.97481908028865,-0.160333151,-0.317611597,-0.20887054,-0.463283953,4.22721436671049
-0.502198638,-0.28252529,-0.310155044,0.153156986764526,6.233134839,-0.16514378,-0.244772458,-0.203138381,-0.441002898,4.66736723917578,-0.434232196,-0.335478473,-0.304248738,-0.065905099,5.71418034305316
-0.520985538,-0.402690088,-0.25945744,-0.013230118,6.7193826323337,-0.215878298,-0.21604199,-0.193048966,-0.399919966,6.64870036978669,-0.254979008,-0.30352403,-0.15187306,-0.032453645,5.59847832548813
0.0240554677194028,-0.167501548,-0.232244113,-0.510656611,5.1908682945702,-0.100580546,-0.235855941,-0.183546914,-0.43707663,5.12105505599719,-0.411143554,-0.274277627,-0.245965054,-0.337737196,5.46743275683631
-0.615006869,-0.338910033,-0.356487508,0.3516072019685,5.48708971854677,-0.002539628,-0.106109816,-0.192006478,-0.407921225,4.4982972172701,-0.322620682,-0.295021796,-0.305978926,-0.085077213,4.67841660097455
-0.214073276,-0.238181152,-0.143877564,-0.452052429,4.91868857381735,-0.183721345,-0.145321883,-0.26342023,-0.05902025,4.7014298807325,-0.235823681,-0.293050892,-0.231620792,-0.246139911,4.75217417310006
-0.429792698,-0.26873378,-0.328279294,-0.040680641,5.97724345443207,-0.297524505,-0.326830025,-0.273810648,-0.2597073,5.02202068887366,-0.304062848,-0.195986146,-0.291596828,-0.23262089,4.65539590235784
-0.204097657,-0.287820269,-0.30838495,-0.294078623,4.16035376889075,-0.3676831,-0.312480059,-0.265064331,-0.188573309,6.86588516070724,-0.462549472,-0.309576299,-0.268226042,0.0482936420991322,5.62426144472113
-0.355306342,-0.270414893,-0.192573008,-0.408052405,5.66037953033332,-0.334941145,-0.31511196,-0.215326324,-0.347762638,6.50558586242687,-0.180944537,-0.21747519,-0.206694206,-0.385319293,6.12261405975634
-0.072039257,-0.158781228,-0.16204503,-0.521629109,4.75603247233714,-0.538292812,-0.24671745,-0.483550538,0.0595595854246871,5.94340126814475,-0.623563358,-0.379157228,-0.352596233,-0.032298015,5.68858858954361
-0.132100738,-0.264707896,-0.198858063,-0.184251679,4.63577654354377,-0.426184483,-0.318572781,-0.289481391,-0.114717778,4.7667913115968,-0.251290149,-0.199614122,-0.246957903,-0.231886084,4.42405140140731
-0.417973578,-0.30423158,-0.271025643,-0.217127544,5.40784594659995,-0.559540999,-0.526272415,-0.242730691,0.173714100165446,4.95275628671169,-0.097576018,-0.288624076,-0.198286894,-0.273317775,5.00000833207693
-0.246699293,-0.239240973,-0.314723288,-0.017703602,4.42651288886717,-0.396336191,-0.27589516,-0.269624049,0.0110417527499698,5.31964986847752,-0.174565515,-0.320273741,-0.141662491,-0.514196618,4.96677922091221
-0.021287002,-0.143859419,-0.222010464,-0.707413708,5.72688665952028,-0.272720092,-0.195687645,-0.283470879,-0.296299263,5.35288782399831,-0.462396472,-0.304075306,-0.279780394,-0.111768071,5.34393691950582
-0.404203722,-0.21366345,-0.455583668,0.122325375292333,5.57768372801425,-0.236321769,-0.205870965,-0.29252799,-0.361396598,5.42155511756115,-0.117172072,-0.188578923,-0.197938756,-0.462133974,5.45315481191664
-0.3798331,-0.273808202,-0.280373665,-0.351537861,6.15464639613904,-0.046665916,-0.170999629,-0.12610446,-0.503802567,5.17417756419368,-0.097092902,-0.202413663,-0.255782338,-0.455415057,4.70965212099274
-0.279790444,-0.169434007,-0.259157531,-0.550299012,6.3318186009121,-0.367951466,-0.37782939,-0.227398209,-0.231257561,5.40108670374432,-0.248364092,-0.276708907,-0.252896255,-0.222203625,4.95206349855275
-0.42049939,-0.377685735,-0.256943027,-0.342074445,4.98493118175941,-0.099287696,-0.15188652,-0.296062696,-0.390612165,4.90630283961122,-0.365538327,-0.219488311,-0.294271213,-0.187672934,5.06451592131311
-0.356242651,-0.259963985,-0.294182928,-0.384942263,5.17522156613774,-0.407335775,-0.233678849,-0.408343943,0.0337330880166434,4.64264008005005,-0.247126533,-0.286601373,-0.206974223,-0.27106033,4.27900675955429
-0.327607963,-0.313143309,-0.136752519,-0.43708084,5.57484050212972,-0.315103185,-0.242710811,-0.266530035,-0.543056653,4.82835850626817,-0.288010183,-0.276630391,-0.25966449,-0.17842135,4.48788018366237
-0.170434983,-0.14453965,-0.226948568,-0.373673043,4.81084869939943,-0.188907119,-0.233204811,-0.260823737,-0.293253275,4.24369509713969,-0.013853364,-0.185204324,-0.190181553,-0.608957622,4.99231792912472
-0.351297839,-0.315538186,-0.22982628,-0.476441576,4.98615907378477,-0.102303394,-0.296778448,-0.173848217,-0.395679057,4.72796252251737,-0.31275754,-0.321319784,-0.240366141,-0.287088931,5.47179359413536
-0.181128476,-0.283949555,-0.212645317,-0.526218809,5.11843052286052,-0.339251976,-0.31177667,-0.2965201,-0.154284876,4.4826821826737,-0.176828175,-0.209096068,-0.228797715,-0.525738907,6.09971097467105
-0.192619156,-0.274844733,-0.23346429,-0.337645153,5.14944188090919,-0.338926523,-0.266214817,-0.305523008,-0.166413841,5.83282870300528,-0.07755652,-0.213911337,-0.164559814,-0.477319526,5.14013702801026
-0.354536142,-0.297600525,-0.28679346,-0.423403976,5.77664355177068,-0.133824966,-0.335444371,-0.178002081,-0.283801168,4.52188129119225,-0.127866861,-0.2012576,-0.145524952,-0.406024753,4.76004319796852
-0.320305335,-0.286818098,-0.181540193,-0.183533723,6.5045666729285,-0.139243279,-0.175234103,-0.208298764,-0.408174451,6.0575355259419,-0.090138732,-0.239415754,-0.160006842,-0.419337931,4.72031364825287
-0.559360599,-0.439169518,-0.188265054,0.078576865980807,5.9044583051083,-0.297966483,-0.095238899,-0.361985236,-0.358107701,5.55586245996344,-0.142117149,-0.17336138,-0.272787949,-0.407942122,5.51244646609619
-0.095434897,-0.133875303,-0.301149528,-0.298785878,4.9950097240419,-0.141946656,-0.226400887,-0.198674523,-0.475944107,5.19905520867693,0.0770836112017386,-0.148666669,-0.14114833,-0.920924823,5.45896739426977
-0.175953321,-0.220003192,-0.14309725,-0.406571989,5.52148214922375,-0.353799126,-0.129097849,-0.3128569,-0.232835909,6.26024594982975,-0.148060496,-0.258952178,-0.211118395,-0.432237657,5.67081312530275
-0.441358186,-0.256855082,-0.386896195,-0.178449028,4.64378670773959,-0.097306647,-0.187417446,-0.204342729,-1.014984202,5.51495662963565,-0.435289443,-0.247284935,-0.352616482,-0.247709194,5.91251144022549
-0.515601354,-0.272741773,-0.334955727,-0.148440957,5.66708958826267,0.0755229173625707,-0.082526847,-0.134417942,-0.635210095,4.99707096280761,-0.320700803,-0.302203525,-0.229879643,-0.111568569,5.36600052815209
-0.05951172,-0.162422464,-0.198927811,-0.593611348,4.8240920629998,-0.336800929,-0.219760407,-0.241118604,-0.217723519,4.75104161517397,-0.291430185,-0.21536423,-0.235720038,-0.084783979,5.09787033536118
-0.460324662,-0.257061656,-0.310758375,-0.185994169,5.61941114962406,-0.833553825,-0.569397295,-0.340599768,0.614324188154039,5.01399371187248,-0.39004511,-0.360112542,-0.18940393,-0.152450859,5.64859505963692
-0.141512726,-0.27663692,-0.170934222,-0.585852683,5.18954256446274,-0.162491208,-0.235673966,-0.195274008,-0.401094304,4.45030782725115,-0.466379998,-0.360817566,-0.240723477,0.253588658357349,4.76395755267795
-0.28203091,-0.350625415,-0.141281832,-0.284444464,5.90591658817167,-0.415045003,-0.400635747,-0.212836229,-0.09162132,4.55876476162794,-0.390370291,-0.29688754,-0.278025773,-0.19797963,5.8886366383136
-0.393204875,-0.275749535,-0.356734191,-0.121243873,4.9110235471038,-0.196379356,-0.156899489,-0.239486873,-0.338205412,4.5346021865663,-0.339823626,-0.337076933,-0.2685412,-0.23047051,4.91675529585285
-0.303349265,-0.20915309,-0.268825927,-0.285700908,5.75335061240333,-0.309275813,-0.312513358,-0.305176251,-0.143730647,5.90956123032492,-0.646272497,-0.275362201,-0.399063087,0.124657622639035,5.66683781287025
-0.195816874,-0.214160802,-0.225782104,-0.248033651,4.5193426063827,-0.279006208,-0.317490819,-0.277926538,-0.138109669,4.17179635555598,-0.326039112,-0.392469324,-0.233249826,-0.087087698,5.10827938123253
-0.136955264,-0.249178637,-0.136715034,-0.403483228,5.62141029362734,-0.095989738,-0.249795097,-0.173439369,-0.452884891,5.42599371589318,-0.294247869,-0.275047859,-0.22032316,-0.244107272,4.5973554024087
-0.288820764,-0.238545636,-0.202545877,-0.344957436,5.26496212551765,-0.483920574,-0.30088304,-0.381478509,-0.106745708,6.18362700265472,0.0775058009767323,-0.214151965,-0.147466548,-0.511348255,4.30114428746452
-0.452681002,-0.205817939,-0.323691488,-0.171650934,5.26982884715133,-0.037641772,-0.204669573,-0.168815136,-0.651785533,5.45033005395526,-0.022880203,-0.177577876,-0.299499127,-0.378325933,3.86044640935687
-0.277847018,-0.263399715,-0.295961039,-0.012915871,4.62538395911446,-0.426989147,-0.24539393,-0.322446712,-0.030598212,7.39959328119573,-0.051048196,-0.176240079,-0.280973165,-0.493641748,3.97178960904469
-0.199355797,-0.216697116,-0.282185886,-0.08762173,4.82373943819089,0.0565041451165952,-0.147716407,-0.133555146,-0.958254385,4.65821196496406,-0.516255128,-0.315214537,-0.248336732,0.0700994311974776,5.44806065414174
-0.319570441,-0.237178195,-0.359313691,-0.007985085,4.06390388449664,-0.443141749,-0.362543621,-0.217061204,-0.028512679,5.87417345569635,-0.167933424,-0.202868451,-0.26809821,-0.157421988,4.41122927664477
-0.138022787,-0.268903872,-0.186962169,-0.411657458,4.87040375328015,-0.321249787,-0.338273186,-0.229308202,-0.127462273,5.74475014776119,-0.184348853,-0.193007217,-0.199809532,-0.447295596,5.69173975367028
-0.311071178,-0.300171084,-0.275682594,-0.00947591,4.97042766806175,-0.330043303,-0.294854802,-0.280416806,0.0165443899990817,5.00339471615356,-0.009556191,-0.162225002,-0.178232627,-0.427949777,4.03051425639063
0.111113872197426,-0.196837783,-0.101844239,-0.731356384,4.59607707401458,-0.161606756,-0.169907424,-0.296315529,-0.357153533,4.97430712458694,-0.396902194,-0.265915467,-0.35408503,0.090559874814322,5.21526468437361
-0.372308383,-0.311903405,-0.318557147,-0.039122427,4.94648562384102,-0.330140609,-0.260774268,-0.233640448,-0.193556969,6.14264232012029,-0.136743925,-0.197550182,-0.187532999,-0.55171501,5.10097324112901
-0.102273731,-0.205788635,-0.238920997,-0.632740116,6.41740034144709,-0.163581181,-0.23012333,-0.279084381,-0.285378426,4.28892032885103,-0.239264784,-0.214306577,-0.275158692,-0.084914903,4.84426349832382
-0.171330729,-0.264162976,-0.167623662,-0.16536317,5.56662625785351,-0.597515886,-0.268429479,-0.568700197,0.313386698957874,4.8324756149177,-0.294784883,-0.247984514,-0.205292105,-0.061618466,5.44663683842532
-0.298228374,-0.180679857,-0.212766984,-0.352692489,5.85852106900907,-0.083003788,-0.158973642,-0.181032756,-0.285821473,4.94451056637438,-0.159126765,-0.138056467,-0.247673169,-0.528686126,4.57517686800893
-0.218641482,-0.222341891,-0.271117579,-0.235000733,5.53906305489587,-0.20102417,-0.183595686,-0.204388782,-0.230336762,4.65068965143671,-0.269783609,-0.367924577,-0.197433412,-0.260157284,5.24608970533347
-0.446066968,-0.203351733,-0.277267398,-0.356024831,7.61734961150919,-0.501471954,-0.400465592,-0.23614215,0.364748042393299,5.68146908788211,-0.409573513,-0.29023058,-0.333642559,-0.044752331,5.14572839883315
-0.356432274,-0.27478558,-0.235217197,-0.002654341,5.15789095822882,0.00787602350666455,-0.193535717,-0.158117208,-0.569948638,4.63917656620332,-0.219429451,-0.266747514,-0.146585668,-0.758251683,5.50290457266445
-0.109839834,-0.090668527,-0.3456319,-0.947693715,4.96003420036881,-0.566448464,-0.249140922,-0.472218147,0.24390555500273,4.7411735049754,-0.216905049,-0.314858302,-0.244324586,-0.383571785,4.48648739240464
-0.375805742,-0.29522604,-0.262953365,0.0864445451737428,5.03033083422046,-0.228160343,-0.281985743,-0.308865692,0.0324113957975212,5.16277454041957,-0.056334975,-0.122329799,-0.203480058,-0.570967452,4.92705567530011
-0.186429893,-0.188888207,-0.330303729,-0.42915441,5.5385877482362,-0.45522176,-0.323005175,-0.349539291,-0.129953278,7.37324999808948,-0.194929867,-0.339684084,-0.133774111,-0.494025637,5.38548478524227
-0.341147628,-0.329478506,-0.267983107,-0.165992241,5.3038956827329,-0.589510826,-0.40321767,-0.396606807,0.0986320703425246,6.15541909486985,-0.221557902,-0.216600551,-0.282968503,-0.524389819,4.85710301069962
-0.442631761,-0.388451035,-0.240322057,-0.161191882,5.05574864243366,-0.157824195,-0.174755001,-0.251939012,-0.485213775,5.41207978865151,-0.165754371,-0.166764806,-0.303093333,-0.230485,5.18393992381611
0.0693430209460025,-0.155121224,-0.159386273,-0.970925995,6.28245931609025,-0.1915849,-0.276892417,-0.15571314,-0.290696215,4.69164267312579,-0.134083211,-0.226967013,-0.178075218,-0.350779778,4.92113314872853
-0.372793994,-0.273801458,-0.248545085,-0.213714615,4.9053352785282,0.0356408678225226,-0.141917097,-0.125300055,-1.053413467,5.22129895013174,-0.210132612,-0.259875346,-0.257582528,-0.406377031,5.5333938364811
-0.010993365,-0.102160679,-0.209453197,-0.621097682,5.17066349284887,-0.174931274,-0.149820252,-0.348304411,-0.410958158,6.10211491145756,-0.348130765,-0.199265902,-0.312486475,-0.479313984,6.03776097313351
-0.268723088,-0.358938805,-0.28800612,0.155152335496613,4.05652426861819,-0.101016323,-0.240381728,-0.204840032,-0.619398724,7.14061015535873,-0.440029353,-0.310833184,-0.206111146,-0.161637318,5.8000484244448
0.0811374150884815,-0.183913537,-0.144643713,-0.529510767,4.60174321124398,-0.518527024,-0.129280995,-0.35569953,-0.034015402,6.12278715950116,-0.057309864,-0.225165431,-0.277846518,-0.183192698,4.15549603393966
-0.030225477,-0.172109651,-0.221108549,-0.542449666,4.66710939744288,-0.451264219,-0.238885139,-0.324905189,-0.115235368,5.29432914807596,-0.188588444,-0.165265848,-0.2924173,-0.425751072,6.1281618358175
-0.205918921,-0.254545727,-0.134187922,-0.783627672,5.15897826715608,-0.129136186,-0.097762107,-0.28749695,-0.546002149,5.28237958890248,-0.097856396,-0.194072508,-0.258859466,-0.454258043,4.16953706975484
-0.224022375,-0.224747041,-0.355583778,-0.183314822,4.64736844618501,-0.106511932,-0.314640121,-0.12464924,-0.04376086,4.2645440440011,-0.48727775,-0.292843887,-0.313898843,0.104465699040399,5.35300179737767
-0.173258239,-0.236546293,-0.243410655,-0.392833267,4.80070200869456,-0.464700145,-0.455479843,-0.316715475,0.0377672586230036,4.57195270759117,0.0209588694014804,-0.141769919,-0.192830069,-0.763007209,4.65822581111745
-0.198143243,-0.307048385,-0.234894906,-0.151162838,4.54981550182617,-0.217220376,-0.144675499,-0.245246488,-0.137094812,4.44950843476669,-0.159707633,-0.234187771,-0.197213111,-0.285539358,5.06319580292631
-0.134408925,-0.149703161,-0.240533399,-0.217715625,4.23594632452474,-0.2145988,-0.237169804,-0.23404303,-0.128252912,3.600328767,-0.442963796,-0.356291027,-0.32908477,-0.116959112,4.67433299525317
-0.374273425,-0.39011766,-0.267131646,-0.282938353,5.23827963656277,-0.185576877,-0.217446372,-0.231002914,-0.102194217,4.50348226228107,-0.08108476,-0.223679829,-0.12256503,-0.49110352,5.1717941899493
-0.313432317,-0.157432892,-0.29391639,-0.285748873,5.55675960111246,-0.008955669,-0.168708981,-0.191965759,-0.670864516,4.93289146498257,-0.295353774,-0.219756608,-0.30649678,-0.298233311,4.84497292240766
-0.368683831,-0.236294463,-0.325452646,0.172409022434773,4.391515299,-0.264628585,-0.326544468,-0.103066793,-0.278338465,5.17508136923426,-0.018624245,-0.214630914,-0.196589253,-0.430173434,4.58496457688216
-0.19591541,-0.198215307,-0.240148225,-0.221861027,5.22423377024824,-0.429180964,-0.438080053,-0.325478833,0.0921164756381167,5.78321862502207,-0.286197866,-0.327614743,-0.244424611,-0.252489313,5.0028217134905
-0.029621206,-0.13102422,-0.211206209,-0.959090758,5.04680735517602,-0.279029469,-0.301418999,-0.251453573,-0.007071915,5.06629191994401,-0.125454807,-0.250235805,-0.248710047,-0.408336758,4.4701508069018
-0.11051587,-0.161612145,-0.180900081,-0.460160833,4.60514482009977,-0.29706286,-0.198445744,-0.291648907,-0.258849246,5.89801855142963,-0.295951938,-0.265167519,-0.17272428,-0.036438261,5.08441017217495
-0.173660608,-0.230868805,-0.257848231,-0.104993581,4.62518877415804,-0.355503308,-0.176488524,-0.405955253,-0.160376573,5.85817215558848,-0.01352851,-0.193115555,-0.136129886,-0.534035041,4.71531471212283
-0.294478535,-0.236648037,-0.317991457,-0.154230181,5.76855957538291,-0.24433155,-0.279467803,-0.315185828,-0.274703198,5.27478922424526,-0.389358982,-0.244460147,-0.32130974,-0.067882769,5.06870657142096
-0.457679383,-0.349275857,-0.256588431,0.0856144437699204,5.33527395537177,-0.129913913,-0.263184114,-0.116215118,-0.327104493,4.89808047823553,-0.2726447,-0.394416115,-0.227700218,-0.197504069,5.58150569888679
-0.299929227,-0.293887865,-0.241507553,0.189660514409249,4.82621492779275,-0.551484094,-0.408361248,-0.246697514,0.000293308467925922,6.06044778411332,-0.468569692,-0.384647208,-0.140888598,-0.030724652,5.90264652124095
-0.466850924,-0.378601522,-0.309192131,0.188634677404386,5.27263781620425,-0.284172462,-0.250746356,-0.263513232,-0.342968794,5.82767711843082,-0.128860455,-0.221039619,-0.171344509,-0.377884101,4.42341904045329
-0.573069716,-0.380200128,-0.349904677,-0.16204929,6.5227891101544,-0.157599036,-0.198344592,-0.266662916,-0.419914077,4.69796071660853,-0.19866746,-0.25721456,-0.179999335,-0.372342648,4.2115905433171
-0.331883401,-0.251998836,-0.278754976,-0.085982083,6.32490733559636,-0.045355794,-0.268407182,-0.060262538,-0.529408719,4.72297375648891,-0.188294229,-0.255038843,-0.206774435,-0.465392277,5.1185266476567
-0.151086981,-0.204110045,-0.240524925,-0.470682532,4.83690245241868,-0.229619514,-0.196353431,-0.29116287,-0.233524267,4.45433278597608,0.0111680271964289,-0.102416824,-0.221975806,-0.627434995,4.24670510850599
-0.228116452,-0.223657906,-0.242974429,-0.09656546,4.57225953816179,-0.290704159,-0.293635891,-0.221349184,0.0355703330165631,5.51229062609199,-0.47100298,-0.369014792,-0.236493563,0.106971080337274,5.2844986565076
-0.407158596,-0.299970239,-0.31433579,-0.278334216,5.41661453285477,-0.304974038,-0.247433708,-0.329526641,0.141108251978271,4.60891086576264,-0.240252451,-0.191570431,-0.313319431,-0.356392515,5.26898921136353
-0.280763341,-0.287248885,-0.290123336,-0.128055733,5.19044917438011,-0.070404725,-0.090535979,-0.300458523,-0.533754227,5.97689623855287,-0.149064649,-0.213282853,-0.204843596,-0.884553875,5.2933184248676
-0.248984288,-0.238599962,-0.275809366,-0.285369459,4.74740598573696,-0.096451366,-0.217569536,-0.266843917,-0.223100559,4.6499086978786,-0.292518397,-0.290609184,-0.271703257,-0.054466085,4.433690534
-0.000421228,-0.150727053,-0.208092938,-0.573661888,4.39377786709927,-0.183069973,-0.162544752,-0.258822181,-0.509184838,5.93797067740437,-0.259597336,-0.192454744,-0.331753409,-0.411485005,5.56029212046337
-0.16758333,-0.251238089,-0.210732278,-0.34833066,4.30058474002203,-0.350622818,-0.326329897,-0.295265082,-0.142701066,6.17313553693534,-0.124636926,-0.204524442,-0.231491309,-0.585497836,5.44226165297331
-0.142711757,-0.229984099,-0.115446447,-0.830601572,5.26278079750124,-0.40852028,-0.356971695,-0.26297289,-0.242902652,6.26651606156859,-0.338611027,-0.192105625,-0.343200027,-0.285653268,5.22516942818344
-0.266077738,-0.254446533,-0.186646857,-0.145667819,5.10946064667276,-0.382631982,-0.349999854,-0.250109247,-0.273882279,4.50930018896717,-0.126687937,-0.127495195,-0.253033989,-0.400028052,5.48515568248545
-0.25955026,-0.241629946,-0.312579533,-0.021120162,5.12220089086986,0.234678112869219,-0.151508602,-0.061350248,-0.940705745,5.00106496221929,-0.430634867,-0.352251116,-0.23739522,-0.058459902,5.11451249837452
-0.27674853,-0.34666652,-0.201597708,-0.448886573,5.34194081199319,-0.083187184,-0.170032999,-0.179654387,-0.580268138,5.22699718654794,-0.331291306,-0.293557469,-0.291707165,-0.265699092,4.84630913801452
-0.18962068,-0.236015799,-0.239243237,-0.214775867,4.55607540448209,-0.364742173,-0.284812491,-0.31945303,0.0366446565713944,4.06829228662146,-0.560318001,-0.345655392,-0.342522068,0.177264674139955,4.7262600848594
-0.302065566,-0.303298104,-0.159110556,-0.207798537,4.84246508053981,-0.460042092,-0.290762435,-0.435008889,-0.083589936,5.14231596571368,-0.176221794,-0.300349118,-0.179604169,-0.467100866,4.61272001254343
-0.093505093,-0.220893379,-0.146300842,-0.314614734,4.75122782104359,-0.212809554,-0.227050592,-0.260511282,-0.381001588,5.69366012367372,-0.070280743,-0.23561899,-0.173194031,-0.778926641,5.57365861769774
-0.183848081,-0.244839282,-0.22697736,-0.512262798,6.68230637891808,-0.182442447,-0.236783017,-0.25876292,-0.35104537,6.13094627432857,-0.034872682,-0.209475459,-0.17744804,-0.618898067,4.86949052617769
-0.368015954,-0.40393295,-0.170938491,-0.366993237,5.70301364791999,-0.150132266,-0.154184393,-0.332833432,-0.321158065,4.56314035961418,-0.280376864,-0.290479646,-0.232422698,-0.103852906,4.37101377771665
-0.120443072,-0.245310911,-0.190087356,-0.275067118,4.81970421862074,-0.21530472,-0.247479205,-0.16482532,-0.463633056,4.48980591573266,-0.126294379,-0.232738707,-0.21041582,-0.587413789,5.66459257334451
0.00513886267377699,-0.157727746,-0.243661897,-0.398373247,4.49840121421862,-0.215302409,-0.239792905,-0.243249969,-0.339720134,5.51192391178758,-0.035814649,-0.156082003,-0.251680476,-0.662875998,5.24197387230866
-0.222713404,-0.249154658,-0.28974945,-0.268040345,4.69786573792045,-0.113358683,-0.200338638,-0.294210025,-0.216118255,4.62235182416469,-0.179314703,-0.17280482,-0.267282336,-0.43739321,5.08972695764739
0.0462567859198911,-0.268770928,-0.131564614,-0.555818406,5.31187350166545,-0.037353594,-0.184273152,-0.225306739,-0.448028141,4.13379781688935,-0.401737686,-0.187726385,-0.37162984,-0.173292512,6.07290402978652
-0.369797325,-0.291414211,-0.309834413,-0.130858722,4.80153228438973,-0.071280657,-0.214851853,-0.13643469,-0.423152542,5.00405818918888,-0.086450777,-0.12779725,-0.221535599,-0.686815654,5.2717575413132
-0.400130275,-0.24912279,-0.357935014,-0.007218485,5.14846966335189,-0.134483015,-0.239277388,-0.246956393,-0.247600233,5.64744587176417,-0.054165511,-0.13621837,-0.16411855,-0.395114904,5.01208648533536
-0.157524326,-0.211160398,-0.258863636,-0.168757021,5.07350214806219,-0.331034391,-0.319425793,-0.15737296,-0.427515564,5.26148538912085,-0.371496897,-0.320706869,-0.23867545,0.00337269722059265,4.12345205672058
-0.059267632,-0.206768657,-0.160362284,-0.59553369,4.38753072687487,-0.249967819,-0.264157943,-0.23504081,-0.166444412,4.94361464766667,-0.426611498,-0.304610041,-0.298201952,-0.141304487,4.77164296470909
-0.107961926,-0.259151315,-0.216918342,-0.488977753,4.60368310403557,-0.284833787,-0.212039032,-0.322730439,-0.401145711,6.0583921896512,-0.298443245,-0.182831266,-0.231541007,-0.401365626,5.7755472790232
-0.321472854,-0.313177049,-0.27792492,-0.177470893,5.24061882385846,-0.297420309,-0.4072278,-0.178546787,-0.163494588,5.62839720913501,-0.002985359,-0.166082945,-0.217840754,-0.43770861,5.12594032360793
-0.312811432,-0.310441316,-0.193106778,-0.045753637,5.73665472947156,-0.304382661,-0.314976016,-0.112243788,-0.390204189,5.13747036655437,-0.164120289,-0.260111597,-0.265721862,-0.197071066,4.36670525171735
-0.268799988,-0.2546792,-0.268266606,-0.11619633,5.0587054068644,-0.058222252,-0.146823948,-0.194323036,-0.441099931,4.5634465230855,-0.282827856,-0.316954986,-0.280485734,-0.135387856,4.48869043821486
-0.323065737,-0.310031256,-0.293220147,-0.236559185,5.66392551096315,-0.428227249,-0.252600438,-0.400460804,-0.006659518,4.54819182961666,-0.152866553,-0.216028216,-0.210183283,-0.226610837,4.53238729750455
-0.44226439,-0.346204747,-0.307923708,0.0142618639719859,5.1801571199701,-0.27241728,-0.261918134,-0.2980949,-0.301461141,4.2981455988805,-0.059513344,-0.182186258,-0.299179467,-0.847315216,5.87180922080205
-0.262564496,-0.251228055,-0.26966138,-0.294909774,5.22660924895324,-0.376644204,-0.218762315,-0.326722703,-0.325845607,5.38679272920896,-0.18754377,-0.376230093,-0.156101888,-0.345499735,6.02065643374635
-0.242992151,-0.282166507,-0.153018058,-0.793442789,7.11275445819736,-0.528178797,-0.36736353,-0.299571458,0.154137578087913,6.30214127677272,-0.254880819,-0.278176802,-0.244263852,-0.259018689,5.48744947476331
-0.273650401,-0.279857944,-0.23848085,-0.122866694,5.20320159271703,-0.184772699,-0.180134042,-0.346775895,-0.007232751,4.46737859876252,-0.038254609,-0.066736663,-0.166789676,-0.653754285,5.42621321870305
-0.006037985,-0.118418163,-0.208576858,-0.587495718,5.24846733265936,-0.577244187,-0.360589474,-0.440342251,0.229483464565634,5.09291615913799,-0.031651133,-0.177696088,-0.197592083,-0.595860241,4.97966197202508
-0.367686587,-0.246069874,-0.316886953,-0.598271738,5.73008619395944,-0.202723021,-0.237176241,-0.202045938,-0.13641392,5.68159847809973,-0.598325503,-0.250255137,-0.333300717,-0.166292679,6.82810787806015
-0.303884604,-0.255308978,-0.306853374,-0.139246437,5.23254746266887,-0.419206586,-0.277670933,-0.273734227,-0.170091385,5.54849642404521,-0.409033627,-0.365643046,-0.339951421,-0.017912399,4.80947405103264
-0.324154596,-0.206563259,-0.297139592,-0.19660995,5.15037549930542,-0.147198536,-0.180621611,-0.240038999,-0.293472543,5.42914796746757,-0.422238933,-0.29049571,-0.263156528,-0.301509529,6.14126767564746
-0.26100045,-0.339089558,-0.145961857,-0.10708032,4.97985423525802,-0.586135055,-0.293131881,-0.410206157,0.137090223586198,5.84173236887285,-0.343551605,-0.26666359,-0.273258322,-0.303697532,5.42335025212082
-0.375680202,-0.214071119,-0.317579473,-0.234982475,5.29551116169878,-0.181968551,-0.295799542,-0.159756713,-0.370074534,5.69884281016787,-0.257661035,-0.240492423,-0.323838263,-0.185518426,4.80386317109418
-0.459371228,-0.308001178,-0.334263162,0.0782870081967041,6.34369031384207,-0.352673419,-0.234971072,-0.40174556,0.0172134233622667,5.26505561911741,-0.20151379,-0.202009392,-0.251964202,-0.291208786,4.72745353578431
-0.439372107,-0.302637453,-0.263472533,-0.200745976,5.21822206359067,-0.084205784,-0.163066593,-0.165425791,-0.576982572,5.34534432899845,-0.048355451,-0.120225127,-0.270343899,-0.289323242,4.23336792735261
-0.406543659,-0.240272185,-0.309104892,-0.222281211,6.28005854404806,-0.601004578,-0.363971143,-0.331668545,0.312671004032415,5.05465718228508,-0.375964505,-0.285587904,-0.31053864,0.172648324712221,4.46980732112628
-0.423876434,-0.317501806,-0.245427967,-0.026993212,6.12274185653871,-0.299937144,-0.308890058,-0.208931901,-0.149996088,5.60726038532688,-0.41798276,-0.290172091,-0.290104611,-0.205110566,5.5546302509929
-0.412008096,-0.230639455,-0.336600747,0.0407102974437715,5.53389788867024,-0.384391887,-0.270353815,-0.206901452,-0.257778635,6.53882676515541,-0.501410267,-0.289599473,-0.354970363,0.125268502863687,5.60202043102751
-0.091130915,-0.179644547,-0.201018038,-0.61249534,5.5316787595775,-0.014055099,-0.290816783,-0.200846699,-0.434380158,5.15514794200801,-0.161198359,-0.18527442,-0.221136566,-0.2929384,4.99558140092425
-0.365280295,-0.295407812,-0.333132075,-0.086059322,4.74420751293316,-0.20012767,-0.333243541,-0.173274469,-0.311159041,4.52846229294099,-0.093612711,-0.133311766,-0.204566795,-0.215387135,5.14681296202155
-0.012463509,-0.245888845,-0.06408027,-0.515551961,4.89719413083491,-0.148535808,-0.237092362,-0.235509759,-0.268198682,5.20931818761006,-0.007096613,-0.188141964,-0.195174279,-0.445611599,4.12861596950113
-0.125646722,-0.25720569,-0.149481661,-0.374844142,4.95884437977617,-0.197622509,-0.169746161,-0.268511813,-0.258505774,4.39321047717879,-0.082839145,-0.210473277,-0.113570953,-0.718126302,5.11938113899752
-0.093001391,-0.259830073,-0.197752593,-0.248979738,4.74081781997459,-0.54402631,-0.234337651,-0.438479367,0.161587188957569,5.08046814922398,-0.079897555,-0.145264801,-0.268388631,-0.680128978,4.92877594824118
-0.266951737,-0.301114673,-0.226587142,-0.199708743,4.5384976305391,-0.679528356,-0.316045823,-0.452256308,0.458143494702306,4.63367936644285,-0.35676107,-0.264702805,-0.214073797,-0.275546428,6.04991693382205
0.159745373286313,-0.132408229,-0.137630667,-0.861218198,4.34291329260387,-0.027360416,-0.386656959,-0.061825704,-0.266450492,3.93530457121358,-0.332263906,-0.223622553,-0.227220456,-0.334519,5.31944533811611
-0.294027403,-0.231496186,-0.221394323,-0.173255625,4.76915293493766,-0.340019884,-0.287801508,-0.207151749,-0.042263656,6.33133228701087,0.00433229328824924,-0.193320673,-0.140601074,-0.363314658,4.08984526134968
-0.284669092,-0.257424576,-0.246682179,-0.15230525,4.84634642725813,-0.254003397,-0.292754893,-0.24966218,-0.065609562,6.37058785906063,-0.473923943,-0.25321339,-0.366133452,-0.169659286,5.20162921802292
-0.625274402,-0.35294044,-0.333393207,-0.132071109,5.32413650541445,-0.150230532,-0.236434415,-0.258994161,-0.300824047,4.48407604010205,-0.082863901,-0.184681535,-0.194292866,-0.370498813,5.10839793516447
-0.216345156,-0.254113621,-0.235094645,-0.714127312,5.81172596351536,-0.218099686,-0.194922349,-0.180029664,-0.527423354,5.31140172685772,-0.261094901,-0.284913904,-0.251713805,-0.03521988,5.44795623736634
-0.268383106,-0.233393995,-0.193159999,-0.285200833,5.94670870362691,-0.162878213,-0.159390824,-0.264078116,-0.390586083,5.49603024362117,-0.64254691,-0.399447935,-0.298224927,-0.111120801,6.44509944481187
-0.286893641,-0.280469024,-0.253253107,-0.50219191,6.02055504545813,-0.433401047,-0.194493371,-0.386194387,0.031293962009636,5.08282305518039,-0.319911381,-0.172340737,-0.326388757,-0.079994516,6.01412332353174
-0.132834978,-0.219846795,-0.204067874,-0.494100646,5.33019793054113,-0.228071977,-0.255629217,-0.272358316,-0.108514568,4.65463369107909,-0.257140628,-0.18573561,-0.303498117,-0.174797649,4.62602657014169
-0.384267636,-0.306352064,-0.243029207,-0.21389952,5.53861961289544,-0.869185145,-0.55607939,-0.410649265,0.533588612454775,6.45508170359117,-0.069876185,-0.121382469,-0.221958267,-0.554431058,5.58037205241216
-0.349106101,-0.270433604,-0.32015474,-0.108682188,5.32230366193833,-0.320535635,-0.308878753,-0.253440786,-0.092825988,4.36511880190628,-0.207355754,-0.268003528,-0.238176921,-0.09821534,4.71997164646557
-0.237930451,-0.258009759,-0.075287797,-0.286332928,4.70778782058696,-0.318912554,-0.250232087,-0.304708813,-0.155711146,4.27226878066759,0.0745741822571397,-0.17376408,-0.200387753,-0.54810392,4.41662203158572
-0.607846097,-0.418984754,-0.350963825,0.401920398723175,5.06442044727238,-0.254708601,-0.280471774,-0.275589816,-0.449837828,5.61942058510222,-0.108870849,-0.181504255,-0.294072752,-0.408122479,4.72434843002289
0.0646028358133115,-0.163443727,-0.177698457,-0.95475785,7.48471483764124,-0.38835786,-0.281373539,-0.300487841,-0.077555466,5.09439847625796,0.00836911895386965,-0.157798261,-0.128526723,-0.497398745,4.02908630003535
-0.152827302,-0.259469381,-0.161087868,-0.505664219,4.67423353003927,-0.562903979,-0.416025582,-0.228732181,-0.09948045,6.00691051652557,-0.321459094,-0.316474192,-0.20908818,-0.42610588,4.63246498575547
-0.291417894,-0.226873993,-0.297212295,-0.437334986,6.22420673521041,-0.117914091,-0.204233477,-0.176302057,-0.207012468,4.75738998770884,-0.485664869,-0.317128498,-0.387929073,0.140153477864528,4.82688863175167
-0.235511622,-0.224804017,-0.312143993,-0.045331697,4.06267739011564,-0.205753072,-0.161053009,-0.364625048,-0.235794506,4.97716874128989,-0.133698832,-0.173487205,-0.224074671,-0.410861102,5.24005840006503
-0.276538109,-0.322877324,-0.23125644,-0.068627913,5.1802458278089,-0.596013473,-0.33616046,-0.412978735,0.315855077456648,6.05420346910676,-0.190367499,-0.230334551,-0.201410321,-0.404952628,4.95143691613485
-0.294126077,-0.287569892,-0.28800971,-0.303595709,4.70404980593666,-0.198315478,-0.302311575,-0.172540788,-0.134769697,4.92262548012086,-0.276211022,-0.243927597,-0.231189399,-0.346137933,5.92551710919367
-0.294148163,-0.289513952,-0.245695289,-0.129181087,4.99256642097639,-0.436315288,-0.316478888,-0.280771948,-0.193636463,5.89375490787353,-0.017543416,-0.197019398,-0.136536616,-0.582265798,5.2751633524508
-0.45786002,-0.33160964,-0.194788116,-0.154570424,5.39255380385717,-0.223558037,-0.258350601,-0.286709454,-0.177058218,5.46886449245586,-0.235938272,-0.277003174,-0.167917203,-0.352007171,4.50973000092098
-0.340333699,-0.276073045,-0.281277832,-0.132578758,5.33298313519872,-0.270586996,-0.305803057,-0.214577441,-0.139332978,5.54431342917514,-0.044307582,-0.226535558,-0.113207728,-0.218343649,4.59963191156182
-0.249632133,-0.148310824,-0.302450706,-0.277142253,5.12239828043192,-0.31620246,-0.33222681,-0.110967872,-0.122297298,4.49821588669783,-0.211971211,-0.172399946,-0.352113936,-0.229343779,4.40148524898249
-0.27698007,-0.298505404,-0.23163848,-0.4560423,5.92709508808628,-0.361451785,-0.322024974,-0.232766679,-0.343562952,5.98535974024679,-0.194913478,-0.259010734,-0.1831647,-0.274020763,4.81946918608997
-0.548297988,-0.300789038,-0.34442271,0.1723605539269,5.11656995261612,-0.457298843,-0.308179219,-0.334173935,0.195511275752083,5.8198288646287,-0.260003272,-0.212800207,-0.246829311,-0.208628597,5.23555115607565
-0.013221134,-0.260326054,-0.12158635,-0.372359861,4.69868767134341,-0.234764446,-0.235446609,-0.318519175,0.126470831861143,4.53504419274627,-0.175234919,-0.219000809,-0.251583196,-0.3672266,5.79803855903159
-0.366265702,-0.271170222,-0.347385709,0.00325996155975878,5.37006563926361,-0.388242124,-0.27152188,-0.255636755,0.0283300280571227,5.19354933124881,-0.119360761,-0.198903277,-0.243388498,-0.458533558,4.78425313317006
-0.266314211,-0.235321783,-0.313642907,-0.293062614,5.07966892587184,-0.138548286,-0.112006478,-0.397263174,-0.118389048,4.5533694290718,-0.273027057,-0.225820406,-0.276111225,-0.366575199,4.80904286184112
-0.350356074,-0.342968715,-0.288724202,0.0234792332098347,4.83328178217987,-0.207762741,-0.19743746,-0.370697649,0.0375097024036988,4.64007894521949,-0.153175528,-0.243487373,-0.193966283,-0.564043026,5.24307834116766
-0.779078139,-0.454972586,-0.302493769,0.288825505015898,6.48314184109364,-0.535187384,-0.326671579,-0.495788116,0.140160030697553,5.18512918899851,-0.235098228,-0.26550769,-0.204425118,-0.327314911,5.43084388834979
-0.128206194,-0.198708854,-0.234640714,-0.528736304,5.00799465000432,-0.364515989,-0.314586253,-0.199234373,-0.26005842,6.39533532443486,0.052512241181547,-0.13131003,-0.219104798,-0.604944242,4.56040582499941
-0.071682022,-0.199515643,-0.173489714,-0.447204775,5.65529474869061,-0.238642895,-0.137889741,-0.266754697,-0.396840034,5.74585757108805,-0.456087278,-0.283088342,-0.339028288,0.0324315470965623,5.61451181149843
-0.084569555,-0.136537353,-0.234109106,-0.448173724,5.00284720595477,-0.256367673,-0.182271602,-0.280146666,-0.223334991,5.78122468461425,-0.386334861,-0.310342861,-0.231845526,-0.107686297,5.65007027382476
-0.32071738,-0.283256785,-0.248428799,-0.082558842,6.12999518007983,-0.231830326,-0.298158879,-0.229200063,-0.278116495,5.03258854282185,-0.252545246,-0.308997143,-0.190534905,-0.106114275,4.72147070035221
-0.342912115,-0.170544743,-0.299371984,0.000462355945579553,4.30508621319987,-0.42615724,-0.285623665,-0.320950754,-0.022024754,4.73268568178906,-0.069033339,-0.186843504,-0.255367899,-0.738911833,5.04703244241126
-0.206508754,-0.219122924,-0.277720987,-0.223330367,4.70421180849259,-0.105389487,-0.149233586,-0.311740581,-0.174127648,4.45151966823047,-0.064063169,-0.221623623,-0.195182165,-0.427022512,4.75631695806467
-0.373140243,-0.380545452,-0.16341387,-0.334935596,5.64257738405593,-0.28169304,-0.291710061,-0.281986794,-0.137522955,6.57296348517697,-0.340249705,-0.27620691,-0.332752236,-0.137664475,5.71581510079659
-0.349249241,-0.25575987,-0.296619052,-0.103365257,5.65358446918921,-0.239246552,-0.317655959,-0.305358355,-0.031931036,5.66970300290394,-0.050441616,-0.352647027,-0.096804717,-0.537896417,4.33100752102518
-0.394751951,-0.343543331,-0.318974418,-0.315405398,5.19050674295451,-0.234364102,-0.167930975,-0.311246396,-0.477108283,5.10186347393042,-0.43234397,-0.296012251,-0.302050576,-0.187531471,5.68757050923357
-0.28365498,-0.262260429,-0.267906331,-0.117287059,5.76620543006388,-0.078830163,-0.184990496,-0.145176056,-0.472655838,5.37291698456606,-0.239311121,-0.292668308,-0.22589831,-0.223887115,4.36071292221118
-0.296492253,-0.276692164,-0.318565142,-0.185017942,4.90112313958796,-0.195395213,-0.296401475,-0.16432487,-0.600906879,5.59867815377276,-0.361362696,-0.394704946,-0.194576797,-0.144742195,4.55074154180743
-0.34439356,-0.29568381,-0.316475585,-0.242583298,4.73393348905461,-0.065142725,-0.196944253,-0.184971867,-0.301868717,4.83491720747609,-0.400256187,-0.34064489,-0.31519967,-0.021032847,4.80037731858098
-0.4866322,-0.214703887,-0.416485714,-0.090543587,5.83658600534438,-0.529418886,-0.352269499,-0.330232722,0.207943160102117,5.18145004075443,-0.405135876,-0.16517904,-0.332545515,-0.316411434,5.47879893217975
-0.396847682,-0.193941829,-0.273893893,-0.055799509,5.06093839456606,-0.468737287,-0.334410726,-0.296224634,-0.26211479,6.21038294081242,0.00861989457121667,-0.165164565,-0.222329344,-0.601569686,4.3076994374538
-0.231382493,-0.185202686,-0.281078994,-0.559739233,5.77603740850974,-0.401628666,-0.248407091,-0.327353236,-0.068000423,4.52776534313746,-0.133627797,-0.312369519,-0.087409376,-0.587066805,4.87755273248407
-0.544038628,-0.389577949,-0.332805635,0.152305423605226,5.68712080316346,-0.196940852,-0.277606279,-0.22742851,-0.557764639,5.69609893837718,-0.295270984,-0.235559757,-0.325617433,-0.101528561,5.90842095780061
-0.174363102,-0.283528239,-0.219837894,-0.226769897,5.77152342582328,-0.086376345,-0.219320591,-0.287845711,-0.237273912,4.09829374194787,-0.322501292,-0.249089447,-0.371458586,-0.156960195,5.08232057764885
-0.256831354,-0.198179274,-0.323249092,-0.092271379,4.67993130040731,-0.277906344,-0.284306705,-0.251904901,-0.092284919,5.44589185862083,-0.208169157,-0.236377491,-0.140369612,-0.392292091,4.4626213857705
-0.334131307,-0.237587086,-0.329065654,-0.259224592,4.68814241111314,-0.205089849,-0.241965264,-0.288345594,-0.33972566,5.34301919516778,-0.584404596,-0.399359818,-0.362793328,0.317643504965337,5.14098686021204
-0.128271536,-0.344721102,-0.108208979,-0.419159855,4.37107291616451,-0.464712188,-0.443314156,-0.261285374,0.0823087626731384,6.01576074668058,-0.028332476,-0.144670013,-0.192028004,-0.773602413,5.35895951208041
-0.245852391,-0.226870725,-0.302029203,-0.334776425,5.13789752993911,-0.320918361,-0.299096669,-0.140507047,-0.084044818,5.48865708883966,-0.266790223,-0.365563957,-0.056950146,-0.313654932,4.70826160102392
-0.574447031,-0.347989383,-0.267895009,-0.018788774,5.59217236552631,-0.119039387,-0.193480845,-0.281430638,-0.487303971,4.84463164399132,-0.129484345,-0.193785767,-0.248497055,-0.439786814,4.68697653192411
-0.483313759,-0.286039878,-0.380509606,-0.218901517,4.65304159716798,-0.320287023,-0.255745633,-0.289550128,-0.045486774,5.88320140915597,-0.400172136,-0.349609573,-0.235982296,0.0274650022088411,5.71355633019022
-0.242004103,-0.232529089,-0.233127948,-0.67725569,4.93716597394475,-0.12962847,-0.268903855,-0.172665273,-0.400721996,5.36286865724564,-0.211891116,-0.292898032,-0.188358085,-0.53065977,5.54457602413645
-0.366479255,-0.26707491,-0.325974802,-0.243819939,6.25927699342766,-0.233519788,-0.2405814,-0.135130874,-0.301364025,5.93028809469725,-0.365113335,-0.26682976,-0.283759381,-0.238024188,5.1672783459627
-0.355289933,-0.279733981,-0.234463733,-0.269550598,5.08286118882574,-0.164082085,-0.121628319,-0.368557808,-0.367898423,5.69274793520998,-0.536534917,-0.227172018,-0.387373955,0.171214643135582,4.97027574423263
-0.389670533,-0.310540592,-0.268198016,-0.192898423,5.25487316124909,-0.234604221,-0.402365886,-0.156884911,-0.207101445,5.01670056119348,-0.374748067,-0.343560814,-0.280942659,-0.136329958,5.1684942588364
-0.527259695,-0.368471009,-0.295632784,0.0831047209297799,5.76273054057815,-0.19193118,-0.159879729,-0.225474041,-0.344903004,5.01253390287137,-0.27488998,-0.310661234,-0.147498554,-0.186186516,4.88080944263182
-0.326102003,-0.332081699,-0.157979244,-0.077532066,4.76441788102263,-0.258979054,-0.230148544,-0.26860024,-0.167275603,5.17996364723239,-0.022005106,-0.203379019,-0.240127296,-0.413266533,4.17087988416044
0.0402939897728726,-0.082256997,-0.273864276,-0.672844117,5.19699353705017,-0.481533892,-0.285694616,-0.28957913,0.115278846611744,5.24394060888376,-0.363040886,-0.276503666,-0.242763194,-0.191392975,4.43107887195828
-0.098582721,-0.174126032,-0.225717004,-0.290148068,3.70250160424037,-0.28432015,-0.225406402,-0.195280203,-0.511774233,4.89803371749109,-0.227252796,-0.300288022,-0.187634922,-0.443195589,5.21930670185883
-0.289061734,-0.3446046,-0.2304997,-0.25979754,5.2564249372973,-0.317698075,-0.38909777,-0.249254421,-0.188030132,4.68640697735072,-0.530931694,-0.363000164,-0.323774456,0.00206764180721371,6.2042738522032
-0.619764175,-0.345327817,-0.391375235,0.129067983934418,5.29520811312848,-0.260319953,-0.194962468,-0.324474747,0.0301508978827764,4.2194245485613,-0.164348196,-0.21401529,-0.273984707,-0.14754085,4.25016689936419
0.104249423174382,-0.231352635,-0.124192082,-0.754133667,4.77944372251824,-0.066808111,-0.219237025,-0.131770129,-0.304450398,4.14780929395963,-0.292174841,-0.345039593,-0.206891246,-0.133538759,4.86889709023523
-0.235985358,-0.316028579,-0.154737452,-0.414177592,5.18864898753953,-0.543828452,-0.347257984,-0.38843984,0.150898365335247,4.78645031351994,-0.190006809,-0.223516986,-0.222599491,-0.278496514,4.92165121893673
-0.368799716,-0.323543569,-0.240462091,-0.046110019,4.82951406773175,-0.360555831,-0.243702626,-0.276574614,0.00980286290531638,5.63974522314346,-0.43829451,-0.287267805,-0.203053432,-0.048333152,5.2407890494969
-0.213193021,-0.281050797,-0.199629537,-0.489177448,5.79828192933862,-0.458464435,-0.331058718,-0.296891995,0.0791127965823076,5.86340934976271,-0.048463234,-0.149171376,-0.085647652,-0.873402854,4.68749662705678
-0.4346934,-0.407332516,-0.262428266,-0.231638907,5.98260362028599,-0.616538709,-0.397062688,-0.344453612,0.511374775511468,4.42181880150483,-0.055956097,-0.219024341,-0.221275959,-0.390723548,5.06395322250989
-0.023301939,-0.253746404,-0.162002147,-0.442942294,4.55505386400468,-0.134023888,-0.114067336,-0.24312021,-0.320399783,5.27987619786986,-0.167466818,-0.227471598,-0.206476323,-0.354342182,4.84337067917238
-0.246947753,-0.239774942,-0.241503116,-0.396792635,5.4239432128521,-0.326223418,-0.294093407,-0.171634465,-0.356291858,5.68392685814879,-0.418444272,-0.350507579,-0.298674654,-0.052451853,4.7818326806647
-0.12419063,-0.229539969,-0.201661857,-1.37343987,6.58000791850038,-0.575321442,-0.337607836,-0.318390969,0.0597247494083416,4.7198358581698,-0.336117781,-0.360637823,-0.115604064,-0.799092728,6.73458850982784
-0.193898369,-0.206944943,-0.289379592,-0.36141918,5.04335218666506,-0.548318642,-0.383052962,-0.322210802,-0.256532892,6.34421072870079,-0.347727153,-0.332921976,-0.222678851,-0.448369563,5.44884211578892
-0.19589597,-0.206905846,-0.331212166,-0.105238167,4.00161168986715,-0.568640807,-0.200198536,-0.52809648,0.0989660971497724,4.750878879,-0.428778389,-0.233137511,-0.294066602,0.153643130913333,5.76677346208285
-0.378479935,-0.229663745,-0.298912201,0.0646931858082095,5.53844077355187,-0.21149614,-0.209833702,-0.221059098,-0.262039232,4.91048023835525,-0.205731232,-0.169757735,-0.208784738,-0.344011931,6.25012064210199
-0.431424801,-0.337671812,-0.244590272,0.0645216843536685,6.02150257985697,-0.46563841,-0.155215686,-0.405745929,-0.319487332,6.94289647542336,-0.226198249,-0.27760699,-0.206203993,-0.293067791,4.87216353086524
-0.336241717,-0.296902878,-0.275359614,-0.158264805,4.43956948982552,0.0708055668756963,-0.04728808,-0.185399211,-1.053264017,5.70573887838611,-0.062672539,-0.194846575,-0.24590779,-0.486709293,4.81273710712322
-0.366347963,-0.187342756,-0.322619986,0.0793956741165649,5.22967427940714,-0.035055056,-0.198284371,-0.15163526,-0.581345093,4.81474644077228,-0.269499927,-0.197505715,-0.289018214,-0.23762494,5.13057416629913
-0.509271131,-0.424575705,-0.247325864,-0.064181885,5.63258557998421,-0.018141459,-0.2318399,-0.165855392,-0.404085698,4.98499353555659,-0.125158872,-0.280113789,-0.15758388,-0.358015815,4.85915762921421
-0.23532529,-0.13335355,-0.348213504,-0.351984939,5.43695655163113,-0.409108592,-0.330045623,-0.241675632,0.220013398560926,5.56553159949984,-0.191216948,-0.193625667,-0.267624953,-0.336416113,5.05227273989874
-0.25838999,-0.235290119,-0.325522864,-0.443585134,5.27023411487944,-0.123915391,-0.274551517,-0.230311577,-0.156299627,5.03999355936338,-0.424119911,-0.248687736,-0.338759501,-0.144861897,5.30149109284706
-0.148566498,-0.212733559,-0.232873673,-0.310002759,4.72869232596589,-0.284739316,-0.259915591,-0.204505991,-0.053151294,4.78699465626354,-0.170692456,-0.265122902,-0.159500497,-0.581486467,4.45489306773642
0.0187047103201524,-0.151510902,-0.185833775,-0.641959377,5.02849205275802,-0.186260433,-0.277445451,-0.228994353,-0.51000025,5.13672887006816,-0.335630787,-0.198212853,-0.316223037,-0.106360304,4.98945852928359
-0.319908704,-0.387139887,-0.139808361,-0.411569704,4.56409864633673,-0.368310567,-0.34270725,-0.270685181,0.0127534915200699,5.87269414425079,-0.391702813,-0.322909562,-0.244604704,0.023257997108375,5.69614641443076
-0.26927703,-0.270285771,-0.279429206,-0.176483781,4.92695659406981,-0.551125566,-0.305438367,-0.353348247,-0.118402529,6.77136938246558,-0.638877548,-0.418965455,-0.474392743,0.572094425676878,4.43358688671573
-0.317516918,-0.332362579,-0.123717927,-0.00331156,4.40624510503119,-0.033916778,-0.181784125,-0.151846159,-0.690151874,4.92563190265074,-0.310582314,-0.253863915,-0.316179,-0.071690383,4.57019416367117
-0.250771525,-0.107224952,-0.320055847,-0.240975755,5.26292185394625,-0.058151865,-0.220166968,-0.17717706,-0.902770312,5.61041256024501,-0.356772938,-0.191261013,-0.31128585,-0.299211893,5.22140583064484
-0.395572738,-0.283514391,-0.329224605,0.0358062739901236,5.05400617642908,-0.303003323,-0.35895454,-0.233677588,-0.576997422,5.05717836113839,-0.170661123,-0.162363027,-0.279074931,-0.364510665,4.79335809880073
-0.145588939,-0.217536492,-0.136511774,-0.524541918,5.89992010958179,-0.037032033,-0.20931993,-0.086697009,-0.659014739,5.55155147887944,-0.313364655,-0.319372347,-0.188138849,-0.1712864,5.40114265937113
-0.274569842,-0.173824827,-0.309612092,-0.569085338,6.0444986427093,-0.170595388,-0.118420968,-0.28873388,-0.48713778,5.01312654862929,-0.25262692,-0.28202032,-0.173360369,-0.148184582,5.04904840807049
-0.187917571,-0.297374373,-0.219182239,-0.425779561,6.10913160680358,-0.387964152,-0.193878003,-0.326092908,0.0476917747009274,5.32451418072081,-0.005306193,-0.073342466,-0.229862099,-0.759585152,5.57106457455198
-0.395259803,-0.268558156,-0.299624136,-0.301590886,5.54153781224095,-0.261360608,-0.355282939,-0.139057265,-0.188681897,5.15393961448357,-0.170421072,-0.234650775,-0.246538486,-0.188717132,5.23024206129201
-0.275645418,-0.335494489,-0.23673538,-0.051966336,5.14881689178529,-0.125919239,-0.171175129,-0.26198157,-0.390748476,4.74032725176271,0.105327718947951,-0.17567632,-0.18492786,-0.558431935,4.60614559933271
-0.344476326,-0.216132059,-0.399379213,0.0757095008338086,4.99168185977353,-0.42037333,-0.419732588,-0.179796192,-0.188796877,5.56754640911711,-0.185330798,-0.147406485,-0.198761796,-0.29298656,4.44363281139055
-0.507664187,-0.260657844,-0.339097401,0.149788735868357,4.93737150215199,-0.221636923,-0.200181586,-0.284688045,-0.384475767,4.88203986414146,-0.103396438,-0.16227458,-0.217958653,-0.487408993,5.59267742227778
-0.380391272,-0.234939223,-0.320183633,-0.14559382,5.19999925244741,-0.35493372,-0.271019772,-0.300449022,0.0126234366004631,5.73475540186233,-0.342247625,-0.144308312,-0.408220025,-0.14606278,6.31208958051118
-0.470004566,-0.205022388,-0.315559746,0.244166477090002,4.58531145237683,-0.628015167,-0.369082761,-0.389231885,0.0994345711135011,5.5377900304404,-0.363182996,-0.208726972,-0.277298114,-0.081584659,5.16436286460101
-0.381758559,-0.337086794,-0.276722848,0.0457117723942438,4.43261641245153,-0.533608301,-0.280164916,-0.467264734,0.385171466552281,4.89233461744411,-0.190944929,-0.164038007,-0.329707255,-0.155181419,4.92620837263344
-0.348475845,-0.240013596,-0.321030611,0.143351404355207,5.17511572456113,-0.370459232,-0.18026104,-0.309370617,0.0281466200807456,6.02574056075192,-0.221506993,-0.275588023,-0.252526367,-0.364229568,4.82674818957676
-0.219239899,-0.125482391,-0.37491488,-0.492173449,6.69085820913349,-0.346920285,-0.270187086,-0.394154712,0.257271404333797,4.55797488580895,-0.147120192,-0.211432167,-0.192114953,-0.412775024,4.63179696770658
-0.587200529,-0.431994486,-0.236770922,0.107940741236086,6.06566693150669,-0.325698876,-0.285025674,-0.327120201,0.0521839308001883,5.04291084283014,-0.414413932,-0.296368502,-0.273098803,-0.019482502,4.75663962318027
-0.131414887,-0.199850044,-0.255284358,-0.350136741,4.97343238510957,-0.277127184,-0.237732391,-0.293083874,-0.471185728,5.08006727183783,-0.285870499,-0.196113339,-0.30592937,-0.288055561,5.37204335106225
-0.051013859,-0.214610822,-0.113533749,-0.593313523,4.8142784468188,-0.327520517,-0.309708608,-0.201793299,0.0240247722732771,5.31190741452987,-0.363664615,-0.348869992,-0.271277159,0.0361629759084651,5.14176726586131
-0.321622985,-0.292910341,-0.309173722,0.140328618409232,4.06081359499126,-0.388951972,-0.284304127,-0.339438781,-0.176423809,5.23575908544159,-0.09892743,-0.252582587,-0.240759274,-0.501034509,5.25689075932357
-0.046585377,-0.226848625,-0.204590978,-0.309444993,5.10219404535553,-0.268515472,-0.285751293,-0.239351214,-0.502628672,5.74610176683516,-0.125549899,-0.296225451,-0.11091378,-0.184625811,4.35684279399671
-0.243110627,-0.281655923,-0.243887407,0.141218817852032,4.75667374659544,0.0181942362879925,-0.135064365,-0.215752024,-0.552821396,5.03524453851107,-0.356443562,-0.306177426,-0.302154052,-0.626326165,6.73909739824834
-0.428531827,-0.335747661,-0.250213424,0.0448012398472389,6.33286863327571,-0.476836791,-0.388327396,-0.260779422,0.279564983112733,5.3168628865089,-0.176360793,-0.243184613,-0.236910938,-0.441422866,5.48856603103029
-0.265344574,-0.313599353,-0.174761823,-0.250541633,5.01270194083994,-0.414070896,-0.371056514,-0.160621571,-0.16682659,6.50836273370584,-0.201316587,-0.215449126,-0.316323046,-0.089634322,4.41131017086535
-0.211726487,-0.243069914,-0.22348393,-0.423898208,5.07043643171443,-0.372370682,-0.234773767,-0.282231933,-0.214246234,5.370154477,-0.546035941,-0.345937033,-0.251423512,0.0356320963363922,5.56984913541375
-0.250618138,-0.182879441,-0.308510014,-0.644968829,5.81792216467898,-0.094128314,-0.146655742,-0.200706568,-0.529586617,5.36120091246618,-0.107234096,-0.178914983,-0.181979507,-0.813561963,5.22731343136402
-0.033879979,-0.211227959,-0.140703619,-0.775590811,5.30123765263303,-0.407613857,-0.315929562,-0.285820353,0.0524919743269144,5.70797913563696,-0.178364016,-0.018451247,-0.295407595,-0.935733336,5.4596405162813
-0.154304745,-0.17718687,-0.178327762,-0.699172563,5.1464657272542,-0.432061802,-0.368419155,-0.374095371,-0.007892098,5.44189333602714,-0.40116049,-0.198155142,-0.275186373,-0.180781818,5.73106912123533
-0.389687258,-0.306214842,-0.132853358,-0.363364738,5.85923537547897,-0.435034087,-0.312504156,-0.371283112,0.284466330251612,4.25325236103671,-0.297806032,-0.205528527,-0.159016181,-0.486599024,5.52283907538494
-0.251045105,-0.191068049,-0.247474,-0.478569708,6.1939699110186,-0.456007128,-0.35843223,-0.330514884,0.385094769175474,5.34106261891714,-0.37865233,-0.171575093,-0.363763112,-0.08855682,4.67530078973966
-0.714552794,-0.378687258,-0.445584956,0.326982255528088,5.73102771864943,-0.318750068,-0.294847841,-0.184210888,-0.032660188,5.64444865801706,-0.08627879,-0.207343398,-0.279588955,-0.174465903,3.96832820975847
-0.284717217,-0.327979374,-0.214394352,-0.259945022,5.16128811591614,0.0102677277654076,-0.194786384,-0.139756064,-0.35044044,4.50812268831772,-0.214463183,-0.342866917,-0.184114559,-0.305153197,5.86949483753313
-0.362259214,-0.294373861,-0.323810396,0.0541921635203446,5.44389311798058,-0.300762443,-0.279430466,-0.301638892,-0.164996622,4.82755271,-0.071645754,-0.262781802,-0.201576817,-0.36404505,4.50601092140647
-0.583095164,-0.383003632,-0.286173154,0.190569851593132,5.73650006604203,0.167551601319142,-0.218842637,-0.138840399,-1.081905197,4.90863257948613,-0.443108585,-0.449446502,-0.072460173,0.059153579844621,5.28119745433759
-0.256216027,-0.171309638,-0.379946341,-0.275817043,5.28074966439493,-0.266005446,-0.228194302,-0.265570107,-0.43237815,5.83166212747938,-0.15967162,-0.152293913,-0.250362946,-0.384224086,5.17801219275777
0.0555468225001548,-0.096144407,-0.191347901,-0.704017598,4.18248800895135,-0.259178195,-0.319891885,-0.198136439,-0.075587209,4.44247011596738,-0.21953689,-0.160924656,-0.274337269,-0.253204097,5.12143779208487
-0.005859956,-0.196113593,-0.166173677,-0.305837698,3.34375614379123,0.0255212185113253,-0.157926003,-0.168744699,-0.484096298,4.83550153,-0.246134438,-0.231888115,-0.242783934,-0.341282871,4.71589374913235
-0.316166125,-0.272959258,-0.202363051,-0.50127925,6.46815840667907,-0.373599769,-0.166244919,-0.4452429,-0.226820677,4.86408792723456,-0.243599865,-0.299563208,-0.298347926,-0.01418215,4.70551417080717
0.0771224441019741,-0.195480838,-0.14530119,-0.755235812,5.0970985755068,0.0304197183129096,-0.190411655,-0.129560906,-0.65541928,4.65214732576248,-0.10385517,-0.210234066,-0.246883606,-0.36582133,4.48660074725955
-0.231917684,-0.223379942,-0.299126117,-0.279102733,5.03426861490559,-0.420686936,-0.264073903,-0.401379851,-0.687961098,6.39666005129339,-0.210489806,-0.200790581,-0.209456831,-0.202143665,4.44261707280347
-0.315727412,-0.214762124,-0.309328298,-0.238228494,4.48958874574029,-0.134305755,-0.188833566,-0.241687984,-0.370960607,4.47971977697862,-0.143775429,-0.206160244,-0.261864945,0.0775253408430427,4.631524615
-0.313661698,-0.282324706,-0.225723985,-0.52964205,5.5777129029874,-0.129696051,-0.190422787,-0.166944031,-0.516600275,5.36615492980562,-0.035792633,-0.216178245,-0.168819643,-0.15835262,4.15891030805015
-0.069381488,-0.214033995,-0.222601196,-0.185730725,4.15590420574524,-0.238126037,-0.21301573,-0.316629801,-0.162142441,4.7236454201672,-0.224859769,-0.275536845,-0.266869444,-0.009165591,4.46707624891531
-0.226208796,-0.266843142,-0.215243833,-0.164984498,4.61241031135236,-0.232437085,-0.215012747,-0.261070635,-0.346915208,4.64785224951804,-0.100197346,-0.10067298,-0.189767621,-0.436623179,4.88024944256481
-0.154724814,-0.202762201,-0.137489631,-0.384980691,5.29610385448391,-0.281464313,-0.259463528,-0.219899147,-0.112129185,4.83203230804372,-0.203774186,-0.271495982,-0.241246151,-0.356528076,4.57509848849212
-0.290504659,-0.323532796,-0.282533031,-0.091978807,4.28220859039935,-0.559691442,-0.327202233,-0.250221824,0.36220009981111,5.36082898865033,-0.223692647,-0.228601319,-0.22818653,-0.478827058,4.65288352044254
-0.48403947,-0.287965243,-0.340035656,-0.093019496,5.57515507890999,-0.313673039,-0.375099836,-0.261285165,0.136131319849891,4.33378530806275,-0.102248084,-0.239244133,-0.1862654,-0.435365283,4.27004838694004
-0.299444897,-0.351579387,-0.228658369,-0.361765246,5.3155708895139,-0.482107751,-0.459545985,-0.213934059,0.112205908785665,4.67538410072312,-0.206839978,-0.277210452,-0.197333995,-0.375298971,5.16076446614069
-0.233603804,-0.327517388,-0.172450701,-0.23067833,4.80790147408298,-0.150644915,-0.251447975,-0.172123424,-0.355969585,4.89993008560334,0.022778713591186,-0.112573353,-0.215814578,-0.543982599,4.21601529706219
-0.447053716,-0.359512535,-0.256070861,0.193247687583789,5.34320347220357,-0.01003387,-0.159215251,-0.131034953,-0.380018771,4.25091519827514,-0.651376075,-0.443915233,-0.314161609,-0.151178614,5.45199149964333
-0.333791405,-0.273129381,-0.317230594,-0.144618392,5.46836350901161,-0.127377841,-0.198501188,-0.243526192,-0.773634144,4.94881588039912,-0.29701773,-0.212725074,-0.226999424,-0.041020796,5.27313102862993
-0.347234268,-0.301695804,-0.280276674,-0.033061842,5.59687065258985,-0.171782645,-0.132142007,-0.30363267,-0.277106444,4.97652830722428,-0.015583528,-0.117764961,-0.242374172,-0.462917276,4.3918699188815
-0.27864598,-0.289054775,-0.223724555,-0.204114439,4.92258282442162,-0.388727065,-0.287216624,-0.226303192,-0.087815666,5.72174770329607,-0.173606098,-0.248130249,-0.229574442,-0.337409226,5.24384093751103
-0.042727791,-0.20833263,-0.122904059,-0.557002684,4.4030554812435,-0.38714595,-0.397506502,-0.220946305,-0.138317479,4.7219560230465,-0.231032039,-0.193546861,-0.266196583,-0.298666262,5.113684029
-0.156778643,-0.302821229,-0.122594107,-0.516721978,5.17189208970128,-0.498667513,-0.347316832,-0.294111168,0.29581307363975,4.61081053334666,-0.287303051,-0.318712993,-0.282970616,0.277259095737766,4.15505088108705
-0.296913589,-0.296514754,-0.312543497,0.0184450058610287,4.79353067804047,-0.328713643,-0.298085685,-0.291117798,0.0124649051806626,4.70346170076473,-0.06807392,-0.246063105,-0.140546737,-0.437565085,4.90715709734629
-0.054650217,-0.197788266,-0.137902178,-0.716103619,5.75849715873226,-0.585093303,-0.2353251,-0.415146196,0.181438140837431,5.29286128357488,-0.386919777,-0.258472999,-0.313283601,-0.001760801,4.76654857119519
-0.492178503,-0.34633379,-0.329230132,0.0122587404566508,5.51611198056136,-0.331942486,-0.284538195,-0.289374374,-0.191616224,7.19832282631996,-0.536415941,-0.289156932,-0.402967455,0.205762431184997,5.28865216198618
-0.196236773,-0.165914546,-0.320544859,-0.015083591,4.60234720639145,-0.362902363,-0.243461908,-0.237420525,-0.144934041,5.52898612361408,-0.139282788,-0.176491408,-0.208635757,-0.568760197,5.53077318926092
-0.23755693,-0.15999836,-0.301630922,-0.372344626,6.19734952872631,-0.497346131,-0.31251818,-0.311514502,0.337212567900331,5.18940420561625,-0.428657184,-0.283317623,-0.330410125,0.090200429383541,5.63496916394265
-0.320077357,-0.35122064,-0.164799787,-0.379680343,5.34059057742474,-0.355606191,-0.25230053,-0.24390438,-0.135876333,6.19411904807183,-0.033861595,-0.045604666,-0.254681142,-0.661394479,5.49284199665585
0.0125066634533072,-0.332815974,-0.089754505,-0.65329865,5.61411956219184,-0.084455421,-0.215025455,-0.158274697,-0.679387422,4.97780996326808,-0.475325511,-0.340886377,-0.374069923,0.164435019985064,4.51919743976964
-0.229826113,-0.218479191,-0.261274156,-0.38025515,5.50118341246566,-0.371631359,-0.340424788,-0.30814451,-0.092816435,6.20976931731806,-0.164740821,-0.252930021,-0.216123736,-0.417506548,4.90070494423733
-0.311084425,-0.230685399,-0.354521187,-0.262532795,5.04115462622018,-0.348857957,-0.291620708,-0.258595851,-0.128895903,6.16165902835748,-0.529660271,-0.375450085,-0.358639251,0.03843361212099,4.61669592909152
-0.01473246,-0.163608664,-0.253412818,-0.28469686,5.48476326990417,-0.472909524,-0.334896955,-0.287456749,-0.081986148,5.70623572429061,-0.192702085,-0.224065037,-0.189572159,-0.87191084,5.40781596797693
-0.311808854,-0.208762515,-0.205874522,-0.260654885,5.58295628903843,0.0473208490988019,-0.158831121,-0.161810745,-0.854015226,4.55364090408501,-0.028048739,-0.237315744,-0.158573285,-0.333590926,4.36979448966577
-0.121533201,-0.196982213,-0.217673211,-0.550435331,5.93581833917398,-0.164412167,-0.213073981,-0.28993591,-0.416054423,5.2816618011964,-0.332729014,-0.243567019,-0.22568321,-0.280952917,5.59953137990644
-0.142530344,-0.177257983,-0.197513254,-0.602458775,4.82571422945253,-0.348480132,-0.289437991,-0.205326122,-0.164659749,5.34449723448056,-0.37509747,-0.323215952,-0.267530454,0.0728717143452009,4.61220964342091
-0.182180511,-0.265894519,-0.184561166,-0.346363389,4.20344961854836,-0.35232213,-0.225910836,-0.279204442,-0.29364901,6.04854098937929,-0.161166033,-0.126093333,-0.274890507,-0.315870996,4.68132234045124
-0.190581804,-0.221369119,-0.210637131,-0.643303796,4.96888016288323,-0.30133841,-0.327104892,-0.237533568,-0.10977721,6.03230882120899,-0.106205891,-0.212253467,-0.225540907,-0.608343926,5.98858722757793
-0.153723968,-0.188186323,-0.286459864,-0.380487905,4.60401057206115,-0.213915326,-0.19210852,-0.279689868,-0.063726411,4.55979776529625,-0.319700062,-0.231524294,-0.301568637,-0.112907859,5.54530638393216
-0.273062725,-0.410826738,-0.15625126,-0.058117043,5.13999465931104,-0.406945093,-0.261125154,-0.344653207,-0.121439411,5.18766950648603,-0.273011937,-0.341455627,-0.227326449,-0.156118413,4.76104600931138
-0.206059986,-0.432684708,-0.201851576,-0.34427654,4.03044413012246,-0.223124665,-0.228251846,-0.320752401,-0.084473344,4.39985574624001,-0.224214713,-0.307900043,-0.231196778,-0.175294917,4.95423463598007
-0.356271879,-0.223075624,-0.28394381,0.14061031846447,4.56970191105287,-0.662396195,-0.423537098,-0.36154436,-0.003770982,5.85687616130204,-0.070098091,-0.207272124,-0.187318853,-0.375096242,4.56217841100647
-0.090874343,-0.205518109,-0.257230177,-0.257024767,4.45798219537483,0.0857335378375125,-0.009150024,-0.222359222,-1.04298641,5.15691121520669,-0.310748762,-0.326942063,-0.22194464,-0.345514418,5.07697125803629
-0.504051768,-0.352171546,-0.31908344,-0.332648169,6.16060925210667,-0.267007163,-0.228891568,-0.241383656,-0.418370133,5.10793426013768,-0.187157258,-0.297585968,-0.238142544,-0.084555332,4.33026473220863
-0.702132875,-0.343929037,-0.481270714,0.215387481614052,4.87646855114675,-0.009512073,-0.133001689,-0.286279146,-0.703261389,5.07410230399518,-0.246124451,-0.160233114,-0.277094208,-0.345566111,5.28945032437195
-0.029110424,-0.189790112,-0.194501879,-0.401742268,4.97802176164942,-0.190935569,-0.299813587,-0.211633632,-0.140325039,4.76858540630958,-0.107473311,-0.278256871,-0.237469529,-0.082721534,3.76731242694182
-0.210509409,-0.208996901,-0.220134754,-0.557910982,5.42974985817898,-0.137120065,-0.232175342,-0.246350632,-0.254137951,5.24755770407495,-0.416444648,-0.266609056,-0.274246403,-0.207668625,5.95382449576964
-0.042298413,-0.189349075,-0.192723477,-0.645609868,4.56811186700122,0.0312397342236792,-0.294900001,0.0184086924230062,-0.530621922,4.40326192905024,0.132598192811931,-0.188063911,-0.154249416,-0.664168877,4.38113890914974
-0.254789006,-0.219848771,-0.321431393,-0.353966451,5.42484467420172,-0.195200728,-0.22820754,-0.173681762,-0.801077921,6.32084027012547,-0.580067519,-0.328463435,-0.335931297,-0.279528879,6.65278063803176
-0.393292952,-0.281208152,-0.159064451,-0.356344119,5.86763054169813,-0.150333281,-0.154199591,-0.274129392,-0.194398594,5.19885842355898,-0.642570208,-0.426809901,-0.237203051,0.42220343654139,5.40797952453268
-0.321930544,-0.358096481,-0.135726032,-0.287856714,5.83668614021744,-0.333663725,-0.372377527,-0.220670151,0.143289417557879,4.49840417261028,-0.050091258,-0.260204066,-0.162316962,-0.328719373,4.52461213085708
-0.347852484,-0.341584519,-0.298939494,-0.110880097,3.95893649449251,-0.265808981,-0.255313592,-0.255101079,-0.452609682,6.57520196598288,0.0276508122309341,-0.170695459,-0.140860137,-0.584065014,5.04431236781558
-0.22935077,-0.273846416,-0.231775636,-0.122808605,5.50322264130879,-0.389639477,-0.216100496,-0.336398053,-0.230672361,6.36584684569457,-0.184860491,-0.249916985,-0.228864253,-0.562931024,4.84954888099349
-0.406978004,-0.166775454,-0.442643496,-0.076962062,5.70170523300473,-0.041152837,-0.099260552,-0.262482827,-0.814337561,5.09291179329737,-0.153406703,-0.127890355,-0.252203133,-0.589844022,6.36231200393915
-0.236097162,-0.265010479,-0.271425741,-0.264606441,4.45948098095304,-0.165977144,-0.203945098,-0.306649423,-0.272041953,4.20801428922515,-0.190828689,-0.15808452,-0.248267849,-0.407851017,4.47947031795637
-0.43069734,-0.311090683,-0.229712158,-0.110849076,5.07726589213274,-0.298386347,-0.20074577,-0.35069969,-0.16143564,4.63675311158929,-0.027566916,-0.10146356,-0.179500345,-0.698896785,5.39762682483171
-0.308525665,-0.337572977,-0.146225896,-0.321722667,5.30729823609295,-0.329281615,-0.295043573,-0.276686777,0.0774867094638687,5.33840177924584,-0.231428802,-0.269356958,-0.109892041,-0.381823065,6.09690877588027
-0.372005386,-0.352376729,-0.198904637,-0.018225738,4.37394740483968,-0.150921128,-0.233358752,-0.278817117,-0.190571689,4.93093426159777,-0.191789667,-0.190761264,-0.265525307,-0.266872015,5.69054314344019
-0.655829354,-0.478998912,-0.349925828,0.499677150189537,5.07750168762792,0.0377761192541745,-0.212954972,-0.128574554,-0.712921551,5.25261879445726,-0.02549124,-0.120550907,-0.282738371,-0.494504605,4.94915240893524
-0.280366774,-0.223667555,-0.328101404,-0.17046637,5.55811514897028,-0.21736142,-0.173392088,-0.261944619,-0.297208272,5.56503386046432,-0.4034797,-0.273091697,-0.276260742,-0.10551914,5.76356624126489
-0.544406528,-0.257073954,-0.358372179,0.131425164432049,4.76089457291901,-0.142400834,-0.146653171,-0.264874033,-0.221971321,4.28294939846098,-0.531280509,-0.378277537,-0.317470469,0.0488389593511973,4.40024008215947
-0.423178941,-0.269687754,-0.355516204,0.200308772984902,5.07565165221844,-0.12004674,-0.159832717,-0.088861006,-0.890919518,5.9275440694646,-0.26400615,-0.278315141,-0.319517486,-0.166208901,5.12850316213004
-0.369468046,-0.355843376,-0.134932027,-0.183089874,5.17667362649658,-0.182157111,-0.16258133,-0.171965228,-0.442746112,5.41797382888138,-0.34552008,-0.296077634,-0.253829706,-0.004557361,4.30851287157828
-0.131160112,-0.154452661,-0.342396564,-0.401161244,5.01762265052391,-0.295723066,-0.367181073,-0.320543818,0.274249351169705,3.94454487606173,-0.299036331,-0.179328791,-0.231489191,-0.340339411,5.7190747859337
-0.020803194,-0.233342047,-0.175536159,-0.272663603,4.7620627460209,-0.124104205,-0.221170884,-0.233953216,-0.248300301,4.80597427373095,-0.271899852,-0.183465864,-0.260263686,-0.074968993,4.88803462414124
-0.329124531,-0.238323107,-0.335541335,-0.103456502,4.48356749904551,-0.301857141,-0.403305883,-0.151577768,-0.212122829,5.48097222240659,-0.040972632,-0.216575434,-0.193196414,-0.37762671,4.30334997535106
-0.214310159,-0.167506184,-0.319525117,-0.521769036,5.58677345907554,-0.337081701,-0.194294002,-0.291035953,0.0695203322881585,4.41884098283984,-0.135578464,-0.211089221,-0.238656962,-0.509397881,5.01895322106717
-0.405405438,-0.300219401,-0.309516131,0.327532199593923,4.9618212837177,-0.338334967,-0.264870424,-0.235275466,-0.163232421,5.70763301441162,-0.282395323,-0.261964583,-0.219683067,-0.41439813,5.88838898332319
-0.051902061,-0.219304476,-0.119213422,-0.246385589,4.06377989292674,-0.384220372,-0.276407905,-0.217754346,0.0427508982346885,5.78934904997632,-0.359339391,-0.248093041,-0.268984217,0.060870400324248,5.15183928296485
-0.087225651,-0.201501415,-0.269170848,-0.331974848,4.0307227157967,-0.049551589,-0.170393044,-0.245099239,-0.585309143,5.15549313547247,-0.205480388,-0.194734496,-0.301332092,-0.127029699,4.15047647267986
-0.729976614,-0.320087458,-0.511878004,0.489417248607253,4.61365361710991,-0.30759383,-0.311126038,-0.238945075,-0.308326876,5.51734364399731,-0.133086185,-0.173651983,-0.273689901,-0.202783952,4.51013966704807
-0.287114258,-0.241101462,-0.345697528,-0.245096316,5.33307307392591,-0.219108174,-0.171140412,-0.29306682,-0.325518481,5.36056560109385,-0.342499258,-0.352818212,-0.161952623,-0.377032544,6.54177256249792
-0.292104581,-0.279684185,-0.261066243,-0.949974542,6.87999260847281,-0.000958447,-0.130139711,-0.161758389,-0.560045284,4.49925680501302,-0.256345717,-0.225131396,-0.249967912,-0.372863184,5.97156141329659
-0.180249665,-0.189706705,-0.194267998,-0.512947351,4.94374393599829,-0.2160196,-0.172441182,-0.363217865,-0.117532773,4.65450027600412,-0.106923741,-0.201242647,-0.214483192,-0.7163163,4.87493933727359
-0.192660856,-0.237801769,-0.204063789,-0.253068446,4.53684216076114,-0.242337514,-0.192755017,-0.206842518,0.0595758974980245,5.62552555103093,-0.058645609,-0.122361861,-0.180297861,-0.649609933,5.36534418111428
-0.017618382,-0.260681872,-0.105118556,-0.500266531,4.91031744292236,-0.053106523,-0.046151055,-0.240249978,-0.66084238,5.15451363250965,-0.320046036,-0.209111941,-0.265456068,-0.499248949,5.23354585076368
-0.341418152,-0.226010474,-0.273246217,-0.101394429,4.81316046219875,-0.085254612,-0.19681084,-0.219876199,-0.504786433,4.77733998551466,-0.205481503,-0.241559932,-0.242352356,-0.30561079,4.53137254814392
-0.108871357,-0.207032053,-0.284490702,-0.609026589,4.2237911732905,-0.110469186,-0.294662447,-0.205327768,0.027645693178902,3.97459449982414,-0.664599237,-0.329971557,-0.427458088,0.378350097121266,5.04889777814293
-0.232097607,-0.285820788,-0.198432647,-0.025661039,4.50915239219219,-0.340065023,-0.252080769,-0.286390091,0.0304976454940333,4.40753057627732,-0.107385851,-0.121751682,-0.292121007,-0.270054649,4.33834435846011
-0.412005164,-0.226986405,-0.343302881,-0.095956701,4.61271258852286,-0.264382367,-0.322840157,-0.187102543,-0.084875237,5.26314339177776,-0.155401148,-0.264381161,-0.25015163,-0.514447813,4.38183399599596
-0.048183186,-0.194645852,-0.118416303,-0.212045901,4.45634365214122,-0.15517433,-0.266851397,-0.205891543,-0.235674344,5.15145666387938,-0.180025397,-0.248824554,-0.170481561,-0.319790777,5.14985157370962
-0.239185388,-0.242083675,-0.230838495,-0.317182876,4.75566554658805,-0.130278006,-0.169783964,-0.229584486,-0.542673168,5.60161481105499,-0.281438638,-0.335644039,-0.254229053,-0.412710406,4.70509106776542
-0.334294184,-0.332580961,-0.184312603,-0.088320697,4.92701099686349,-0.486780487,-0.268389907,-0.390627684,0.200452929363517,5.43075749487689,-0.273441207,-0.291918317,-0.286913567,0.00652236517229249,5.0865311983777
-0.203717,-0.219465072,-0.234135296,-0.466737005,5.2076251670387,-0.413030264,-0.333164206,-0.272673617,0.00130719206980216,6.07537304956853,-0.247531939,-0.236453126,-0.148373007,-0.419727721,5.08323502788752
-0.088257374,-0.279686583,-0.088757664,-0.591795429,4.77192720905588,-0.336584992,-0.263546841,-0.401976601,-0.434632032,4.75269345347056,-0.167976126,-0.19323396,-0.207926265,-0.719549303,5.7226491817342
-0.160059587,-0.244409037,-0.148963458,-0.537962013,5.25736229295933,-0.518250907,-0.348484016,-0.343232937,0.254951830801783,5.31854506847771,-0.265559312,-0.196663162,-0.163477901,-0.406279608,6.22407540175663
-0.135470424,-0.151674678,-0.315075192,-0.323897903,6.18854053568231,-0.080621136,-0.238757439,-0.25239531,-0.217284966,5.12145419541299,-0.180162978,-0.238873763,-0.169137511,-0.552013683,5.36526835765704
0.0437799390899625,-0.146816795,-0.248882879,-0.930125579,4.96860174145586,-0.417874589,-0.208989251,-0.377625729,-0.067516369,5.55268519990761,-0.224062788,-0.165049617,-0.278350621,-0.264125837,3.86974609866269
-0.094256783,-0.167006355,-0.220101205,-0.591877536,5.19687650337276,-0.218176603,-0.368980919,-0.207384324,-0.201751945,4.66366808795047,-0.572257314,-0.428969419,-0.275829443,0.123181531517207,4.54058579003909
-0.275610025,-0.296870728,-0.179652961,-0.153921154,6.06137202258318,-0.25868341,-0.263438861,-0.155090516,-0.41338576,4.52047029360819,-0.137290601,-0.193339257,-0.32210453,-0.332898287,5.06213685472862
-0.330870337,-0.281634138,-0.31342295,-0.052197545,4.8230291857602,-0.35687041,-0.300762617,-0.177580169,-0.469397828,5.2946171893135,-0.193683584,-0.227295713,-0.18864156,-0.312633082,4.7044784252173
-0.068669686,-0.202571064,-0.255195351,-0.400168349,4.29099729312482,-0.120282472,-0.239941272,-0.316533044,-0.446827912,4.69129977403289,-0.35615634,-0.266693433,-0.232357745,-0.103567322,5.98890851900985
-0.235306703,-0.19736003,-0.411051939,-0.17902678,4.52672730547752,-0.433700875,-0.238205748,-0.363747556,0.15032762386673,5.74717690687963,-0.153364927,-0.305139931,-0.267126951,-0.311577818,5.46062770588937
-0.16885352,-0.220644738,-0.250419163,-0.217509201,4.8834980460732,-0.335251488,-0.237325591,-0.250958381,-0.295421303,5.66260200583371,-0.315253428,-0.248177641,-0.33352322,-0.720544488,5.48310944922419
-0.558955858,-0.39864947,-0.380783865,0.189465977592783,5.84110176068856,-0.379709606,-0.229843315,-0.311229045,0.2417762658696,5.27963662156307,-0.301128168,-0.346083242,-0.129663261,-0.243286308,5.13012678088218
-0.501226146,-0.271693688,-0.291833532,-0.044089775,5.44147066170713,-0.236466508,-0.236853725,-0.206993364,-0.513949989,5.78417785176143,-0.293253769,-0.230735063,-0.262866923,-0.051691444,4.71544059283116
-0.272494669,-0.214463456,-0.327357852,-0.167250843,4.60123143383352,-0.375244955,-0.225013894,-0.403486918,0.0366902473716806,4.89581001018126,-0.207048957,-0.289838416,-0.159039976,-0.655445827,5.16039040905934
-0.238605318,-0.359519257,-0.246563219,-0.344154326,4.7279980868189,-0.226383108,-0.173842158,-0.314174038,-0.233416136,4.56304565931182,-0.036281774,-0.158320849,-0.245944029,-0.450659394,4.50359121203387
-0.272330264,-0.126413785,-0.349295433,-0.032668219,5.27955251987642,-0.101836472,-0.140705193,-0.249228937,-0.492126116,4.72999588926652,-0.148831939,-0.151552992,-0.224565263,-0.351098735,5.32062851036564
-0.459639912,-0.323627944,-0.249208039,-0.070698822,5.20152008236449,-0.467815073,-0.32420261,-0.364241881,0.0420158144022695,5.31829237760288,-0.262788565,-0.218168713,-0.33906867,0.026896833967752,4.71487981417614
-0.171301651,-0.277844098,-0.253224863,-0.337372553,4.34551360464274,-0.431063971,-0.376324144,-0.259152654,-0.286529759,6.12209260186317,-0.065348841,-0.250538521,-0.066294906,-0.808494792,5.05395138581581
-0.187204254,-0.255360321,-0.185570543,-0.337669811,5.93720849464445,-0.43442832,-0.326750373,-0.284102079,0.160101798635567,5.61984229895362,-0.330399949,-0.277425224,-0.212337077,-0.479975215,5.08892744079586
-0.19394449,-0.215253095,-0.256104116,-0.133322634,4.55260201291169,-0.238814083,-0.325774949,-0.172791825,-0.14577566,4.00122902181428,0.0219690681959612,-0.155309496,-0.275385024,-0.581276886,4.377665555
-0.379019981,-0.405150811,-0.205015068,-0.047780492,4.6683024996924,-0.530102103,-0.296640078,-0.430415608,0.295414250789659,4.53409160113173,0.0829480530287522,-0.217107568,-0.171661273,-0.512864413,5.16943707752874
-0.07617076,-0.219511201,-0.198192204,-0.626420323,5.59261719383013,-0.179522795,-0.115022395,-0.28985259,-0.560525179,5.71091132100667,-0.204837045,-0.238534779,-0.205532068,-0.145319486,5.09815874127098
-0.015837014,-0.204968767,-0.158147581,-0.784130642,5.41953520854133,-0.057565108,-0.111854079,-0.218794923,-0.658137413,4.68177477408817,-0.350322901,-0.226280085,-0.292203663,-0.37186787,4.91217502893589
-0.460300088,-0.341974503,-0.272997753,0.0307361733904151,4.75488480148665,0.0161284590621289,-0.200809223,-0.043319929,-0.838734448,4.65698091282847,-0.277780364,-0.183417209,-0.340335048,-0.352066823,5.41460369721951
-0.250268485,-0.193033584,-0.20786543,-0.334345374,4.66913183683977,-0.078006387,-0.143006409,-0.259074595,-0.59282632,5.18361057393978,-0.4078518,-0.31118872,-0.296632068,-0.295323455,5.06577174832591
-0.161261867,-0.269164318,-0.227090563,-0.301382631,4.20870094462505,-0.449073079,-0.289364269,-0.306816496,-0.168413373,5.54531809881818,-0.218514363,-0.173082572,-0.220940407,-0.351670753,5.87142146342576
-0.465863654,-0.400418783,-0.201038658,-0.14201248,5.19250787376708,-0.364028211,-0.296557809,-0.356803494,-0.092253003,5.04954901853682,-0.378514374,-0.200426595,-0.34333072,-0.057909853,5.32972741322557
-0.11012329,-0.240506683,-0.171058099,-0.636478108,4.93472688623483,-0.115264172,-0.260717117,-0.082862108,-0.543695262,4.92392055161806,-0.272152971,-0.318830325,-0.221934249,-0.428673911,6.20006184551738
-0.671688064,-0.383774369,-0.371307705,0.103411718520527,5.45909114205035,-0.342500164,-0.200594093,-0.403478864,-0.344649655,4.7488858374558,-0.332226036,-0.260523412,-0.175514573,-0.37886107,5.46904812622438
-0.129871897,-0.152283844,-0.216274131,-0.60855596,5.85121363524527,-0.401289915,-0.28539979,-0.351285922,-0.282385228,4.68924044753867,-0.352899158,-0.260619687,-0.227357439,-0.529595857,5.70627927948848
-0.251884518,-0.23847798,-0.242803265,-0.435209287,5.01286695049719,-0.141559524,-0.23025965,-0.196518703,-0.385461699,5.61279058003462,-0.181873818,-0.232975732,-0.258907837,-0.433837786,4.91835949731379
-0.235628377,-0.306143076,-0.216242977,-0.199812597,5.03348820115589,-0.329075068,-0.217989796,-0.330484359,-0.110351691,5.56526301935723,-0.161837885,-0.226453889,-0.203973799,-0.031736637,4.48482532572021
-0.461257436,-0.242436768,-0.440895611,-0.164550413,4.65424472613746,-0.16332253,-0.175619856,-0.239042197,-0.263343767,5.17534746067678,-0.415817755,-0.266180443,-0.291293293,-0.291836904,6.53055272705018
-0.199161552,-0.280212664,-0.160932806,-0.629045717,5.57211032649212,-0.507731576,-0.304913822,-0.421864684,0.185072644391778,4.9327981658568,-0.34659986,-0.281844492,-0.259191671,0.121409610187554,4.15470658102922
-0.294986062,-0.319448465,-0.267017635,-0.02905884,4.20634767449303,-0.418997547,-0.338420678,-0.240108787,-0.284077828,6.54043014526557,-0.11183834,-0.13623493,-0.236045944,-0.312892037,4.03332073367305
-0.269605848,-0.227342118,-0.336038788,-0.49669142,4.91092835499211,-0.191881702,-0.205221507,-0.277182131,-0.163547242,3.90515938661216,-0.097582494,-0.114820411,-0.240294209,-0.381070538,4.7037122025336
-0.593313863,-0.433154544,-0.285322421,0.53180834824044,5.5804328849039,-0.234942164,-0.229419047,-0.293454283,-0.488793784,6.40703945105504,-0.302485262,-0.321162389,-0.205914614,-0.048662929,5.07756035788697
-0.387619805,-0.328518387,-0.235518928,-0.364479567,6.32916777314949,-0.150377282,-0.154509465,-0.26000668,-0.272620389,5.28103994452678,-0.081741199,-0.202307885,-0.183993185,-0.72881643,4.69754161261832
-0.145394108,-0.142681146,-0.315084508,-0.352561403,4.35184581544859,-0.358780917,-0.214111606,-0.375252694,0.0816186646654253,4.87722327819568,-0.20741822,-0.150051188,-0.28348534,-0.421291861,4.69758511212129
-0.122042608,-0.034102211,-0.288932081,-0.559818447,6.3853521755076,-0.222734783,-0.231603904,-0.278606097,-0.180811152,4.8710118423612,-0.391871617,-0.330012918,-0.220331004,0.12503014995618,5.24669783434409
-0.114141441,-0.183506238,-0.120948365,-0.510322492,4.50757162391247,-0.236886124,-0.226752314,-0.271642737,-0.160381996,4.94005100037957,-0.111738289,-0.219314908,-0.074447432,-1.020777806,5.54628105712841
-0.633385678,-0.405948967,-0.375796272,-0.304193516,6.69286245077356,-0.342297788,-0.258977252,-0.278629322,-0.002892778,4.97815448248884,-0.347005776,-0.250952427,-0.328428137,-0.10890716,4.90528316693946
-0.497897587,-0.238185319,-0.332398438,-0.170579852,5.99436442043795,-0.369711791,-0.30815534,-0.292855492,0.0260958020415421,4.92874251354777,-0.217362079,-0.164590413,-0.196918451,-0.244170626,5.15356515970094
0.00931792513960842,-0.087828447,-0.188681025,-0.360397174,4.82737037346532,-0.405553769,-0.267375724,-0.312031047,-0.26909022,5.08223089014591,0.0257366160371825,-0.131930121,-0.181625397,-0.843428798,4.08764236715589
-0.296021717,-0.16307716,-0.27079012,-0.193409902,5.72903715640645,-0.21211967,-0.223093095,-0.183105299,-0.388883015,5.37270958155824,-0.25732713,-0.163113471,-0.265917414,-0.585182146,5.01198622492657
-0.149740691,-0.164654268,-0.199266108,-0.625304508,5.75714011681892,-0.4321172,-0.382429305,-0.305097036,0.288022670659316,5.09015235116921,-0.187533878,-0.264288629,-0.186335027,-0.382610248,4.99431383611753
-0.267176858,-0.206570737,-0.300867602,-0.36240333,5.0712447722996,-0.571305884,-0.306331215,-0.366993493,0.115361014364701,6.06204232381202,-0.290962247,-0.296329074,-0.230851353,-0.17660571,5.78073556343317
-0.276011337,-0.300969539,-0.208141789,-0.141426365,4.6323404752191,-0.170296881,-0.206091397,-0.205774913,-0.160706411,5.39797676725265,-0.237012839,-0.210176941,-0.319889589,-0.09160029,4.46004045930349
-0.080204406,-0.152925433,-0.27823289,-0.653294037,5.69031653917671,0.0318034214689635,-0.148591707,-0.220188195,-0.631659495,5.26723327206771,-0.072545886,-0.23470496,-0.115518963,-0.591479143,4.79230351207474
-0.215193967,-0.224817693,-0.240950026,-0.581444353,5.3970128188772,-0.090814573,-0.185276271,-0.182214527,-0.578161244,5.20889306486878,-0.446430778,-0.288361935,-0.280640432,-0.129936032,5.00742230050994
-0.323737229,-0.255676037,-0.282773512,-0.362110086,5.56199380943248,-0.178503477,-0.318467686,-0.282590329,-0.0163051,4.17685859553053,-0.074302291,-0.058188891,-0.179048429,-0.570498068,6.76526150569238
-0.145825954,-0.253161845,-0.154855238,-0.551607483,4.4957879423082,-0.280629578,-0.322610791,-0.221314382,-0.06793516,5.21729243322279,-0.000235653,-0.171154395,-0.181721586,-0.642772143,4.80760454161673
-0.402180551,-0.159290577,-0.391041299,-0.015137957,5.53754579806657,-0.410981512,-0.326137338,-0.19601735,-0.117935983,5.56275912644226,-0.353837125,-0.196900415,-0.328187197,-0.226547343,6.49736013754756
-0.113740035,-0.165607976,-0.187753324,-0.484848205,6.62755608211707,-0.373251402,-0.233512944,-0.341940807,-0.054327406,5.02779813352869,-0.276505695,-0.134625438,-0.311983674,-0.527197608,5.39673466430762
-0.484562637,-0.354743706,-0.242186576,0.0813277269874118,4.44076958915458,-0.317299874,-0.265138667,-0.337172714,0.0183928081747306,4.54262706709373,-0.474583435,-0.252387473,-0.363499218,0.133956069387048,5.21500676683544
-0.096937327,-0.226675759,-0.161059405,-0.231520642,5.11221403200285,-0.257924888,-0.167641949,-0.335202941,-0.554649059,5.88255516742879,-0.212998931,-0.193663239,-0.345543893,0.0458772634661784,5.23416143014191
-0.504027674,-0.296649397,-0.306817375,-0.074326439,5.26539125752877,-0.472884256,-0.241961511,-0.359539152,-0.077283705,5.0916406485827,-0.303931315,-0.291630122,-0.181409125,0.0220562720737831,5.17208440599705
-0.245582775,-0.208432855,-0.254248363,-0.476974334,4.94696236493651,-0.509338349,-0.344478137,-0.37357355,0.335641848150939,5.26038347885179,-0.279464725,-0.315594008,-0.138531879,-0.228217502,5.52334223038001
-0.506295928,-0.333204352,-0.319728938,0.044341312738104,5.39609710499692,-0.15221668,-0.227001834,-0.309246477,-0.205311512,5.26367799695111,-0.230700351,-0.265999509,-0.19534961,-0.144529048,5.77788553019061
-0.437452106,-0.409493578,-0.350195857,0.11751064035478,6.16857139766381,-0.354503038,-0.296650045,-0.221738883,0.0139130623528103,5.06051093424198,-0.19688057,-0.286188652,-0.188614185,-0.294952542,5.03975501016654
-0.128208216,-0.225555355,-0.279006585,-0.226265535,5.46302590049047,-0.553355897,-0.288899531,-0.352492898,0.316967997884299,4.38605860556989,-0.394512766,-0.280673035,-0.290658989,0.0562153613939931,5.44157290022629
-0.050231864,-0.214812683,-0.146020499,-0.563095904,5.19202153330053,-0.171896255,-0.152077206,-0.241474026,-0.488850637,5.40800635845055,-0.015543679,-0.201613764,-0.092587135,-0.546791441,5.00077462871085
-0.318549335,-0.22756402,-0.236192763,-0.488091376,4.65771231217787,-0.500342354,-0.415782752,-0.162920998,-0.119891947,6.01509935782221,-0.201976081,-0.119287743,-0.240698648,-0.524340221,5.55896123512038
-0.113114402,-0.250324955,-0.152627398,-0.530359329,5.31423788845022,-0.238816728,-0.217915547,-0.337334464,-0.083792772,4.71229278138625,-0.312982488,-0.299992218,-0.192895471,-0.17609436,5.25661356408821
-0.393160605,-0.291665214,-0.353910603,0.113222543674061,4.57230746103467,-0.307241808,-0.335774607,-0.212576768,-0.325889021,6.74242273098466,-0.316523736,-0.232825278,-0.325049691,-0.397064277,5.98462715232774
-0.377035555,-0.294703891,-0.247112295,-0.107165035,4.49405539622663,-0.136943648,-0.165901783,-0.300367742,-0.248915464,4.50558667953505,-0.309958846,-0.222155948,-0.304688822,-0.095530507,5.03634926510478
-0.231465803,-0.255201055,-0.295854229,-0.552013576,4.8096533628998,-0.49157288,-0.320482322,-0.336810474,0.19558899991365,5.25648431705961,-0.178056561,-0.250077103,-0.220888303,-0.191296466,5.60697386142228
-0.207948159,-0.237514288,-0.223748802,-0.052864634,4.64088422021112,-0.075050622,-0.108783516,-0.235712139,-0.589201701,4.38603591095802,-0.23538966,-0.180660472,-0.244135918,-0.611530186,7.16930444600983
0.0360056743689252,-0.077559084,-0.228460214,-0.879493054,5.0466767703196,-0.435365533,-0.241469683,-0.366431594,-0.003320439,4.84541170929096,-0.208171229,-0.282014868,-0.164618558,-0.659890441,4.32914477128462
-0.261200641,-0.223332109,-0.270268883,-0.428984032,4.4814881081545,-0.063088188,-0.100559511,-0.254135346,-0.540291867,5.82045547874815,-0.249593402,-0.210342331,-0.261707177,-0.579512332,4.74615934368102
-0.312738957,-0.270726003,-0.339496202,-0.013617687,4.8476388388078,-0.193513604,-0.176680535,-0.299387247,-0.205816047,4.47055586973829,-0.288082867,-0.230153758,-0.281913739,-0.087543469,5.00933175622098
-0.412014583,-0.267751518,-0.352976715,-0.071733926,4.80007127252224,-0.62660342,-0.459019765,-0.367951231,0.490405747898976,5.03646456416189,-0.243307279,-0.191060006,-0.248215372,-0.030377398,5.02637008042978
-0.200405429,-0.188195917,-0.24584061,-0.207376463,4.13195789128072,-0.035389033,-0.105534873,-0.265395819,-0.802638469,4.631718838,-0.377438793,-0.30422894,-0.228608749,0.0915264717524571,5.39448355092629
-0.029370931,-0.144877018,-0.18460287,-0.240715326,4.51949919262419,-0.421565349,-0.180284512,-0.435525024,-0.023477171,4.4938893391227,-0.33618964,-0.324193632,-0.189584658,-0.16848984,5.1912838177737
-0.148512524,-0.222186993,-0.130367108,-0.221060374,4.89632029065396,-0.273063852,-0.380520434,-0.248088839,-0.089605657,4.85288553972686,-0.309634061,-0.313910908,-0.280870846,-0.334251083,5.44623402496257
-0.249622631,-0.295501183,-0.177086438,-0.515343939,5.50973698171907,-0.42021491,-0.256778865,-0.303141793,0.0224897457870082,5.3309894096864,-0.276145747,-0.296257872,-0.32517759,-0.135559589,5.10956367266912
-0.410540909,-0.290348698,-0.239300976,0.140842808743391,5.54156077577992,-0.626219127,-0.351247704,-0.371013617,-0.10329347,5.98162627100059,-0.260606339,-0.332541103,-0.224405779,-0.400291694,4.98996279191322
-0.195111684,-0.181046827,-0.242264844,-0.223224208,5.07951156148191,-0.433933033,-0.311337809,-0.234162034,0.0329523163889782,5.84478035813474,0.119166317555964,-0.186209283,-0.134092538,-0.726394156,5.20513977154366
-0.047342278,-0.238909495,-0.084022385,-0.730553222,5.42317003060345,-0.289707199,-0.282124854,-0.179144631,-0.418404143,5.66762140149759,-0.221579665,-0.238932372,-0.304541325,-0.196293855,4.22720220732433
-0.137854614,-0.197087002,-0.263571957,-0.398456321,4.73575659368627,-0.209049092,-0.30407012,-0.149364769,-0.465090056,5.30326854847656,-0.109114594,-0.197166599,-0.222161528,-0.313850194,4.58969711369049
-0.225492977,-0.233442886,-0.294161119,-0.097732333,4.34091009842545,-0.439066797,-0.335455095,-0.408974461,0.340370616403458,4.64692716234945,-0.217905997,-0.275263654,-0.176192305,-0.327030013,4.38138487697059
-0.539640263,-0.309185132,-0.25680807,-0.274999364,5.86361512957613,-0.36176695,-0.350205039,-0.27832499,-0.218831921,4.11346805626689,-0.449918643,-0.22468862,-0.318011291,-0.180188474,5.57889643680895
-0.237971001,-0.262733014,-0.209845873,-0.475127379,5.05604239938457,-0.583126165,-0.262859174,-0.456566586,0.170768359700158,5.00467545979485,-0.124532398,-0.191572748,-0.226196071,-0.435225156,4.965472822
-0.060196602,-0.24489558,-0.126836603,-0.604758373,5.10874874968755,-0.213561212,-0.199653443,-0.245351088,-0.435438763,5.56991194265479,-0.214941525,-0.278884481,-0.217084257,-0.297767702,5.3433445983867
-0.143793323,-0.165951566,-0.222458601,-0.394445357,5.82109122894239,-0.836191021,-0.547811817,-0.307206689,-0.05001426,5.66052232443114,-0.391703429,-0.286740785,-0.270964953,0.0305093378956278,4.13145526341344
-0.08725252,-0.233661946,-0.193577095,-0.344397126,4.44740707090925,-0.249614943,-0.322311277,-0.20637408,-0.035128232,4.93176218723969,-0.316604871,-0.258424865,-0.259163644,-0.176820887,5.57204701222814
-0.450464154,-0.316480998,-0.212329268,-0.068869073,5.53730837368636,-0.448409163,-0.196030261,-0.364859685,-0.122604486,5.77889008251297,-0.17017488,-0.236124231,-0.26765253,-0.001750851,3.93825541329611
-0.235044277,-0.337026185,-0.170964867,-0.109321225,4.08264618353334,-0.260781419,-0.197036313,-0.328697685,-0.291411611,4.80223811134132,-0.203951041,-0.185375915,-0.252987918,-0.317678797,5.18512093346295
-0.215657065,-0.301813342,-0.158218506,-0.106191736,4.55631054034601,-0.261736196,-0.241809673,-0.25325676,-0.234398742,5.03961050197245,-0.129524505,-0.252141631,-0.141805592,-0.599966105,5.45586800221155
-0.484015471,-0.383956039,-0.221843157,0.199172634767262,5.07933337407598,-0.071157719,-0.082344889,-0.23102771,-0.747587407,5.01930436692491,-0.219999823,-0.292386649,-0.195580832,-0.306282845,4.83431007039074
-0.270021891,-0.256023174,-0.291881735,-0.69077217,5.22316296338005,-0.481211183,-0.378286687,-0.30033943,0.452976559433325,5.86555578429685,-0.273554036,-0.295850711,-0.265774415,-0.276674562,4.5025781938928
-0.412392364,-0.206426007,-0.332324516,-0.119822395,6.06221597262694,-0.391460145,-0.227402282,-0.325974233,-0.165533753,5.9918466174401,-0.218323447,-0.172127955,-0.228237101,-0.126627182,3.81516498683121
-0.358837498,-0.36539988,-0.290964959,-0.096411267,5.47369592425953,-0.612831627,-0.36711003,-0.35719975,0.323811571148841,7.20804696994911,-0.390518347,-0.283305387,-0.244766794,0.177210383610482,5.32750887544683
-0.277078636,-0.353294722,-0.197810472,-0.103249673,4.42622989981871,-0.007512022,-0.29362405,-0.152542034,-0.408335593,4.2659180607818,-0.380177735,-0.321642098,-0.189054947,-0.445895667,4.87269707347073
-0.472815335,-0.359894871,-0.369202672,0.123561996366197,5.31300206576735,-0.293958603,-0.121175333,-0.227863285,-0.202015681,5.08460286934714,-0.424939843,-0.280738445,-0.301865865,-0.212743377,5.92888508554661
-0.230192101,-0.20403024,-0.275194672,-0.444544389,4.52712482372866,-0.158799662,-0.271068532,-0.166751899,-0.437457221,5.01689699714858,-0.388204863,-0.306125119,-0.266589013,-0.324276175,6.23830476223136
-0.157244359,-0.256675431,-0.221069978,-0.579887792,5.48533488750047,-0.271725355,-0.319868071,-0.27723365,0.086886504285176,5.00801668258569,-0.197336534,-0.241161239,-0.23551826,-0.269440086,3.98198037333349
-0.335231257,-0.272257223,-0.247523764,-0.145481724,5.00455525604388,-0.184515186,-0.187455475,-0.098895708,-0.724687403,5.63935633572649,-0.156175237,-0.19126616,-0.209167841,-0.243027964,5.35074506865397
-0.251290227,-0.195199774,-0.201987551,-0.402144029,4.99083539958533,-0.375495605,-0.278207659,-0.222455587,-0.133377326,4.56875195989396,-0.19664333,-0.262008842,-0.26593663,0.0941064462654866,4.81006985277341
-0.219697359,-0.235925683,-0.352059709,-0.253097547,4.9765267897773,-0.283155843,-0.30949403,-0.232216926,-0.024482612,4.85071344843455,-0.492136871,-0.349322589,-0.297060022,-0.020792086,5.93152617849225
0.0321521383345722,-0.215136884,-0.066339334,-0.411934055,4.89974295464142,-0.058580961,-0.180848421,-0.280173862,-0.422116362,5.19416669329111,-0.312366472,-0.174236724,-0.344827561,-0.206575755,4.79915964705657
-0.189569866,-0.291666679,-0.261224154,-7.43E-05,5.23782296624086,-0.266533971,-0.241564528,-0.199590267,-0.345671607,5.32560967562681,-0.390183402,-0.310252231,-0.277405665,0.109634602901733,5.22559932796964
-0.432674316,-0.333898595,-0.181485578,-0.018520365,5.24239212314429,-0.209201999,-0.293872287,-0.142049879,-0.404000716,5.2774384432965,-0.277693962,-0.318996583,-0.161743308,-0.198145527,5.05818795297935
-0.228075363,-0.238912878,-0.233944735,-0.163907865,4.27769225552737,-0.137880404,-0.309004344,-0.247852067,-0.177142894,4.04950018678242,-0.381007103,-0.251238367,-0.295431953,-0.214382124,5.99104674069313
-0.248584963,-0.296226232,-0.205547883,-0.011359283,4.60931015262555,-0.422200336,-0.300682668,-0.289054948,-0.189948443,4.76849996213978,-0.017354644,-0.265457349,-0.09603131,-0.499114596,5.67678190482221
-0.482461234,-0.25297071,-0.301241926,-0.005562982,5.92220849523685,0.119118999471572,-0.140280446,-0.148432065,-0.552499504,4.27080926218089,-0.171650949,-0.196460041,-0.26168953,-0.413869813,5.48055362559256
-0.179961262,-0.245767428,-0.164112634,-0.351053852,5.58446063463893,-0.448003536,-0.283985798,-0.423790496,0.024167716777655,4.63312218918865,-0.168394035,-0.222097065,-0.209549123,-0.212048631,4.32024504661778
-0.090040584,-0.245045257,-0.204704494,-0.327237899,4.38777228222194,-0.328392591,-0.110503599,-0.34398069,-0.166853508,5.48518144647278,-0.143008575,-0.194620692,-0.251814868,-0.60461629,5.72314968865411
-0.234958663,-0.292519391,-0.194371444,-0.176763486,4.29385394374083,-0.015203496,-0.158298013,-0.218726507,-0.692227272,5.26423377632769,-0.063944272,-0.212916129,-0.21457281,-0.308290176,4.28923565692592
-0.190883409,-0.173690971,-0.259581439,-0.202798934,4.72416383887844,-0.78585833,-0.442204349,-0.502514571,0.632669437504232,4.7561545447097,-0.115772093,-0.169830417,-0.277450972,-0.536294384,4.95751976210878
-0.151892958,-0.223696017,-0.198559925,-0.367337961,5.38062779948064,-0.397518574,-0.311233726,-0.273965309,0.0181144879232508,5.48925231353478,-0.219487468,-0.216196898,-0.18500344,-0.375083586,5.64609761359434
-0.453613376,-0.311598365,-0.321083969,-0.05277564,5.18950478602069,-0.595985406,-0.273164885,-0.377801007,0.21686961129604,4.94529248585869,-0.130935976,-0.197707745,-0.252606434,-0.160584532,3.89127525901745
-0.220255607,-0.175489988,-0.281977396,-0.271339613,5.71881776451899,-0.105683666,-0.174158073,-0.192084815,-1.265877484,5.27628474349954,-0.047043026,-0.227704197,-0.149801302,-0.44205646,4.89667239115537
-0.56065544,-0.313381923,-0.424350808,-0.036393927,5.49840637407367,-0.440996342,-0.38991901,-0.289022073,0.057305044259146,5.78357093292743,-0.106465406,-0.269507892,-0.202060366,-0.490852053,4.74185054686349
-0.491474207,-0.319068125,-0.373396642,0.529716618649744,5.19810431641983,-0.453680986,-0.268167593,-0.331527506,-0.214713872,5.79172542212261,-0.312823117,-0.262061152,-0.274616972,-0.410880787,4.86942763727591
-0.148125902,-0.279514411,-0.23662187,-0.403745093,5.70199078802426,-0.107006778,-0.214457253,-0.308719629,-0.48167497,4.66199558318602,-0.181797207,-0.241290187,-0.23342123,-0.369250143,5.23483451218383
-0.276025624,-0.328097831,-0.126257521,-0.169447827,4.4281202681548,-0.06048994,-0.20687758,-0.316602199,-0.278847447,4.49397792880487,-0.192238555,-0.214647146,-0.197144491,-0.478641617,5.25564830968217
-0.136559623,-0.192489258,-0.188174648,-0.307528785,4.71871577979403,-0.166351228,-0.159208287,-0.339207989,-0.312588688,5.16825107473505,-0.027531513,-0.196959138,-0.206206716,-0.304625764,4.20667307903465
-0.199591922,-0.315453919,-0.130647772,-0.526871903,4.9826390669053,-0.034810092,-0.159181658,-0.149360701,-0.468369605,4.88827625809029,-0.103489479,-0.139237026,-0.219161458,-0.360703069,5.52250489341612
-0.255921682,-0.26425242,-0.221523236,-0.360676336,5.87088820131185,-0.428970393,-0.376694729,-0.266864261,0.0805273664508008,4.14922792129563,-0.238980632,-0.209486319,-0.316251392,-0.124592333,5.09717099634491
-0.039545561,-0.121505139,-0.209324249,-0.517584346,4.86183404111262,-0.120867919,-0.292460396,-0.101518715,-0.505128053,5.45415758574565,-0.229540829,-0.30653921,-0.239182793,-0.285548161,4.62021124980399
-0.3160199,-0.363200403,-0.160685815,0.0713039107605492,4.86321376860895,-0.20804691,-0.176562204,-0.332438918,0.0140831187853168,4.24006849255654,-0.42360656,-0.336590813,-0.281738119,-0.082737314,5.70133063942915
-0.286507393,-0.414560128,-0.140908355,-0.086907657,5.06632419199977,-0.254902719,-0.269051627,-0.299646511,-0.119296645,4.3860539141722,-0.018749231,-0.232562701,-0.178718945,-0.639713722,5.0869808500315
-0.306676764,-0.160155695,-0.341373812,-0.077373653,5.88549617405446,-0.124781327,-0.219011804,-0.058306496,-0.36565904,5.74194612832954,-0.220456121,-0.277029504,-0.19529517,-0.29766246,4.6930307550148
-0.115286194,-0.167905579,-0.233928235,-0.452795468,4.62016406819081,-0.359077083,-0.329056116,-0.223026793,0.154280802758058,4.93094345382117,-0.153532033,-0.184640837,-0.168159316,-0.606479782,6.27569685192295
-0.391539384,-0.290816901,-0.278120888,-0.295815815,4.89330036989465,-0.340609337,-0.138895269,-0.447676608,-0.333515405,5.40650793063918,-0.020220473,-0.0642374,-0.214540799,-0.655107349,5.19434256994868
-0.372394505,-0.279311746,-0.311889296,-0.131944231,5.25690977535537,-0.169205432,-0.232792968,-0.156109899,-0.455715081,4.92966554883108,-0.297959054,-0.211102981,-0.239877368,-0.471104772,5.36331020144551
-0.160199578,-0.123354218,-0.224165838,-0.523105922,5.5533004944373,-0.123825522,-0.229464634,-0.192493644,-0.393107691,4.39228470211666,0.0706306288143252,-0.214855932,-0.160338877,-0.651053134,4.75058713288877
-0.383376907,-0.211650524,-0.310366566,-0.302859891,4.98763386750397,-0.339601498,-0.298215363,-0.250919969,0.0491909802150561,4.59102246388387,-0.42130125,-0.243126035,-0.292733955,-0.347065658,6.65313970054008
-0.139474493,-0.200713092,-0.261198981,-0.306055335,5.47398790670246,-0.410750358,-0.301868626,-0.307397628,-0.176878255,7.27250213749182,-0.326058908,-0.345590027,-0.165465265,0.0413482985170935,5.1863448697402
-0.392442634,-0.250308485,-0.314698667,0.041171875722217,5.93495331406807,-0.315876148,-0.230985093,-0.244514936,-0.141719222,5.05979282106753,-0.035679648,-0.122558251,-0.184027144,-0.639254801,5.6785373772669
0.0846665178833302,-0.245638347,-0.079414602,-0.623989273,4.96193526164736,-0.368590947,-0.251985871,-0.2632953,-0.017934836,5.4571544163366,-0.170410787,-0.160149267,-0.266245143,-0.589791581,4.67544402667326
-0.297570079,-0.231491288,-0.291819882,-0.561414762,5.15623947548699,-0.674035305,-0.412055752,-0.388383697,0.610612697893001,5.58837735244753,-0.468909427,-0.309737148,-0.279682312,-0.007062817,5.15588590460979
-0.392076122,-0.318926799,-0.367169778,0.123665025017066,4.56208345037204,-0.466120276,-0.424652026,-0.247087173,0.0531586203045486,5.66939809742485,-0.343710452,-0.158388214,-0.358681301,-0.151648754,4.90363077396019
-0.273395591,-0.317785351,-0.205484206,-0.166948607,5.24878028783538,-0.434324685,-0.252261418,-0.316127945,-0.143092595,5.70165474098437,-0.318415753,-0.23694317,-0.315185938,-0.058839764,4.66672975628897
-0.121695356,-0.287231761,-0.162877007,-0.047515718,4.55894949483717,-0.133963131,-0.252077682,-0.284380625,-0.208982965,4.60867578937868,-0.361341192,-0.23342825,-0.342497494,0.140074646243756,5.26873380849242
-0.159797197,-0.27146644,-0.21498731,-0.361794606,4.82985967455251,-0.089177478,-0.198911487,-0.232236109,-0.261034932,4.82850097478777,-0.331766531,-0.227877061,-0.313043771,-0.156331336,4.68323406893839
-0.49306672,-0.327549896,-0.283822858,-0.178578296,6.19588003078091,0.0196930864998043,-0.282296589,-0.066946348,-0.675542898,5.21345258323406,-0.439901422,-0.34564897,-0.228801335,-0.102677862,6.16338922394252
-0.067716565,-0.175860387,-0.207699154,-0.686249405,4.97625537110839,-0.30623006,-0.292358418,-0.209303063,-0.192982432,5.19259362936959,-0.081462997,-0.18169225,-0.145788644,-0.755322658,4.65280985314968
-0.232669531,-0.23987173,-0.212377468,-0.102120861,4.77781498772575,-0.329781084,-0.31962191,-0.331091598,-0.045236081,5.18598585608849,-0.040508459,-0.111367899,-0.166970964,-0.509906125,4.72400471305134
-0.202257179,-0.257548745,-0.20129869,-0.438696355,4.934109463,-0.368355808,-0.252929525,-0.307396453,-0.092088473,4.45595892801862,-0.444079904,-0.364501435,-0.268156369,0.0515306777512284,4.23175478264346
-0.270281292,-0.328689294,-0.168317733,-0.224818698,5.66751312591179,-0.081790714,-0.177738681,-0.260957895,-0.105529991,4.64524073682712,-0.413943796,-0.264445103,-0.325931587,0.0915924392347979,5.12551204692513
-0.143999565,-0.213975971,-0.205838011,-0.244710687,5.04769176479542,-0.162567759,-0.14620839,-0.249219173,-0.289043133,4.98010242615103,0.0205905951787185,-0.215890859,-0.15603174,-0.474138669,4.60425927377147
-0.231858596,-0.206696073,-0.230771853,-0.222285825,4.56926106556529,-0.595227319,-0.353944949,-0.329070986,0.340422895108787,5.32966329435414,-0.328968128,-0.186353787,-0.347965941,-0.094022472,4.33076747444953
-0.297630473,-0.29061018,-0.284858656,0.0345840333261803,4.280773389,-0.214355256,-0.210803024,-0.223504977,-0.499235883,5.07396814020843,-0.093445246,-0.194768027,-0.223640725,-0.412786531,4.59958814781684
-0.178748162,-0.144179643,-0.2365912,-0.283761801,5.28209611950613,-0.603580764,-0.47075126,-0.165130365,0.281930266130543,5.52698519439105,-0.21952311,-0.232471754,-0.280380258,-0.089659776,4.73461153851212
-0.286855434,-0.268417666,-0.247170696,-0.214711421,4.25800405088241,-0.178734626,-0.337610429,-0.210263742,-0.254341172,5.41305188034476,-0.11288603,-0.190659173,-0.194817033,-0.511839084,4.90136888969627
-0.187865133,-0.260611832,-0.227012658,-0.360380664,4.56497525820963,-0.426783187,-0.298952176,-0.292386715,0.0839876231672913,5.18665694732666,-0.019775552,-0.199089649,-0.060000581,-0.481163638,4.54794403567081
-0.032213473,-0.242475901,-0.137717898,-0.401262635,4.54902154962043,-0.235704987,-0.351920466,-0.200541825,-0.276940985,5.5621672067294,-0.161833902,-0.16479535,-0.162895002,-0.499088441,5.08304278887244
-0.33483662,-0.266754507,-0.329414129,-0.084056815,5.31966314670805,-0.458419358,-0.29527896,-0.292168288,-0.305171305,5.59220361055617,-0.369453635,-0.375458637,-0.242366891,-0.114182009,4.19951343082974
-0.069383061,-0.238827798,-0.208086428,-0.404980517,4.96731356571751,0.0322166670506702,-0.04942494,-0.183435144,-0.700846612,5.16667693054059,-0.295187654,-0.233640855,-0.282287156,-0.340301967,5.52251261409533
-0.31561666,-0.217125527,-0.328454079,-0.446709343,5.11033894039377,-0.386575337,-0.397432976,-0.12339518,0.0395716439595855,5.32400189764227,-0.201401003,-0.204516596,-0.299703845,-0.153563188,4.37955336347504
-0.342388095,-0.323349645,-0.240762665,-0.813674128,5.75946243329403,-0.168346806,-0.310654838,-0.1883724,-0.039760992,4.70553351158792,-0.369169916,-0.349929595,-0.322303598,-0.026030861,5.74296701744234
-0.080553704,-0.228233071,-0.161433682,-0.403203997,4.82687191556982,-0.098297121,-0.121124064,-0.28336849,-0.392123409,4.99841277624461,0.149813034053733,-0.072201067,-0.157569191,-0.770256353,4.52535303153996
-0.334888139,-0.189649084,-0.28604442,-0.341010902,4.79308312518891,-0.225142928,-0.241997248,-0.187014204,-0.456747437,5.05678071324858,-0.314077613,-0.215987957,-0.246819959,-0.279477991,5.51139039768581
-0.339430974,-0.241937053,-0.344538642,-0.218852299,5.46141851705298,-0.160986584,-0.327539485,-0.207275131,-0.286751955,4.10196508559675,-0.333443948,-0.281977787,-0.240336112,-0.386186138,5.15061585148798
-0.137718044,-0.240906194,-0.163733355,-0.510147132,4.89072978863283,-0.257331246,-0.178042628,-0.307477085,-0.304199243,4.74098978480482,-0.481725168,-0.301417375,-0.333146335,0.221451423261801,4.78831195410298
-0.310840602,-0.241087126,-0.29774278,-0.284392335,5.84594167959915,-0.082469108,-0.246311044,-0.167574126,-0.537754194,4.89277663096561,-0.27687129,-0.296019936,-0.276503537,-0.36679245,4.61321088450742
-0.442439423,-0.315894623,-0.21627236,0.189933850314186,4.40156092442376,0.0379229931419209,-0.145869746,-0.256469971,-0.499804166,4.57458855192721,-0.031999233,-0.119621539,-0.108919685,-0.460846803,5.30967128782774
-0.299721649,-0.365206253,-0.187440701,-0.193789074,5.43722073401643,-0.232381661,-0.210344348,-0.300582034,-0.341172196,5.16069618607215,-0.027938867,-0.186409106,-0.180105343,-0.368595038,3.75793351912183
-0.074630294,-0.160645333,-0.194037359,-0.760197459,6.42026302566557,-0.4259127,-0.309150029,-0.311148478,-0.11820452,5.04235656729273,-0.251014046,-0.170022376,-0.309466592,-0.123581793,5.96093150895099
-0.16423915,-0.140765557,-0.3095926,-0.318353965,5.48454596034998,-0.416133589,-0.150418839,-0.393101717,-0.273910796,5.86150658028737,-0.452211549,-0.343273426,-0.154761138,-0.101952578,5.74743049464071
-0.165874714,-0.220770483,-0.242130363,-0.399612022,4.88233596921611,-0.118767578,-0.328131754,-0.228897348,-0.362494032,5.89449422272374,-0.346459211,-0.248480074,-0.207847926,-0.162469017,5.3403570576008
-0.294940468,-0.246738652,-0.318199617,-0.316535111,5.35508427202787,-0.284813222,-0.332227116,-0.173712885,-0.102194204,4.78754109944354,-0.15093108,-0.180925483,-0.119010473,-0.861008635,5.37925994086155
-0.54285824,-0.389987283,-0.270610598,-0.012992537,5.50187446947759,-0.20047354,-0.369750653,-0.123725946,-0.883587517,6.17182799478035,-0.287946638,-0.370972895,-0.250327595,-0.081365273,5.70034734335937
-0.419242654,-0.285998868,-0.243488234,0.00223925732037205,4.56141219541878,-0.201824251,-0.198767799,-0.311263258,-0.217912195,5.32344720109216,-0.047695381,-0.245500899,-0.198091496,-0.291919968,4.09015090086623
-0.1008753,-0.213943576,-0.169899681,-0.254912948,5.030495558,-0.02965887,-0.042904938,-0.299024292,-0.357331414,4.76139894457978,-0.258262033,-0.22599436,-0.241885676,-0.221204471,4.77197192232327
-0.021681568,-0.117382161,-0.146482846,-0.631264663,5.21053409143134,-0.013537514,-0.172109345,-0.229105683,-0.528219876,5.08169466010782,-0.304740176,-0.40563307,-0.077801435,-0.310041967,6.11837646279814
-0.449574932,-0.365776353,-0.274339998,-0.305736196,4.88747968377514,-0.370755419,-0.195023671,-0.363984005,-0.358418723,5.67387651323508,-0.347076617,-0.218352404,-0.285167961,-0.043768131,5.89481568891824
-0.080168425,-0.223522222,-0.226651427,-0.295171245,4.77358513792882,-0.278093373,-0.210033212,-0.165082247,-0.47758915,5.4225240851847,-0.242446354,-0.142609073,-0.358453289,-0.102969155,4.91469591018155
-0.257478354,-0.303351868,-0.223832908,-0.074088249,4.76188453478435,-0.286331919,-0.242884683,-0.302667524,-0.194369345,4.24991411090008,-0.333872069,-0.263175859,-0.274607969,-0.308966191,6.18614561284026
-0.320816194,-0.260383892,-0.256885283,-0.411444307,5.97818155804151,-0.211240264,-0.225782426,-0.2041051,-0.117808064,4.78626704153427,-0.703683545,-0.445109024,-0.329271455,0.441152693678518,5.54993549858463
-0.460011805,-0.296744323,-0.306314073,0.131171558550127,5.34246141412571,-0.208530491,-0.125551595,-0.30037314,-0.378170683,5.18817254362681,-0.428534121,-0.330486643,-0.231213647,0.00117648066254778,5.84672550595883
-0.341101282,-0.266742813,-0.267731014,-0.236751334,6.17680777754935,-0.400819562,-0.324634979,-0.269486496,-0.284272822,5.49701287527245,-0.278258847,-0.248162959,-0.238031053,-0.329984458,4.94361706948584
-0.313653844,-0.306206066,-0.242388519,-0.163848816,5.40871089087004,-0.249206193,-0.222051169,-0.221651469,0.00741067836885821,5.63127634501796,-0.303881807,-0.239547078,-0.326287366,-0.213272517,4.81690480883948
-0.150892527,-0.137877114,-0.202366048,-0.625125346,5.45613992843152,-0.177027466,-0.206155335,-0.258181863,-0.131716345,4.9843701734074,-0.031919453,-0.206648725,-0.234631881,-0.556908397,5.89835652795756
-0.524699723,-0.312995618,-0.275400293,0.0959665742227614,5.21507812195279,-0.247891089,-0.355444777,-0.123723031,-0.48153148,5.47363409524857,-0.003833054,-0.252175593,-0.106192991,-0.684809195,5.38162224748723
-0.083759248,-0.203524464,-0.153654602,-0.469240189,5.29756914710229,-0.534650941,-0.206401154,-0.449946861,-0.000823677,5.90879524667237,-0.436670565,-0.395282686,-0.266276102,-0.507994336,4.97352917593688
-0.535084993,-0.291121112,-0.321044038,0.117884722576791,4.50356563143373,-0.491319064,-0.324416307,-0.445631319,0.140790393795449,4.92527167723881,-0.225294587,-0.281326191,-0.232201723,-0.362629575,4.7807201546079
-0.323205683,-0.266408028,-0.249007738,-0.165014943,5.67879781171409,-0.486837892,-0.328067185,-0.261790156,0.0243506105950478,7.13434778927962,-0.217649404,-0.22033041,-0.238403263,-0.408709986,5.78681512016106
-0.325881624,-0.245581056,-0.259315357,-0.269897663,5.31657711036937,-0.2031902,-0.172357179,-0.239288881,-0.239847529,5.10047797562583,-0.258512189,-0.212304156,-0.343528076,-0.215834724,4.78311908102512
-0.287140611,-0.345923994,-0.210825095,-0.132986642,4.38171831350744,-0.30794304,-0.151713165,-0.36761225,-0.106532349,4.8752594450204,-0.163072193,-0.185346733,-0.29053633,-0.391304294,4.82571411170795
-0.296089907,-0.326237421,-0.256933078,-0.207971235,5.39577616804759,-0.023914622,-0.285030428,-0.141826389,-0.521530143,5.33024967217612,-0.279330567,-0.192771349,-0.281384505,-0.221125125,5.37728513075416
-0.152409554,-0.197056517,-0.170804435,-0.396007029,4.57100751378324,-0.264517532,-0.282593145,-0.240508866,-0.044379675,4.9435423612292,-0.160779503,-0.220942767,-0.204329832,-0.317748027,4.9143709755038
-0.300726403,-0.264856995,-0.210997712,-0.337714773,5.03659158152892,0.0952737476388506,-0.184915919,-0.179797023,-0.474974736,4.2749940208888,-0.366337416,-0.255101116,-0.260279068,-0.434807404,6.63521596484155
-0.340840245,-0.197109373,-0.316026748,-0.193183977,5.20042818963344,-0.148451822,-0.275857887,-0.14868216,-0.463680094,6.37482547676247,-0.119062413,-0.137309019,-0.279604758,-0.377867897,4.6156992596612
-0.270823353,-0.260669381,-0.278574879,-0.321387544,4.95971844205665,-0.302974233,-0.279669,-0.233432511,-0.23365792,5.10534977888942,-0.300147943,-0.325689839,-0.208134948,-0.259375706,5.29148019929992
-0.085139949,-0.205690322,-0.170454442,-0.472566912,5.58110694849944,-0.181551133,-0.212409156,-0.171312573,-0.69039424,5.66525571527527,-0.091729933,-0.184941751,-0.174215356,-0.862285724,5.73463945510262
-0.393291224,-0.302671587,-0.251411134,-0.004808393,4.70344528995652,-0.405623971,-0.362175884,-0.282237804,-0.151486207,5.02308592870313,-0.491967317,-0.298198575,-0.349040172,0.151919300825358,5.5475204088802
-0.458544686,-0.314758676,-0.366127274,-0.103008725,6.19979025350697,-0.314978004,-0.173447234,-0.351419451,0.0161474667675756,5.06295892862557,-0.096971377,-0.192911211,-0.22756315,-0.131730638,4.19870774627046
-0.160964029,-0.261164696,-0.192257135,-0.555882176,5.27192845810312,-0.462235731,-0.257917858,-0.427146814,0.0201116179200523,4.848752026,-0.491028717,-0.376756855,-0.25971102,-0.081252513,6.82189780043682
-0.147667822,-0.237313365,-0.159509496,-0.472832027,4.76833086978846,-0.582918182,-0.321114781,-0.369806824,-0.131153707,6.08207078429334,-0.250990822,-0.298305019,-0.157229632,-0.368800355,6.13280783574695
-0.106190719,-0.178211957,-0.175068171,-0.708764669,5.81958197148086,-0.438334742,-0.283665955,-0.368441265,0.260210669647249,4.06756943825692,-0.070325717,-0.22826892,-0.169133159,-0.404822216,4.10022443775289
-0.056212577,-0.120501907,-0.294059614,-0.608629196,6.26824650841659,-0.094214529,-0.131925895,-0.157676464,-0.624178425,5.16992889771979,-0.299303455,-0.289685367,-0.125691696,-0.150944441,4.94229356148465
-0.336073213,-0.21837226,-0.28524384,0.0472059646272781,4.72169148467338,-0.555791094,-0.385135912,-0.28369947,-0.111961574,5.87550777585343,-0.194215007,-0.238414884,-0.164998581,-0.466968132,5.36329050127141
-0.326681814,-0.307711395,-0.261916704,-0.119823452,5.93744569312589,-0.071418222,-0.174014898,-0.281852379,-0.464568578,4.70536989040747,-0.209466203,-0.274892469,-0.181468259,-0.374316643,4.71869884763502
-0.304813318,-0.18544471,-0.253817965,-0.183996389,5.41433705740025,-0.023908885,-0.18563077,-0.1779445,-0.488217795,4.76371572333841,-0.250730019,-0.345489585,-0.182646048,-0.357488919,4.97877413393737
-0.422540336,-0.359661422,-0.326368863,0.172582689929375,4.69675154525437,-0.359074921,-0.287075697,-0.209991988,-0.233178609,5.03920744460423,-0.430351161,-0.241535828,-0.340136423,0.0161980936454148,4.60625880853093
-0.058779396,-0.183260467,-0.232857128,-0.834299835,4.9510133014107,-0.465454033,-0.312740926,-0.363174046,0.207257403271792,4.84198783312258,-0.105961683,-0.288279204,-0.217550478,-0.573795747,4.92586170984472
-0.106324404,-0.055802418,-0.171298852,-0.513717082,4.76615591845735,-0.373248238,-0.314866669,-0.298122586,0.0325469371704507,5.05334788377209,-0.02024571,-0.220584294,-0.142145776,-0.368117533,4.52650235679774
-0.233941049,-0.359109907,-0.136684848,-0.362266468,5.51780819359056,-0.165459194,-0.221828565,-0.126931204,-0.527041612,4.32005690476685,-0.505025297,-0.261568083,-0.307454066,-0.085591347,5.36587489817951
-0.188218763,-0.234719525,-0.333534769,-0.230174792,4.75394364285475,-0.629269382,-0.382805545,-0.489484439,0.577490213280826,4.8904112433626,-0.193853241,-0.105226169,-0.27609718,-0.451686276,5.04429711074171
-0.331489196,-0.231205671,-0.323250774,-0.172044832,4.71565222219734,-0.15235617,-0.177330871,-0.257794058,-0.219828482,5.21292680431327,-0.069241277,-0.271251607,-0.160684077,-0.308105887,4.73829856963984
-0.335917556,-0.364767754,-0.226916882,-0.136446416,5.76655146965171,-0.330635054,-0.299016418,-0.317333334,0.066929654994611,4.98293464785703,-0.286733465,-0.161896899,-0.28739582,-0.047691595,4.38888475772828
0.0282766639583884,-0.172156507,-0.060500667,-0.85166925,4.6929647079556,-0.553212176,-0.355212377,-0.344548449,0.0673504513854785,5.10908437898018,-0.254221894,-0.273101911,-0.244855153,-0.435155885,5.25476061335011
-0.394101324,-0.338001031,-0.268855132,-0.188357274,4.94674812772291,0.0854496347340902,-0.179342653,-0.105244247,-0.666595326,4.2923983957141,-0.305702524,-0.219748956,-0.241558142,0.137006751491609,5.26273158508386
-0.270944904,-0.238132991,-0.201548463,-0.418581582,5.97448474322961,-0.232893551,-0.258648079,-0.210497149,-0.437251992,5.38125719035938,-0.052565272,-0.237054439,-0.127663512,-0.818420902,5.19209458815721
-0.173766523,-0.271245241,-0.328140266,-0.364661284,4.55616472385007,-0.212825939,-0.048996282,-0.390154942,-0.68199683,5.85065938684689,-0.291059256,-0.280247599,-0.184412985,-0.188964125,4.59100288265811
-0.1325146,-0.178134514,-0.188753952,-0.308573423,4.44675106702184,-0.059642012,-0.172727662,-0.205286767,-0.479777149,4.76121498023943,-0.527859642,-0.364634768,-0.330910014,0.0754203756379427,5.65373161768561
-0.48309531,-0.410450569,-0.256609986,-0.2729784,5.1268892882601,-0.239893509,-0.355150747,-0.047575304,-0.920923192,5.6716486784093,-0.564546579,-0.339725569,-0.319718333,0.0442539918995891,5.17573594153762
-0.109381811,-0.281040089,-0.086781965,-0.50674399,5.28639668072052,-0.587839897,-0.338499086,-0.497813414,0.513304427904898,4.85044000330105,-0.097680143,-0.132640788,-0.197296373,-0.521350571,5.11113744174129
-0.106496842,-0.218008834,-0.298633751,-0.229690908,4.34612798616278,-0.154876645,-0.155584436,-0.257617384,-0.273269022,4.74272892770013,-0.238699164,-0.202549546,-0.183592401,-0.426173613,6.51492887983683
-0.349064804,-0.318014875,-0.22281775,-0.072187852,5.15312867851428,-0.377510537,-0.054929952,-0.439489752,-0.179240224,4.91407630046275,-0.210305974,-0.228617549,-0.196429231,-0.468995756,5.67208199563702
-0.235093337,-0.173711795,-0.269503158,-0.35218704,5.17472658790936,-0.613243486,-0.308826617,-0.477843764,0.280193566696963,5.42289388683483,-0.217191155,-0.201148762,-0.304376775,-0.532003537,4.23863025656254
0.0471974442077772,-0.251907279,-0.069169794,-0.508966596,4.39697817528581,-0.362161317,-0.232661714,-0.305036746,-0.106317217,4.99342803092009,-0.624544961,-0.297826496,-0.436974027,0.326951852857301,5.15120865379557
-0.206651492,-0.140126064,-0.269402615,-0.141227154,5.29612082810605,0.161218228947119,-0.193682125,-0.105972886,-0.59762795,4.69077872944052,-0.167062582,-0.239280903,-0.11420222,-0.466706718,4.54612547041219
-0.226295767,-0.267458462,-0.27974818,-0.294879139,5.13571304108868,-0.504315121,-0.371771436,-0.404971081,0.260653254347191,5.26530690008734,-0.223093829,-0.2342811,-0.155274319,-0.397697375,4.88591530206488
-0.321952777,-0.170703234,-0.34941801,0.259530745216157,5.6928990590905,-0.354471607,-0.24917603,-0.302508406,-0.321675122,5.4181305813085,-0.320187013,-0.275917797,-0.196633006,0.108247098342968,5.32456831577649
-0.186936563,-0.279485678,-0.204596441,-0.573368068,5.72639711002668,-0.170483723,-0.264725674,-0.176837151,-0.325924775,5.34876788955911,-0.296714365,-0.188117397,-0.356148108,0.0585309229331401,4.92904990876183
-0.111457666,-0.220784194,-0.21168704,-0.55016988,4.66981195722427,-0.026300765,-0.139711233,-0.068093583,-0.579996326,5.12271078100322,-0.029407122,-0.131525491,-0.205326263,-0.630895372,5.06026761070798
-0.315722016,-0.238549802,-0.27813142,-0.14569747,6.45580431207772,-0.342914436,-0.314621744,-0.267007279,-0.312546904,6.74345369906592,-0.316302246,-0.325778955,-0.172891274,-0.243009675,5.5711481345602
-0.019573174,-0.210390652,-0.234586739,-0.322097009,4.8414529198218,-0.162319177,-0.197746043,-0.260984959,-0.243943776,4.85266895504952,-0.114670815,-0.220512014,-0.230802863,-0.502140532,5.11189770165038
-0.417885135,-0.353806061,-0.288956535,0.0232379262653701,5.12724039768766,-0.134740907,-0.211535344,-0.18865951,-0.678407597,5.67002354302189,-0.074824828,-0.289819092,-0.175810289,-0.277920968,4.77321314913544
-0.340006937,-0.268284539,-0.286342931,-0.024712799,4.83569694499478,-0.012116199,-0.090858467,-0.251733954,-0.583723061,4.26009311474263,-0.302584223,-0.215955488,-0.243846831,-0.339005908,5.85452165303367
-0.201890656,-0.10850017,-0.252372868,-0.527619304,5.98751487292101,-0.172117838,-0.376483152,-0.154414009,-0.325472637,5.02911229654315,-0.251406842,-0.19467304,-0.302066813,-0.527501216,4.45241000615211
-0.563025165,-0.357409886,-0.307661767,0.15707577837466,5.19131957188939,-0.323386761,-0.281118841,-0.211634654,-0.125720606,5.31066322980456,-0.32630883,-0.265275746,-0.292636042,-0.100393171,5.58567443913907
0.075916204719986,-0.083228458,-0.145560913,-0.574576721,4.68720924934608,-0.19595224,-0.280416466,-0.156679496,-0.457483193,4.70758043563013,0.107959750383271,-0.207191132,-0.164638717,-0.564339018,3.3726044159268
-0.021597256,-0.282395925,-0.20902365,-0.281223925,4.05002226566136,-0.472060477,-0.326594873,-0.352490511,0.136300856347946,5.39920371065634,-0.08097253,-0.188485434,-0.196988963,-0.393183917,4.48820730309394
-0.442772407,-0.271815392,-0.267467136,-0.043713541,5.07752255794895,-0.289052831,-0.265988856,-0.315678995,-0.178130634,5.17451012485697,-0.137698608,-0.227181008,-0.276058303,-0.27023717,4.96450839583732
-0.181745206,-0.194731721,-0.261517483,-0.433666156,5.08538459565337,-0.350257735,-0.410389489,-0.282069262,0.104927966401662,6.0286643352554,-0.289033068,-0.230416589,-0.258878572,-0.034962699,4.30318746494547
-0.533061755,-0.335041304,-0.312013582,0.146888819012897,5.08172871954046,-0.02430286,-0.096597594,-0.163090464,-0.728426962,4.86990420834945,-0.151044841,-0.232349798,-0.231243931,-0.391419434,4.43268785744031
-0.078799178,-0.236660179,-0.160933913,-0.69738639,5.19676335088602,-0.17283474,-0.370695127,-0.170570031,-0.2143802,4.59533902338787,-0.349019284,-0.310720224,-0.298736688,-0.09564116,5.08637930550285
-0.495912591,-0.394936351,-0.257551853,0.101184816778098,5.99783544196468,-0.140834345,-0.262991208,-0.194243918,-0.547130844,5.4302411201976,-0.105017345,-0.20834262,-0.200859323,-0.562990662,4.84275503123867
-0.33450829,-0.25850762,-0.26413817,-0.237546189,4.77476128534401,-0.085517777,-0.222837053,-0.18958797,-0.558903452,4.3294902649788,-0.385256675,-0.241691478,-0.311954504,-0.317769608,6.40039202405189
-0.027852384,-0.197511809,-0.174044576,-0.780129383,5.52385478231865,-0.273392496,-0.335035381,-0.273555536,-0.243773753,4.55088227354329,-0.227950345,-0.246031296,-0.221945837,-0.432216466,4.56072860909229
-0.245211944,-0.262711922,-0.243556459,-0.440231888,4.83538771237682,-0.682142247,-0.471817158,-0.377489236,0.208097859332218,5.90059562994268,-0.230478923,-0.176761923,-0.365286704,-0.099348346,5.13082074212661
-0.112077739,-0.237541228,-0.205346903,-0.719185551,4.95641811476538,-0.270019821,-0.269008132,-0.295115773,-0.368822892,5.25787108646325,-0.156910033,-0.206358801,-0.283637163,-0.255179542,4.94329860722266
-0.150261754,-0.335122672,-0.107729876,-0.550346707,5.12548215919792,-0.300646546,-0.257567066,-0.279206801,-0.289958326,5.39875837396173,-0.132523769,-0.166355286,-0.327977586,-0.565005811,4.92812978420514
-0.230023357,-0.216838875,-0.294739147,-0.331658732,4.48954989685774,-0.525994107,-0.316199787,-0.397107433,0.192585034994216,5.38441354831105,-0.195826374,-0.187534585,-0.268920307,-0.673596407,5.00742367836254
-0.122427452,-0.191845542,-0.250171927,-0.413423339,5.19985065176265,-0.223707862,-0.301224861,-0.123269126,-0.328827794,5.21858018741907,-0.231817505,-0.219468751,-0.252873716,-0.194568671,5.70885860102087
-0.246472156,-0.223996997,-0.260040036,-0.358738731,4.88277869294108,-0.008152733,-0.095943659,-0.276166022,-0.582240991,4.05669031763303,-0.233047004,-0.257846896,-0.228844807,-0.175405464,5.73168935175297
-0.022300022,-0.277169558,-0.111657611,-0.828332332,5.32240530504028,-0.078204192,-0.126791078,-0.298348369,-0.303331175,4.50806557471152,-0.54213246,-0.406658202,-0.264496691,0.176840700846428,5.93665382098265
-0.400318009,-0.336190354,-0.250648082,-0.000455058,5.56861837278783,-0.223528626,-0.076112787,-0.319676981,-0.719540424,6.08355994289818,-0.203389495,-0.285053082,-0.218022454,-0.330843076,4.76276793921338
-0.214917553,-0.231287507,-0.148769594,-0.646575859,5.79528169797528,-0.367670698,-0.434626093,-0.149492444,-0.118534521,5.22031279533906,-0.299794884,-0.182102906,-0.316585149,-0.29668529,5.1908076259945
-0.477165181,-0.380505104,-0.252098371,-0.178094925,5.0654479808425,-0.196020379,-0.312211244,-0.215634235,-0.841674949,5.68762979567883,-0.593272478,-0.274061847,-0.354520836,0.210830077740862,5.99486433188354
-0.162747098,-0.150017108,-0.240040374,-0.414327676,5.05231538971124,-0.352332583,-0.215627941,-0.353195335,0.039424039646448,4.72137572576548,-0.161946148,-0.208362336,-0.25982489,-0.360225205,4.11013612943077
-0.219103914,-0.285049994,-0.1984676,-0.264428436,5.52992596008011,-0.170582208,-0.154809015,-0.351900165,-0.403024915,4.70232884200071,-0.23643549,-0.180654226,-0.330517874,-0.41957963,5.35496117271798
-0.284096199,-0.300477804,-0.247353455,0.0216519264833186,5.8070352004224,-0.223872097,-0.300216966,-0.12949746,-0.169234388,5.62811397536232,-0.330711489,-0.257660276,-0.289122678,-0.130455285,5.49876431106646
-0.088480152,-0.177608608,-0.271419143,-0.661707148,4.55244374874155,-0.212305336,-0.357175041,-0.207374785,-0.232866372,4.88330667431153,-0.192318787,-0.267132412,-0.231833476,-0.387201272,5.35860284365804
-0.334119466,-0.258072187,-0.303661506,-0.671043947,5.45588574519321,-0.249627228,-0.207442048,-0.300030818,0.0941302859320582,4.46330441020818,-0.09443396,-0.208906452,-0.181742677,-0.501915536,5.48235724824043
-0.122376613,-0.214114376,-0.116993478,-0.587786136,5.51140426308279,-0.484160221,-0.330106028,-0.33678686,0.0897157319611153,5.89094630902149,-0.188584189,-0.189356481,-0.178431269,-0.558656642,5.10837523799377
-0.276521435,-0.219597028,-0.315067103,-0.044454132,5.70379592604019,0.0392693000324562,-0.045187404,-0.259758646,-0.809742623,4.50689620622612,-0.025855947,-0.085271529,-0.213685288,-0.750191836,5.35858382943998
-0.314248577,-0.287088379,-0.275987319,0.0575996602295634,4.54286877120813,-0.057019793,-0.200996327,-0.157318769,-0.544029137,4.67110978888274,-0.13966421,-0.194490892,-0.232555898,-0.506905068,5.60935800377391
-0.137070492,-0.276428345,-0.07855295,-0.361730396,4.48794297260927,-0.753841819,-0.308570338,-0.538641612,0.705099063133384,5.56830614904473,-0.220741072,-0.283428316,-0.206867318,-0.156364037,4.22898753177114
-0.251853038,-0.27823655,-0.289660467,0.096954404060314,4.48309824959586,-0.565883409,-0.410388586,-0.426486574,0.679112942450438,4.99058790874199,0.0145680162677764,-0.211321796,-0.139756387,-0.647071292,4.74300234923785
-0.309021537,-0.349148231,-0.234001126,-0.39806655,5.65210054738446,-0.209472347,-0.225071194,-0.23550151,-0.444355624,4.85310087740759,-0.217176393,-0.222756406,-0.30068504,-0.235340504,4.91660858316699
-0.243242313,-0.318032469,-0.26038718,-0.06749633,4.50681814139591,-0.349105977,-0.291015371,-0.264340404,-0.162414871,5.52829394004196,-0.42238956,-0.240965899,-0.328441452,-0.031452089,5.28451181524289
-0.541497427,-0.284441419,-0.326681649,0.437944597519192,5.55410132392517,-0.138581385,-0.212036888,-0.192351522,-0.50523257,4.64164389144254,-0.29234278,-0.358599202,-0.23999634,-0.400361471,4.86078453596312
-0.276607325,-0.333133339,-0.159256938,-0.153086228,4.94299751351481,-0.179719452,-0.223473213,-0.238115064,-0.04295327,3.96747480832721,-0.55742556,-0.351923462,-0.30140057,0.20804238320144,5.57019839200018
-0.129811165,-0.188654699,-0.242360437,-0.483352443,4.87627614502914,-0.303068522,-0.227250835,-0.218207745,-0.380525599,5.96512633663366,-0.195974769,-0.234793341,-0.239366556,-0.328850712,4.41088636718855
-0.221308525,-0.317366636,-0.149133594,-0.306321001,5.16913678331689,-0.764204084,-0.564579819,-0.386215346,0.296456238743809,4.97512169845758,-0.172915134,-0.218726137,-0.26430815,-0.447763468,4.59672048946536
-0.365622437,-0.182531515,-0.295965515,-0.420799768,5.17521019045928,-0.263198011,-0.261170959,-0.285869464,-0.15536821,5.29971667038047,-0.48450903,-0.294589359,-0.293003523,0.197876114322494,4.6489866966211
-0.241004166,-0.302937207,-0.303396177,-0.259870386,6.26633616973064,-0.527788019,-0.519079027,-0.240635747,-0.460813677,6.16335265897506,-0.197439416,-0.204156412,-0.234574757,-0.53216581,4.96712681338124
-0.339589976,-0.242212605,-0.325584726,-0.280653468,6.14762824371382,-0.471576982,-0.377544428,-0.332406544,0.0142816366022338,5.81260550056365,-0.330179304,-0.301886923,-0.296139432,0.254278301112617,3.75392925652074
-0.301599836,-0.304799525,-0.203406639,-0.181567655,5.54990196937685,-0.306232951,-0.271848068,-0.199606428,-0.19156902,5.70123920862968,-0.440996315,-0.293529674,-0.303169957,-0.091606482,5.23005698423284
-0.208133725,-0.185422695,-0.302694097,0.0667186463553715,4.45769813899207,-0.410365332,-0.313142568,-0.377780584,-0.056163308,5.54683390467148,-0.434263756,-0.250898843,-0.326731371,0.266898017372172,4.88479009879402
-0.244214383,-0.268938055,-0.200328744,-0.326088755,5.70148424347844,-0.133348789,-0.1133177,-0.270896689,-0.319018498,6.17628658897344,-0.250567776,-0.322151264,-0.195825099,-0.314311916,5.03892047252922
-0.298410557,-0.307018821,-0.298622849,-0.296300474,5.71665113219199,-0.236082367,-0.222106194,-0.249110508,-0.137770002,5.10175484072538,-0.254860631,-0.254332048,-0.197150378,-0.327272282,5.63406612986455
-0.258737333,-0.286799893,-0.104723058,-0.228472297,6.00444768886346,-0.519542724,-0.457107329,-0.230586972,-0.083593473,5.0507114412209,-0.341851309,-0.322038728,-0.22621402,-0.203251824,5.13587055386184
-0.168769242,-0.334874062,-0.143658844,-0.352626916,4.28032544612882,-0.293500672,-0.32313045,-0.224096499,-0.398855144,5.01121370165713,-0.111750759,-0.211875429,-0.232193355,-0.41817029,5.21471534151155
-0.290900416,-0.206125607,-0.220334994,0.0191501999312561,4.69531330599021,-0.294026139,-0.264929831,-0.2969438,0.0171130450260773,5.10880112170818,-0.082032048,-0.174599039,-0.237310792,-0.448813015,4.73117933452357
-0.315562915,-0.2057995,-0.251133592,-0.225032482,5.40325896895847,-0.127815097,-0.19214229,-0.226158498,-0.1831671,4.42133814948559,0.0174827754632614,-0.044076907,-0.286802315,-0.401406557,4.20890640977915
-0.354494741,-0.323870793,-0.192457421,-0.366879122,5.93364826050375,-0.231328072,-0.195135427,-0.272019922,-0.23402559,4.42139275385817,-0.695247057,-0.455993167,-0.32759608,0.514221884655948,5.82124302638762
-0.085790978,-0.163136564,-0.197344117,-0.326690079,4.59437494521712,-0.160275505,-0.232348298,-0.241971259,-0.420788595,5.38161961454855,-0.481438578,-0.233077796,-0.309414445,-0.01121303,5.52352952792511
-0.411956527,-0.25627044,-0.244295291,-0.324554462,6.42526986267139,-0.334087672,-0.196537871,-0.403589505,-0.027170404,4.23039104142595,-0.36441905,-0.276521457,-0.219792503,-0.081346645,5.54308600710506
-0.023483625,-0.173656469,-0.186317684,-0.731780346,4.83937849944002,-0.484108157,-0.294250672,-0.382063866,-0.082873644,6.04647351891262,-0.138137498,-0.208756217,-0.238151184,-0.344199688,4.76940848513101
-0.203604702,-0.36046173,-0.040318574,-0.578082161,5.26495585028816,-0.297595116,-0.277037322,-0.366876077,-0.228628962,6.14193027518137,-0.233186433,-0.267904617,-0.184187846,-0.287960169,5.82694465670928
-0.133671688,-0.237825006,-0.204667593,-0.447795763,4.17786218870173,-0.191292327,-0.255423471,-0.319225284,-0.364316646,4.22688757998112,-0.182412038,-0.284279172,-0.217200971,-0.634891003,5.36773119000463
-0.26524289,-0.310096084,-0.264735253,-0.26374049,5.45375219482969,-0.048149041,-0.25527057,-0.127246853,-0.44904443,4.4811312135728,-0.456535369,-0.373278734,-0.283757454,-0.122050516,5.29015930973553
-0.310857084,-0.271348792,-0.265678149,-0.150291971,5.55025865441635,-0.318083197,-0.265326777,-0.271843815,-0.050079418,4.63962212423417,-0.294451835,-0.239292499,-0.162787447,-0.205970814,4.24437965206799
-0.165718385,-0.213501867,-0.28438622,-0.224866805,4.8478268467424,-0.37550218,-0.250254274,-0.335841491,0.162306880101666,5.08650504604542,-0.511616241,-0.422032523,-0.226220685,-0.078864047,4.65079743877247
-0.236222098,-0.273563213,-0.287386724,-0.277115039,5.35174889509371,-0.130729061,-0.147350757,-0.194548457,-0.792475656,5.67186043929363,-0.228433824,-0.172502618,-0.216989263,-0.422117569,5.84529699623745
0.000233547538622283,-0.201049287,-0.203130066,-0.217468841,4.33739088494844,0.0351836893218893,-0.109972539,-0.276121811,-0.742118461,4.96084999918873,-0.44730192,-0.317212703,-0.287216272,0.0335916292000193,5.66839260122777
-0.227779816,-0.282637018,-0.18067336,-0.30051778,5.37974596520229,-0.237132354,-0.289195831,-0.204783643,-0.350274654,5.85183581223649,0.0548075979054742,-0.085571273,-0.226417305,-0.566372802,5.05844262607364
-0.065838898,-0.127228972,-0.230779027,-0.471455034,5.01926527911232,-0.231564579,-0.282867527,-0.203688179,-0.309167973,5.64308965086989,-0.149841526,-0.141554419,-0.289249529,-0.482631226,4.95057251488312
-0.231845412,-0.156863663,-0.313873359,-0.155372791,5.0382587989635,-0.235512133,-0.30900211,-0.186609632,-0.340259722,5.48972630907605,-0.06724957,-0.246475257,-0.16571948,-0.394044306,4.87819180222956
-0.154204187,-0.224030263,-0.262880485,-0.191660972,4.23962357734572,-0.229026972,-0.275537998,-0.208611063,-0.257236385,4.76608187802626,-0.238252618,-0.234611663,-0.242520311,-0.386575041,5.38210926024545
-0.567610704,-0.320025792,-0.295774224,-0.056328912,6.55522474109046,-0.43709436,-0.351931842,-0.252643988,-0.221186238,6.09112878997111,-0.149029925,-0.213239707,-0.205258026,-0.516268188,5.22328899759845
-0.337448599,-0.312920813,-0.173068779,-0.178882728,5.92445685882867,-0.404607276,-0.242407876,-0.263170701,-0.585970814,7.14384377716523,-0.281379963,-0.1916808,-0.312325203,-0.306165196,4.83858195790279
-0.426022406,-0.390279291,-0.236848941,0.175748687378798,4.05536716490504,-0.073444805,-0.174284129,-0.163174582,-0.675057836,6.41229623227998,-0.389177715,-0.273943213,-0.274767814,-0.037932541,5.61825739844847
-0.131763625,-0.186891745,-0.304349825,-0.443871005,4.67327245895467,-1.032632614,-0.536685219,-0.545559046,1.01883114477562,6.85047284079832,-0.092343236,-0.150494619,-0.232277311,-0.461205698,4.47832119282027
-0.298513645,-0.367080865,-0.14375024,0.0259543435628845,5.97368065753675,-0.358672755,-0.386379914,-0.231716897,0.0387475952795062,5.71793368482355,-0.355654287,-0.346156762,-0.292077927,0.0142577485224518,4.27064859296171
0.0303063454509036,-0.265521609,-0.150160764,-0.429976269,4.6382417878056,-0.197664707,-0.260431223,-0.229764274,-0.619057182,4.58993967767135,-0.295691624,-0.277257126,-0.250346772,-0.444828177,4.66307980365506
-0.336083685,-0.255979523,-0.271062032,-0.481549815,6.05561284564772,-0.359535561,-0.358564544,-0.255959619,-0.131495818,4.88015396870587,-0.387459547,-0.227281404,-0.200581477,-0.169870864,5.04142526638006
-0.0780455,-0.134308999,-0.240535732,-0.439299123,4.47714264808148,-0.199519252,-0.125615379,-0.191378581,-0.634056352,5.77550253839602,-0.345855844,-0.393908453,-0.197458236,0.116348089,5.07916833548164
-0.135552773,-0.19894807,-0.30733826,-0.504902513,4.89634966701396,-0.317561748,-0.245011778,-0.293908056,-0.342090248,6.35931386594004,-0.185608203,-0.24178818,-0.132629077,-0.479732584,4.94262020911054
-0.254523137,-0.230137385,-0.26776193,-0.142765082,4.0266931152506,-0.227728931,-0.243673934,-0.310145342,-0.146599047,5.48266967958694,-0.227979372,-0.296416063,-0.187053362,-0.422841827,6.38771256811926
-0.327616759,-0.342181968,-0.256664779,-0.271047382,4.57372514847363,-0.162535881,-0.253397057,-0.190283676,-0.409906437,5.28520941587093,-0.091975461,-0.206906865,-0.132948435,-0.650129141,4.64050373808906
0.0384610260937398,-0.115414429,-0.142502229,-0.864052922,4.85091217378436,-0.444217104,-0.200525362,-0.359260987,-0.016104085,4.98537486753443,-0.124770371,-0.174102967,-0.196598462,-0.517692654,5.08925625102488
-0.289714589,-0.175354219,-0.273682043,-0.024572567,5.24216499577023,-0.348078254,-0.193120756,-0.266782721,-0.429679122,6.61501744149263,-0.13875336,-0.221272952,-0.207892389,-0.26465284,4.79317056187139
-0.28421204,-0.218261844,-0.355510424,0.114276735177713,5.85753075357272,-0.186569793,-0.222437194,-0.284405713,-0.259208587,4.5948004035539,-0.123740012,-0.195944962,-0.220693211,-0.437034973,4.59905946236755
-0.293378663,-0.260015517,-0.280846066,0.0138507984534448,4.91096418855976,-0.200163562,-0.31506614,-0.147812014,-0.259276006,4.82284289577126,0.0520336348486475,-0.138186721,-0.148017201,-0.724763832,4.68787374535573
-0.399804337,-0.299433384,-0.251673679,-0.207341128,5.04134670763163,-0.348236725,-0.32544337,-0.300423074,-0.070881039,4.55306805991914,-0.374704349,-0.269880138,-0.275038326,0.0391144377916192,4.76229071064789
-0.457937517,-0.291232421,-0.305134205,0.16228638643961,5.80413679344791,-0.143736352,-0.212509047,-0.285451914,-0.397286553,4.5670196140245,-0.082548152,-0.201701988,-0.215295946,-0.183447348,4.42091706027005
-0.450669174,-0.201248042,-0.475034375,-0.145350155,5.99279303393909,-0.428677725,-0.302082349,-0.298698392,0.0428297552879135,5.6501145083632,-0.475969163,-0.388585253,-0.252286298,-0.043871212,4.69442286662778
-0.105610547,-0.20856367,-0.19709064,-0.447515809,5.78845807342281,-0.264405192,-0.296393594,-0.23312921,-0.432890509,5.54629339462078,-0.584197501,-0.344041335,-0.345955697,0.385131289132656,4.95101022708834
-0.646057336,-0.263656772,-0.431950657,0.13370645683842,5.44658332609149,-0.205583563,-0.307829395,-0.304941147,-0.284257855,4.28893513781296,-0.504482372,-0.289615579,-0.301494052,0.287403558443743,5.67336308091425
0.0805484094636272,-0.153123986,-0.172369379,-0.359306169,4.25027592197485,0.0167124159227873,-0.072910525,-0.301079864,-0.525712849,4.71852668417596,-0.066744458,-0.151848984,-0.224294254,-0.46201802,4.53661746240593
-0.368383051,-0.303338942,-0.305583103,-0.068717293,5.07044030232199,-0.344835846,-0.355406131,-0.295434829,0.152603443210052,4.90321247621828,-0.151988677,-0.269556332,-0.20977558,-0.531443213,4.41176070448305
-0.075979706,-0.22603743,-0.181754364,-0.50595178,4.96122708577873,-0.221698097,-0.188025881,-0.291114185,-0.048528791,5.17895356586246,-0.027426344,-0.245520934,-0.179729411,-0.399432778,5.40796121627646
-0.373113948,-0.279763462,-0.237916654,-0.125873237,6.71850726091654,-0.389225696,-0.325845624,-0.295811069,0.169503920500098,5.40586692156596,-0.273392936,-0.272547659,-0.276245015,-0.153434288,4.62567005741008
-0.371358706,-0.199235545,-0.377559826,-0.287528315,6.33001922253197,-0.413486661,-0.327331651,-0.260863965,-0.146844064,5.0344538765279,-0.137937468,-0.235863147,-0.249507208,-0.435730061,5.40711826515249
-0.220712605,-0.203866024,-0.279743906,-0.531328813,6.99064446068048,-0.215270312,-0.286335812,-0.259662483,-0.152659404,4.61662313200695,-0.374326491,-0.277223123,-0.36800494,-0.108707925,5.4250943822373
-0.370793528,-0.291551485,-0.297763663,-0.275917209,5.88176202663179,-0.03396947,-0.155156264,-0.121460719,-0.615405196,5.15533491524694,-0.166552372,-0.29991732,-0.18303317,-0.085015068,4.59820587294269
-0.16603949,-0.148499649,-0.274699197,-0.550004802,5.10557601436574,-0.368320379,-0.23673451,-0.341850812,0.0199941197111443,5.46939773706665,-0.162157962,-0.342273942,-0.137447388,-0.616775685,5.8869967267957
-0.307853698,-0.208085811,-0.281670687,-0.380813528,5.22577122704367,-0.391976546,-0.271727249,-0.284061219,-0.397968419,5.77018501495696,-0.199883654,-0.236824942,-0.211031972,-0.653418375,4.44949415188959
-0.090958843,-0.299382063,-0.207702782,-0.517786063,4.28981994564062,-0.393651501,-0.204626768,-0.305165305,0.0358172239385085,5.98358796050199,-0.270152613,-0.272810144,-0.230975639,-0.262474828,4.82938238245404
-0.293976027,-0.172422671,-0.278383747,-0.500405973,5.38467499523954,-0.153122614,-0.113969016,-0.411199425,-0.552501784,4.81493431194649,-0.33268011,-0.274811912,-0.190274428,-0.316199564,4.99336002837252
-0.440840331,-0.436691125,-0.068886943,0.0106756535881208,5.54441854491633,-0.278282512,-0.268960756,-0.251108431,-0.256294074,5.60200105214902,-0.428742418,-0.306651189,-0.214890596,-0.148320044,5.21663814479164
-0.37885021,-0.320352996,-0.249081562,-0.122293643,6.05616815874296,-0.365272109,-0.295328099,-0.360092092,0.0155355450345934,4.6481103798702,-0.230069985,-0.245286424,-0.266985677,-0.480704771,5.93020176548358
-0.24511182,-0.15936016,-0.30479979,-0.252424461,5.25830105438149,-0.237549154,-0.272419294,-0.283552525,-0.502956658,7.11138656143887,-0.228110411,-0.266006486,-0.321848494,-0.404498444,4.70403058336814
-0.256046622,-0.232593197,-0.262598529,-0.575023988,5.06942844739579,-0.395782497,-0.302208775,-0.335991107,-0.106017835,6.34457631107884,-0.217467665,-0.193743443,-0.221252123,-0.125793306,5.43512935801555
-0.326422745,-0.305785112,-0.192472281,-0.405529181,5.99965168430882,-0.088324964,-0.197970307,-0.168969136,-0.675661123,4.92591410396881,-0.053756244,-0.166385145,-0.177055328,-0.477147284,4.86088591119212
-0.38003816,-0.243023234,-0.278949857,-0.252160231,6.55307048474403,-0.362853399,-0.211024402,-0.322805008,-0.162403717,5.62649517207137,-0.15051017,-0.199823092,-0.270718513,-0.292260467,4.14928127089512
-0.408551183,-0.219533842,-0.29595992,-0.101917739,6.58665090187653,-0.282427949,-0.264871454,-0.2772328,-0.344307441,4.95043300311111,-0.223023102,-0.31996781,-0.191407242,-0.129892675,3.88717143106045
-0.206836455,-0.174445136,-0.277456969,-0.225765082,5.03852549280459,-0.391307307,-0.285766453,-0.292890953,-0.015533828,5.34957693713657,-0.171830809,-0.253012615,-0.1904818,-0.410790888,5.47105750947609
-0.255972978,-0.363205249,-0.177426784,-0.47024447,5.51079885131527,-0.100216337,-0.183823677,-0.164199177,-0.638384008,4.85511189372411,-0.073648094,-0.164122809,-0.196508197,-0.47271761,4.53259614367525
-0.246325872,-0.373270816,-0.140411775,-0.315792724,5.3275269665008,-0.077752688,-0.15839327,-0.198861272,-0.497447414,4.10113838441332,-0.292439707,-0.347327015,-0.276076019,-0.016390269,4.68545280892623
-0.183034218,-0.334502143,-0.137187059,-0.244548889,4.48922587737506,-0.16097065,-0.231591497,-0.261306002,-0.170739732,4.92629881823053,-0.17685177,-0.199596689,-0.205780249,-0.202197779,4.56680877219986
-0.194417795,-0.249910945,-0.251674975,-0.330896914,5.7134286939401,-0.165940145,-0.198823085,-0.238766108,-0.520120784,5.259732484,-0.163301311,-0.239276827,-0.197067749,-0.292278771,5.40388802788361
-0.294630894,-0.288971469,-0.280340598,-0.002202035,5.11019930242491,-0.202633598,-0.300389008,-0.202333625,-0.342533798,4.47695518590985,0.0411858753190539,-0.170869257,-0.132440122,-0.654927559,5.02761384410615
-0.393089116,-0.328576776,-0.229065381,-0.178659513,5.57823125566801,-0.104609745,-0.176976101,-0.168174286,-0.520882953,6.19695659370487,-0.106150725,-0.18130935,-0.221696382,-0.635715077,4.97774337059466
-0.0382027,-0.252021054,-0.18071519,-0.42557378,3.74564954900027,-0.059896372,-0.188869829,-0.167564825,-0.368539028,4.69344573778789,-0.347860924,-0.285335908,-0.246717617,-0.187510209,6.57477234494335
-0.432886344,-0.428701337,-0.344034999,0.101030517555018,5.4852973195684,-0.326149138,-0.373947501,-0.298526499,-0.153100887,5.22945332993669,-0.14713917,-0.204887911,-0.226866783,-0.357026552,4.39537105499281
-0.270233032,-0.31203148,-0.187652275,-0.111236678,5.61846384717084,-0.391816875,-0.282315172,-0.276727684,-0.050416319,4.73861452691973,-0.401389465,-0.240155132,-0.363904667,-0.131455393,4.8614056332174
-0.336937675,-0.329288584,-0.272911982,-0.108419159,4.55859511923512,-0.308442022,-0.364974345,-0.219225447,0.158459488483772,4.28925828102082,-0.191242295,-0.291140289,-0.19445986,-0.225967926,4.33494406062697
-0.172830219,-0.27521684,-0.24854372,-0.258024591,4.61937668572241,-0.434330464,-0.362578662,-0.321818003,-0.053867675,5.89243902781597,-0.275702175,-0.240163117,-0.336426939,-0.33889117,5.89815045454049
-0.031766435,-0.212549423,-0.127394439,-0.301752016,5.79713873178722,-0.251440367,-0.265385329,-0.301545461,-0.060814105,5.8614713118217,-0.067979237,-0.139666303,-0.241240167,-0.346119776,4.23367479061261
-0.054601414,-0.186805994,-0.191413323,-0.215335512,4.62030322280405,-0.187346563,-0.216927714,-0.235622952,-0.509813306,5.50638381574174,-0.10790526,-0.297330985,-0.205555782,-0.199484776,4.42426542267885
-0.496449689,-0.354149452,-0.280729357,0.0108754287013439,5.32698262585355,-0.406849287,-0.245981377,-0.357232125,-0.201359233,4.74024347323544,-0.303104022,-0.230988767,-0.183324798,-0.048516279,5.25878469057214
-0.376280681,-0.355590633,-0.269431486,-0.041356769,5.78013187903079,-0.240255393,-0.2913645,-0.288517311,-0.314047194,5.19694616379883,-0.185625777,-0.270884452,-0.21660241,-0.510668732,4.88086734085573
-0.242106325,-0.260542783,-0.262959085,-0.170233186,4.48408301597854,-0.137453818,-0.273756427,-0.117488784,-0.389855858,4.53897978573681,-0.243834586,-0.152214895,-0.312568524,-0.156810129,4.52295067627484
-0.309987904,-0.304344328,-0.167009521,-0.231060431,6.46236165287554,0.0764717797260595,-0.226918463,-0.032803229,-0.835505464,5.22300766490541,-0.371926104,-0.401026212,-0.239979016,-0.612385228,5.4428566880472
-0.065741832,-0.210904407,-0.210788349,-0.387891198,4.48890147974319,-0.0717603,-0.140904871,-0.230575183,-0.802647928,4.47056195827718,-0.325369521,-0.324987507,-0.275100232,-0.166772036,5.19188737299033
-0.183060746,-0.311325304,-0.231239212,-0.233617799,4.45955002385056,-0.338288772,-0.491862449,-0.168826185,-0.108593809,5.41849466758466,-0.2627565,-0.256593281,-0.201412535,-0.141157657,4.53904255584913
-0.434479669,-0.278275032,-0.370520866,0.0225132033780588,4.46442886230629,-0.265192774,-0.182400928,-0.279331461,-0.105803919,5.53308333727105,-0.35810318,-0.246154325,-0.308601382,0.0402991045616105,4.64815601403306
-0.350521791,-0.28354965,-0.303434576,-0.10939875,6.10555679167106,-0.357203265,-0.234648466,-0.395308385,-0.218165295,5.51014791202558,-0.228624956,-0.201984735,-0.239047081,-0.190919074,5.01858993449155
-0.400067912,-0.201609941,-0.398173411,-0.053912313,5.88147407686265,-0.460309108,-0.171362662,-0.433416571,-0.124541497,5.78014246683475,-0.147102918,-0.192466647,-0.338871448,-0.623336097,4.05106833843653
-0.060344745,-0.073418274,-0.28693898,-0.401676042,5.42860111599884,-0.095095746,-0.215957327,-0.177157744,-0.455016644,4.63879947815744,-0.47965516,-0.224425156,-0.30535728,-0.064913885,6.23818104696968
-0.213450747,-0.298386195,-0.223368258,-0.270264789,5.17347010926239,-0.091679504,-0.286350047,-0.158555711,-0.309904925,4.42041739727048,-0.436729001,-0.267609138,-0.359920046,0.0572613893457108,5.09188427831629
-0.369167483,-0.284220217,-0.317683092,0.140884813375271,4.05789395168195,-0.355471537,-0.29816735,-0.275026879,-0.14402456,5.34656513192052,-0.199128616,-0.253341595,-0.264124456,-0.309723505,4.94028430339389
-0.385994032,-0.276210527,-0.313261539,-0.484328114,5.66660238886894,-0.508171521,-0.309475279,-0.384700708,0.226709909406771,4.74172292409406,-0.504230175,-0.265188025,-0.375448166,0.180404440853375,5.93177839347505
-0.259349065,-0.214421797,-0.218219066,-0.18742193,5.90929000500488,-0.439901392,-0.296740202,-0.313606384,-0.103412841,4.79259066719719,-0.285607527,-0.207998943,-0.265852499,-0.400375597,5.90327805848505
-0.384208675,-0.272861169,-0.327011415,0.0667921282155418,4.84271766181388,-0.150634059,-0.29651362,-0.21791434,-0.313983135,4.89783654629135,-0.21946725,-0.26076282,-0.157967974,-0.349802794,5.4223995161242
-0.582028267,-0.380528994,-0.311814544,0.0580869224796311,6.84326164186886,-0.383526505,-0.258688293,-0.338967431,-0.090420388,5.18438036469422,0.036712276594463,-0.116531049,-0.169716665,-0.712506831,5.31393256031956
-0.272843114,-0.307197076,-0.242762533,-0.336197044,5.83625586948377,-0.273332405,-0.270678664,-0.189291203,-0.229953057,5.32450462882031,-0.3688004,-0.220712757,-0.293216419,-0.10182775,5.25441482919061
-0.340735065,-0.321183562,-0.202101434,-0.427622574,4.56206663883562,-0.038100971,-0.162448106,-0.196410878,-0.629220032,4.92433366468575,-0.230326287,-0.278660216,-0.185256172,-0.273305973,4.96517511515537
-0.203718536,-0.340593494,-0.105368829,-0.524350446,6.25933169252836,-0.473180944,-0.391120126,-0.084154002,-0.570961702,7.09519782334416,-0.316362685,-0.257661349,-0.225952051,-0.316320657,5.30080460724446
-0.368367431,-0.202714251,-0.345419283,-0.694660384,6.40761790458516,-0.175956131,-0.21661612,-0.218982836,-0.314163966,5.81594499352011,-0.358038706,-0.24656215,-0.264758238,-0.034454727,4.84189235387158
-0.142076633,-0.267664889,-0.299550908,-0.438944646,5.41314639180062,-0.145544738,-0.178827347,-0.239347742,-0.39688444,4.94550062516965,-0.153685606,-0.270572599,-0.166959463,-0.038792274,4.29520057395249
-0.145822669,-0.139629585,-0.269981141,-0.167238062,4.97063387423183,-0.529671743,-0.329532417,-0.471972582,-0.076038159,6.45941747538538,-0.181585704,-0.289446979,-0.091592872,-0.35170122,5.56849743249124
-0.306768912,-0.276086266,-0.292591003,-0.199390372,4.74774907458785,-0.359207983,-0.256450702,-0.422307481,-0.166549909,6.85972632780758,-0.089473231,-0.194753698,-0.228369668,-0.481804281,5.01373601629913
-0.191529186,-0.202184274,-0.26120563,-0.204383268,4.51016997730585,0.0238086929104511,-0.162381978,-0.107999101,-0.607110186,4.76574638937432,-0.229205964,-0.231372696,-0.231089827,-0.272709051,5.07544913654001
-0.695704325,-0.35456799,-0.386291634,0.364205417560942,5.46191346522458,-0.670994479,-0.34074259,-0.428791996,0.244200068605306,6.20898157424725,-0.199607287,-0.208287037,-0.264258592,-0.274961723,4.47848772587916
-0.251776607,-0.155576388,-0.316333609,-0.075261458,5.42067984401602,-0.234878921,-0.210225438,-0.366403846,-0.251246568,4.616702387,-0.259933701,-0.219741859,-0.202652897,-0.648097712,6.77632849923101
-0.417285989,-0.325057905,-0.252555217,-0.200246097,5.43909867706726,-0.046394524,-0.033068149,-0.227135829,-0.62220946,5.63065637218097,-0.150055471,-0.228123203,-0.199964212,-0.400087573,4.85610675949399
-0.182069623,-0.327908576,-0.062730929,-0.511134213,5.64613545948083,-0.589089674,-0.585972239,-0.310807158,0.323353641498667,6.03303093947412,-0.178348413,-0.261864883,-0.200852445,-0.106859629,4.29315798423067
-0.185769318,-0.279501526,-0.24887557,-0.508112391,4.75772997961435,-0.148435762,-0.273222729,-0.128982128,-0.416668681,5.15911834262147,-0.134086678,-0.140717205,-0.221732002,-0.418994567,4.95518224825845
-0.324557877,-0.269520154,-0.307013848,-0.285862338,5.1609591262992,-0.195624153,-0.292001127,-0.152830908,-0.495628993,5.93896616993022,-0.122556382,-0.18639695,-0.266284132,-0.54754089,5.54725826012098
-0.424389784,-0.288576372,-0.240949628,-0.202382823,5.623996681,-0.206328481,-0.175732358,-0.278006155,-0.278002285,5.69118536548281,-0.156967733,-0.2251147,-0.239096335,-0.325735502,5.03639258118296
-0.531969446,-0.361984032,-0.305188123,-0.174993422,5.73131395481534,-0.275765831,-0.256131024,-0.259712317,-0.13739611,5.11519669347627,-0.189402333,-0.25867385,-0.169953196,-0.261892692,5.52231291503912
-0.302907538,-0.352445811,-0.248039434,-0.289388408,5.32850628242704,-0.553342697,-0.319778125,-0.336891531,0.0784473854935741,4.5390224584584,-0.433232424,-0.299990406,-0.308008344,-0.296152813,5.45762312722871
-0.143466621,-0.195003068,-0.19831295,-0.242125913,5.13869413302364,-0.145790741,-0.212657305,-0.178975652,-0.543698593,5.01711603779322,-0.021893685,-0.166614334,-0.165130344,-0.694459975,5.73268726998652
-0.258504921,-0.23520792,-0.295689469,-0.302681537,4.62204995570116,-0.185958376,-0.231024054,-0.174602809,-0.530851935,5.48610740773361,-0.099680863,-0.122354804,-0.30576294,-0.526005866,7.39036585759481
-0.400312524,-0.346799726,-0.186443466,-0.186070939,5.57693775098134,-0.167411923,-0.19981016,-0.137299858,-0.312017553,5.44070039382818,-0.235714959,-0.254549102,-0.202919876,-0.577250017,5.19273984222679
-0.091454831,-0.202336461,-0.171342614,-0.696491988,5.03957384652979,-0.102435149,-0.097011645,-0.14247537,-0.974001657,5.55052482299065,0.148273997995432,-0.172229415,-0.120279659,-0.918294225,3.91883044697564
-0.524362259,-0.259569802,-0.339456887,-0.018927726,5.1130007592388,-0.241154095,-0.351639137,-0.212040706,-0.021202494,4.68595826560885,-0.195237753,-0.26721543,-0.194039366,-0.280088844,4.75718774559864
-0.317817843,-0.186998234,-0.333837624,-0.359457404,5.35237045938599,-0.563946219,-0.340005705,-0.42168359,-0.07257346,4.68077867494921,-0.137167448,-0.236947419,-0.158734541,-0.587281781,5.73608112500855
-0.266642026,-0.359963548,-0.164580243,-0.064769701,4.72636863857855,-0.141814554,-0.124318157,-0.179478459,-0.511245665,4.30835550858581,-0.153708986,-0.29415691,-0.190514695,-0.266390085,4.29637103234944
-0.23452115,-0.233948959,-0.238806867,-0.355377286,4.92463981166416,-0.273886915,-0.297540468,-0.286354019,-0.151143225,5.350335714,-0.28837969,-0.242187003,-0.296507163,-0.14671335,5.63156280489643
-0.257644211,-0.274099016,-0.289227599,-0.158171287,3.87902517684409,0.07619262556827,-0.140503029,-0.168523625,-0.384864984,4.54960517365556,-0.37880555,-0.257786203,-0.263507555,-0.153267358,4.89784877454997
-0.507116316,-0.337131978,-0.36098706,0.13834149910442,5.56312712111577,-0.170535744,-0.232009422,-0.255662674,-0.570972612,6.11137856198211,-0.017267587,-0.149410123,-0.208600379,-0.698007135,5.53913868683149
-0.351105022,-0.314621307,-0.247478118,-0.060989388,5.04111228306689,-0.25428799,-0.276415613,-0.107944545,-0.485012332,5.90401760294002,-0.191129207,-0.163048462,-0.282872023,-0.448372384,4.69907293896614
-0.548893103,-0.247607547,-0.372209636,0.139105844985624,6.36366764569288,-0.411591197,-0.255569102,-0.293908248,-0.13399976,5.73662722839998,-0.424960836,-0.296853257,-0.31478652,-0.309539639,5.92889166039173
-0.140785135,-0.240242873,-0.194245938,-0.482050826,4.8888046809521,-0.182210991,-0.2698426,-0.208171646,-0.435891034,5.44754376572137,-0.328958762,-0.284817949,-0.304717095,-0.038889373,5.07356902713752
-0.294620983,-0.191503271,-0.358925964,-0.13675631,5.17491615907327,-0.051802065,-0.176486798,-0.16042958,-0.650366322,4.78451590958721,0.0307417429980793,-0.061093313,-0.158353075,-0.571667377,4.43528227844316
-0.073224925,-0.186667502,-0.181846295,-0.236893845,4.46785357647398,-0.323090513,-0.35517346,-0.262074035,-0.019530468,5.04621087031043,-0.195193769,-0.215039662,-0.198228495,-0.275609525,5.27289253695575
-0.590325133,-0.33661903,-0.356237453,-0.207397533,6.80593045336593,-0.277218051,-0.294325537,-0.308229451,0.0389035671178812,4.41446684273482,-0.221607029,-0.233802477,-0.187383227,-0.704649132,5.89276153757969
-0.10491463,-0.261930042,-0.172963164,-0.527569109,4.42013811944505,-0.318781805,-0.218674338,-0.343117066,-0.259941277,5.2986302383254,-0.233331008,-0.23652255,-0.267727259,-0.110874858,4.96811691775112
-0.197599638,-0.32141308,-0.232143805,-0.102740173,4.78425274236728,-0.21691562,-0.249837214,-0.224024788,-0.053473714,5.04132846992803,-0.173124504,-0.326990542,-0.240692234,-0.308508973,3.83483700686649
-0.392535519,-0.292844167,-0.258399647,-0.282522068,6.6123573585171,-0.296481688,-0.233485315,-0.247980097,-0.163846748,6.0763715000723,-0.227135714,-0.217614896,-0.248659916,-0.49393183,6.15043728777142
-0.365366854,-0.259864491,-0.360047086,0.159609207390369,3.95218243640755,-0.761700124,-0.505545684,-0.434530995,0.70208315147593,6.13620396084979,-0.314544207,-0.318595375,-0.297020389,-0.016394456,4.96222417845561
-0.223250703,-0.216153414,-0.236415752,-0.261976125,5.04722526970014,-0.451156315,-0.263361181,-0.320319362,0.00714213666528281,4.68158071655801,-0.307685932,-0.262634144,-0.261973713,-0.331369482,5.43746903614817
-0.181167581,-0.210496462,-0.198403569,-0.396862114,5.41930729522408,-0.508481961,-0.356892581,-0.218895831,-0.074682998,6.02717353607248,-0.067196733,-0.152831203,-0.159460152,-0.609477897,4.5901722905474
-0.080549956,-0.210376568,-0.168070412,-0.664886756,5.33289907031834,-0.447415337,-0.440950604,-0.229007287,0.0273260496906375,4.83484925411294,-0.039312073,-0.252925257,-0.194782561,-0.635283014,4.6663062039322
-0.433629135,-0.336055861,-0.339914467,-0.272119997,6.86603587064128,-0.052374214,-0.190828906,-0.124063816,-0.545317286,4.16940303621727,-0.112343641,-0.128559868,-0.245257174,-0.495781593,5.3375091946543
-0.090356171,-0.223043098,-0.221596509,-0.525013871,5.15865075943249,-0.156680971,-0.150916281,-0.258105687,-0.519000133,5.63963244543189,-0.158074919,-0.176635235,-0.274256419,-0.153406798,4.66776865459043
-0.220351642,-0.427777529,-0.18357427,0.050086687663458,4.56103718865279,-0.413279356,-0.285374642,-0.408049748,-0.220503529,6.06446535692749,-0.008731626,-0.216074241,-0.150671466,-0.659903803,4.39655039983901
-0.173418041,-0.138083544,-0.229022019,-0.629434604,5.81977144509313,-0.888641207,-0.458522299,-0.521052616,0.467438993068425,6.79884990508465,-0.09168855,-0.179071052,-0.377472695,-0.459448943,4.51946558159868
-0.046549042,-0.187838195,-0.147538523,-0.569641001,4.23180354772787,-0.135402403,-0.335837125,-0.203337183,-0.10164501,4.19813300499454,-0.206118481,-0.207782265,-0.175559362,-0.322786093,4.55628507749037
-0.117838758,-0.300108295,-0.120386128,-0.37959555,4.67503587902139,-0.592156006,-0.32500061,-0.427841937,0.413549464339649,5.05350461039328,-0.116602344,-0.191302863,-0.22668954,-0.18922278,4.41712557467391
-0.116931289,-0.122851649,-0.222078034,-0.817930588,4.57936155081122,-0.576934125,-0.391314412,-0.38265791,0.193052025897683,5.4198421839885,-0.256380777,-0.26687412,-0.254547233,-0.186545641,4.908471792
0.000579665313435145,-0.197297638,-0.194834202,-0.391169217,4.32034336504883,-0.298518631,-0.318115921,-0.238779778,0.131186378080617,4.52995496721213,0.0842218066219584,-0.152526012,-0.098754351,-0.520485881,3.77472314400049
-0.231638885,-0.234003861,-0.282724678,-0.030504689,5.21345808699155,-0.274320167,-0.319480501,-0.203573845,-0.329273404,5.44366971533837,0.00412154535979301,-0.167069058,-0.186739281,-0.637091335,4.73735161981517
-0.177834968,-0.134068853,-0.31339814,-0.504353149,4.5836534930492,-0.425164614,-0.228362453,-0.311339822,0.0392647508020328,5.00472384910983,-0.191683534,-0.261141322,-0.216907992,-0.172935855,4.7703788621836
-0.288447198,-0.262848258,-0.284262125,-0.29612813,5.35005216526091,0.0173529008722547,-0.266651815,-0.068093888,-0.795180078,5.36397732226067,-0.162782755,-0.276910892,-0.080486895,-0.587824685,5.46032044139184
-0.233946538,-0.221713833,-0.249067013,-0.140663271,4.75369031361155,-0.42507496,-0.408013983,-0.240237107,-0.053370863,4.86678468952682,-0.103208859,-0.29420451,-0.137916393,-0.768243121,5.36723252660314
-0.125290544,-0.196927681,-0.261033413,-0.303635242,4.75950618249371,-0.20776427,-0.291642355,-0.253883432,-0.250940894,5.34090675872046,-0.457740994,-0.273607499,-0.267235841,-0.221512585,5.55557390552435
-0.480896465,-0.283737415,-0.300959789,0.105731737639165,5.25410998708356,-0.048810115,-0.205581432,-0.201844768,-0.589090061,4.12966764045155,-0.317214181,-0.221091917,-0.310355099,0.0194382260279722,4.40793807796068
-0.179949495,-0.340998611,-0.11481851,-0.610223291,4.80593072980815,-0.464242242,-0.376910926,-0.250905258,-0.079515101,6.27681879482618,-0.429260994,-0.273577556,-0.234260214,-0.180286526,5.26986598744607
-0.169010815,-0.20811449,-0.148541223,-0.489625175,5.65221493557282,-0.251744577,-0.269166773,-0.28287037,-0.155320549,4.36115224889257,0.0457826764023757,-0.189035792,-0.161822264,-0.643578974,4.3016395213102
-0.390819018,-0.281468181,-0.353384,0.327747187108172,5.77334689369096,-0.156663197,-0.195446043,-0.269120344,-0.854019267,5.57372314703289,-0.325392428,-0.333038649,-0.251140553,-0.419621118,6.49608609644576
-0.115242949,-0.199498207,-0.16818871,-0.432450949,4.94790307435759,-0.063839827,-0.154858449,-0.273998924,-0.379495377,4.7710634659286,-0.061337988,-0.11695585,-0.185675695,-0.898149299,4.90015507522088
-0.302944535,-0.232038043,-0.215212788,-0.396806763,5.77636599650775,-0.289385909,-0.313804213,-0.187665067,-0.183929975,5.1868303125842,-0.279831492,-0.311344016,-0.196854739,-0.164713406,5.22591874581512
-0.194623168,-0.206673326,-0.225719208,-0.355461133,4.97703089075639,-0.384656597,-0.169603519,-0.346295382,-0.474931407,5.85839299066643,-0.35717416,-0.274625608,-0.293233524,-0.011843447,5.23783801459749
-0.054581989,-0.215577566,-0.110485755,-0.61296021,5.26646049473085,-0.329091453,-0.292452526,-0.279243321,-0.007387104,5.75408546001566,-0.244682325,-0.21807623,-0.244565941,-0.142144549,5.57602994766536
-0.176506941,-0.176960927,-0.258604563,-0.210459443,4.9343633013967,-0.15465375,-0.139221334,-0.27641834,-0.350248441,4.54028573187647,-0.292796062,-0.284431253,-0.185536217,-0.495317765,5.00224998306639
-0.058736752,-0.249981963,-0.153130607,-0.694338808,5.39705111477487,0.0168835341915579,-0.149533724,-0.18305352,-0.80336113,4.79947582676448,-0.08708418,-0.28248854,-0.228613882,-0.418173834,4.41968113664664
-0.157336167,-0.356476454,-0.190550926,-0.266497421,4.49957724040856,-0.196232949,-0.218947303,-0.221307254,-0.145096023,4.98677595068755,-0.369471954,-0.345844873,-0.272784614,-0.152802616,4.95174563190059
-0.353441501,-0.24604383,-0.292692231,-0.100326919,4.97137221291233,-0.129056769,-0.280892626,-0.128771777,-0.399483316,6.35140858279404,-0.364176474,-0.310293532,-0.310460463,-0.010733381,4.45684083064048
-0.280792883,-0.236141039,-0.254274345,-0.317421213,5.4316124093523,-0.35126709,-0.312635773,-0.238535332,-0.330391711,5.85037440982171,-0.048875793,-0.187856435,-0.234453098,-0.447883099,5.63269791478643
-0.313490998,-0.294865082,-0.20984059,-0.294911695,5.33739473353313,-0.042501108,-0.141533313,-0.235169571,-0.783139214,5.14132338742229,-0.202562375,-0.21092972,-0.182967077,-0.520182106,5.57087209551554
-0.104084171,-0.309153851,-0.16178288,-0.503704976,5.14565291564598,-0.377680001,-0.312805078,-0.298299652,-0.048928117,4.43959944980183,-0.170317422,-0.160610896,-0.167388116,-0.177451964,5.15455939116321
-0.130814793,-0.300184386,-0.181563731,-0.400095383,5.91212072371109,-0.338086921,-0.304354623,-0.262373858,-0.310054379,5.71179718074604,-0.251293551,-0.159047489,-0.337541938,-0.040333486,4.63005082829613
-0.325080011,-0.390681133,-0.230310835,-0.037176957,4.37438689767175,-0.370740787,-0.146539148,-0.351335565,-0.405142697,5.85671643735901,-0.330119333,-0.258588575,-0.198776524,-0.117514378,3.9887080082976
-0.301517279,-0.212494292,-0.282501689,-0.180425845,5.09374333206844,-0.425149527,-0.29574349,-0.290269912,0.0218765108119003,5.76633716887329,-0.318316172,-0.263011275,-0.27613014,-0.147362055,5.26896550625734
-0.256133391,-0.249479177,-0.243529567,-0.485284588,4.95739273465219,-0.204354786,-0.198337284,-0.248241652,-0.611821087,5.92376542937244,-0.09157224,-0.167530796,-0.09200653,-0.537088676,4.51226057457446
-0.191450912,-0.346864781,-0.087913587,-0.390506123,4.57109951869825,-0.143132267,-0.187918641,-0.199151691,-0.346825546,5.34732792049374,-0.287688386,-0.24232847,-0.259649,-0.490102071,5.76974282048531
-0.092620701,-0.151843714,-0.242500828,-0.43334469,4.64089638859982,-0.745568196,-0.343423328,-0.642426659,0.754410082598851,5.58081186144889,-0.057113648,-0.133142375,-0.184032539,-0.593609598,4.50014381736458
-0.491230918,-0.303542984,-0.33696498,0.132751776544841,6.04164239515046,-0.197666247,-0.203571104,-0.199987048,-0.644289497,4.64035561276512,0.0884986702736223,-0.223098893,-0.111005755,-0.682095508,4.47464993837851
-0.301132642,-0.273961861,-0.240056926,-0.160749647,5.93136134643736,-0.210538977,-0.349481935,-0.223653891,-0.378475378,4.74217644509186,0.0194702004510907,-0.164142497,-0.198910274,-0.466522352,4.81785167283369
-0.293924557,-0.265061975,-0.270013025,-0.315307495,5.52735697666129,-0.113532247,-0.257360492,-0.253420624,-0.341161679,5.0404747062053,-0.184912339,-0.103004066,-0.322065061,-0.373961444,5.87387875094147
-0.381326161,-0.324740782,-0.257316651,-0.113993842,5.04503960187434,-0.780078532,-0.259607731,-0.600482824,0.41548326853669,5.93126449414587,-0.349886099,-0.284166223,-0.24036971,-0.103798797,5.42270848586841
-0.291334305,-0.332674833,-0.221932746,-0.553929814,6.73794090288924,-0.135855565,-0.199479907,-0.224465469,-0.221311989,4.84339173530265,-0.475324232,-0.268728064,-0.322445618,0.2123637938462,5.50267583980065
-0.246130746,-0.290193888,-0.211373052,-0.394362294,4.97144829703037,-0.358374294,-0.449389944,-0.23826266,0.0175182791323153,6.08391633158745,-0.30089815,-0.229922343,-0.202324158,-0.139074289,4.79314273949312
-0.517898948,-0.239796034,-0.412803059,0.0788921136680927,5.46615131943909,-0.154911193,-0.255862233,-0.224556169,-0.239996641,4.22641445881375,-0.341305201,-0.275286862,-0.270023655,-0.325354091,5.13739318867624
-0.387391587,-0.28139525,-0.253764317,0.168129231694106,4.94830143071381,-0.760851229,-0.393940252,-0.461544179,0.199192695084174,6.41755299444573,-0.164928596,-0.219797628,-0.163253626,-0.591019581,5.1894344015024
-0.540850426,-0.24458868,-0.349362276,0.210790637384721,6.07225376717617,-0.284594673,-0.299430346,-0.323428625,-0.191972612,5.30220317031411,-0.247024449,-0.307612773,-0.190724985,-0.181002383,5.29756295563506
0.0635988686244697,-0.231090778,-0.13167478,-0.556559759,4.23968710470492,-0.154285289,-0.181711409,-0.200963618,-0.754377414,5.88580845356864,-0.154211953,-0.24405995,-0.267986898,-0.483419315,5.17013396445507
-0.390594742,-0.360548964,-0.232855374,-0.302486099,5.68963348134658,-0.230658673,-0.058836252,-0.346561456,-0.598989237,6.37425965235088,-0.329318709,-0.26810644,-0.283820575,-0.295864873,5.35863830701771
-0.28777107,-0.242008425,-0.310913237,-0.250230557,5.31198876302197,-0.611255941,-0.385355164,-0.389459976,0.502452459615927,5.55874320063915,-0.427942766,-0.301360064,-0.198562031,0.128938233359094,4.36740709091086
-0.191310755,-0.237912967,-0.227875828,-0.231107077,4.84195145698683,-0.031887046,-0.156254935,-0.141562729,-0.755666216,4.64157853512479,-0.297307198,-0.328437492,-0.253911237,-0.325065861,4.72484389263258
-0.153384554,-0.166057145,-0.180175041,-0.230972032,5.24140846235356,-0.279687534,-0.276647011,-0.140780035,-0.047059252,5.36818145443801,-0.243725657,-0.25019194,-0.149610925,-0.373683744,5.86007917164568
-0.233262332,-0.15399955,-0.221603516,-0.354504924,4.5386824257296,-0.229824781,-0.047251777,-0.386403221,-0.585671186,4.9917087113637,-0.102174852,-0.286925964,-0.184570131,-0.147817241,3.72941087025203
-0.259087726,-0.309338748,-0.19864369,-0.330902421,4.68824718832269,-0.597014192,-0.35882806,-0.358784524,0.428834112047772,5.12765708478466,-0.130594433,-0.199689549,-0.208447826,-0.676387434,4.82670809080702
-0.393886836,-0.395440412,-0.21493247,0.0364763206578216,5.381624265,-0.032108545,-0.156115854,-0.23509726,-0.454170978,4.91049603428264,-0.058771898,-0.191326047,-0.24118901,-0.42392086,5.73599563118777
0.0336147781459975,-0.144692547,-0.162452461,-0.518831188,4.76489189745477,-0.466213083,-0.454275014,-0.168265181,-0.209477164,5.60018651588716,0.111365281512022,-0.223529575,-0.095460148,-0.822477609,4.93318743125897
-0.364382866,-0.331213717,-0.230176303,-0.29706277,5.24091065471022,-0.212041391,-0.246214534,-0.181715936,-0.485176722,5.24550426781513,-0.256970527,-0.292527492,-0.230769426,-0.286451764,5.23319988753154
0.0122995084356437,-0.127161743,-0.190263163,-0.442857158,5.09561569066199,-0.301106878,-0.208485583,-0.294999568,-0.458543635,5.57785216147326,-0.275231636,-0.204481329,-0.246814612,-0.687457295,5.95473678259455
-0.318739474,-0.317260492,-0.192655195,-0.079982317,5.34031113544926,-0.411940379,-0.182757096,-0.308813918,-0.160275415,5.19477923034424,-0.131910736,-0.215983558,-0.218758235,-0.390427069,5.29048302922264
-0.29715448,-0.184061951,-0.310639325,-0.264503933,5.34154990927511,-0.348264324,-0.236076654,-0.292809267,-0.074873427,5.18103029566185,-0.147775974,-0.205684653,-0.248261982,-0.507344401,4.5655560017654
-0.44982637,-0.293300197,-0.386215515,-0.28737279,6.37375040389823,-0.748627898,-0.502766789,-0.315222572,0.477938533508842,5.26692120569954,-0.090216137,-0.267845208,-0.103258587,-0.486274166,4.99349932093593
-0.115024398,-0.20557431,-0.201305622,-0.466405465,4.0718698767379,-0.285031952,-0.306494578,-0.165853973,-0.364645885,5.40909411965434,-0.005728462,-0.184759445,-0.260972216,-0.756024156,5.36005978877193
-0.256557811,-0.243398452,-0.237326676,-0.089693023,5.07917899916179,0.087367202609115,-0.233527514,-0.05621871,-0.86952407,5.17419681497763,-0.127563326,-0.057394697,-0.282608284,-0.623606593,5.74687219119115
-0.220148229,-0.17109983,-0.272758641,-0.845581953,4.51264607018815,-0.650082454,-0.441772081,-0.37496276,0.222395899850068,5.42772918323667,-0.286989534,-0.202936995,-0.196498596,-0.358700752,5.73240387679228
-0.416463739,-0.295408265,-0.23526817,0.074230451583444,5.63115372660101,-0.154885255,-0.233554717,-0.192943641,-0.236601853,5.32533971747441,-0.347564497,-0.280579141,-0.173665986,0.0163554582476553,5.99188218262819
-0.069960529,-0.15022156,-0.253911583,-0.45589687,4.49201188024167,-0.052027045,-0.190794096,-0.230195222,-0.268115279,4.22121040192166,-0.050219367,-0.210325436,-0.144480287,-0.577635779,5.00295588357506
-0.043441463,-0.215549092,-0.204171598,-0.332956661,4.49500736284209,-0.168005954,-0.229691678,-0.185175385,-0.164790187,4.88547859637807,-0.047744295,-0.185245313,-0.172705425,-0.321825602,4.3276764601259
-0.2504304,-0.304470771,-0.209925367,0.0667198333409958,4.52536438924266,-0.244395846,-0.359079508,-0.079333495,-0.318301639,6.01750839732202,-0.220043726,-0.161869051,-0.277832901,-0.539292356,5.04346841445469
-0.408632581,-0.257217796,-0.295729066,-0.269872386,5.31700157994823,-0.348435626,-0.309405154,-0.283659183,-0.296884997,5.59212628319805,-0.213526859,-0.285036736,-0.184656515,-0.484197737,5.09642779583878
-0.112640506,-0.085799951,-0.344860579,-0.431920889,5.57005214548669,-0.272756542,-0.234964436,-0.163173597,-0.079049601,5.25899484211226,-0.197251252,-0.214207575,-0.165675038,-0.556982009,6.48022737485487
-0.207226882,-0.212950538,-0.230058132,-0.454435756,5.60169304144819,0.0574059871830723,-0.210459006,-0.154279985,-0.566034365,4.2668014564761,-0.085068886,-0.19356939,-0.19884322,-0.451098983,4.11460620934825
-0.190399678,-0.169678485,-0.278902459,-0.646981607,5.04965598623057,-0.042693474,-0.177909104,-0.103091018,-0.675398631,5.57509957834062,-0.306435359,-0.16857047,-0.305084537,0.142367165482461,4.8506878732911
-0.295039498,-0.179725717,-0.303318508,-0.153492123,5.12042479715087,-0.224846269,-0.178447049,-0.211665078,-0.151524678,5.55498160247418,-0.106307871,-0.135035567,-0.237187686,-0.406687421,4.45392512173628
-0.274610072,-0.346194162,-0.132556087,-0.147655474,5.39929067325241,-0.378625898,-0.234946837,-0.266671761,-0.32129422,5.33562103481753,-0.172515589,-0.178740069,-0.157277452,-0.586456408,5.4658838206371
-0.350365234,-0.324399967,-0.272209047,-0.179445364,5.33326363581305,-0.417334995,-0.351531973,-0.265971709,-0.043806587,5.43480200878076,-0.143758385,-0.205626045,-0.172802946,-0.483994948,6.50852811200643
-0.023229081,-0.192458633,-0.182140682,-0.670418315,6.61116917407724,-0.324022484,-0.267331032,-0.239847802,-0.171963864,5.33509207529209,0.082522363245146,-0.128630247,-0.165984645,-0.73148683,6.55801588775511
-0.262448085,-0.313895123,-0.26922713,-0.21713347,5.28118237618823,-0.51172561,-0.289367753,-0.283739977,-0.038041907,5.33669624459375,-0.53238141,-0.322603309,-0.388182057,-0.070612501,5.11388315004287
-0.149957991,-0.250436657,-0.175494167,-0.406978064,5.32221168096967,-0.216452088,-0.21760345,-0.270195864,-0.891923179,6.92891900884947,-0.280389029,-0.300414196,-0.253685727,-0.194406908,5.19487189451615
-0.105068135,-0.195196457,-0.248342847,-0.304025997,4.06613240775444,-0.158024629,-0.133918585,-0.470209293,-0.162077915,4.82351606448058,-0.158315912,-0.213431452,-0.250815256,-0.377302441,4.79846383968287
-0.473675475,-0.349855497,-0.229157217,-0.017156986,5.50052873567262,-0.221367255,-0.27901628,-0.226001889,-0.032115112,4.85599766496869,-0.366975147,-0.212131973,-0.353323747,-0.219005901,5.02768830583253
-0.083783448,-0.210615104,-0.196702096,-0.551294732,4.01037039272277,-0.298659211,-0.276644924,-0.241171597,-0.21018775,5.76709627847209,-0.107299904,-0.215535638,-0.28750215,-0.297909917,4.27820538698619
-0.316257052,-0.266885859,-0.238032942,-0.437131127,4.56300931708134,-0.185548811,-0.279078749,-0.214490353,-0.466012855,4.78455457099081,-0.321446354,-0.229296342,-0.19165221,-0.30932825,5.09733413287743
-0.181156039,-0.261593423,-0.250233591,-0.520075565,5.62190335014354,-0.163138221,-0.357960667,-0.154165509,-0.133235257,4.45903166020649,-0.433430361,-0.28225391,-0.264963954,-0.234158723,6.36730455093055
-0.403467285,-0.293407962,-0.292610542,0.0284553653504247,5.05988446757798,-0.121009037,-0.22052615,-0.202286847,-0.215751525,4.28801226060248,0.0136283653914399,-0.157301709,-0.179314583,-0.410208007,5.19525201238232
-0.056672359,-0.173484379,-0.298071829,-0.400912728,4.3922097495074,-0.265837048,-0.326248904,-0.160273014,-0.139544734,4.60803781859176,-0.175739739,-0.311303417,-0.170926809,-0.438672692,5.02702009359522
-0.139790579,-0.264796315,-0.274717551,-0.410712694,4.52197242352218,-0.277216018,-0.236416254,-0.280821674,-0.364032758,5.8424346009646,0.00858654180941496,-0.175716959,-0.212810174,-0.516696294,4.13243487977501
-0.523168332,-0.406663025,-0.169170412,-0.163614529,5.51610732293355,-0.57065579,-0.278710334,-0.371944523,0.100651741599816,5.58509160536843,-0.224310969,-0.254354596,-0.24154489,-0.532922954,5.25074768114019
-0.368612483,-0.274511427,-0.228473109,0.092030757259317,5.29000078879113,-0.223712794,-0.341166509,-0.193902396,-0.357616585,5.4542166815292,-0.320339101,-0.258087939,-0.29655225,-0.149182102,5.90680325113081
-0.212126955,-0.238227697,-0.218861523,-0.457335996,5.31641580504892,-0.203805525,-0.200549028,-0.317766098,-0.249206489,4.95830283655002,-0.265823173,-0.337853478,-0.334587197,-0.227139356,4.98134582267301
-0.162440471,-0.214709735,-0.259532084,-0.250588109,5.04593970067572,-0.263101924,-0.207364224,-0.211180851,-0.149798718,4.80385067166103,-0.068536463,-0.11084694,-0.242330681,-0.410292873,5.05538467843611
-0.446233268,-0.300535621,-0.219888976,-0.097873625,5.90628691090704,-0.195891677,-0.21905111,-0.207802916,-0.321709061,5.11428696371845,-0.139609011,-0.219511086,-0.182823664,-0.518573736,5.9066609391224
-0.189790556,-0.285525745,-0.246223534,-0.233032505,4.56774109964086,-0.422961405,-0.336655565,-0.306631862,0.360451936226739,4.69520566154147,-0.167890152,-0.253569518,-0.305741892,-0.070990792,3.49515103576332
-0.168462347,-0.244145478,-0.178059615,-0.686632316,5.73197126411003,-0.080015561,-0.243200729,-0.167333544,-0.486332916,4.4567921580718,-0.3454737,-0.316093653,-0.23585097,-0.305465767,5.96286488452903
-0.140929024,-0.155854684,-0.318066116,-0.033268612,3.93068274557727,-0.267651316,-0.254466262,-0.30452093,-0.265831554,6.10964905767444,-0.301298419,-0.211008306,-0.275294634,-0.283505059,5.00025944313106
-0.100284783,-0.261919295,-0.156494367,-0.45980764,4.61411381034877,-0.477885615,-0.439642448,-0.2255531,-0.235907654,4.29486062896288,-0.223238024,-0.213782639,-0.171926335,-0.390362323,5.74552498774066
-0.242406488,-0.319991515,-0.23712485,-0.493613857,5.24503692453487,-0.303642521,-0.287025811,-0.273401534,-0.195662158,5.46173620953559,-0.228062586,-0.205382349,-0.273805817,-0.311292278,5.38556749413022
-0.263812831,-0.235394561,-0.293063629,-0.228962694,5.18935666056616,-0.066625542,-0.324711812,-0.072890457,-0.380745037,4.15492953051865,-0.059729915,-0.062308272,-0.222541836,-0.399235956,5.33195838127607
-0.209189282,-0.210828297,-0.294273299,-0.378421179,5.9394233471102,-0.234062079,-0.291613652,-0.218162843,-0.497029455,5.35281032286777,-0.168743071,-0.155541739,-0.271690677,-0.384278959,4.11420279056114
-0.256153878,-0.22383239,-0.308451983,0.0223682920145187,5.06115286262231,-0.426437362,-0.238046109,-0.389351046,-0.034595367,5.18928566823046,-0.094242159,-0.211734383,-0.10690538,-0.422591617,4.96541064638541
-0.304080122,-0.274084666,-0.308702757,-0.1932354,5.32093493162064,-0.009270654,-0.170577173,-0.183169571,-0.497397466,4.59160588468296,-0.222902114,-0.140467432,-0.361551647,-0.233089548,5.34738114518729
-0.357051547,-0.240881251,-0.288658001,-0.352732871,5.63515787541469,-0.47517938,-0.406921902,-0.216725267,-0.112019027,4.81190602210441,-0.237302231,-0.129836401,-0.241726634,-0.421297115,4.90643582629422
-0.068215228,-0.079487995,-0.210526055,-0.594725591,6.1239546606527,-0.52921297,-0.309769684,-0.421580551,0.0579818399255977,5.56494766355201,-0.295135155,-0.208268739,-0.237287056,-0.154385862,5.25261670612054
-0.116658653,-0.172135989,-0.223332203,-0.562507928,5.43699080886434,-0.220030629,-0.270832985,-0.262534595,-0.184182241,5.14852061751354,-0.160643619,-0.146029133,-0.192962516,-0.535129475,4.67727256675107
-0.315917306,-0.192340045,-0.28006235,-0.151993352,5.62345100488401,-0.269968081,-0.296611963,-0.233734987,-0.45857708,5.63069645493332,-0.331060905,-0.306570563,-0.292034381,0.137110055604104,3.97358802146437
-0.651357862,-0.30294749,-0.458541606,0.214532987122879,6.1214825135458,-0.243007852,-0.354941248,-0.156378201,-0.159968983,5.32841411161906,-0.20532778,-0.303449836,-0.174148272,-0.519893221,4.84461982023591
-0.148214107,-0.162314978,-0.223396686,-0.439495406,5.29302569703637,-0.291699174,-0.195186827,-0.345667082,-0.173736408,5.20904871937442,-0.084788354,-0.272988062,-0.143509247,-0.541052271,4.83738809469208
-0.386643949,-0.262058514,-0.342516663,-0.074589061,5.23072285775762,-0.151716015,-0.176990682,-0.379577361,-0.623617976,5.75167114220952,-0.068034779,-0.181298259,-0.212706059,-0.510754701,4.03030607479352
-0.212465165,-0.255566435,-0.23078493,-0.610871802,4.79824529599647,-0.387347359,-0.209059932,-0.342339086,-0.114688987,5.24714788276251,-0.093492312,-0.159131591,-0.226379128,-0.530898453,4.66056800136906
-0.34304824,-0.256789867,-0.320515823,-0.183820634,4.99480743794931,-0.612608409,-0.308946966,-0.361038491,0.243676217288437,5.61341688776095,-0.31793722,-0.263374884,-0.211714422,-0.144900328,5.21105493493411
-0.613437954,-0.226848127,-0.496374097,0.0617779101675581,5.16459940001961,-0.216666829,-0.243766368,-0.207699688,-0.241900261,4.75363717705952,-0.577325376,-0.312005808,-0.323128968,0.096110167716074,5.63540083050359
-0.426866299,-0.332583068,-0.298853258,-0.164135671,6.01969179425732,-0.458101835,-0.313454849,-0.217186323,-0.010004798,5.36410618834845,-0.226329723,-0.216740419,-0.202575113,-0.488378384,5.34103040552598
-0.159788128,-0.156091825,-0.246299171,-0.473460595,4.88075531047839,-0.127593361,-0.216229014,-0.340208312,-0.33456205,4.45334428438522,-0.368266663,-0.229903996,-0.292719923,-0.183174502,6.18062512113565
-0.324862466,-0.249364498,-0.303690327,-0.047053635,5.45890585382831,-0.278972421,-0.229295064,-0.146377708,-0.345772177,6.74598362894067,-0.188402717,-0.168782456,-0.215689439,-0.431874271,4.92147090082879
-0.397139686,-0.404497044,-0.234821463,-0.112324826,6.20496693410302,-0.709406731,-0.241239951,-0.459177384,0.231569416065625,6.34136657857327,0.0413717897800716,-0.207556528,-0.025025693,-0.986663563,5.69144470370568
-0.202312586,-0.16520801,-0.206124254,-0.468979755,5.44219642399271,-0.330400343,-0.298194615,-0.263390949,-0.117607976,5.03945253144648,-0.447878994,-0.306823424,-0.35872588,0.191507153606579,5.29344347980353
-0.212727178,-0.168505334,-0.260932641,-0.243887897,4.98287915450105,0.0244514820664712,-0.18714739,-0.186222471,-0.498953394,4.30099456272609,-0.181588277,-0.236931388,-0.25684051,-0.302837972,5.67933205104402
-0.268214994,-0.310865205,-0.239029394,-0.346525085,6.22738341594338,-0.169606026,-0.255228893,-0.168334904,-0.47120201,5.16535611508278,-0.130156362,-0.211356264,-0.287666691,-0.375286144,3.84087410266981
-0.30754824,-0.298001181,-0.155599564,-0.10084052,4.84677688981878,-0.385901409,-0.21101053,-0.462177436,-0.181961143,4.83580469059392,-0.273297737,-0.310135475,-0.193440732,0.0256045004003036,4.65277509082005
-0.225110471,-0.36014228,-0.169439654,-0.381237809,4.82452809577361,-0.254350736,-0.16615989,-0.324655311,-0.288651925,4.72167876098469,-0.074930235,-0.134926393,-0.268590006,-0.264585552,4.12203659229934
-0.349402187,-0.330204579,-0.234417733,-0.151118618,5.59216778313788,-0.173594188,-0.133466061,-0.401710743,-0.425105252,4.91570016805869,-0.051885978,-0.186574063,-0.163733569,-0.504343177,5.18584536844486
-0.13957868,-0.331297474,-0.227322489,-0.124509048,4.64260506440595,-0.04506742,-0.245420493,-0.181468357,-0.44889422,3.91862821503972,-0.359664561,-0.343696243,-0.248374143,-0.146045183,6.38186444208192
-0.263347414,-0.322207487,-0.192579708,-0.379044445,5.02922487073025,-0.376913657,-0.313529013,-0.359614495,0.154820790894902,5.03534527985436,-0.203399469,-0.221758332,-0.159448692,-0.497910427,5.32333255075003
-0.022122028,-0.127685129,-0.259753925,-0.909417138,5.73613334879655,-0.134625469,-0.248857587,-0.036670518,-0.547969124,5.33303278545451,-0.08023723,-0.127804232,-0.246758917,-0.333289248,4.5930528931636
-0.359616591,-0.325318063,-0.293052323,-0.059206443,5.01027146864289,-0.349729973,-0.276307068,-0.208137113,-0.138889166,5.45616617119642,-0.182772114,-0.157665987,-0.295613974,-0.353604344,5.15166702706076
-0.498164665,-0.281128911,-0.361763284,-0.185540322,6.12156225234344,-0.120765925,-0.257050245,-0.215775219,-0.447124184,4.9180599975449,-0.366249324,-0.35197343,-0.263847482,-0.058082123,4.26313078459451
-0.450427209,-0.136460983,-0.43438143,-0.32103829,5.83485811275179,-0.22819941,-0.22262772,-0.240415884,0.0565267008827035,5.19189678557117,-0.544128194,-0.217096902,-0.307821969,-0.118178493,5.97862387274184
-0.15324414,-0.232352956,-0.294217981,-0.501697609,5.58608964635729,-0.490061188,-0.254148078,-0.43566494,0.25335422756555,4.77820766048057,-0.200045979,-0.319546135,-0.177065788,-0.497272956,5.0662322467142
-0.184471023,-0.286169646,-0.212542653,-0.2357975,5.00442777454575,-0.602890049,-0.453685154,-0.413127724,0.316192364905798,4.49980664794963,-0.470688326,-0.28130549,-0.302472337,0.0376970060796166,5.25473426462819
-0.238588114,-0.373098398,-0.204404844,-0.342402618,4.84560042555954,-0.220609246,-0.220544763,-0.218660334,-0.417454944,4.78771339767326,-0.203972497,-0.241177153,-0.240484577,-0.302750277,5.46283181604048
-0.36865912,-0.290267728,-0.283980063,-0.670195473,6.00216958310903,-0.266237811,-0.184831662,-0.244579682,-0.195852858,6.01719330694633,-0.328921523,-0.323092157,-0.221307517,-0.153448204,5.08743895261267
-0.429237845,-0.400749111,-0.332817626,0.277934821887414,4.85085113025199,-0.409046097,-0.265146226,-0.230183627,-0.11055414,6.35384605791617,0.00733244440793608,-0.228165805,-0.181918191,-0.477333146,4.07267658649518
-0.429399498,-0.29972051,-0.337884087,0.123257854327344,5.54258886594756,-0.425206242,-0.362641156,-0.296430639,0.0332007796295401,5.22325384850777,-0.46145524,-0.240695943,-0.389931977,0.42271690603031,4.88083858954286
-0.542634258,-0.408369737,-0.34305769,0.288308161555819,4.6530456607318,-0.461690109,-0.352802387,-0.284380378,-0.17755066,6.63795058403708,-0.34262221,-0.318090185,-0.317773042,0.0978617026716844,5.21455511828201
-0.267956476,-0.274770528,-0.209800102,-0.143591728,5.80845361946177,-0.048060831,-0.176330151,-0.185687771,-0.501258191,5.37291666114105,-0.202569626,-0.189210856,-0.279756592,-0.23379124,4.40752774527736
-0.222849938,-0.273757296,-0.210578771,-0.436044589,5.18372453074055,-0.216775679,-0.136044567,-0.379659893,-0.340347939,5.79563341097595,-0.113719776,-0.264730537,-0.224343087,-0.071730803,4.60070897519606
-0.31717072,-0.208819614,-0.260145356,-0.1061104,5.90524979712249,-0.28203837,-0.202212126,-0.292737255,-0.116264572,5.27789105126161,-0.214938135,-0.246131988,-0.24328592,-0.148209569,4.69723202601755
-0.759667487,-0.319447694,-0.421862051,0.531516397686403,5.19260835988127,-0.19645421,-0.208618444,-0.218429101,-0.155519322,4.32871072692218,-0.046604409,-0.169459042,-0.24667494,-0.444782849,4.53203480182086
-0.501916324,-0.343352991,-0.420966663,-0.348813079,5.55548982103046,-0.304296303,-0.267002144,-0.222773445,-0.024929914,4.9379272800868,-0.060289372,-0.222733646,-0.233757817,-0.377452605,3.7285804115864
-0.316666585,-0.404783741,-0.15237774,-0.499107431,5.11428628499896,0.00650017323466864,-0.15821046,-0.248292466,-0.522062768,4.4889830700934,-0.345473395,-0.22138343,-0.302745711,-0.04172086,5.13243266696369
-0.509646729,-0.326324061,-0.357303862,0.22459112169607,5.25377052302806,-0.350144136,-0.326398929,-0.30389262,0.0185195805612722,5.67720433497447,-0.254850096,-0.262343583,-0.335303995,-0.107500626,4.65980125531879
-0.234574703,-0.289835243,-0.242696974,-0.302672212,4.65449449641044,-0.116662358,-0.232849754,-0.192180601,-0.553661939,5.14058193543606,-0.31587746,-0.274176653,-0.263203965,-0.180695489,5.64567824494738
-0.368417975,-0.329014402,-0.21306767,-0.369822057,5.86265125772671,-0.468375049,-0.245230986,-0.425483339,0.072990035711261,5.84360346246637,-0.27860612,-0.300313107,-0.200787043,-0.407999985,5.92725605669013
-0.412453456,-0.220212691,-0.345786467,-0.095743697,5.63656439633151,-0.307259102,-0.25756406,-0.295274589,-0.378278944,5.66526461909166,0.102896291318247,-0.243647071,-0.104828375,-0.521183648,3.89510981222261
-0.329847734,-0.222980237,-0.267251461,-0.342959852,5.17666457146019,-0.69235532,-0.283573785,-0.456392936,0.149519788334588,5.39682177433514,-0.156855246,-0.332308623,-0.212881715,-0.239519662,4.86613303910131
-0.151693373,-0.24504837,-0.257583247,-0.284229939,5.13385885435927,-0.346714082,-0.264334096,-0.215466463,-0.417592733,6.33817416495206,0.00996015420408181,-0.142820749,-0.186105259,-0.842986985,5.79731518904032
-0.035223052,-0.144975087,-0.256839064,-0.359479555,4.18605214785493,-0.039954692,-0.319136507,-0.090499415,-0.308872924,4.5182918958561,-0.380839739,-0.281932137,-0.229508876,-0.364255703,7.09344905549582
-0.036172988,-0.168725624,-0.169769321,-0.708269806,4.89852377701889,-0.573474479,-0.268494376,-0.399339295,0.0719770683142543,6.22148636953031,-0.186206933,-0.262223581,-0.224539551,-0.198661544,5.0468946081326
-0.310519053,-0.260366789,-0.20569839,-0.312967376,6.38302556372688,-0.101481421,-0.19744537,-0.186543409,-0.384726615,4.75524761576293,-0.293085524,-0.26732022,-0.246176696,-0.226673322,5.50656338531192
-0.182600082,-0.325802502,-0.149934133,-0.608830618,4.51508338030117,-0.23910342,-0.313697878,-0.20351765,-0.570107155,5.73398382622893,-0.326716879,-0.239998597,-0.301187541,-0.024044618,4.77609232925353
-0.31750631,-0.2398796,-0.252293166,-0.310933477,5.42891920698677,-0.22900438,-0.196658364,-0.273026549,-0.210717707,4.64596946449118,-0.074283033,-0.230377529,-0.246546106,-0.338373773,4.52431284223706
-0.312441092,-0.308884908,-0.275037021,-0.147017971,5.17082796878184,-0.477313967,-0.320853019,-0.316698745,0.0555030890090763,4.93911397985485,-0.382024974,-0.263368147,-0.303002287,-0.058963944,5.6428204400823
-0.095328288,-0.214944648,-0.180901691,-0.438029663,4.79291550778628,-0.574465377,-0.392145657,-0.444509513,0.621757959012183,4.29534700794313,-0.404476014,-0.320874684,-0.283739275,-0.088750557,6.08196095383019
-0.311501086,-0.320808889,-0.236392071,-0.212697601,5.25073327081394,-0.099478405,-0.172645057,-0.302495343,-0.440410606,4.97038665324484,-0.364490603,-0.287513767,-0.23361778,-0.200593452,4.9871500266595
-0.036488439,-0.191665913,-0.207424856,-0.464439856,3.91928521632263,-0.148346002,-0.340801006,-0.076708576,-0.820241991,5.73974873760617,-0.229825123,-0.240595131,-0.20091933,-0.292029085,5.80185474268748
-0.119785554,-0.15981625,-0.342618015,-0.497382325,4.73555619341351,-0.32418667,-0.236712868,-0.329941115,-0.032861051,5.08965878532358,-0.157790513,-0.2571134,-0.214928579,-0.452619094,4.72899121725234
-0.209939149,-0.223604044,-0.229428279,-0.203062354,5.59458632088611,-0.371579491,-0.305828944,-0.316244388,-0.320352242,5.79779163469003,-0.314625209,-0.274553083,-0.258598245,-0.27074401,5.22729655637946
-0.238545797,-0.205676889,-0.357504843,-0.485870285,5.46924077366372,-0.214061604,-0.244303388,-0.2474707,-0.111439675,4.97766097134843,-0.209834236,-0.203736256,-0.242452323,-0.334622261,5.18401703580296
-0.403657355,-0.372098266,-0.273760102,-0.285479929,5.02966799184509,-0.58809528,-0.428080043,-0.353995274,0.131216268273388,6.25182275935787,-0.286046081,-0.23339701,-0.264756114,-0.225141801,5.13566378950055
-0.422742609,-0.341285466,-0.173335646,-0.059672867,5.61842773319909,-0.403986536,-0.299096429,-0.251182703,-0.311604089,6.75289255102991,-0.198787211,-0.126982657,-0.204499551,-0.300987524,6.00360617010594
-0.361435528,-0.303499956,-0.285098496,0.0913787824326304,5.49562394041912,0.0586837899319957,-0.070399198,-0.250722489,-0.62061774,4.34664732526601,0.118854602475217,-0.143135549,-0.11522876,-0.644888387,4.46382552066771
-0.296989302,-0.372384265,-0.200489852,-0.27618355,5.1131128555468,-0.30957278,-0.263897583,-0.241626065,-0.204444087,5.08870751149265,-0.317502512,-0.294943831,-0.24608984,-0.275256547,6.55355591060241
-0.150249726,-0.240025169,-0.191360051,-0.310818545,5.17805055823364,-0.238961861,-0.2257826,-0.27663701,-0.159819851,4.6837646709485,-0.191935173,-0.189779489,-0.226259502,-0.239900576,5.3085495284608
-0.242459006,-0.200466302,-0.215528047,-0.35151455,5.89792702611118,-0.198151562,-0.180707651,-0.255767289,-0.432241966,4.98102820690357,-0.377802022,-0.172490438,-0.360609607,-0.361073764,5.25754210391138
0.000700930435487504,-0.22105054,-0.154733754,-0.417715672,3.98569235977765,-0.43964885,-0.36975539,-0.229002506,0.329492489012742,4.66931393757039,-0.377942282,-0.289511984,-0.222206016,-0.216991723,4.90229992986203
-0.368447314,-0.447463948,-0.123927241,-0.163722154,5.61580808368899,-0.267373284,-0.268032777,-0.255116663,0.275738236587985,5.06253594206056,-0.264319964,-0.285180235,-0.189033895,-0.265879955,5.57654361504957
-0.245355479,-0.313082075,-0.203349782,-0.422387943,5.880797357,-0.4114649,-0.324097359,-0.250263003,0.235825419467441,5.29234836229997,-0.202406977,-0.31631388,-0.238285431,-0.324855044,3.86264960817097
-0.158138357,-0.154330192,-0.387267153,-0.252244771,4.23192175810104,-0.234971419,-0.253553229,-0.31276854,-0.104338901,5.27796829337133,-0.179975914,-0.335284335,-0.187848542,-0.247674986,4.8403436240811
-0.323454043,-0.273552681,-0.161451447,-0.157365559,5.54485696254724,-0.173462055,-0.222385572,-0.244553088,-0.438026833,4.94176222464181,-0.38370407,-0.283204802,-0.277942956,-0.134064993,6.03869994817298
-0.288597637,-0.198505998,-0.265141254,-0.570573697,5.26629921920124,-0.324350219,-0.249358099,-0.244733196,-0.143221029,5.43681545117265,-0.357544034,-0.222671145,-0.283756833,-0.507536294,4.94374821801217
-0.527881285,-0.32127599,-0.365280913,0.257015335474103,5.88601594058196,-0.174658282,-0.280149215,-0.240125624,-0.233780875,4.80683338152936,-0.099372256,-0.111183873,-0.262228818,-0.420910963,5.2136632112854
-0.258954941,-0.275744149,-0.156855834,-0.433356954,6.25822529617054,-0.677037306,-0.379033341,-0.451201109,0.37816996681249,5.84298479416449,-0.218740768,-0.329618506,-0.136953681,-0.509800065,5.60589021105428
-0.277507235,-0.227639459,-0.272323262,-0.216004006,5.09741266735645,-0.324232278,-0.260377094,-0.276467513,-0.020495322,5.15455169070104,-0.317777855,-0.303810503,-0.268150262,-0.289650318,5.24871866032193
-0.076312219,-0.282286606,-0.237065619,-0.467085119,3.81511296331861,-0.122146277,-0.178783725,-0.215763042,-0.438527026,5.01366676729972,-0.324932134,-0.286332604,-0.185233531,-0.159468892,5.72294387130744
-0.312644776,-0.280426218,-0.274971168,-0.209917321,5.23925486417092,-0.544440008,-0.322843298,-0.455588474,0.263302741054022,6.09673931356445,-0.076053452,-0.08200425,-0.220003116,-0.526603437,5.01498653210347
-0.38319528,-0.301070966,-0.353138289,-0.207290368,5.28220906833403,-0.027051585,-0.194169207,-0.147208803,-0.622399769,4.81580131910938,-0.28262107,-0.17816644,-0.228316202,-0.332857874,6.26208699582073
-0.28544285,-0.1832523,-0.358386316,-0.167743283,6.02688694200209,-0.077030222,-0.213251982,-0.11542536,-0.369512001,5.34452566485795,-0.089516124,-0.169028418,-0.208438677,-0.63573425,5.72314202160643
-0.11635091,-0.201742539,-0.175210547,-0.285655981,5.40149443359043,-0.415813303,-0.319922858,-0.254483032,-0.085369495,5.98134287142946,-0.1187117,-0.184030045,-0.208016419,-0.795582615,6.16914726848251
-0.057142718,-0.209000227,-0.178477643,-0.652818832,4.90087730889009,-0.082293803,-0.156268596,-0.23546587,-0.380875576,5.16344434720713,-0.305100599,-0.187489014,-0.306318258,-0.34494074,5.95418865004085
0.00234518403032252,-0.158659619,-0.256802265,-0.550441087,4.74395387196338,-0.313454465,-0.318295067,-0.259163211,-0.265863543,5.07617581753299,-0.320260111,-0.20086685,-0.334995267,-0.038793858,5.11231147102201
-0.042283133,-0.259386084,-0.128974697,-0.509917772,6.23368313341547,0.0413773879017251,-0.103600747,-0.245702529,-0.5503292,4.13324824908732,-0.373919788,-0.248608452,-0.219273099,0.0747565802282086,4.87549201430202
-0.344942018,-0.273918771,-0.300790622,0.153888459834973,4.67570360972329,-0.119506093,-0.274940901,-0.238730097,-0.479904914,4.84116447019672,0.00908076479419095,-0.134959733,-0.183729607,-0.488568793,5.17229936935313
-0.191241751,-0.229373575,-0.142357004,-0.2746584,4.72476493951213,-0.351200106,-0.340994844,-0.265185342,0.0353733962226769,5.12388250668708,-0.336156747,-0.29962895,-0.214137061,-0.691412452,5.35596846704991
-0.166052872,-0.26820284,-0.093726945,-0.535715393,6.04288124258403,-0.072444445,-0.279098263,-0.100817005,-0.567915623,5.91857221055581,-0.261503187,-0.292107735,-0.286069827,0.0370496919859812,3.91085649422857
-0.312697918,-0.229495533,-0.36130803,-0.03086766,5.40005853011756,-0.257209385,-0.185671643,-0.251396071,-0.135203261,4.66733056219707,-0.220570008,-0.254568882,-0.207161486,-0.536832506,5.15088078038352
-0.203086659,-0.230340504,-0.228034885,-0.230685495,5.54593796117125,-0.185472618,-0.238213681,-0.263460931,-0.294154123,5.01487149279587,-0.324763357,-0.276599844,-0.330034245,0.081949396307057,5.29621674152266
-0.528395586,-0.326190406,-0.323478528,0.218261326516919,5.71539606613445,-0.44672964,-0.29923374,-0.318928962,-0.061188633,4.94500165599931,-0.278171469,-0.249349832,-0.193248477,-0.404587403,5.19606866140759
-0.294477302,-0.206243393,-0.307057652,-0.161862746,4.70236759651785,-0.220751615,-0.292625068,-0.158071491,-0.419171729,6.02526808299812,-0.052645507,-0.139260076,-0.131090346,-0.984036599,6.64529985063347
-0.038437629,-0.149401181,-0.237353463,-0.361118804,4.26599585508211,-0.155052254,-0.171072655,-0.270618168,-0.5889346,4.87591288669174,-0.307900934,-0.298814693,-0.180766212,-0.124061462,4.7138425443804
-0.340571002,-0.337597851,-0.24222056,-0.248253902,5.31652376256888,-0.679595805,-0.523494118,-0.263997246,0.438097157573386,4.93739714705136,-0.103308919,-0.213548355,-0.19934024,-0.540395743,6.04772560109098
-0.283356462,-0.308549497,-0.299084704,-0.272021224,4.92962836532379,-0.217778071,-0.192315833,-0.307328705,-0.287288048,5.31026141046105,-0.328954725,-0.217361058,-0.283306148,-0.209827838,5.18603696253546
-0.232199299,-0.206267338,-0.27813943,-0.375166199,5.59477104459735,-0.358428212,-0.122472078,-0.416577212,-0.566480387,5.69176931364453,-0.328644471,-0.174820029,-0.256322558,-0.404223971,5.32257696524734
-0.321128176,-0.214079937,-0.327894325,-0.16649193,5.23405106056341,0.102102138632436,-0.149472685,-0.217882512,-0.493109678,3.3957378202083,-0.234459945,-0.294148456,-0.270967673,-0.183687555,4.95881313623612
-0.238744462,-0.169364837,-0.264831957,-0.230949112,5.7853958927157,0.0153539878966906,-0.080198093,-0.228321944,-0.524969346,5.21644995763755,-0.183622768,-0.270202586,-0.222541087,-0.150464405,5.39471256277467
-0.36136504,-0.231679582,-0.346634268,-0.437212636,5.6786411919351,-0.076335751,-0.187273532,-0.259135341,-0.350027492,4.27487073117862,-0.256696309,-0.206199908,-0.208411599,-0.299687485,4.85878156231688
-0.236658592,-0.294804487,-0.310831455,-0.103234494,4.83044906844121,-0.311306301,-0.286488593,-0.281495748,0.0453516214441505,5.60361065278824,-0.279150631,-0.232268197,-0.250515554,-0.293976147,5.49695856018415
-0.250722016,-0.299681772,-0.217102197,-0.13330933,5.30967845218841,-0.279774229,-0.249190893,-0.312187436,-0.21000561,4.70465754438066,-0.21991946,-0.222366556,-0.236577058,-0.291230292,6.70039242865026
-0.269533116,-0.183819785,-0.375439792,-0.12029579,4.84321036731023,-0.153853907,-0.221368511,-0.204274144,-0.774545985,6.09729037033707,-0.158589942,-0.183461651,-0.249460838,-0.593593878,5.20688583622603
-0.22482651,-0.185984845,-0.224679378,-0.409684823,5.01480563244777,-0.957563937,-0.553861472,-0.535558249,0.796139486603482,5.44238237837333,-0.087145068,-0.180804921,-0.238219849,-0.46610023,5.02935390943613
-0.328067932,-0.281223038,-0.280590267,0.0285695178188584,4.52519972527863,-0.130600016,-0.164855555,-0.244933072,-0.459196735,4.43693356515179,-0.218831274,-0.226643058,-0.226151891,-0.415911745,4.99714306396333
-0.1483841,-0.228815298,-0.255353192,-0.415175407,4.72415799131924,-0.355785556,-0.24382424,-0.294929047,-0.158303329,5.74191639560879,-0.001863528,-0.133996067,-0.170890625,-0.871345918,5.73212570726932
-0.303361764,-0.26702527,-0.278370103,-0.057091968,5.82256110425084,-0.409889107,-0.201278183,-0.276372623,-0.029185643,6.10362360208114,-0.411559186,-0.278992893,-0.24232612,-0.14657718,6.1267489505217
-0.209167743,-0.29134831,-0.182373579,-0.306933351,5.6929367979065,-0.397047653,-0.260283574,-0.209902163,0.0279870245123783,5.06602460839051,-0.182173955,-0.208254951,-0.225973657,-0.444774053,4.79151942699172
-0.418336649,-0.323145195,-0.256242682,-0.015579653,5.52513802538466,-0.232083508,-0.233190771,-0.196076523,-0.442142766,5.79149374333493,-0.644127595,-0.369584729,-0.303173012,-0.232537157,6.14453082241956
-0.101447625,-0.158489774,-0.292231999,-0.212360533,4.45464572100221,-0.24276407,-0.151413473,-0.363738861,-0.256753695,5.21705464439025,-0.329712314,-0.294335879,-0.302734039,-0.021965688,5.25054970727376
-0.395262232,-0.322226541,-0.264720613,-0.286521888,5.94172092786926,-0.307443273,-0.28671597,-0.344271774,-0.097793633,4.83838256580059,-0.239884524,-0.180764177,-0.260988774,-0.249364128,5.3030725829187
