Dependent,,,,,,,,Independent,,,,,,,
Corrected,,,,Naive,,,,Corrected,,,,Naive,,,
beta0,beta1,beta2,beta3,beta0,beta1,beta2,beta3,beta0,beta1,beta2,beta3,beta0,beta1,beta2,beta3
-0.205068417,-0.240719694,-0.248280917,-0.295649687,-0.240519018,-0.224868041,-0.230046894,-0.243672678,-0.208359663,-0.262621385,-0.232445611,-0.2955819,-0.282693577,-0.212583943,-0.175753503,-0.166355171
-0.232736996,-0.218100003,-0.252744324,-0.188545818,-0.160530064,-0.207641205,-0.207499245,-0.440472797,-0.257662213,-0.240116944,-0.278457554,-0.168792615,-0.2441945,-0.206619695,-0.200926764,-0.288335711
-0.225407967,-0.269312295,-0.256184992,-0.250605154,-0.11080624,-0.206600354,-0.192829732,-0.460251599,-0.186287787,-0.226340879,-0.275815407,-0.290883199,-0.195261831,-0.201814627,-0.199692797,-0.285560698
-0.258380616,-0.279040796,-0.223952341,-0.195179945,-0.144363318,-0.20490293,-0.200528572,-0.401397609,-0.2509011,-0.232449891,-0.230635937,-0.216604901,-0.234052681,-0.177571245,-0.174060964,-0.221558965
-0.195889709,-0.217061762,-0.238718386,-0.365822597,-0.217121981,-0.198034121,-0.221496051,-0.422443237,-0.236218838,-0.240170111,-0.227651733,-0.271793933,-0.304993148,-0.17877584,-0.19990686,-0.228963954
-0.278578551,-0.256166138,-0.272974166,-0.19288895,-0.126244811,-0.201876478,-0.184070499,-0.339500295,-0.249809279,-0.236152163,-0.255527802,-0.251981443,-0.235503444,-0.195052489,-0.21877577,-0.164345369
-0.266730987,-0.247163914,-0.249524756,-0.245343268,-0.147653373,-0.178356753,-0.227240474,-0.391049499,-0.286693837,-0.289059905,-0.27192632,-0.227024326,-0.233321982,-0.18254308,-0.219780274,-0.226734663
-0.257036053,-0.260236296,-0.265855753,-0.116695383,-0.173594846,-0.210757953,-0.223724064,-0.391224471,-0.222934638,-0.243720371,-0.266233883,-0.204576913,-0.224056293,-0.190406872,-0.185452348,-0.273738942
-0.329770588,-0.259706945,-0.270450302,-0.221091165,-0.205475832,-0.21926943,-0.204896795,-0.363135231,-0.305589771,-0.273591115,-0.245483651,-0.26450826,-0.271364259,-0.189970021,-0.15941221,-0.231317144
-0.233045641,-0.269864565,-0.234268373,-0.283624541,-0.140542695,-0.197906139,-0.179761856,-0.500578682,-0.215580445,-0.238807344,-0.213155819,-0.274738858,-0.271817425,-0.174646662,-0.196064205,-0.239514315
-0.247014478,-0.277673237,-0.238068594,-0.171489148,-0.214365672,-0.23583033,-0.214514686,-0.308597577,-0.223046566,-0.252126066,-0.21980089,-0.215543722,-0.248262518,-0.193071306,-0.19236842,-0.231276007
-0.28811474,-0.275504049,-0.27726544,-0.173315605,-0.091981476,-0.17558759,-0.200121688,-0.436976586,-0.221836064,-0.256561895,-0.267557751,-0.274752337,-0.205158901,-0.193732688,-0.190164937,-0.216868024
-0.241203908,-0.215754171,-0.242584389,-0.369174127,-0.140767735,-0.181381533,-0.190533063,-0.384477514,-0.298675862,-0.249467388,-0.258142117,-0.269395503,-0.278999094,-0.166181802,-0.206486995,-0.144852225
-0.147944876,-0.210351053,-0.205358551,-0.462450569,-0.060363489,-0.175510678,-0.196163544,-0.49445268,-0.222519326,-0.228233175,-0.223067291,-0.29888323,-0.176872118,-0.19241108,-0.208965667,-0.284084946
-0.252897143,-0.268448493,-0.232142909,-0.203075784,-0.081458971,-0.18229679,-0.180750055,-0.578059291,-0.255914216,-0.258711732,-0.239919774,-0.216052127,-0.21192639,-0.169482929,-0.204725379,-0.303195193
-0.283142298,-0.257479853,-0.258087748,-0.24419165,-0.118963749,-0.191622471,-0.211660469,-0.449726527,-0.2684791,-0.25644674,-0.217561306,-0.252519158,-0.208166754,-0.186220377,-0.213121202,-0.271325043
-0.166426304,-0.231487512,-0.216155442,-0.351491451,-0.167694173,-0.194282449,-0.200152688,-0.496690912,-0.195090352,-0.258212562,-0.226471975,-0.265460875,-0.280043039,-0.192938133,-0.212916942,-0.278103328
-0.200092294,-0.221179505,-0.226408613,-0.295925385,-0.156663626,-0.177749462,-0.212416992,-0.333757143,-0.265951183,-0.247734163,-0.22524713,-0.207821171,-0.262815781,-0.181739774,-0.200309746,-0.144538764
-0.232037264,-0.243034508,-0.268277009,-0.229427625,-0.113355736,-0.181722804,-0.209365622,-0.460565951,-0.210444861,-0.267410526,-0.2607371,-0.281038583,-0.217958957,-0.173165193,-0.199234176,-0.254797194
-0.304176998,-0.287448117,-0.27307237,-0.086778448,-0.149851642,-0.200397745,-0.194524254,-0.44344797,-0.243115248,-0.249978662,-0.282671645,-0.216761351,-0.263350784,-0.173592687,-0.222277531,-0.240823939
-0.24557042,-0.240089417,-0.23021702,-0.212732972,-0.164652086,-0.207990039,-0.176088534,-0.393304016,-0.27558351,-0.224697854,-0.204047381,-0.173626585,-0.293909621,-0.180220978,-0.200175138,-0.162767405
-0.233090338,-0.233709862,-0.279635809,-0.2128996,-0.143399687,-0.197484627,-0.205691396,-0.429127378,-0.19925394,-0.248268256,-0.243425351,-0.260035432,-0.237289988,-0.200975239,-0.210559655,-0.252011406
-0.333395279,-0.2723824,-0.270361523,-0.126830115,-0.199731323,-0.19719768,-0.219168361,-0.425479703,-0.300415384,-0.332311835,-0.254026064,-0.235691564,-0.283583773,-0.179913274,-0.183585148,-0.255987608
-0.215418608,-0.229810996,-0.250016035,-0.256454346,-0.157503022,-0.188584977,-0.223867366,-0.3888562,-0.231917638,-0.264055928,-0.242112203,-0.23960481,-0.258266907,-0.203657818,-0.213898765,-0.21544791
-0.251259909,-0.249489049,-0.255654941,-0.212415587,-0.130702522,-0.221107902,-0.187255497,-0.529200927,-0.246770498,-0.243849887,-0.244553383,-0.223445044,-0.208183849,-0.186788099,-0.164039148,-0.33806784
-0.217269151,-0.214222325,-0.243966091,-0.330971223,-0.189655727,-0.231304004,-0.216460197,-0.38244466,-0.256613688,-0.228349394,-0.23656194,-0.255868902,-0.234198439,-0.22102861,-0.226824808,-0.280372113
-0.293146729,-0.239590287,-0.296571834,-0.198056263,-0.099737242,-0.192190788,-0.177027627,-0.51028224,-0.255891065,-0.250732986,-0.261541266,-0.255757401,-0.221031501,-0.146205371,-0.171391902,-0.262191418
-0.249556463,-0.276728094,-0.234621898,-0.283026163,-0.189155564,-0.210887518,-0.207299568,-0.416928152,-0.231111783,-0.261072193,-0.228559154,-0.298916909,-0.283105188,-0.223170259,-0.198992506,-0.228276532
-0.28302785,-0.265219382,-0.260176272,-0.194784435,-0.157798078,-0.236792444,-0.220642729,-0.381720429,-0.255110292,-0.266706367,-0.239447325,-0.209649637,-0.172672521,-0.193884766,-0.195746315,-0.32622235
-0.149898518,-0.242754478,-0.218973476,-0.333033599,-0.081447172,-0.162898521,-0.170889873,-0.530824178,-0.176350209,-0.243183797,-0.219383312,-0.281811635,-0.248956225,-0.226060547,-0.204673928,-0.224337141
-0.27737756,-0.254068492,-0.263665943,-0.234740042,-0.193038887,-0.22766281,-0.21331909,-0.396954886,-0.251044375,-0.237670978,-0.219960164,-0.261567192,-0.244143228,-0.226551702,-0.203540929,-0.270905995
-0.322470556,-0.285688283,-0.254676998,-0.13238443,-0.098195233,-0.171807135,-0.207956697,-0.468892819,-0.278888876,-0.254695582,-0.27077473,-0.218179077,-0.206605431,-0.197771515,-0.2010166,-0.257438687
-0.156317794,-0.205662834,-0.243694116,-0.353854354,-0.154013789,-0.214308002,-0.208166944,-0.426127174,-0.216099492,-0.267841409,-0.268192217,-0.278549764,-0.221451001,-0.220680848,-0.190820696,-0.288506485
-0.220091244,-0.225303914,-0.257701755,-0.275054998,-0.127045682,-0.193816333,-0.210571868,-0.401028846,-0.239199145,-0.244503462,-0.239426617,-0.240030302,-0.213632851,-0.187675578,-0.199442325,-0.24797571
-0.213185236,-0.270661317,-0.245282405,-0.274391134,-0.170760997,-0.208355225,-0.198031148,-0.387627719,-0.17871752,-0.231118891,-0.238749273,-0.311297998,-0.277623888,-0.206841921,-0.222398417,-0.202411904
-0.2541525,-0.233349474,-0.245210096,-0.328813346,-0.156118479,-0.190365286,-0.205299623,-0.423399519,-0.283222279,-0.276009123,-0.25751381,-0.272206413,-0.244868893,-0.191968392,-0.203995124,-0.231077788
-0.236891856,-0.257007682,-0.264328746,-0.235345854,-0.16313232,-0.233504418,-0.177950878,-0.503325483,-0.211916721,-0.276258749,-0.296942857,-0.302126384,-0.254435848,-0.203959489,-0.186231122,-0.305427308
-0.239464974,-0.241558598,-0.261362273,-0.318635813,-0.188396538,-0.202943045,-0.191110299,-0.484326221,-0.223981213,-0.248920789,-0.215881469,-0.290150314,-0.300553458,-0.218826126,-0.197060176,-0.252741477
-0.238432882,-0.256712917,-0.225281704,-0.219352203,-0.254297627,-0.240885927,-0.227724432,-0.284237311,-0.257288513,-0.228342845,-0.228184732,-0.220417853,-0.278548653,-0.217107945,-0.212393174,-0.213679848
-0.213483457,-0.226034759,-0.264682686,-0.229185936,-0.080555264,-0.172471753,-0.193471298,-0.587815409,-0.210278424,-0.230892759,-0.213190936,-0.233775632,-0.205902835,-0.200210077,-0.172791217,-0.299433573
-0.344028998,-0.304664683,-0.272976235,-0.098447837,-0.174775029,-0.170657617,-0.198537304,-0.441627766,-0.243716675,-0.241137884,-0.203763247,-0.254719886,-0.317105888,-0.174036177,-0.213063027,-0.165287434
-0.237986319,-0.202797762,-0.280609819,-0.337446224,-0.126252237,-0.168500858,-0.221818042,-0.341796752,-0.255114662,-0.248880078,-0.234978749,-0.278157342,-0.243679358,-0.238181323,-0.178102576,-0.158402943
-0.253412381,-0.244908599,-0.233804098,-0.249782593,-0.167024037,-0.195403767,-0.236389332,-0.420727383,-0.295895281,-0.26328597,-0.258803008,-0.184921959,-0.21522444,-0.189313679,-0.192764386,-0.313738245
-0.214991998,-0.21673612,-0.290743541,-0.236765405,-0.114723389,-0.195477959,-0.185853218,-0.459944411,-0.193293468,-0.230211168,-0.275829345,-0.2975884,-0.221390745,-0.208187265,-0.15136002,-0.245997437
-0.263305668,-0.235606358,-0.283557021,-0.285382114,-0.098553839,-0.195025078,-0.170898357,-0.616067954,-0.241353405,-0.232512186,-0.296592455,-0.330142004,-0.229632564,-0.200208781,-0.21136048,-0.339165573
-0.243255297,-0.225297775,-0.263538413,-0.313658977,-0.146571481,-0.182294988,-0.207837144,-0.386621072,-0.254529645,-0.263835784,-0.243530394,-0.274229023,-0.245732679,-0.186510053,-0.184087435,-0.208587426
-0.302255002,-0.282662369,-0.275705587,-0.187765329,-0.0917943,-0.165119741,-0.202943046,-0.50620622,-0.230931006,-0.244963795,-0.252020219,-0.289122689,-0.217656122,-0.155870708,-0.212216707,-0.262946052
-0.277978948,-0.249129019,-0.236473516,-0.210595354,-0.170098709,-0.196505179,-0.199299085,-0.426691588,-0.311337485,-0.291337414,-0.256756823,-0.181657448,-0.285330239,-0.199777052,-0.221071238,-0.209734742
-0.286249639,-0.247303313,-0.251174832,-0.271352309,-0.202288887,-0.209139462,-0.232910868,-0.320971877,-0.299413053,-0.216144327,-0.284132558,-0.256357334,-0.241919677,-0.196569428,-0.164689151,-0.218894016
-0.294693973,-0.284082132,-0.228292172,-0.172610326,-0.059728667,-0.166179944,-0.189175092,-0.465455526,-0.294268727,-0.25374413,-0.2529641,-0.180492188,-0.191893106,-0.19712514,-0.205291815,-0.221171655
-0.309665002,-0.247687325,-0.299796625,-0.238254836,-0.201574032,-0.235462269,-0.207583895,-0.332096789,-0.260453327,-0.276616483,-0.24989383,-0.305476461,-0.263717269,-0.210477425,-0.20292634,-0.223154853
-0.342141345,-0.295168219,-0.23703481,-0.12128835,-0.126535371,-0.189414891,-0.218039656,-0.399505341,-0.319888142,-0.275181681,-0.246367055,-0.187219535,-0.197399305,-0.197077036,-0.153084142,-0.256487013
-0.322166905,-0.319045701,-0.237902152,-0.169244462,-0.111784263,-0.157167162,-0.208873646,-0.545556841,-0.281423243,-0.288945021,-0.268367857,-0.250611653,-0.241165633,-0.187780998,-0.180348806,-0.265471124
-0.247327252,-0.234526795,-0.269482783,-0.248171246,-0.11687356,-0.181794004,-0.197711681,-0.52276292,-0.230342279,-0.218130074,-0.234986894,-0.24332056,-0.229707926,-0.197644375,-0.204040739,-0.288585369
-0.289328022,-0.261519798,-0.23900927,-0.276097589,-0.102817766,-0.188162926,-0.196109492,-0.480517382,-0.290402929,-0.261332547,-0.24850744,-0.289881268,-0.210944501,-0.19083035,-0.192134588,-0.275533818
-0.29368348,-0.244679077,-0.236850582,-0.272884188,-0.131653848,-0.195200412,-0.206552253,-0.356249406,-0.346080112,-0.283296048,-0.26704896,-0.192778339,-0.229271408,-0.177804547,-0.223070626,-0.191270872
-0.230658807,-0.260277803,-0.227554427,-0.184595844,-0.098955139,-0.193296904,-0.186508672,-0.645044493,-0.232258607,-0.23561171,-0.218753154,-0.211881364,-0.214936144,-0.184426455,-0.193462736,-0.381740007
-0.161678913,-0.233567268,-0.195630381,-0.335410479,-0.1062599,-0.200925866,-0.180953158,-0.464790505,-0.233339734,-0.221558443,-0.222500409,-0.205536362,-0.214222918,-0.187101075,-0.151254001,-0.246624143
-0.255337626,-0.233010826,-0.265195189,-0.267862169,-0.154517555,-0.213319697,-0.193168679,-0.363678938,-0.254421416,-0.288047445,-0.214124371,-0.24649358,-0.240036703,-0.177985032,-0.212056128,-0.201369072
-0.312467865,-0.238646197,-0.301792176,-0.258706284,-0.079412063,-0.201468357,-0.158635111,-0.565435142,-0.277389592,-0.298782603,-0.252018464,-0.306150527,-0.216832857,-0.220145192,-0.191197849,-0.280790077
-0.239300233,-0.255443584,-0.230714527,-0.167279553,-0.124177891,-0.197964542,-0.196605759,-0.533020092,-0.256209398,-0.243402478,-0.225292675,-0.156677407,-0.224066465,-0.172432035,-0.198822686,-0.329560078
-0.233882051,-0.216023045,-0.294991142,-0.351336693,-0.131331919,-0.205354106,-0.199318229,-0.505831442,-0.216097924,-0.224129231,-0.27270628,-0.333519021,-0.218273311,-0.184138432,-0.179248887,-0.321732477
-0.248076723,-0.256209881,-0.259545106,-0.184880349,-0.213359573,-0.212434633,-0.233382907,-0.335294979,-0.22497038,-0.273744676,-0.23662382,-0.231377186,-0.27767385,-0.221650098,-0.237092671,-0.222674565
-0.332681539,-0.289401031,-0.265048142,-0.153284313,-0.159173297,-0.216418736,-0.22191612,-0.518180947,-0.291483829,-0.260566743,-0.281388877,-0.224264965,-0.212202382,-0.215003058,-0.216152364,-0.372281092
-0.3046297,-0.281757447,-0.25835663,-0.220915097,-0.108851895,-0.184412017,-0.196962475,-0.440982098,-0.269406131,-0.306274322,-0.248938818,-0.289567516,-0.212835147,-0.171836923,-0.194090336,-0.233192973
-0.241840863,-0.253431968,-0.24519668,-0.253758602,-0.206465982,-0.233087059,-0.213787243,-0.292803091,-0.240651147,-0.233461726,-0.25172364,-0.251074943,-0.247959959,-0.166008543,-0.183817406,-0.197533455
-0.272909601,-0.250844488,-0.265093766,-0.092958979,-0.054072687,-0.154822085,-0.206403972,-0.484008703,-0.268712373,-0.261096319,-0.29247558,-0.16189417,-0.179781432,-0.182410723,-0.192336975,-0.240660635
-0.206365558,-0.254877528,-0.244878773,-0.401844533,-0.141543885,-0.202686704,-0.227621464,-0.430299229,-0.197684305,-0.22813766,-0.267991447,-0.363861466,-0.187428461,-0.160665938,-0.22356829,-0.310565159
-0.310021491,-0.271876713,-0.237974574,-0.150108489,-0.114714884,-0.215656304,-0.163790845,-0.462381314,-0.329562834,-0.329087689,-0.219446792,-0.188574839,-0.22974767,-0.210090575,-0.199791446,-0.251584029
-0.210679829,-0.251397375,-0.231846567,-0.286378018,-0.16018467,-0.241616908,-0.185284774,-0.39944602,-0.215343793,-0.266966922,-0.233841001,-0.267138947,-0.234323867,-0.200981802,-0.200150318,-0.252023765
-0.221519907,-0.253654932,-0.262274097,-0.153553653,-0.122412167,-0.215035426,-0.207090974,-0.397680445,-0.192198904,-0.230864162,-0.2624301,-0.222623735,-0.179604632,-0.1777102,-0.172787795,-0.270930335
-0.370017033,-0.294636004,-0.268700137,-0.069883374,-0.195477273,-0.212433521,-0.195577516,-0.371305189,-0.335673243,-0.290438267,-0.276172438,-0.161703963,-0.296229862,-0.192065745,-0.196859888,-0.179592012
-0.276101843,-0.264435798,-0.240949587,-0.120324166,-0.211481532,-0.209945459,-0.196997978,-0.418803479,-0.284162832,-0.290636391,-0.294610267,-0.171900797,-0.319087977,-0.205766331,-0.219734003,-0.211277347
-0.334393743,-0.253131321,-0.301973999,-0.100911972,-0.079457639,-0.192051798,-0.18559685,-0.494902174,-0.270317416,-0.238720101,-0.231687733,-0.206355322,-0.18642496,-0.214254798,-0.166098718,-0.278464869
-0.261771295,-0.229662032,-0.265867288,-0.279687537,-0.128455358,-0.228049742,-0.18529456,-0.485585584,-0.266113635,-0.219267845,-0.258946116,-0.244282562,-0.196303938,-0.227858703,-0.168372759,-0.325072022
-0.268451142,-0.246483882,-0.310692178,-0.244067741,-0.124520262,-0.19976114,-0.185187316,-0.436771303,-0.194424319,-0.274460618,-0.264499271,-0.356834223,-0.244518833,-0.176827535,-0.21494852,-0.20332395
-0.238334863,-0.246688914,-0.280763527,-0.185936693,-0.085227936,-0.218809382,-0.165243132,-0.475422996,-0.195907538,-0.207685679,-0.252196226,-0.244086304,-0.178149883,-0.182107343,-0.196083109,-0.280806174
-0.25054671,-0.243215623,-0.253316661,-0.305584016,-0.252756148,-0.189900997,-0.248832825,-0.291654672,-0.252647363,-0.205090144,-0.265929197,-0.280793085,-0.328054521,-0.215680401,-0.237755343,-0.158482265
-0.203235407,-0.260569558,-0.20455798,-0.397858718,-0.150884356,-0.218583173,-0.19740842,-0.374970682,-0.241791041,-0.27059875,-0.257446906,-0.307342424,-0.24276997,-0.229039418,-0.227036487,-0.212612867
-0.223794557,-0.236773888,-0.223328815,-0.385288058,-0.135563668,-0.232887637,-0.187681032,-0.405362069,-0.28144415,-0.288143746,-0.250721355,-0.274318447,-0.20705638,-0.196478812,-0.186383754,-0.259767281
-0.27535966,-0.270779834,-0.234844703,-0.261366515,-0.15402093,-0.214294428,-0.192138756,-0.453777018,-0.271077429,-0.280593205,-0.179776998,-0.250586602,-0.248205314,-0.215847546,-0.239311285,-0.275012008
-0.222198636,-0.22187337,-0.256149546,-0.332713846,-0.12708639,-0.219299932,-0.181181679,-0.447200649,-0.244770741,-0.24596884,-0.231217019,-0.286125585,-0.212320823,-0.175700444,-0.18067619,-0.262156695
-0.275494731,-0.197349269,-0.296571087,-0.255664543,-0.209606907,-0.218502964,-0.220420718,-0.269818723,-0.296630637,-0.182575579,-0.293791318,-0.229583736,-0.272033401,-0.201099756,-0.219000558,-0.170172609
-0.162911231,-0.259870827,-0.192019064,-0.332119645,-0.123346545,-0.189603722,-0.197985853,-0.459015231,-0.188238684,-0.217677167,-0.172133833,-0.251705877,-0.241970689,-0.21319965,-0.234408359,-0.248702115
-0.225478721,-0.197543107,-0.28638544,-0.360320812,-0.107156172,-0.209890834,-0.1849202,-0.518541366,-0.242777758,-0.238699328,-0.253059702,-0.297089272,-0.20592455,-0.184568651,-0.202541924,-0.311496068
-0.337789243,-0.296592551,-0.268259798,-0.176696524,-0.078451381,-0.18144187,-0.152175507,-0.562091045,-0.264564912,-0.248815573,-0.23733572,-0.27817491,-0.24030008,-0.229024136,-0.198783489,-0.273624314
-0.266119488,-0.243584196,-0.26103754,-0.216335401,-0.137209005,-0.192363161,-0.182973371,-0.427182278,-0.243188836,-0.233410916,-0.202879477,-0.260682181,-0.259345556,-0.197852553,-0.181984144,-0.188371018
-0.229556289,-0.235204922,-0.250517496,-0.227016188,-0.106816264,-0.193567755,-0.200268354,-0.46366298,-0.245125375,-0.236416962,-0.244710719,-0.202671891,-0.204152211,-0.222196831,-0.162285273,-0.281046527
-0.206099668,-0.258263394,-0.203196951,-0.376012068,-0.141119114,-0.182675731,-0.222182285,-0.446136978,-0.25014198,-0.241216882,-0.251412327,-0.292423666,-0.233538155,-0.216761471,-0.178691609,-0.261813004
-0.192280458,-0.212313449,-0.241251696,-0.358967057,-0.163677455,-0.189611697,-0.232799456,-0.450773014,-0.231499069,-0.236971427,-0.195666823,-0.265830059,-0.238450471,-0.210328086,-0.185890786,-0.278342302
-0.25603526,-0.238390163,-0.251928286,-0.248618004,-0.065886085,-0.200362779,-0.178027032,-0.479364564,-0.275622754,-0.231757489,-0.292967452,-0.241811392,-0.165925307,-0.19518673,-0.147238916,-0.275202117
-0.343584995,-0.29660767,-0.271106917,-0.058744495,-0.245469655,-0.259083867,-0.209092444,-0.344127217,-0.26461376,-0.231774556,-0.249463448,-0.163270716,-0.270230759,-0.196381852,-0.200225531,-0.262901223
-0.286277234,-0.254562636,-0.268853385,-0.189047845,-0.184897732,-0.220012425,-0.184476496,-0.473177635,-0.259443274,-0.246463692,-0.250963327,-0.243963251,-0.290201725,-0.20621359,-0.236820375,-0.272739871
-0.324874878,-0.27456606,-0.27171984,-0.279396075,-0.113687809,-0.192336704,-0.195818171,-0.518301264,-0.281471332,-0.264275801,-0.300181008,-0.322690809,-0.214557453,-0.197473558,-0.171124366,-0.32060606
-0.258502879,-0.235324939,-0.213243034,-0.293937226,-0.163904773,-0.197369727,-0.219919957,-0.378371724,-0.317126753,-0.241037135,-0.245883749,-0.194744478,-0.240489124,-0.175816197,-0.221405003,-0.228264972
-0.319772491,-0.293268888,-0.270280041,-0.188777379,-0.111326378,-0.191000557,-0.176966768,-0.489938912,-0.253425781,-0.278457091,-0.213956954,-0.275114471,-0.240171037,-0.219359666,-0.199959516,-0.260175821
-0.293488643,-0.250570532,-0.256904815,-0.242459266,-0.164880152,-0.204752246,-0.217186494,-0.39738321,-0.285577943,-0.213448365,-0.248521199,-0.25024703,-0.230256924,-0.182606447,-0.192319813,-0.255030567
-0.235717501,-0.284733694,-0.211496053,-0.228419031,-0.135761751,-0.179536766,-0.221822047,-0.379005122,-0.217979082,-0.260858824,-0.228623562,-0.256972785,-0.233297013,-0.225455091,-0.237745973,-0.217212679
-0.272097828,-0.241898116,-0.253033206,-0.184021203,-0.129351394,-0.201742097,-0.188036229,-0.508434289,-0.285967645,-0.256342123,-0.28413778,-0.183013904,-0.239621671,-0.189335832,-0.213197743,-0.288051608
-0.269601194,-0.271138936,-0.265280215,-0.172585785,-0.192630432,-0.212771279,-0.20826146,-0.367767405,-0.222485921,-0.243925521,-0.251428373,-0.266774451,-0.274641157,-0.239634126,-0.184546985,-0.220406361
-0.110696969,-0.204108786,-0.210567505,-0.403170466,-0.15955445,-0.197852959,-0.196097733,-0.407012513,-0.184506152,-0.252399617,-0.205393055,-0.25829009,-0.268265664,-0.201987423,-0.180542706,-0.189812302
-0.308154655,-0.271399637,-0.283140963,-0.150531483,-0.109835816,-0.197506923,-0.179944291,-0.528898518,-0.234951007,-0.243767955,-0.261869733,-0.291666791,-0.231106558,-0.169334242,-0.194211709,-0.293221224
-0.191717613,-0.283592121,-0.204515901,-0.40624544,-0.137280949,-0.222919939,-0.191025084,-0.460186763,-0.191468924,-0.286435994,-0.230588147,-0.354905642,-0.216441025,-0.215680068,-0.190005807,-0.296837718
-0.230183112,-0.241252574,-0.252879133,-0.286935011,-0.120073967,-0.182538227,-0.20468903,-0.391935072,-0.221634083,-0.220992237,-0.223961597,-0.273359345,-0.229439426,-0.214564861,-0.227437101,-0.201489298
-0.251043779,-0.250087212,-0.239826866,-0.303765547,-0.166840983,-0.194917569,-0.200198476,-0.460707578,-0.27020524,-0.256230478,-0.196704163,-0.215509341,-0.287893902,-0.192966931,-0.224985169,-0.22837454
-0.313875633,-0.262196093,-0.258224684,-0.178068048,-0.181200659,-0.208761013,-0.217295363,-0.483841403,-0.296470882,-0.222513117,-0.283982614,-0.205173473,-0.249913276,-0.143536467,-0.205531709,-0.306447898
-0.308254454,-0.263580033,-0.290350109,-0.197744872,-0.112853835,-0.162828624,-0.203111346,-0.419228074,-0.246264592,-0.251464842,-0.275990572,-0.276476893,-0.246447085,-0.202541289,-0.218137132,-0.180277012
-0.223066695,-0.204835059,-0.259094935,-0.243421403,-0.122097514,-0.187033592,-0.197286166,-0.526669655,-0.27003219,-0.248673841,-0.277552281,-0.195283734,-0.229999386,-0.174728831,-0.211062476,-0.301147097
-0.207138666,-0.241931064,-0.241493866,-0.346895947,-0.167540241,-0.206051866,-0.210955794,-0.373887548,-0.222123971,-0.257651244,-0.258651921,-0.324293526,-0.241097031,-0.189255906,-0.217790663,-0.207435147
-0.288275667,-0.272787163,-0.259899694,-0.183467732,-0.176629553,-0.23360293,-0.196677355,-0.33297823,-0.262402203,-0.264371712,-0.281485781,-0.226938802,-0.245315878,-0.189597599,-0.199408074,-0.216621907
-0.284278323,-0.247201541,-0.258617348,-0.239786587,-0.193624232,-0.198934092,-0.238071385,-0.308521014,-0.29391501,-0.279448838,-0.258727503,-0.22432545,-0.252967674,-0.189621992,-0.216603489,-0.207452812
-0.257439457,-0.23531434,-0.243275373,-0.267963514,-0.193157902,-0.200957997,-0.191008344,-0.429224801,-0.296625969,-0.256357782,-0.252353529,-0.196254707,-0.312676227,-0.195281554,-0.208735263,-0.205841489
-0.256794295,-0.265169027,-0.267194582,-0.129306419,-0.073667481,-0.174652901,-0.214548986,-0.487478761,-0.205454358,-0.231469118,-0.207177174,-0.221983277,-0.169942078,-0.193312928,-0.191730558,-0.298230652
-0.28331391,-0.269247792,-0.253849501,-0.163741828,-0.107906572,-0.190890185,-0.20751104,-0.409832667,-0.25453837,-0.24685463,-0.215432049,-0.219569429,-0.189862363,-0.178771776,-0.189088541,-0.24430841
-0.239493394,-0.253086461,-0.240341146,-0.265181032,-0.119486802,-0.175758644,-0.218355185,-0.365529563,-0.241277555,-0.286560039,-0.213728951,-0.259156746,-0.21578103,-0.186275843,-0.185138437,-0.186251176
-0.244614231,-0.239509186,-0.291473702,-0.239581588,-0.155024105,-0.19354273,-0.215678976,-0.415475001,-0.212097832,-0.231839875,-0.253203816,-0.26318161,-0.244059415,-0.191422161,-0.197984156,-0.227452917
-0.214596645,-0.173095484,-0.264880356,-0.404202567,-0.160088037,-0.187991585,-0.242371802,-0.399915031,-0.279317052,-0.204052613,-0.218611923,-0.244054747,-0.222782829,-0.194835038,-0.185985627,-0.28031314
-0.267387921,-0.239087796,-0.278634433,-0.18301602,-0.129612382,-0.187513198,-0.198722994,-0.432406158,-0.245445214,-0.278407231,-0.222478646,-0.256005718,-0.240561699,-0.193047991,-0.202595262,-0.226077121
-0.215367548,-0.240480335,-0.239708991,-0.257175489,-0.110283002,-0.196658935,-0.16347129,-0.496065088,-0.230542955,-0.270522956,-0.247238543,-0.253353113,-0.258406776,-0.17183548,-0.201658778,-0.232097081
-0.304287419,-0.239449128,-0.275408178,-0.202639553,-0.190456836,-0.225699114,-0.204502967,-0.485061918,-0.287719954,-0.254714102,-0.23091287,-0.216586834,-0.260851207,-0.214772463,-0.216272468,-0.317676622
-0.28239587,-0.231596011,-0.255230353,-0.365234744,-0.114974376,-0.186099526,-0.177014677,-0.420823455,-0.309263864,-0.292841305,-0.257040266,-0.315344913,-0.251846751,-0.19277268,-0.186851049,-0.187145624
-0.203735024,-0.227739915,-0.266042621,-0.246203345,-0.161358973,-0.19607636,-0.194240894,-0.445928734,-0.198602281,-0.28691331,-0.240804898,-0.270364965,-0.270440755,-0.186592918,-0.208678083,-0.227903233
-0.226088596,-0.232481868,-0.245538223,-0.391320902,-0.096356946,-0.17537424,-0.186685937,-0.480520358,-0.239548656,-0.241003771,-0.233202771,-0.330272033,-0.230643993,-0.194850911,-0.208356238,-0.223823515
-0.306892454,-0.264197736,-0.252169497,-0.221802382,-0.178840839,-0.217960417,-0.221574405,-0.360200553,-0.299475407,-0.223613257,-0.260199567,-0.214981458,-0.223703949,-0.205679224,-0.19145642,-0.271409275
-0.166815696,-0.245893811,-0.23304287,-0.350006487,-0.08503799,-0.183491622,-0.208718248,-0.47578213,-0.165632448,-0.220880923,-0.23704806,-0.325189803,-0.178122434,-0.180963363,-0.22546463,-0.299965795
-0.239194758,-0.234430509,-0.269666083,-0.2607671,-0.087341004,-0.196036674,-0.190436002,-0.506002691,-0.238958984,-0.205831347,-0.324300519,-0.264116164,-0.190719933,-0.153133485,-0.158168769,-0.281236767
-0.197509004,-0.224971165,-0.236809259,-0.299396633,-0.108074216,-0.186689676,-0.161215779,-0.418802108,-0.229884276,-0.232601224,-0.228665868,-0.237867307,-0.278740073,-0.22363204,-0.209797652,-0.141031264
-0.257221698,-0.21653401,-0.306705081,-0.201400727,-0.151216158,-0.220326796,-0.19381048,-0.448067706,-0.241008357,-0.266561086,-0.287318241,-0.270553655,-0.22992203,-0.202380655,-0.196621433,-0.284827527
-0.167336329,-0.259492938,-0.196864983,-0.330828188,-0.132175487,-0.193682471,-0.182911564,-0.444752587,-0.192352259,-0.224671552,-0.19603842,-0.282592166,-0.264541732,-0.194991602,-0.19406668,-0.216745685
-0.274893008,-0.273211844,-0.248869172,-0.210503936,-0.069752327,-0.178184508,-0.167719915,-0.503605813,-0.268687589,-0.263666462,-0.291488066,-0.247872138,-0.217163603,-0.203538798,-0.181898318,-0.247665811
-0.269975573,-0.233245084,-0.267256577,-0.186538801,-0.062889,-0.178022367,-0.183911762,-0.557683556,-0.265045828,-0.20158718,-0.258683099,-0.205845733,-0.190648871,-0.207860664,-0.191505223,-0.291169295
-0.214803485,-0.210148859,-0.26309127,-0.250305825,-0.159714464,-0.187730754,-0.190569509,-0.44122631,-0.250294568,-0.200182737,-0.271126314,-0.196916212,-0.28968029,-0.157867148,-0.200471686,-0.197414231
-0.277386202,-0.246830643,-0.259352083,-0.141290878,-0.041715468,-0.155204166,-0.192413032,-0.582499854,-0.273613667,-0.26986372,-0.240587493,-0.178832243,-0.17840928,-0.176531238,-0.201599853,-0.305421545
-0.23995992,-0.23966341,-0.25988434,-0.364360029,-0.035214144,-0.169356303,-0.163141014,-0.471790107,-0.236658557,-0.252818289,-0.238416944,-0.339546135,-0.191418314,-0.1922299,-0.154629418,-0.201131682
-0.259927351,-0.258969971,-0.288275394,-0.091615708,-0.135725807,-0.20303173,-0.190452341,-0.49142795,-0.213284273,-0.296288238,-0.28839616,-0.224108706,-0.231812915,-0.18564743,-0.162460069,-0.296045881
-0.287276143,-0.259978772,-0.284956799,-0.208276525,-0.073952575,-0.173678668,-0.20300771,-0.474374571,-0.235207933,-0.265720533,-0.253012571,-0.288829875,-0.18616358,-0.190068095,-0.174043392,-0.262123593
-0.249331319,-0.277215377,-0.250024758,-0.241685948,-0.133055821,-0.239603769,-0.200280559,-0.414219695,-0.208799974,-0.240269094,-0.233720893,-0.290685334,-0.17833265,-0.206979615,-0.213486047,-0.306141379
-0.26832967,-0.2519811,-0.240272154,-0.400991954,-0.140931445,-0.184294703,-0.184665141,-0.449212018,-0.289342547,-0.257282137,-0.224881554,-0.313928122,-0.276400979,-0.199884311,-0.199933096,-0.198124652
-0.15867566,-0.224787005,-0.223111136,-0.378879148,-0.125671332,-0.180385061,-0.216752091,-0.343647552,-0.205251482,-0.257979408,-0.237897458,-0.284568064,-0.221085458,-0.188970882,-0.215653699,-0.188119137
-0.223051403,-0.229970309,-0.245472474,-0.372586257,-0.147227491,-0.183359967,-0.211946613,-0.455108483,-0.25514074,-0.260169546,-0.245462414,-0.275731624,-0.252949879,-0.215612019,-0.194022267,-0.25869629
-0.382216006,-0.322804426,-0.266803985,0.0253947060699035,-0.226955544,-0.247100114,-0.2094787,-0.225368784,-0.302601925,-0.282473283,-0.272269945,-0.156359797,-0.26801024,-0.2380519,-0.173654708,-0.172308486
-0.204777407,-0.242402673,-0.233896062,-0.402579253,-0.141539232,-0.210632332,-0.18757555,-0.504300651,-0.224956606,-0.223104361,-0.297712564,-0.346932912,-0.237420372,-0.196234052,-0.20265427,-0.285095605
-0.257738118,-0.283411161,-0.255994076,-0.147448535,-0.151957891,-0.200451616,-0.228041752,-0.408164968,-0.20228362,-0.292567988,-0.290860089,-0.274781942,-0.219888076,-0.203085144,-0.223293746,-0.279469461
-0.203253197,-0.206987932,-0.23500136,-0.322719795,-0.106648533,-0.212353155,-0.171351225,-0.546851389,-0.27203046,-0.22910078,-0.240172013,-0.190877664,-0.212938821,-0.204235117,-0.219768894,-0.322737901
-0.208518755,-0.252983146,-0.224066622,-0.398571912,-0.058558845,-0.173005457,-0.193477755,-0.489458675,-0.229748311,-0.216583504,-0.272334685,-0.337511349,-0.176708244,-0.185810069,-0.231973433,-0.270866997
-0.20128195,-0.264380588,-0.228235864,-0.330973056,-0.09363992,-0.144894615,-0.196737556,-0.533839179,-0.200884711,-0.274363936,-0.21795318,-0.322540675,-0.261134722,-0.183689792,-0.23223765,-0.250900857
-0.268524812,-0.246363263,-0.291080875,-0.124101278,-0.153906098,-0.19493469,-0.227211513,-0.428036376,-0.214356755,-0.243814866,-0.21101014,-0.193975184,-0.224093733,-0.205209473,-0.189500077,-0.269001444
-0.318944215,-0.272979911,-0.293615664,-0.108365523,-0.153410269,-0.180211711,-0.229428139,-0.344257562,-0.248743458,-0.221664623,-0.272422314,-0.230215911,-0.246376554,-0.234504024,-0.223880583,-0.1979275
-0.213131536,-0.226574028,-0.245594111,-0.350659967,-0.195055836,-0.229394628,-0.20803875,-0.378872684,-0.26628795,-0.267566689,-0.288136237,-0.26285873,-0.2605481,-0.200923808,-0.219046548,-0.232615618
-0.32177085,-0.252811528,-0.270060208,-0.144169529,-0.109636782,-0.191568636,-0.190668057,-0.466651699,-0.325133846,-0.277721144,-0.301490096,-0.168093266,-0.22017984,-0.187536716,-0.191492529,-0.251391257
-0.284314763,-0.271589448,-0.247877733,-0.200975973,-0.132581711,-0.191145857,-0.199967526,-0.44247779,-0.258959539,-0.268367813,-0.226965507,-0.252974599,-0.231906405,-0.191083217,-0.199853102,-0.235846089
-0.235386555,-0.255470029,-0.233273651,-0.261532994,-0.191826174,-0.192881484,-0.244464412,-0.351448678,-0.250415472,-0.280272687,-0.241322325,-0.245588277,-0.25690706,-0.216701741,-0.217557802,-0.225135918
-0.228996415,-0.227323935,-0.24853205,-0.32902159,-0.112474297,-0.192582428,-0.167650467,-0.504225991,-0.266428392,-0.232769438,-0.271320206,-0.272522459,-0.25362482,-0.203324099,-0.201720789,-0.2398326
-0.310562641,-0.272712648,-0.279572377,-0.222343869,-0.134374386,-0.219755601,-0.173399274,-0.399555032,-0.257988805,-0.247133546,-0.254466298,-0.289453798,-0.233148608,-0.223722101,-0.18170126,-0.224401478
-0.267228881,-0.254874833,-0.229893659,-0.293736747,-0.135675512,-0.186540128,-0.211099948,-0.484953863,-0.29180467,-0.264175573,-0.23160318,-0.25321964,-0.231582326,-0.200407546,-0.193902812,-0.291403661
-0.184112334,-0.232867844,-0.222807016,-0.342583874,-0.085682185,-0.199489208,-0.197423678,-0.412454185,-0.225537112,-0.254060463,-0.262648335,-0.275242315,-0.165301493,-0.196259668,-0.180633043,-0.272288728
-0.30084598,-0.294823217,-0.237188488,-0.094461923,-0.151136559,-0.208166671,-0.194174155,-0.457014239,-0.252818174,-0.248937644,-0.181705134,-0.20812249,-0.241834426,-0.189614786,-0.176313858,-0.258066474
-0.280563447,-0.271897942,-0.262370556,-0.127968213,-0.138731024,-0.195801634,-0.197612749,-0.472326102,-0.237468151,-0.251429563,-0.266884676,-0.231153068,-0.23731377,-0.213310242,-0.189527084,-0.282232478
-0.25686253,-0.268121393,-0.240825494,-0.166536709,-0.021615545,-0.177827131,-0.144810122,-0.633514696,-0.239112629,-0.237398648,-0.266481784,-0.223592245,-0.191525831,-0.178436991,-0.171090905,-0.295475221
-0.177001098,-0.261995039,-0.199834532,-0.298352746,-0.142627351,-0.174302167,-0.192737024,-0.414197264,-0.218384744,-0.294664386,-0.228895284,-0.240391732,-0.283790393,-0.184266586,-0.19153135,-0.155531477
-0.238972374,-0.251955228,-0.247425562,-0.267102542,-0.171070669,-0.21655066,-0.171489572,-0.35822989,-0.237174349,-0.24881146,-0.24488232,-0.259100471,-0.297149011,-0.220452577,-0.193113424,-0.15024608
-0.333286768,-0.263866487,-0.260934741,-0.160887694,-0.17125608,-0.184657928,-0.202210563,-0.483680148,-0.328248654,-0.25696224,-0.260402128,-0.195721595,-0.294515453,-0.200744363,-0.226342119,-0.246634253
-0.193849051,-0.250892165,-0.214823186,-0.355322258,-0.160582891,-0.180033337,-0.195568546,-0.410190577,-0.220278309,-0.235913138,-0.217684392,-0.283168884,-0.284946628,-0.170230667,-0.200340291,-0.18311428
-0.173838894,-0.233762037,-0.228577494,-0.320789122,-0.185407439,-0.200172772,-0.209250596,-0.464745641,-0.218972842,-0.268408606,-0.29584878,-0.261727257,-0.271865045,-0.210021842,-0.192697539,-0.264407976
-0.283723463,-0.258343219,-0.270606132,-0.209706714,-0.180291216,-0.221619364,-0.180676426,-0.393657729,-0.250975271,-0.2693769,-0.242441296,-0.253962222,-0.283743905,-0.222109721,-0.189084005,-0.214179735
-0.259438725,-0.224891824,-0.292241721,-0.325016434,-0.078323245,-0.174717857,-0.162703367,-0.464031024,-0.241073245,-0.248190905,-0.26403108,-0.316263409,-0.238161011,-0.213234507,-0.17480975,-0.184110024
-0.208150227,-0.243231506,-0.241999026,-0.233981661,-0.16659276,-0.201029341,-0.210052661,-0.458583771,-0.21157991,-0.242732105,-0.221885298,-0.251352881,-0.260140329,-0.203828141,-0.239042395,-0.279438713
-0.231520187,-0.236702967,-0.244046686,-0.244257441,-0.138959765,-0.189190281,-0.21748708,-0.405791717,-0.261063006,-0.238702896,-0.271438072,-0.216793831,-0.229341566,-0.206023038,-0.216545247,-0.22894118
-0.2418126,-0.256683487,-0.239301776,-0.202784771,-0.199431428,-0.219120208,-0.184909596,-0.393552726,-0.249826813,-0.261174978,-0.241699682,-0.199572685,-0.314627164,-0.202546497,-0.179190573,-0.185925682
-0.240139244,-0.236733104,-0.239647065,-0.245214982,-0.137492398,-0.203701486,-0.18670494,-0.401363766,-0.262657048,-0.270664771,-0.234395613,-0.221778254,-0.24493983,-0.190239946,-0.171908776,-0.19735557
-0.278896318,-0.267909592,-0.239344077,-0.288479484,-0.202900442,-0.20215758,-0.209907804,-0.509104672,-0.276509515,-0.279373276,-0.235192907,-0.257449608,-0.302065302,-0.185630873,-0.213290836,-0.304347911
-0.314634994,-0.276138496,-0.297718032,-0.070096103,-0.184729723,-0.232386457,-0.167943132,-0.337647968,-0.240655523,-0.28307216,-0.290859337,-0.223728634,-0.284135769,-0.223507342,-0.210559515,-0.1663917
-0.22837983,-0.207469632,-0.267448416,-0.278309287,-0.167224744,-0.221094984,-0.193525132,-0.372272954,-0.257806227,-0.263678208,-0.265531512,-0.234902127,-0.249352046,-0.204135833,-0.177343344,-0.221024662
-0.262392504,-0.229741487,-0.242051421,-0.27116037,-0.156264112,-0.205330884,-0.190298819,-0.417220649,-0.308202279,-0.241087322,-0.235268883,-0.185439762,-0.259738447,-0.218959827,-0.178402572,-0.224664018
-0.265271336,-0.242282699,-0.253899495,-0.299189635,-0.163217095,-0.23565083,-0.180125108,-0.371666839,-0.264394251,-0.199370226,-0.219239417,-0.261442374,-0.247972455,-0.234845598,-0.211678553,-0.218905892
-0.261581077,-0.258234638,-0.275942711,-0.119542344,-0.092952761,-0.16957419,-0.185902218,-0.577473379,-0.22109637,-0.266562124,-0.286671254,-0.204031442,-0.225923408,-0.168039002,-0.192984903,-0.292579071
-0.249687431,-0.299564457,-0.193710839,-0.245136947,-0.171438378,-0.18948184,-0.22680524,-0.39630176,-0.261212458,-0.271763583,-0.209061187,-0.21879874,-0.247376146,-0.234628735,-0.233759247,-0.266047946
-0.200073269,-0.215713289,-0.240289248,-0.376657671,-0.128948411,-0.214205663,-0.168611878,-0.511513739,-0.245024317,-0.22636481,-0.223071238,-0.292411598,-0.241740659,-0.204064186,-0.128772946,-0.258300201
-0.315292349,-0.284073559,-0.243169594,-0.108464944,-0.165806033,-0.194525681,-0.19147013,-0.410057009,-0.299041028,-0.276249434,-0.246243388,-0.176050288,-0.29736445,-0.210336939,-0.224640949,-0.170431984
-0.198096771,-0.233142209,-0.224136394,-0.372951107,-0.099926564,-0.176521082,-0.184384174,-0.509862635,-0.236048241,-0.252419013,-0.254685126,-0.301053146,-0.237761524,-0.198510107,-0.192166828,-0.241134483
-0.356160419,-0.272790704,-0.288795384,-0.085524757,-0.143188057,-0.187572563,-0.204057928,-0.401030889,-0.302280026,-0.286352668,-0.260653989,-0.23019424,-0.25316914,-0.203122614,-0.226666518,-0.207718542
-0.272638926,-0.27732971,-0.245634808,-0.188602629,-0.151250228,-0.176418942,-0.203047704,-0.513349998,-0.246738638,-0.225530588,-0.265776712,-0.265694409,-0.289660373,-0.215301102,-0.22234042,-0.258853781
-0.119011265,-0.210176202,-0.223003452,-0.385579722,-0.115822124,-0.210453358,-0.167762615,-0.395373487,-0.171826294,-0.238696786,-0.230322661,-0.280038158,-0.234573124,-0.229006001,-0.209297724,-0.185136868
-0.308802646,-0.288208814,-0.251636268,-0.173737722,-0.176629672,-0.203429216,-0.20540365,-0.288413111,-0.285696413,-0.283169823,-0.307259457,-0.24716769,-0.259783325,-0.184994391,-0.163343709,-0.148619664
-0.2549849,-0.254404529,-0.271337553,-0.255306538,-0.118912868,-0.2052531,-0.190187151,-0.488662874,-0.220692643,-0.197947846,-0.279726617,-0.295473434,-0.22349144,-0.197425306,-0.180008967,-0.300237383
-0.239748122,-0.249331648,-0.25534176,-0.256440308,-0.214291663,-0.230307939,-0.220424489,-0.249139545,-0.232960456,-0.233836331,-0.251986251,-0.26796917,-0.251501868,-0.188735234,-0.194789851,-0.176581954
-0.255713657,-0.236894428,-0.271840346,-0.158286971,-0.164421298,-0.198244663,-0.170605177,-0.393106598,-0.241266413,-0.249289829,-0.264640669,-0.2118314,-0.315990994,-0.193931906,-0.186955376,-0.128471065
-0.233738221,-0.221520917,-0.280860201,-0.226613884,-0.133798708,-0.19773102,-0.183076443,-0.528692322,-0.224142132,-0.254042639,-0.283133931,-0.261533441,-0.253941146,-0.243250673,-0.182920115,-0.288799734
-0.201054745,-0.261436305,-0.216205597,-0.326893574,-0.175287355,-0.209502372,-0.207967069,-0.408527779,-0.232488609,-0.286387446,-0.268026722,-0.270699131,-0.25264009,-0.209933971,-0.208500603,-0.253623695
-0.285251143,-0.282670117,-0.26289301,-0.200017095,-0.174090075,-0.219480701,-0.207382225,-0.400555542,-0.241871433,-0.251855416,-0.299240577,-0.278258142,-0.250004581,-0.206850942,-0.230152701,-0.250711521
-0.281797215,-0.216753292,-0.255481595,-0.163510413,-0.160904691,-0.183832602,-0.207535854,-0.390840869,-0.328719314,-0.248338379,-0.262801339,-0.110428127,-0.269548218,-0.187707128,-0.203575266,-0.194144869
-0.210525728,-0.215659767,-0.241377575,-0.367827373,-0.089512833,-0.199385263,-0.194930338,-0.498560645,-0.263600574,-0.215045658,-0.24952029,-0.275063598,-0.174387547,-0.228382484,-0.187590862,-0.311940872
-0.222493551,-0.248839764,-0.237345932,-0.299726879,-0.103578851,-0.165765702,-0.198141757,-0.557137743,-0.237380694,-0.255645889,-0.246081758,-0.271562803,-0.237897268,-0.177384204,-0.205579983,-0.287370534
-0.187740613,-0.241299072,-0.236479382,-0.28892356,-0.088654844,-0.182414428,-0.190020044,-0.500109236,-0.203275922,-0.228863185,-0.248709643,-0.263135402,-0.2116072,-0.164625579,-0.219028355,-0.275092871
-0.228960258,-0.250159561,-0.246003658,-0.336401198,-0.149939646,-0.180470807,-0.208226174,-0.517825338,-0.233991522,-0.303603711,-0.255445885,-0.314113251,-0.263225657,-0.182453832,-0.214304809,-0.279436193
-0.210165511,-0.278706716,-0.221981525,-0.211377597,-0.117995784,-0.179911004,-0.19656441,-0.587384994,-0.194372689,-0.256484423,-0.245062791,-0.237890348,-0.245106569,-0.197719449,-0.2168991,-0.309425643
-0.17265877,-0.228894846,-0.223576574,-0.361760641,-0.1128599,-0.20058356,-0.182909377,-0.397856634,-0.218611314,-0.267272595,-0.241435335,-0.29711472,-0.21974785,-0.163138843,-0.193987965,-0.21521034
-0.317967886,-0.225962524,-0.298153041,-0.121330912,-0.083182823,-0.203944419,-0.17885616,-0.530663387,-0.297521633,-0.277307253,-0.228995538,-0.162077218,-0.190537063,-0.205861658,-0.203556655,-0.303904912
-0.252469592,-0.255096661,-0.242346636,-0.231544831,-0.132763902,-0.188625893,-0.19676126,-0.430889952,-0.259568923,-0.274007622,-0.253796966,-0.233234505,-0.25097943,-0.208619945,-0.157020889,-0.206929389
-0.248802108,-0.250993621,-0.265407746,-0.217663062,-0.096311662,-0.181358956,-0.181306409,-0.493084814,-0.208184108,-0.212619708,-0.266321328,-0.251173174,-0.224349418,-0.184041306,-0.213160056,-0.237009799
-0.264599102,-0.262573384,-0.226006838,-0.293999135,-0.236490727,-0.213739758,-0.228801469,-0.3048108,-0.291668367,-0.257112593,-0.293326308,-0.248383481,-0.302925529,-0.250615598,-0.240225703,-0.184652728
-0.198833457,-0.237992232,-0.22504091,-0.343996985,-0.101006582,-0.202281346,-0.199212483,-0.451640869,-0.235211556,-0.277087545,-0.21429637,-0.269082297,-0.190311452,-0.219640111,-0.223917017,-0.265204556
-0.317125783,-0.291308793,-0.247542663,-0.226405888,-0.195249892,-0.206059772,-0.234650916,-0.408259474,-0.276564186,-0.281782597,-0.239930463,-0.289775422,-0.250382037,-0.218329391,-0.190823704,-0.276123955
-0.235263572,-0.234892031,-0.222185755,-0.33289378,-0.127897373,-0.195445779,-0.19008875,-0.521582172,-0.294524928,-0.274820496,-0.232453731,-0.223880812,-0.240744523,-0.194626022,-0.211516954,-0.276203185
-0.307477642,-0.285304848,-0.269486243,-0.08890949,-0.146783803,-0.201145258,-0.19833335,-0.534504618,-0.239381441,-0.229465493,-0.245204037,-0.209773748,-0.250554454,-0.214043535,-0.180284923,-0.312384944
-0.35128474,-0.31355494,-0.280455344,-0.06717387,-0.128208142,-0.176011689,-0.190710037,-0.461601081,-0.242851959,-0.259022939,-0.262212363,-0.264975833,-0.27111057,-0.234416631,-0.184317028,-0.201944347
-0.238958702,-0.25347878,-0.23622845,-0.2380409,-0.09470384,-0.184326894,-0.184378214,-0.573795667,-0.247514954,-0.244992155,-0.266949549,-0.24626399,-0.209300313,-0.187448299,-0.148389822,-0.301358143
-0.221643927,-0.227996343,-0.237678882,-0.276022168,-0.081108542,-0.170251974,-0.207764665,-0.463732213,-0.259458324,-0.23408759,-0.251438452,-0.203292747,-0.187190843,-0.194923136,-0.155041614,-0.264156095
-0.2305342,-0.228620887,-0.251676284,-0.341353706,-0.10093714,-0.188420585,-0.166666657,-0.501317804,-0.242730203,-0.22530438,-0.24126552,-0.290221974,-0.239471399,-0.222269962,-0.189138162,-0.244528659
-0.194454616,-0.214930313,-0.257194729,-0.326764818,-0.190361959,-0.211803427,-0.210062273,-0.361889452,-0.20632106,-0.203940222,-0.24722249,-0.300570676,-0.265357645,-0.183639076,-0.17857885,-0.217817956
-0.183945452,-0.226093607,-0.247554593,-0.340364173,-0.097757547,-0.169992433,-0.201999368,-0.421142512,-0.18816352,-0.187242581,-0.212171955,-0.269026834,-0.220739879,-0.183650065,-0.147021529,-0.196557803
-0.277966416,-0.255198762,-0.277903827,-0.199919282,-0.057889299,-0.178632126,-0.153075114,-0.552953322,-0.249549,-0.244132924,-0.295301111,-0.266615994,-0.221471635,-0.194865966,-0.170296348,-0.240502524
-0.278009652,-0.260450565,-0.252908215,-0.329897421,-0.227588039,-0.212122546,-0.237639687,-0.323998799,-0.267783509,-0.271598189,-0.227343511,-0.299773685,-0.288132955,-0.221990835,-0.196330706,-0.215581149
-0.168941131,-0.235830599,-0.201850076,-0.406372575,-0.119981305,-0.193933313,-0.21483717,-0.464703189,-0.243715605,-0.270612793,-0.26529909,-0.251258568,-0.193051328,-0.217552957,-0.174146408,-0.312068049
-0.266149818,-0.229821082,-0.289549422,-0.263028778,-0.188735184,-0.22230202,-0.189023776,-0.4433698,-0.241027848,-0.248143046,-0.236805831,-0.283262589,-0.281696712,-0.221298125,-0.213401855,-0.25629428
-0.303194455,-0.263242594,-0.294025998,-0.208255772,-0.098116023,-0.194211194,-0.162847641,-0.459176436,-0.237873488,-0.224345692,-0.259480835,-0.277282625,-0.240731787,-0.182483159,-0.168181931,-0.206606529
-0.246341487,-0.254861866,-0.218211778,-0.228363094,-0.117457749,-0.198255501,-0.184942751,-0.496999157,-0.282690951,-0.233157436,-0.249338078,-0.208263096,-0.232813601,-0.168407792,-0.208671147,-0.264810058
-0.291655481,-0.245717554,-0.254807671,-0.275138508,-0.08678509,-0.196981725,-0.188773945,-0.486545068,-0.297055297,-0.227045636,-0.259131072,-0.240655826,-0.182035572,-0.221116799,-0.199039397,-0.29621475
-0.262514448,-0.254622995,-0.256177873,-0.303539884,-0.129393944,-0.188364823,-0.223224673,-0.342395519,-0.247322288,-0.286876137,-0.228738128,-0.307955849,-0.211820813,-0.187302107,-0.174443624,-0.210759621
-0.296438832,-0.261337459,-0.277966203,-0.087052595,-0.112742318,-0.219304573,-0.175896663,-0.502699485,-0.24815628,-0.201465214,-0.227614084,-0.184884187,-0.213783458,-0.229260875,-0.207260189,-0.314491785
-0.208927215,-0.258771065,-0.239447515,-0.267737944,-0.152074342,-0.222337767,-0.181304216,-0.321888985,-0.196308678,-0.216952751,-0.258297316,-0.292953269,-0.253154978,-0.219385805,-0.240794964,-0.163897434
-0.218688434,-0.240547126,-0.251449747,-0.230818701,-0.177849093,-0.203250044,-0.184578546,-0.354412092,-0.218370446,-0.252169997,-0.245289531,-0.248507515,-0.291819727,-0.165271298,-0.223700247,-0.155820183
-0.179610874,-0.214452731,-0.232835835,-0.33011246,-0.080663677,-0.161130578,-0.173277882,-0.50923922,-0.243706904,-0.258008971,-0.26714412,-0.242210917,-0.25669323,-0.203701507,-0.201859563,-0.205148702
-0.341808858,-0.309023344,-0.251919599,-0.298098828,-0.143886361,-0.206436149,-0.197789872,-0.391715331,-0.289103138,-0.293710764,-0.270213737,-0.31061044,-0.227706016,-0.187038907,-0.209502387,-0.243048561
-0.22071436,-0.203000558,-0.269741772,-0.332734516,-0.160101763,-0.168570816,-0.207619996,-0.525530105,-0.248420902,-0.200962804,-0.26009653,-0.268048091,-0.287384311,-0.168615439,-0.178149105,-0.263871973
-0.191488568,-0.199049986,-0.240825873,-0.312167869,-0.084963198,-0.203576642,-0.172519072,-0.460334375,-0.253981291,-0.206383636,-0.216013877,-0.189767188,-0.206728528,-0.182160237,-0.203664361,-0.229253895
-0.261908879,-0.221518732,-0.261806734,-0.286796644,-0.149150965,-0.171580224,-0.194316132,-0.517181766,-0.287325599,-0.233008384,-0.244395695,-0.229351057,-0.291896365,-0.205357918,-0.230434147,-0.237541053
-0.184579882,-0.233738057,-0.250964651,-0.335275963,-0.087549946,-0.177260249,-0.192435902,-0.42514812,-0.206110264,-0.265867996,-0.273512254,-0.298835162,-0.205505492,-0.162937587,-0.202035574,-0.214067025
-0.268883238,-0.249979718,-0.253934962,-0.238200451,-0.149079666,-0.201194774,-0.205754907,-0.470075895,-0.29277353,-0.259230504,-0.320208134,-0.233945083,-0.242180789,-0.191998039,-0.208347158,-0.289398529
-0.277459781,-0.217388813,-0.262586822,-0.20829068,-0.138982663,-0.19684114,-0.199018058,-0.464057307,-0.302481945,-0.225201111,-0.239643798,-0.186348438,-0.244632638,-0.198054918,-0.203932575,-0.256588937
-0.313887883,-0.255477895,-0.268805902,-0.23323997,-0.152449533,-0.197786029,-0.201210797,-0.567430277,-0.303803964,-0.259858067,-0.289769298,-0.245552664,-0.24632231,-0.166490265,-0.223789806,-0.340420855
-0.300000001,-0.281949252,-0.261774655,-0.083689703,-0.122409313,-0.178182017,-0.19409884,-0.532893563,-0.269384887,-0.306413768,-0.287833534,-0.19378368,-0.260899804,-0.187465939,-0.192585641,-0.256178833
-0.259217239,-0.273218347,-0.246145328,-0.223580915,-0.140937343,-0.181094916,-0.218272349,-0.432707341,-0.231630928,-0.211353658,-0.27529064,-0.267421615,-0.240001656,-0.15721116,-0.213819417,-0.238258563
-0.267280526,-0.198117477,-0.296811218,-0.306874054,-0.129399667,-0.206908006,-0.178175968,-0.391372656,-0.277016054,-0.212113853,-0.267942599,-0.254832258,-0.237849862,-0.193002155,-0.200031603,-0.211794374
-0.217893263,-0.240272698,-0.246915229,-0.353941411,-0.17292799,-0.225662885,-0.189466942,-0.421610756,-0.242146795,-0.287221047,-0.239533111,-0.279859996,-0.255174877,-0.205671703,-0.217262927,-0.241848446
-0.28472877,-0.254578018,-0.244931251,-0.189371721,-0.191243606,-0.200534255,-0.226220409,-0.348485288,-0.283233263,-0.265337965,-0.210065717,-0.19856611,-0.26556738,-0.185705744,-0.218924526,-0.196781878
-0.205015785,-0.212067189,-0.253674648,-0.333845807,-0.215879,-0.213150632,-0.235846564,-0.483203616,-0.240830704,-0.246425915,-0.266277848,-0.273478718,-0.271647169,-0.210984888,-0.187054904,-0.314889153
-0.242466196,-0.267284608,-0.22828728,-0.187159444,-0.083918326,-0.181993812,-0.164866731,-0.523617506,-0.251862468,-0.282096317,-0.259043654,-0.198044412,-0.226577241,-0.198910457,-0.177846297,-0.250014719
-0.171419774,-0.25528076,-0.202715909,-0.220028122,-0.099880198,-0.198111811,-0.19641709,-0.446638578,-0.207172809,-0.220364043,-0.211151606,-0.17589584,-0.189078605,-0.186422909,-0.172160629,-0.260023055
-0.256281579,-0.247030276,-0.234261286,-0.368034466,-0.127525303,-0.173494727,-0.202040848,-0.456606625,-0.283210898,-0.228948781,-0.213397168,-0.282752589,-0.236172669,-0.185570796,-0.189436724,-0.252017734
-0.235949589,-0.239578189,-0.256752598,-0.263331979,-0.200018557,-0.206164507,-0.237883247,-0.277986557,-0.246211656,-0.271232421,-0.285535688,-0.249182773,-0.241064684,-0.198588539,-0.200023374,-0.209241079
-0.311833665,-0.283148914,-0.229948502,-0.215176066,-0.099246132,-0.190805129,-0.182644314,-0.462263133,-0.305640843,-0.24615794,-0.260937231,-0.222271625,-0.217078664,-0.177941608,-0.188577202,-0.240907772
-0.291680871,-0.281847392,-0.254125563,-0.176175762,-0.185249695,-0.206187488,-0.206790024,-0.26945295,-0.255575639,-0.28662084,-0.220424557,-0.242192914,-0.275172607,-0.179341296,-0.216292446,-0.127215095
-0.256553506,-0.22507081,-0.246303438,-0.312749927,-0.037049949,-0.1948865,-0.182916802,-0.582718622,-0.313182283,-0.260790295,-0.226182286,-0.216248403,-0.147161662,-0.218130792,-0.215782384,-0.358842237
-0.230939354,-0.244662095,-0.251231552,-0.256604179,-0.124159455,-0.208650561,-0.197004975,-0.380705498,-0.229481641,-0.248779094,-0.251716181,-0.262058457,-0.199892643,-0.183745428,-0.197542386,-0.237836459
-0.308914744,-0.266868781,-0.271781051,-0.144933673,-0.189545099,-0.2071966,-0.21035159,-0.356881033,-0.286070862,-0.254702853,-0.314161866,-0.223795109,-0.275464888,-0.192966985,-0.219766255,-0.196525048
-0.200881529,-0.235816907,-0.232670406,-0.324647025,-0.13440828,-0.221348291,-0.181103972,-0.447768777,-0.23627312,-0.246124167,-0.247796812,-0.236196361,-0.229408824,-0.217432966,-0.173739095,-0.254547206
-0.318091983,-0.251409622,-0.275449258,-0.092611114,-0.174615193,-0.217754837,-0.211105839,-0.327375626,-0.296977369,-0.310198895,-0.253959729,-0.179037832,-0.256429578,-0.182551484,-0.233126113,-0.192302184
-0.221201388,-0.234108443,-0.242696311,-0.310367768,-0.199540433,-0.229603115,-0.188415111,-0.390265416,-0.23370211,-0.279457064,-0.207267327,-0.299262582,-0.286460063,-0.192015591,-0.197333302,-0.223379319
-0.255724041,-0.237832364,-0.249497566,-0.211577945,-0.114525361,-0.209375048,-0.181003552,-0.499413403,-0.275866757,-0.237353174,-0.256089084,-0.193110088,-0.211769254,-0.177270633,-0.202770381,-0.307452589
-0.322679477,-0.270613995,-0.284534511,-0.009871028,-0.143450995,-0.187126837,-0.212782522,-0.422319145,-0.252354412,-0.225729082,-0.226108511,-0.16248111,-0.237592699,-0.203788663,-0.21414303,-0.235246279
-0.280503401,-0.277589594,-0.236831641,-0.213134024,-0.200432784,-0.210296171,-0.204809677,-0.343105878,-0.275079717,-0.245680569,-0.27905278,-0.234532649,-0.274324489,-0.167198047,-0.220309162,-0.197036527
-0.172041896,-0.223640255,-0.220574527,-0.301127719,-0.090697673,-0.146574292,-0.191472641,-0.489621088,-0.226648728,-0.246180659,-0.190139116,-0.205562291,-0.24633142,-0.161816963,-0.207121898,-0.193449464
-0.292523632,-0.255776193,-0.224689576,-0.287820984,-0.105124052,-0.19552415,-0.189055732,-0.35580635,-0.338573692,-0.27379515,-0.23874631,-0.200218895,-0.212552619,-0.199257897,-0.213745202,-0.190515382
-0.237376873,-0.262634955,-0.207734433,-0.278106273,-0.170370898,-0.168219131,-0.201181263,-0.403387505,-0.270220995,-0.249548713,-0.258316113,-0.215712756,-0.331337538,-0.194576432,-0.213917291,-0.144376613
-0.276832436,-0.278762892,-0.213947685,-0.320202887,-0.186784143,-0.20403148,-0.230591385,-0.336706953,-0.316179271,-0.277467149,-0.261313913,-0.238106929,-0.245419392,-0.219379486,-0.207395869,-0.245085844
-0.156537823,-0.222262587,-0.220994536,-0.326863722,-0.120308203,-0.184940441,-0.178363833,-0.385962887,-0.201773987,-0.224581877,-0.246031953,-0.26851247,-0.256800314,-0.187060466,-0.185731783,-0.147545457
-0.268222695,-0.274073614,-0.230618128,-0.216000173,-0.153998546,-0.216163458,-0.186888406,-0.444327641,-0.254787029,-0.262099368,-0.240720644,-0.237404871,-0.246703568,-0.197235795,-0.169153869,-0.264029242
-0.296719371,-0.265653477,-0.276907814,-0.116707975,-0.162625832,-0.22289139,-0.193248557,-0.44035257,-0.235999359,-0.225911815,-0.231343979,-0.245692694,-0.241229597,-0.211005626,-0.218987203,-0.277404243
-0.222504878,-0.263200321,-0.237276238,-0.166734413,-0.130446523,-0.215897542,-0.188066789,-0.391031502,-0.218042512,-0.237231085,-0.2626105,-0.203423656,-0.216618278,-0.200985769,-0.177438163,-0.229759961
-0.251922974,-0.270976078,-0.236875876,-0.244993566,-0.100882241,-0.208435082,-0.171293444,-0.510936964,-0.249548794,-0.276429972,-0.240186989,-0.260090803,-0.214015924,-0.227759424,-0.179178662,-0.28826816
-0.330697682,-0.301052286,-0.24260517,-0.102721101,-0.097427956,-0.185401995,-0.181561304,-0.391979926,-0.292317404,-0.271295776,-0.252031158,-0.190967703,-0.207638548,-0.153864189,-0.146385042,-0.181953833
-0.264956836,-0.269500346,-0.275050269,-0.241156628,-0.178749954,-0.203473169,-0.1982989,-0.389227069,-0.201387466,-0.248662641,-0.242649324,-0.322920435,-0.282026338,-0.170120397,-0.203359531,-0.189186879
-0.337079073,-0.282387031,-0.255780585,-0.20025153,-0.130186106,-0.183503145,-0.201762701,-0.490724952,-0.27880427,-0.245699347,-0.326303226,-0.281703351,-0.240948056,-0.183629084,-0.187562895,-0.275564909
-0.183082406,-0.208828411,-0.257283916,-0.354149353,-0.194242051,-0.193957689,-0.216609172,-0.512334613,-0.213692025,-0.245270072,-0.25495556,-0.290851031,-0.293717611,-0.218472077,-0.216567399,-0.285578254
-0.260879879,-0.257538145,-0.263552037,-0.199089108,-0.172437338,-0.206333956,-0.205877333,-0.367368043,-0.240365859,-0.257742829,-0.274611444,-0.264154528,-0.262102323,-0.215798658,-0.165405574,-0.213336745
-0.152520268,-0.199158537,-0.232394184,-0.38163218,-0.127492212,-0.19958013,-0.197382594,-0.475077867,-0.213652538,-0.182499858,-0.279662684,-0.268932056,-0.221592214,-0.198196449,-0.196183861,-0.274807383
-0.224754975,-0.234897609,-0.214836235,-0.402536917,-0.101202779,-0.209631075,-0.176529642,-0.489180772,-0.283501548,-0.280055009,-0.216935063,-0.302982637,-0.199285283,-0.20146838,-0.177355404,-0.281966171
-0.275629253,-0.266907234,-0.261435245,-0.336209411,-0.083874506,-0.203035695,-0.173721192,-0.544188465,-0.254166632,-0.269059735,-0.249837367,-0.318422544,-0.193468808,-0.217496654,-0.169984416,-0.315051682
-0.326014078,-0.292049261,-0.276009113,-0.184636074,-0.103165807,-0.179807611,-0.196718334,-0.461486733,-0.252563965,-0.242878342,-0.253815457,-0.284052929,-0.218861411,-0.190393415,-0.150882725,-0.247806689
-0.278360947,-0.232926131,-0.271600834,-0.235536183,-0.11024309,-0.18984636,-0.213363313,-0.481896997,-0.284342736,-0.274050871,-0.2421845,-0.245779809,-0.200550605,-0.194693519,-0.204894723,-0.286207999
-0.162140642,-0.210262567,-0.211035529,-0.374175489,-0.127431327,-0.184406178,-0.188599526,-0.45378513,-0.231470148,-0.201270399,-0.185410917,-0.22605283,-0.267880358,-0.23359412,-0.199724448,-0.188402705
-0.251025819,-0.242711668,-0.246213799,-0.342310831,-0.042681187,-0.207385931,-0.177148007,-0.536869258,-0.270498838,-0.282594171,-0.281197257,-0.297121125,-0.139518521,-0.214171179,-0.183434917,-0.357537276
-0.369409676,-0.311407231,-0.2605873,-0.108247513,-0.234178956,-0.196313258,-0.256803884,-0.339741465,-0.305286563,-0.272169714,-0.256817498,-0.19561444,-0.283257292,-0.22172723,-0.203313691,-0.245178139
-0.250591863,-0.252239137,-0.260493893,-0.282801498,-0.120508061,-0.207750073,-0.185419222,-0.423874039,-0.228069933,-0.279829325,-0.21219221,-0.311935473,-0.220315947,-0.185917881,-0.203458769,-0.226169596
-0.237189151,-0.242820154,-0.224783826,-0.332088807,-0.164851885,-0.205671555,-0.189397059,-0.334355371,-0.272945758,-0.239070503,-0.238980887,-0.254170478,-0.274607589,-0.201578836,-0.226498202,-0.164470954
-0.267017643,-0.243468827,-0.245634407,-0.182289986,-0.156841172,-0.201835336,-0.149528112,-0.405758789,-0.273893678,-0.248885252,-0.180025363,-0.189115442,-0.322845764,-0.218444303,-0.184066295,-0.112416017
-0.200590567,-0.22494708,-0.210952759,-0.415623666,-0.163284286,-0.222729106,-0.218957338,-0.380914264,-0.278530416,-0.255015283,-0.249064795,-0.263484995,-0.207468087,-0.20236423,-0.219430963,-0.280569355
-0.311636099,-0.273853304,-0.248191623,-0.146783105,-0.173705062,-0.214542153,-0.172500915,-0.490709933,-0.298000942,-0.231791648,-0.300547183,-0.195708832,-0.304986093,-0.192861694,-0.215192255,-0.229954496
-0.195700968,-0.261704021,-0.240259234,-0.407789113,-0.15914482,-0.207025069,-0.218527293,-0.341442665,-0.181845113,-0.223688672,-0.283464509,-0.376209356,-0.229711087,-0.193419737,-0.218242368,-0.228644627
-0.256752282,-0.302959947,-0.225010659,-0.20328856,-0.14766655,-0.190253274,-0.192093251,-0.468033748,-0.216146388,-0.252650659,-0.22031537,-0.267371335,-0.284818496,-0.196433135,-0.219913744,-0.217767618
-0.32270669,-0.254548285,-0.284427944,-0.209662825,-0.117294259,-0.199846378,-0.183640258,-0.438638684,-0.254620372,-0.267541273,-0.200690744,-0.261176172,-0.21980629,-0.201402787,-0.170979521,-0.23564148
-0.218595272,-0.211169014,-0.257574912,-0.25682681,-0.19384471,-0.215010386,-0.213967242,-0.355325482,-0.256382754,-0.278529535,-0.271916415,-0.231887733,-0.260693128,-0.201795306,-0.203031953,-0.224206942
-0.207979124,-0.232528207,-0.244837606,-0.265882822,-0.101701903,-0.183084711,-0.187489841,-0.504005158,-0.239231695,-0.259935389,-0.236133413,-0.222199761,-0.227500075,-0.20716462,-0.21774839,-0.271107376
-0.331043203,-0.264543681,-0.282561887,-0.195757048,-0.077448103,-0.180938412,-0.188535243,-0.554266685,-0.282472551,-0.244073657,-0.271463487,-0.245991605,-0.192743651,-0.18290061,-0.204919598,-0.328307333
-0.283915307,-0.296031806,-0.263544398,-0.162792695,-0.141137278,-0.194916396,-0.167640906,-0.44487816,-0.207204328,-0.214272975,-0.246437966,-0.268078164,-0.277831788,-0.194415175,-0.202133113,-0.1787928
-0.302395089,-0.287081038,-0.244030736,-0.155156324,-0.163646113,-0.214466077,-0.189353028,-0.345383572,-0.263541148,-0.24370345,-0.183924192,-0.208298713,-0.263049097,-0.165728389,-0.204712088,-0.176295963
-0.288851928,-0.268643542,-0.269584539,-0.254997797,-0.154134374,-0.206789131,-0.202517604,-0.453435318,-0.247050617,-0.247205604,-0.275014163,-0.299400491,-0.235362552,-0.179641091,-0.213336483,-0.271588236
-0.216161629,-0.200749447,-0.199410299,-0.411824027,-0.091622767,-0.183100498,-0.173903755,-0.549285695,-0.333396702,-0.235240047,-0.236309746,-0.201138744,-0.227853829,-0.18548233,-0.196200552,-0.284472045
-0.291164181,-0.286511335,-0.256235267,-0.181512778,-0.164231105,-0.235537608,-0.208549787,-0.348858671,-0.244012935,-0.241003373,-0.264636072,-0.259220973,-0.200537828,-0.17636712,-0.176521492,-0.268384636
-0.256597578,-0.25405615,-0.261108206,-0.257530691,-0.138689711,-0.170909574,-0.222068409,-0.4487835,-0.24767251,-0.258087849,-0.248920926,-0.275499617,-0.240412693,-0.188898089,-0.201486952,-0.23868212
-0.389421126,-0.28852964,-0.312738196,-0.031828279,-0.089107118,-0.176575072,-0.190007503,-0.492952332,-0.27596945,-0.258576109,-0.230609349,-0.24362172,-0.214151152,-0.212821468,-0.203412848,-0.25280483
-0.19965158,-0.223070123,-0.24226013,-0.352364704,-0.195285938,-0.222975591,-0.232170839,-0.305011587,-0.227191818,-0.21657628,-0.273722539,-0.27691491,-0.235213232,-0.16917263,-0.237192184,-0.211272958
-0.186791547,-0.246040465,-0.254614769,-0.275656186,-0.074760068,-0.200612388,-0.188433185,-0.448040159,-0.164141746,-0.243550418,-0.229646454,-0.314037828,-0.167852191,-0.200389086,-0.191521053,-0.277277907
-0.333815399,-0.301022039,-0.289580237,-0.019539475,-0.203275473,-0.199886339,-0.228134558,-0.394553955,-0.220894522,-0.248660986,-0.225502346,-0.205238552,-0.283496109,-0.201755616,-0.202586718,-0.242748612
-0.17492316,-0.214319076,-0.25002565,-0.303498987,-0.164433604,-0.243577782,-0.173054672,-0.342480348,-0.226498782,-0.229954161,-0.286935624,-0.227212488,-0.225102815,-0.207111677,-0.191682,-0.221463327
-0.270205276,-0.235308127,-0.233941177,-0.260334901,-0.155289807,-0.192460492,-0.192047623,-0.387023243,-0.308296195,-0.232818897,-0.205791649,-0.192467429,-0.284995754,-0.214132017,-0.205359652,-0.169796737
-0.18520758,-0.233138333,-0.227398685,-0.255761156,-0.089357677,-0.196689283,-0.203132479,-0.489624656,-0.221317775,-0.261910862,-0.219572876,-0.196526955,-0.168866764,-0.188383184,-0.169449208,-0.320868475
-0.255648267,-0.217478981,-0.28184292,-0.182165271,-0.181331054,-0.208728863,-0.216517171,-0.367664427,-0.261482689,-0.281254846,-0.237528636,-0.195453296,-0.266565193,-0.198887721,-0.231114322,-0.212169865
-0.235447648,-0.266157508,-0.231343916,-0.20820643,-0.15523109,-0.228400497,-0.182124924,-0.431899705,-0.232212727,-0.245561117,-0.297079204,-0.246997551,-0.235806588,-0.20554111,-0.191136421,-0.247677494
-0.294422495,-0.248275538,-0.273825517,-0.167786841,-0.130679233,-0.202270525,-0.205707277,-0.420747619,-0.283468115,-0.301535818,-0.267075622,-0.225892211,-0.209064652,-0.187083211,-0.21548567,-0.267718622
-0.279236418,-0.261527332,-0.268004734,-0.212544392,-0.084946125,-0.196271111,-0.182405335,-0.539911655,-0.241377353,-0.248818762,-0.284923815,-0.270874352,-0.198480104,-0.225662544,-0.198034882,-0.307552767
-0.313767799,-0.27661483,-0.246753131,-0.256640152,-0.14793894,-0.176034737,-0.21038468,-0.452637577,-0.312651643,-0.28224064,-0.280264663,-0.240289694,-0.250823754,-0.178304692,-0.193869379,-0.251673238
-0.281436527,-0.223893063,-0.30063182,-0.225361711,-0.096113966,-0.17518164,-0.18926295,-0.510293753,-0.254692304,-0.243428319,-0.248375021,-0.259019336,-0.227240688,-0.185215702,-0.193661534,-0.24353085
-0.191140792,-0.238148721,-0.206167505,-0.360285951,-0.136302168,-0.184274256,-0.211373803,-0.430925588,-0.25044696,-0.210563802,-0.225524437,-0.255058358,-0.244630433,-0.216884517,-0.225242798,-0.23506615
-0.273706963,-0.286129765,-0.219579485,-0.319951587,-0.085252855,-0.183157478,-0.172150112,-0.467899021,-0.27833766,-0.297925651,-0.241345441,-0.300317953,-0.227927138,-0.180728248,-0.203283092,-0.205461899
-0.31159681,-0.302391332,-0.241608528,-0.146886037,-0.061266816,-0.203217606,-0.132505282,-0.561680983,-0.266787546,-0.261250997,-0.248127464,-0.229334487,-0.2234154,-0.215439896,-0.159837448,-0.239007985
-0.28036393,-0.205189985,-0.307763753,-0.11996059,-0.103640969,-0.187831881,-0.181035125,-0.497561235,-0.251808892,-0.208043651,-0.212162514,-0.166241088,-0.230106369,-0.188109537,-0.209335332,-0.268536437
-0.286155587,-0.252416797,-0.253062469,-0.226982033,-0.215711871,-0.213617284,-0.232424204,-0.358501665,-0.296236621,-0.273005592,-0.253842645,-0.218135967,-0.267565062,-0.206345139,-0.180008567,-0.238069653
-0.354973268,-0.295959271,-0.258332238,-0.092499443,-0.113782772,-0.193170226,-0.191090457,-0.395874818,-0.301123568,-0.253542234,-0.243954582,-0.190825729,-0.237932185,-0.1909722,-0.199697415,-0.184187348
-0.286580234,-0.260645715,-0.246718099,-0.175999483,-0.125031151,-0.186706816,-0.202670663,-0.480231404,-0.296920087,-0.218840386,-0.281109096,-0.162758796,-0.226641834,-0.207750873,-0.162657304,-0.271107548
-0.239558187,-0.247198319,-0.249393434,-0.283367282,-0.163158492,-0.200867626,-0.19485177,-0.462223885,-0.241168751,-0.291027971,-0.232509833,-0.27885965,-0.272822662,-0.215353668,-0.182774755,-0.239464838
-0.196787284,-0.241048879,-0.212850941,-0.375663107,-0.069672831,-0.166992819,-0.206222956,-0.616650525,-0.249037761,-0.258279535,-0.24898435,-0.269170899,-0.171779209,-0.196501014,-0.157296053,-0.386616389
-0.227296466,-0.255967976,-0.262146261,-0.321011455,-0.134797967,-0.21023912,-0.168390781,-0.472174056,-0.197796864,-0.254695741,-0.22524905,-0.35654985,-0.249892719,-0.212973006,-0.180522008,-0.252402656
-0.243985319,-0.251307735,-0.25630185,-0.186434187,-0.146227417,-0.234716449,-0.187440976,-0.397616842,-0.249954375,-0.272243279,-0.275597976,-0.208054443,-0.21698844,-0.181379354,-0.157453561,-0.259705362
-0.21770006,-0.22427804,-0.257375041,-0.251311227,-0.093954284,-0.162430815,-0.206463556,-0.493977413,-0.235941068,-0.239927562,-0.256307171,-0.229663896,-0.228368744,-0.190906416,-0.235564309,-0.248978577
-0.161086503,-0.253677351,-0.19745371,-0.514385371,-0.148015781,-0.133100251,-0.255786768,-0.462749571,-0.206225774,-0.248122782,-0.224786469,-0.372024377,-0.238142137,-0.186025153,-0.187895717,-0.238807583
-0.289402694,-0.258420216,-0.26026322,-0.23568115,-0.193018217,-0.216332132,-0.192328761,-0.46048015,-0.284804962,-0.253842236,-0.261261172,-0.257700724,-0.300278431,-0.231532421,-0.209706846,-0.252489923
-0.1113812,-0.198143936,-0.210207036,-0.481565926,-0.103731081,-0.180741924,-0.204012438,-0.498002521,-0.182763179,-0.215680226,-0.207269559,-0.310619532,-0.208540325,-0.188967142,-0.189167154,-0.300559342
-0.311508974,-0.254407115,-0.28489898,-0.215073669,-0.150539187,-0.204959097,-0.202549091,-0.544726315,-0.276080674,-0.252023215,-0.251009824,-0.244320271,-0.234027087,-0.205673224,-0.195964398,-0.338488249
-0.269520709,-0.245285401,-0.252818336,-0.241012599,-0.165776202,-0.211369105,-0.206327007,-0.315859113,-0.276335805,-0.229658317,-0.270349981,-0.22446725,-0.251522514,-0.194660694,-0.203045306,-0.184114795
-0.221722054,-0.238397956,-0.239519164,-0.270866777,-0.128986866,-0.209553354,-0.179901008,-0.553493325,-0.238023175,-0.23855396,-0.2182548,-0.238229229,-0.239519714,-0.213632718,-0.186859102,-0.302014546
-0.327115889,-0.295580646,-0.258106692,-0.057138095,-0.105888498,-0.197091239,-0.170577201,-0.499989498,-0.253382586,-0.229634966,-0.261470831,-0.1819064,-0.250750779,-0.183451946,-0.238731849,-0.230092045
-0.24744098,-0.284332987,-0.231554593,-0.235974592,-0.152409788,-0.205541437,-0.194983994,-0.432708762,-0.220292825,-0.266790104,-0.239925432,-0.296093385,-0.251421446,-0.209741104,-0.191870314,-0.247952314
-0.231883121,-0.222281961,-0.25594052,-0.352771629,-0.086113904,-0.199234075,-0.145137329,-0.500471128,-0.250374182,-0.207096634,-0.268720227,-0.303318465,-0.238300228,-0.163945093,-0.140756167,-0.211314666
-0.348419935,-0.274858538,-0.315272179,-0.029261679,-0.172119252,-0.201762918,-0.211980484,-0.458821968,-0.247369659,-0.227918598,-0.256334586,-0.201750108,-0.276422698,-0.232265006,-0.237838777,-0.266472315
-0.222871384,-0.184800356,-0.277967433,-0.249613364,-0.142578555,-0.195744759,-0.215492242,-0.394518951,-0.264021926,-0.250740699,-0.239787663,-0.180114345,-0.229938644,-0.237175707,-0.184121491,-0.237192478
-0.283138395,-0.276307088,-0.230991276,-0.166230416,-0.168772169,-0.199636828,-0.209810472,-0.367804908,-0.269233729,-0.240283535,-0.251026259,-0.209394385,-0.2659324,-0.190124805,-0.188794499,-0.195851954
-0.241585689,-0.281376144,-0.245444219,-0.201048721,-0.102929986,-0.204105087,-0.205926513,-0.409815139,-0.202785967,-0.271054398,-0.235393128,-0.26995676,-0.178321086,-0.164429892,-0.215391701,-0.254436916
-0.310742159,-0.269308952,-0.299568389,-0.084846948,-0.141967541,-0.171748411,-0.209828779,-0.453478112,-0.227326422,-0.229894401,-0.253491598,-0.205393601,-0.272960045,-0.186231567,-0.202046319,-0.205630184
-0.227729724,-0.216543884,-0.272339035,-0.320532593,-0.159460028,-0.226075949,-0.218522449,-0.373137284,-0.236681385,-0.234991616,-0.248959284,-0.295571097,-0.199830757,-0.193035649,-0.205869055,-0.288273318
-0.257268143,-0.280596871,-0.230379584,-0.206851135,-0.104185109,-0.210276957,-0.18221664,-0.392985006,-0.246559636,-0.21818217,-0.243257763,-0.236829403,-0.184289464,-0.193944267,-0.16690174,-0.232145516
-0.32554183,-0.293126331,-0.290931633,-0.144753853,-0.12404943,-0.207341248,-0.206211848,-0.369648204,-0.237148419,-0.238464593,-0.285076472,-0.288739669,-0.196192759,-0.174793916,-0.178793114,-0.232918657
-0.228793651,-0.244053584,-0.227547192,-0.380641622,-0.129369962,-0.207678694,-0.196196652,-0.541532759,-0.263240081,-0.288837595,-0.244504464,-0.291050002,-0.213552899,-0.201032356,-0.185911815,-0.329509033
-0.209996592,-0.24184665,-0.251954673,-0.231197518,-0.051774765,-0.150172597,-0.185007544,-0.497427888,-0.202469615,-0.284739296,-0.220659815,-0.24687539,-0.221607661,-0.21117504,-0.182715297,-0.202510998
-0.237098249,-0.269737099,-0.215816365,-0.319552204,-0.154589262,-0.182221394,-0.216281209,-0.483804767,-0.251281227,-0.264936813,-0.233752467,-0.290798056,-0.254479948,-0.156661582,-0.238119325,-0.264487277
-0.356082006,-0.300647052,-0.288293663,-0.068949907,-0.134863984,-0.187354963,-0.191670782,-0.54723994,-0.260264125,-0.267939005,-0.281551441,-0.253495094,-0.261643974,-0.220546175,-0.190046974,-0.279363359
-0.215113085,-0.240238525,-0.24214903,-0.226872505,-0.133303712,-0.209313999,-0.175625261,-0.502739817,-0.220089284,-0.231585365,-0.248893935,-0.233973034,-0.247011794,-0.208062928,-0.212203906,-0.274292501
-0.218336145,-0.191309222,-0.284408846,-0.276269225,-0.092682588,-0.186090243,-0.184739169,-0.536039069,-0.245719208,-0.248288753,-0.242782424,-0.245437161,-0.227039171,-0.223079342,-0.200315382,-0.290891395
-0.228983051,-0.23036928,-0.245529487,-0.23428552,-0.133581043,-0.183278332,-0.200880268,-0.502057589,-0.258822216,-0.205318841,-0.244772756,-0.187138003,-0.258548414,-0.228039283,-0.201949291,-0.271434757
-0.248906379,-0.234013244,-0.25677713,-0.271941845,-0.173929631,-0.217893807,-0.198633947,-0.30515216,-0.259869687,-0.217779629,-0.244853232,-0.243961601,-0.2571684,-0.1782172,-0.230677605,-0.177843366
-0.216112794,-0.258201133,-0.237258292,-0.30472992,-0.143191924,-0.190427815,-0.203629118,-0.409198156,-0.213707435,-0.252639081,-0.213177529,-0.266910748,-0.257202185,-0.202845816,-0.178034232,-0.201274743
-0.218864712,-0.262149782,-0.234144868,-0.228842141,-0.129248371,-0.199179859,-0.215076468,-0.485735403,-0.211609067,-0.249528828,-0.254045474,-0.274491362,-0.18702126,-0.152969844,-0.209612609,-0.324838449
-0.274290649,-0.271808301,-0.251150445,-0.177360538,-0.089531048,-0.172805117,-0.189992414,-0.52829923,-0.247557477,-0.248435827,-0.237554536,-0.223041532,-0.226080932,-0.178508357,-0.200704799,-0.271276813
-0.306728615,-0.269746625,-0.275825835,-0.206969852,-0.125534201,-0.183614905,-0.200479988,-0.425857876,-0.255859045,-0.290675556,-0.269425201,-0.293583342,-0.251386128,-0.164226246,-0.258640224,-0.207706455
-0.333761285,-0.281622492,-0.286730142,-0.109061211,-0.223803713,-0.255645075,-0.21563467,-0.242608263,-0.263095498,-0.288582535,-0.252899568,-0.283244887,-0.239466167,-0.220040135,-0.206733309,-0.216615085
-0.24918558,-0.231399321,-0.262792655,-0.243446995,-0.084340023,-0.172713274,-0.177818939,-0.548344821,-0.259267836,-0.231632461,-0.258318284,-0.224974382,-0.236630847,-0.219082445,-0.209737508,-0.25834561
-0.213718068,-0.205118839,-0.252995084,-0.22007946,-0.189828009,-0.218806345,-0.199362031,-0.32076299,-0.249912898,-0.188158362,-0.224777932,-0.183646595,-0.285499986,-0.234415454,-0.216130221,-0.165295299
-0.206744908,-0.228102176,-0.212947938,-0.384324004,-0.186887108,-0.214965498,-0.22377252,-0.334939378,-0.269372693,-0.216627133,-0.24354872,-0.245675167,-0.23869359,-0.217071414,-0.232970545,-0.243017352
-0.213657091,-0.239610853,-0.210568926,-0.312672617,-0.066689287,-0.198311123,-0.184510181,-0.441098031,-0.283988827,-0.276818197,-0.242019689,-0.200684447,-0.166143314,-0.182742974,-0.21267274,-0.254586201
-0.307661606,-0.253084396,-0.291309362,-0.160827116,-0.102142336,-0.152757715,-0.193140217,-0.66586581,-0.259992902,-0.278520313,-0.235607967,-0.229354494,-0.263066251,-0.21515166,-0.205088148,-0.318114115
-0.2777461,-0.254051595,-0.258820903,-0.185939276,-0.138769292,-0.209953469,-0.184927469,-0.383105932,-0.27617034,-0.259301648,-0.258852443,-0.180540766,-0.239824547,-0.224299687,-0.179121286,-0.20999278
-0.299222323,-0.290671378,-0.247916274,-0.150740237,-0.11932554,-0.194900546,-0.200502113,-0.352258201,-0.252158222,-0.300491816,-0.250173041,-0.267161075,-0.228589697,-0.196266685,-0.185339637,-0.164135547
-0.22894969,-0.231806545,-0.234891627,-0.268816637,-0.136742796,-0.202454906,-0.206612118,-0.458415636,-0.272577977,-0.279699668,-0.266085113,-0.224775472,-0.210391164,-0.1892746,-0.178264997,-0.278032555
-0.246751989,-0.232174727,-0.271786375,-0.222870968,-0.215183608,-0.206561547,-0.217927735,-0.250693754,-0.255452039,-0.256397963,-0.267978469,-0.213588189,-0.297974259,-0.198309167,-0.200812879,-0.120081734
-0.206043311,-0.227867939,-0.244054734,-0.316938871,-0.127224208,-0.204154493,-0.18666232,-0.447919205,-0.237688875,-0.29303729,-0.242701717,-0.261463127,-0.228261149,-0.177977996,-0.219062111,-0.244774251
-0.318744624,-0.283015016,-0.280130953,-0.09915092,-0.189017813,-0.232672009,-0.2048367,-0.403143257,-0.247420207,-0.271936755,-0.236425843,-0.230328795,-0.244854018,-0.209185917,-0.208840781,-0.275442166
-0.346203488,-0.291578602,-0.297880514,-0.205870223,-0.114776055,-0.164935174,-0.205811335,-0.512759088,-0.239099252,-0.283842494,-0.232939782,-0.350240061,-0.244095674,-0.201496905,-0.187236197,-0.250316189
-0.273228327,-0.269179071,-0.230485973,-0.189477425,-0.189378504,-0.197336017,-0.232119287,-0.316720674,-0.282066319,-0.281970496,-0.24368368,-0.207178959,-0.260470525,-0.17766855,-0.189017916,-0.194426086
-0.162162771,-0.248674563,-0.208149406,-0.396466391,-0.186812835,-0.202994658,-0.220896801,-0.331959225,-0.203055531,-0.259467611,-0.242908949,-0.296929394,-0.262695557,-0.22724572,-0.210142791,-0.191474966
-0.248994725,-0.270065711,-0.246392521,-0.300143295,-0.101446093,-0.172014652,-0.202057082,-0.463339859,-0.232057603,-0.270716316,-0.289261345,-0.327169129,-0.223421958,-0.19408763,-0.223798466,-0.241508494
-0.245513537,-0.224831236,-0.279534923,-0.228926587,-0.127339393,-0.172449016,-0.197771298,-0.435488658,-0.221669136,-0.2389688,-0.274723842,-0.285230794,-0.255274459,-0.212531251,-0.161253351,-0.205016744
-0.179027231,-0.201528783,-0.246140383,-0.381336994,-0.170396964,-0.209940958,-0.223779312,-0.25040548,-0.228954127,-0.239298776,-0.228004455,-0.278931716,-0.227048717,-0.1961876,-0.209665384,-0.157950511
-0.296583626,-0.294118042,-0.23095943,-0.218728101,-0.081889153,-0.206325681,-0.157353701,-0.513968325,-0.270336229,-0.249118899,-0.229580035,-0.245133383,-0.210422841,-0.174069389,-0.18007334,-0.272025277
-0.164265075,-0.193771878,-0.229275245,-0.37958741,-0.125217363,-0.180991158,-0.191307581,-0.487822781,-0.232268968,-0.210095589,-0.262408583,-0.259648137,-0.247138357,-0.173685842,-0.194035128,-0.265333929
-0.213562458,-0.279304856,-0.198952211,-0.364215957,-0.121854576,-0.188747596,-0.172462481,-0.585312487,-0.248445469,-0.286860184,-0.268671749,-0.311648156,-0.271374447,-0.232384304,-0.196103188,-0.29393015
-0.235085553,-0.241475332,-0.237646279,-0.203882149,-0.145664462,-0.194886029,-0.195265326,-0.4013747,-0.266610986,-0.286088778,-0.245750636,-0.189977983,-0.267032142,-0.179327597,-0.194645633,-0.180591597
-0.236389193,-0.230938129,-0.28696925,-0.27500985,-0.109106701,-0.181975234,-0.198633015,-0.495919107,-0.185035757,-0.223386767,-0.171780371,-0.329844734,-0.216799547,-0.187998615,-0.202927123,-0.265446914
-0.221299197,-0.215772324,-0.265532652,-0.273013767,-0.113140115,-0.184654694,-0.178530689,-0.516323697,-0.237295622,-0.258013356,-0.256814258,-0.24049906,-0.244215978,-0.196506166,-0.210505311,-0.246967093
-0.269167844,-0.254876539,-0.266914763,-0.250730737,-0.163558748,-0.176316525,-0.201324788,-0.484710467,-0.242660587,-0.214854886,-0.279080704,-0.281910452,-0.298764715,-0.206537273,-0.205225039,-0.231403216
-0.308788461,-0.31566899,-0.227666815,-0.139646615,-0.100591912,-0.182510175,-0.171606027,-0.476476181,-0.25699693,-0.261631692,-0.227673893,-0.235091914,-0.251603199,-0.171845138,-0.187704675,-0.213622253
-0.347733736,-0.281743942,-0.281133222,-0.123531745,-0.136635697,-0.199447632,-0.184984823,-0.353764231,-0.288642176,-0.247633841,-0.297203017,-0.212058503,-0.248509959,-0.203904598,-0.185190982,-0.174523857
-0.277368218,-0.258078412,-0.276667206,-0.200830041,-0.19704584,-0.227597388,-0.213980104,-0.345691727,-0.237948473,-0.247481756,-0.25476232,-0.259740837,-0.25967793,-0.235219223,-0.201453569,-0.234318566
-0.234119686,-0.24361819,-0.263617777,-0.224250504,-0.21317387,-0.214005802,-0.21119946,-0.284328372,-0.229416352,-0.275550134,-0.268360355,-0.261627169,-0.298040049,-0.189875039,-0.205661781,-0.149257446
-0.213418036,-0.224053116,-0.2563424,-0.215953266,-0.209806488,-0.236538567,-0.201585689,-0.389589319,-0.216303668,-0.218654676,-0.202285591,-0.217799016,-0.270092692,-0.204381278,-0.219186786,-0.264836031
-0.221394947,-0.255346314,-0.23046973,-0.244125976,-0.139568306,-0.171268892,-0.179410714,-0.463787873,-0.23772668,-0.292843628,-0.252440718,-0.24082009,-0.299898214,-0.219976033,-0.209510655,-0.175062639
-0.212731063,-0.262647408,-0.24666595,-0.246242654,-0.234862391,-0.225177816,-0.217634752,-0.337005732,-0.210972577,-0.28784566,-0.304556444,-0.271045177,-0.301695773,-0.189611635,-0.171186083,-0.199918488
-0.241407192,-0.228604985,-0.246583123,-0.272647579,-0.125766854,-0.175430693,-0.204006349,-0.455475305,-0.270576298,-0.233498441,-0.243209998,-0.220964931,-0.25331737,-0.21981704,-0.205310771,-0.226223346
-0.246494695,-0.213464234,-0.259856819,-0.269498398,-0.174791287,-0.20969948,-0.203312356,-0.331376975,-0.26932737,-0.21611698,-0.174853583,-0.201434379,-0.25879579,-0.18809172,-0.198396362,-0.18319215
-0.327028673,-0.260772079,-0.287262992,-0.14735113,-0.032194265,-0.16530481,-0.151994749,-0.562872913,-0.277061755,-0.255104841,-0.282643644,-0.264632645,-0.210514626,-0.197940893,-0.20871801,-0.248566189
-0.172785972,-0.227186216,-0.227649664,-0.245930663,-0.186364929,-0.231819118,-0.19424287,-0.345046135,-0.219823106,-0.250973991,-0.276809857,-0.197153699,-0.255103962,-0.203765771,-0.200593018,-0.209079159
-0.216044358,-0.246012836,-0.232282151,-0.223696194,-0.109376985,-0.188851795,-0.18860403,-0.432693954,-0.240993564,-0.282619554,-0.214368012,-0.199482982,-0.225537384,-0.150313713,-0.1765166,-0.221460593
-0.2142858,-0.242809825,-0.236599438,-0.35970547,-0.135063763,-0.216870672,-0.181986534,-0.471526159,-0.238273957,-0.252153192,-0.223642404,-0.288747921,-0.221336843,-0.208753705,-0.179858428,-0.288275037
-0.230202544,-0.256248478,-0.252478308,-0.235862113,-0.141687537,-0.172158427,-0.230778786,-0.486923749,-0.213726545,-0.268578736,-0.234102162,-0.277348028,-0.230846727,-0.184831793,-0.203648272,-0.280894499
-0.251250527,-0.243474579,-0.256649898,-0.321827978,-0.091044165,-0.199582597,-0.17601125,-0.511235503,-0.257632639,-0.277836533,-0.267191307,-0.307173504,-0.205603556,-0.196012319,-0.193800538,-0.287824282
-0.243033891,-0.271073821,-0.251120011,-0.254666863,-0.158260728,-0.223465899,-0.204376441,-0.351063669,-0.209386406,-0.245878166,-0.275219983,-0.299153811,-0.219496733,-0.202378164,-0.182063754,-0.240034224
-0.22148521,-0.262738956,-0.235083997,-0.297695366,-0.121338012,-0.185784754,-0.192728428,-0.412358595,-0.209873305,-0.245732949,-0.185045074,-0.282263252,-0.241617513,-0.244493757,-0.197645178,-0.198334291
-0.292507208,-0.277250842,-0.248926786,-0.128131565,-0.109662548,-0.171431273,-0.191593559,-0.484908407,-0.270978639,-0.267068575,-0.224746342,-0.167126677,-0.2538373,-0.203487255,-0.204275189,-0.228179915
-0.409210957,-0.29763387,-0.331842725,-0.029397449,-0.104552912,-0.173951718,-0.193576904,-0.394464773,-0.265430784,-0.264364662,-0.28239604,-0.251891494,-0.224568341,-0.178366882,-0.196134877,-0.179653226
-0.23803926,-0.245789397,-0.26276976,-0.207141762,-0.057311611,-0.162799042,-0.193683598,-0.642077542,-0.2220128,-0.229818528,-0.248663236,-0.240338705,-0.190489763,-0.150369769,-0.226903816,-0.340652031
-0.259885949,-0.288649284,-0.225859438,-0.295564541,-0.115992817,-0.195391942,-0.194107102,-0.46995042,-0.258764014,-0.299346008,-0.293736019,-0.31277994,-0.224103577,-0.19275196,-0.175785044,-0.251139824
-0.238396603,-0.257859214,-0.237762194,-0.299628175,-0.114489578,-0.2033372,-0.168074995,-0.399380196,-0.231697203,-0.239626251,-0.212894264,-0.290762456,-0.240423218,-0.165087205,-0.200671063,-0.1701489
-0.187867492,-0.239782897,-0.201885792,-0.313452901,-0.209256394,-0.231495971,-0.234481015,-0.263086227,-0.275051309,-0.261480429,-0.291002293,-0.179144336,-0.23469546,-0.204813626,-0.188762699,-0.209476529
-0.21663373,-0.221987775,-0.275371518,-0.323583061,-0.123829093,-0.203406088,-0.169499533,-0.512925397,-0.212000349,-0.245278485,-0.247686569,-0.301710739,-0.231520759,-0.18250659,-0.18855196,-0.278386505
-0.203160196,-0.249120669,-0.209482281,-0.289583758,-0.168583243,-0.207372987,-0.210311605,-0.429053938,-0.278933145,-0.297000367,-0.315776745,-0.210219571,-0.243349591,-0.185877924,-0.188020437,-0.25877426
-0.19514628,-0.258286164,-0.21936362,-0.332179174,-0.155647745,-0.178304457,-0.223248119,-0.38815099,-0.213638789,-0.260665618,-0.243125056,-0.298365534,-0.252087756,-0.169446606,-0.199696015,-0.205165319
-0.245327777,-0.258548889,-0.259104628,-0.258492222,-0.20038102,-0.201417492,-0.219513554,-0.463266933,-0.21222192,-0.213256227,-0.217287307,-0.285276975,-0.282120841,-0.229619287,-0.174723775,-0.261944268
-0.24250074,-0.291037029,-0.21835648,-0.266179625,-0.118729928,-0.194744227,-0.208527776,-0.433104723,-0.234848417,-0.284083014,-0.220409434,-0.272654204,-0.202764986,-0.203076611,-0.190624421,-0.257270982
-0.226132079,-0.230420453,-0.243915606,-0.247112873,-0.161151698,-0.190682755,-0.195621089,-0.571774705,-0.247776857,-0.279003811,-0.243377849,-0.2214868,-0.285352735,-0.228734554,-0.21153656,-0.293559743
-0.210484143,-0.219146902,-0.258438391,-0.316572416,-0.121606949,-0.194137139,-0.197176245,-0.450425384,-0.228970932,-0.22653062,-0.233912576,-0.258309807,-0.221234616,-0.203270462,-0.157660536,-0.253767332
-0.236602464,-0.228389314,-0.280561554,-0.384905151,-0.144248438,-0.19775078,-0.211452089,-0.369535267,-0.222336722,-0.264786746,-0.262005676,-0.358457452,-0.224335871,-0.175112884,-0.221306649,-0.216370709
-0.334623623,-0.273754102,-0.302457045,-0.016299152,-0.179210567,-0.238241397,-0.191599426,-0.326909782,-0.242645818,-0.233812873,-0.247844766,-0.210498828,-0.247300042,-0.212885431,-0.208308552,-0.201878801
-0.211107476,-0.286897419,-0.214062085,-0.273959466,-0.195449093,-0.224014717,-0.196817231,-0.335933935,-0.202838265,-0.235671387,-0.266942337,-0.28479721,-0.27964532,-0.188764942,-0.205112503,-0.184151902
-0.277920739,-0.252455265,-0.232079889,-0.193363594,-0.223563879,-0.179626721,-0.240586172,-0.355584876,-0.298744998,-0.231759877,-0.251728134,-0.17612271,-0.311890743,-0.177451782,-0.198132451,-0.18603878
-0.177692894,-0.23957623,-0.193462687,-0.359232512,-0.064167398,-0.184650286,-0.165671057,-0.603801038,-0.248343464,-0.270206065,-0.224601983,-0.241743837,-0.210525027,-0.178022735,-0.202414577,-0.30386987
-0.283477052,-0.254496214,-0.245934628,-0.195452195,-0.244413681,-0.215831796,-0.216640783,-0.318381831,-0.301008091,-0.254396224,-0.260550401,-0.169838306,-0.317004351,-0.180256527,-0.222021288,-0.189339357
-0.196509007,-0.205912408,-0.261640501,-0.366243322,-0.12973929,-0.182233254,-0.215804157,-0.477649173,-0.230335382,-0.301865814,-0.262628902,-0.315092046,-0.223390668,-0.209706862,-0.195108008,-0.269884603
-0.255559067,-0.226875351,-0.258354631,-0.282664271,-0.084905214,-0.169835104,-0.207104465,-0.445065028,-0.266284409,-0.268515972,-0.225587003,-0.261084394,-0.190897873,-0.174977832,-0.20234473,-0.247075851
-0.303866899,-0.258836522,-0.258898997,-0.18059989,-0.143381547,-0.210290802,-0.18337851,-0.465654737,-0.297149436,-0.236000046,-0.276329472,-0.20160746,-0.258888758,-0.22282984,-0.203764858,-0.250921217
-0.237710674,-0.238477,-0.265078439,-0.371529534,-0.138692467,-0.211141283,-0.194605332,-0.543901629,-0.233773623,-0.278969873,-0.283966053,-0.371400876,-0.22573366,-0.206209548,-0.200363208,-0.348364304
-0.31104606,-0.223921871,-0.302990562,-0.209229587,-0.094076298,-0.168062723,-0.175889494,-0.515860261,-0.293292884,-0.244368007,-0.261752618,-0.239820886,-0.258482304,-0.206830353,-0.207739212,-0.209123092
-0.221351481,-0.267067224,-0.222947362,-0.322851583,-0.20153694,-0.177615649,-0.208681307,-0.477084736,-0.23129727,-0.234430023,-0.260560136,-0.291649552,-0.315606585,-0.181171356,-0.208053023,-0.196404851
-0.225297865,-0.238281638,-0.237892462,-0.30651365,-0.087519581,-0.189304129,-0.195029002,-0.435877546,-0.260285457,-0.281420895,-0.250654873,-0.262545707,-0.185532259,-0.168423805,-0.179336806,-0.236339928
-0.253854085,-0.284843541,-0.232742067,-0.209539286,-0.187156009,-0.205756623,-0.207220625,-0.3139593,-0.231728018,-0.242928005,-0.246453653,-0.25338425,-0.271125815,-0.17622555,-0.208215435,-0.165293306
-0.222262357,-0.262268073,-0.191480337,-0.216661718,-0.166575642,-0.192165735,-0.220806065,-0.393283917,-0.267456545,-0.206134693,-0.20560906,-0.157082764,-0.248164842,-0.237595196,-0.199052444,-0.236779676
-0.231585145,-0.237462543,-0.23096737,-0.328743602,-0.194132392,-0.224870554,-0.219070335,-0.358737727,-0.271785347,-0.197140698,-0.245636302,-0.246757636,-0.247709998,-0.227498823,-0.222272286,-0.269277513
-0.191269668,-0.265285157,-0.201605146,-0.319133829,-0.121404037,-0.194311776,-0.199365232,-0.351078994,-0.216003773,-0.202193539,-0.264359642,-0.279939381,-0.215958012,-0.186626679,-0.209106427,-0.186160805
-0.274329012,-0.240073347,-0.27548583,-0.193756365,-0.173597993,-0.233410331,-0.202753747,-0.472895052,-0.265349933,-0.272319162,-0.258069332,-0.207011289,-0.238163905,-0.2209029,-0.20521822,-0.313410446
-0.205963403,-0.231800952,-0.23864839,-0.321069803,-0.120133845,-0.213246595,-0.182954696,-0.458834268,-0.234018355,-0.213287701,-0.253995782,-0.274257846,-0.215355216,-0.188201948,-0.204829528,-0.274106087
-0.150726672,-0.233619367,-0.193829548,-0.403910483,-0.196903262,-0.21975984,-0.193536977,-0.333725284,-0.217924784,-0.234826258,-0.224123059,-0.268579018,-0.292096086,-0.218687946,-0.223833541,-0.164076903
-0.273044203,-0.240414031,-0.270002293,-0.210756029,-0.15417438,-0.182860588,-0.202083184,-0.497294819,-0.266111954,-0.248852596,-0.250206895,-0.224852212,-0.263905892,-0.191345407,-0.202712145,-0.28457968
-0.221355199,-0.228935822,-0.230017141,-0.368929928,-0.109954058,-0.173880578,-0.206004084,-0.542523121,-0.28237829,-0.290778766,-0.232784797,-0.229648426,-0.228403157,-0.194315527,-0.174308684,-0.295179181
-0.253204798,-0.287335579,-0.234519822,-0.271247896,-0.227028059,-0.239494903,-0.183958211,-0.295198058,-0.216298485,-0.222928341,-0.240256363,-0.316474255,-0.313514029,-0.172477552,-0.211187097,-0.123708454
-0.236128255,-0.249064816,-0.234053768,-0.355878194,-0.040747901,-0.150250763,-0.183501776,-0.555364902,-0.258860014,-0.283716089,-0.256937023,-0.299957579,-0.201160358,-0.182231144,-0.232826408,-0.255395925
-0.333642789,-0.27650685,-0.240381864,-0.148543961,-0.155754468,-0.199530472,-0.218485141,-0.401860006,-0.332793017,-0.253190017,-0.255514281,-0.159508578,-0.238277074,-0.216407995,-0.216026633,-0.234256299
-0.208614801,-0.250321801,-0.264458361,-0.254037695,-0.251346189,-0.253979458,-0.208278587,-0.222957503,-0.166303147,-0.235997844,-0.253299265,-0.315201753,-0.28287134,-0.21625331,-0.181328285,-0.16143737
-0.222704582,-0.226219608,-0.256422425,-0.275551865,-0.12592552,-0.198884002,-0.173194299,-0.410499988,-0.235291278,-0.207131367,-0.213480159,-0.244589229,-0.260253927,-0.207128701,-0.19626104,-0.17993652
-0.242974745,-0.265081312,-0.221112605,-0.233320035,-0.158037465,-0.201307089,-0.205231186,-0.389975702,-0.274565084,-0.250262518,-0.26185817,-0.19112548,-0.252363581,-0.184506147,-0.226117111,-0.207427147
-0.18924621,-0.300326857,-0.186548515,-0.302894111,-0.108554348,-0.201880921,-0.196820175,-0.466434709,-0.197145933,-0.218762346,-0.245593654,-0.289190879,-0.198445666,-0.20504205,-0.185231666,-0.270835702
-0.253496748,-0.255536639,-0.242621257,-0.30663602,-0.172107311,-0.187938291,-0.210530503,-0.463353328,-0.248251927,-0.20412341,-0.262882787,-0.283918063,-0.292932532,-0.229383061,-0.205949301,-0.253950864
-0.370172356,-0.262049309,-0.29993288,-0.070730346,-0.166772278,-0.2266866,-0.236781026,-0.457701017,-0.300957356,-0.226750866,-0.260178112,-0.186381387,-0.187282048,-0.249121995,-0.229737454,-0.389078583
-0.274273797,-0.276455798,-0.235714694,-0.289271308,-0.113257921,-0.206889487,-0.172236091,-0.483284677,-0.27150784,-0.286138889,-0.197678587,-0.25311465,-0.228343916,-0.208709017,-0.190242027,-0.245022554
-0.214885716,-0.202581367,-0.260178991,-0.323925214,-0.139521352,-0.232685777,-0.202565602,-0.489695863,-0.260392208,-0.267964402,-0.282868377,-0.244472868,-0.194035741,-0.219622386,-0.216860666,-0.34128086
-0.242261298,-0.238521031,-0.27091478,-0.204800171,-0.152766702,-0.19066996,-0.221171541,-0.425556824,-0.236489984,-0.259279564,-0.278865968,-0.25822037,-0.24262083,-0.220093672,-0.213493878,-0.243677212
-0.275112233,-0.232047345,-0.259399615,-0.210117554,-0.141447768,-0.187125,-0.198546168,-0.520838065,-0.283993154,-0.254870787,-0.235596015,-0.202395033,-0.249244285,-0.200200192,-0.199038815,-0.300743957
-0.214770754,-0.246801017,-0.235466119,-0.330598169,-0.178789175,-0.193488696,-0.236159981,-0.404530402,-0.225079447,-0.215425948,-0.213692247,-0.275951685,-0.23927005,-0.227763746,-0.199638384,-0.288449958
-0.297944524,-0.250319375,-0.298855056,-0.103983776,-0.199479624,-0.20263666,-0.219437874,-0.355240634,-0.263409839,-0.253055151,-0.287594949,-0.200660722,-0.284373344,-0.207056685,-0.198972805,-0.204840816
-0.274853042,-0.253772439,-0.246376755,-0.220826996,-0.169426669,-0.192270368,-0.204252973,-0.435128716,-0.276158574,-0.270322223,-0.227218838,-0.231518673,-0.28113088,-0.241186308,-0.197562196,-0.21888542
-0.239520969,-0.232816753,-0.249435063,-0.331742231,-0.168923654,-0.200189668,-0.209545013,-0.394785092,-0.274222971,-0.262372424,-0.302340614,-0.280107813,-0.255127474,-0.183470854,-0.229171782,-0.231003745
-0.230396899,-0.220800683,-0.262329004,-0.267529294,-0.157215932,-0.248179243,-0.182453074,-0.43364435,-0.255348568,-0.254106439,-0.25343116,-0.235109966,-0.217461705,-0.197349933,-0.219231929,-0.319639343
-0.210075546,-0.240787607,-0.257526483,-0.288200537,-0.146164589,-0.160392995,-0.217553055,-0.538759897,-0.197855647,-0.228618185,-0.243652652,-0.309503621,-0.278531617,-0.230820117,-0.208856992,-0.276071985
-0.301144846,-0.233975993,-0.274388377,-0.195062284,-0.148175159,-0.204820796,-0.20767564,-0.460246153,-0.298266012,-0.249047624,-0.240006083,-0.213784429,-0.232457793,-0.211537792,-0.184455741,-0.291510256
-0.201922789,-0.204594716,-0.238501261,-0.401527395,-0.157633933,-0.213445486,-0.204741984,-0.364906908,-0.266654431,-0.220658403,-0.280652188,-0.258838528,-0.238398641,-0.218408432,-0.178609214,-0.225454327
-0.183245303,-0.2490684,-0.228756831,-0.341937131,-0.148036409,-0.215107848,-0.199679191,-0.419513312,-0.196299437,-0.258766717,-0.245953836,-0.313268172,-0.221548933,-0.201034644,-0.172710885,-0.260385438
-0.265005148,-0.242237795,-0.282233858,-0.23112516,-0.156006762,-0.201455128,-0.19013909,-0.475831167,-0.231277785,-0.23056785,-0.254633199,-0.281364479,-0.268694524,-0.209301897,-0.182749676,-0.264638477
-0.279879456,-0.286645873,-0.25341158,-0.173158819,-0.143256993,-0.182896865,-0.199380133,-0.390350866,-0.235670718,-0.245727176,-0.227250563,-0.259020055,-0.263663546,-0.197269338,-0.176034133,-0.179250407
-0.314918198,-0.256116505,-0.289919492,-0.074025369,-0.113203146,-0.169352302,-0.224437979,-0.388340411,-0.262937104,-0.242785717,-0.264275737,-0.198346711,-0.207120509,-0.200357076,-0.174840847,-0.218806784
-0.258999342,-0.247075056,-0.273154126,-0.19117595,-0.089764748,-0.164519727,-0.198467684,-0.50680933,-0.241177884,-0.249961972,-0.275636837,-0.232416443,-0.225950871,-0.188180909,-0.21092821,-0.239934008
-0.298448721,-0.277579265,-0.257306536,-0.209221673,-0.096193069,-0.196202931,-0.185574982,-0.462418553,-0.260134106,-0.226717387,-0.256465631,-0.267317531,-0.189911373,-0.162006938,-0.161237055,-0.275580977
-0.228739847,-0.220672267,-0.244300189,-0.289374377,-0.140172018,-0.193944999,-0.201583018,-0.427495292,-0.271351335,-0.215019727,-0.255786047,-0.247093389,-0.242409191,-0.195176843,-0.193863998,-0.230932521
-0.263076804,-0.256330709,-0.257786699,-0.278564281,-0.1309608,-0.204596995,-0.216156957,-0.429541788,-0.25108631,-0.261963357,-0.266019026,-0.300244778,-0.191225833,-0.191304914,-0.187769641,-0.289362354
-0.229554391,-0.238480069,-0.272320159,-0.267375589,-0.110070676,-0.208438176,-0.158570173,-0.534659618,-0.206494847,-0.23443114,-0.252603458,-0.285672826,-0.234678908,-0.19808615,-0.180491387,-0.269781576
-0.501730856,-0.281549153,-0.38034598,0.0704877869558837,-0.108712539,-0.165709023,-0.181004411,-0.467111898,-0.359869492,-0.265369376,-0.328389829,-0.196503538,-0.26568209,-0.198864572,-0.176600427,-0.190285987
-0.324722481,-0.267871289,-0.312091819,-0.178138212,-0.106874721,-0.189441332,-0.172555582,-0.525663067,-0.23712918,-0.256034739,-0.242657867,-0.312554564,-0.246809855,-0.204660112,-0.183094504,-0.240577503
-0.352756956,-0.282920417,-0.292806677,-0.076242796,-0.120454196,-0.204254204,-0.207322948,-0.473494663,-0.277417175,-0.206180575,-0.237914439,-0.198358023,-0.196895113,-0.204096768,-0.219417612,-0.33172931
-0.255535332,-0.263517673,-0.268655962,-0.256186421,-0.076386538,-0.191536383,-0.189313318,-0.418424981,-0.216209655,-0.274480863,-0.234218456,-0.297160245,-0.186643193,-0.188290868,-0.203282977,-0.221142221
-0.168690758,-0.240167629,-0.242731881,-0.40110356,-0.133911304,-0.213256495,-0.208739176,-0.385828774,-0.186253619,-0.235278203,-0.277411391,-0.328110571,-0.207733402,-0.204466362,-0.243737504,-0.263824369
-0.219993309,-0.252350731,-0.232364544,-0.288472102,-0.083477215,-0.200034652,-0.170777971,-0.514777938,-0.227578743,-0.240880364,-0.291484913,-0.272911649,-0.199910193,-0.188645184,-0.207757645,-0.271450129
-0.311060006,-0.262671656,-0.273411997,-0.180038717,-0.130210211,-0.179899363,-0.200904123,-0.403706129,-0.266241732,-0.250532526,-0.271876088,-0.261762253,-0.248081259,-0.20416281,-0.163190862,-0.199613859
-0.297326525,-0.299664704,-0.256007712,-0.147378958,-0.139888974,-0.208098437,-0.214420661,-0.398801005,-0.22657496,-0.217483392,-0.265019858,-0.263828414,-0.19756115,-0.173669001,-0.188782947,-0.277468347
-0.263411386,-0.232623826,-0.259965498,-0.294746464,-0.170061598,-0.206172791,-0.21640689,-0.374908026,-0.267158926,-0.233234413,-0.228419078,-0.263407653,-0.237508563,-0.177548618,-0.205093126,-0.243940596
-0.232716135,-0.241144074,-0.240089605,-0.238039296,-0.096953254,-0.215544257,-0.176176891,-0.470966277,-0.260500347,-0.237301147,-0.259392649,-0.215044365,-0.196120483,-0.197506852,-0.182646497,-0.283089981
-0.246776958,-0.228941738,-0.272102251,-0.301380837,-0.134417874,-0.207526701,-0.175763115,-0.483572461,-0.254514579,-0.237087465,-0.256602873,-0.274643318,-0.253358732,-0.229910317,-0.189313162,-0.245692559
-0.307522206,-0.290480561,-0.256173921,-0.143871388,-0.070658232,-0.179945549,-0.185453558,-0.491726992,-0.254960205,-0.252934422,-0.208619626,-0.227012398,-0.192622522,-0.208475103,-0.175103701,-0.259316912
-0.250136015,-0.227532373,-0.277924262,-0.265527841,-0.137717973,-0.201373192,-0.187987469,-0.431477197,-0.246354839,-0.254895612,-0.263893611,-0.257224194,-0.235846193,-0.15931757,-0.178799875,-0.23618843
-0.185038618,-0.263752418,-0.197564443,-0.307320248,-0.10412376,-0.182482613,-0.160318867,-0.473865023,-0.219447131,-0.234568096,-0.231969253,-0.251993647,-0.265611343,-0.203238522,-0.169008871,-0.166374301
-0.299134711,-0.274990994,-0.272349964,-0.211560508,-0.157458423,-0.225751875,-0.178629796,-0.482296834,-0.266962698,-0.271949635,-0.304616538,-0.260509695,-0.251174518,-0.214664504,-0.208595218,-0.28703807
-0.305821108,-0.270622562,-0.248340927,-0.197119147,-0.128582772,-0.207956649,-0.194116929,-0.455917352,-0.291219458,-0.271076625,-0.248279582,-0.21183388,-0.214694715,-0.214712754,-0.195847227,-0.276059576
-0.230113333,-0.250179486,-0.25493763,-0.239645353,-0.145374856,-0.185666238,-0.205465199,-0.43863048,-0.221753209,-0.260019739,-0.235086077,-0.248705567,-0.243836971,-0.185176469,-0.168536581,-0.241743894
-0.323955873,-0.269770085,-0.248210611,-0.211541997,-0.108291815,-0.192796433,-0.178845559,-0.424871751,-0.321353148,-0.247627771,-0.297160677,-0.225702993,-0.228507158,-0.184624436,-0.18229213,-0.211513638
-0.260688007,-0.25442568,-0.263981597,-0.241705365,-0.112385475,-0.180623828,-0.197004085,-0.470901015,-0.236554162,-0.224954435,-0.245137083,-0.267422793,-0.239952633,-0.21328184,-0.201186343,-0.245887231
-0.159948656,-0.216438699,-0.208272615,-0.285180108,-0.114205176,-0.181280487,-0.187082422,-0.443993014,-0.231279911,-0.213451002,-0.210799726,-0.164679427,-0.236270567,-0.186136105,-0.173106022,-0.200583812
-0.161454402,-0.239705145,-0.217236324,-0.388372834,-0.134109676,-0.193869722,-0.199767629,-0.351707872,-0.192312194,-0.280769607,-0.184576564,-0.311998618,-0.237105269,-0.202289108,-0.183097543,-0.167492009
-0.225052266,-0.251509871,-0.217824804,-0.253609286,-0.107486196,-0.196458828,-0.200272487,-0.436657673,-0.261062386,-0.260474933,-0.20688112,-0.195574518,-0.202514263,-0.19047954,-0.201154552,-0.249421746
-0.295236843,-0.254431223,-0.267419796,-0.211331401,-0.084068653,-0.192172672,-0.198478573,-0.456717532,-0.29076403,-0.28524133,-0.251029948,-0.248955303,-0.17390976,-0.200304599,-0.190407392,-0.282472035
-0.303125726,-0.243071656,-0.265361279,-0.236836428,-0.097517341,-0.214367641,-0.182021723,-0.490241146,-0.304911289,-0.241663049,-0.254744979,-0.209540028,-0.177663216,-0.188635273,-0.167412306,-0.314293238
-0.172208076,-0.256923836,-0.216982531,-0.337799202,-0.185319975,-0.208951994,-0.183831872,-0.405028807,-0.190469196,-0.244744458,-0.243807156,-0.302074614,-0.303561958,-0.213059165,-0.196803247,-0.170152235
-0.21649428,-0.261328258,-0.237117122,-0.358126738,-0.057212486,-0.190480244,-0.165942274,-0.552580176,-0.213168897,-0.267821033,-0.279021424,-0.339365817,-0.195078517,-0.227184312,-0.178845099,-0.297305569
-0.233778358,-0.286326252,-0.211736046,-0.295159826,-0.145321174,-0.19244381,-0.185910637,-0.429000567,-0.231908891,-0.259624972,-0.265802448,-0.301923613,-0.259066819,-0.168097704,-0.179313493,-0.212763133
-0.248094598,-0.252798406,-0.222203555,-0.257837241,-0.119144035,-0.181634775,-0.191660856,-0.451801786,-0.294823708,-0.27736694,-0.244019084,-0.178966284,-0.238843478,-0.17164992,-0.17254911,-0.227886886
-0.223268152,-0.231921999,-0.271778111,-0.297458763,-0.166078944,-0.222009139,-0.183079626,-0.372807103,-0.203797925,-0.240536354,-0.248080059,-0.312854868,-0.262289014,-0.222709751,-0.162025944,-0.197415604
-0.295956508,-0.260879307,-0.27378337,-0.24341399,-0.150174204,-0.205114097,-0.218347845,-0.375081616,-0.246702448,-0.21612087,-0.23421129,-0.291883312,-0.208184865,-0.191389972,-0.204342043,-0.240838675
-0.355012322,-0.2796972,-0.270731303,-0.098138906,-0.181692364,-0.237716791,-0.202356112,-0.394029377,-0.318484509,-0.245055873,-0.248487786,-0.161845438,-0.235474166,-0.188250592,-0.195789746,-0.272661194
-0.290387934,-0.281513764,-0.269841639,-0.110444269,-0.151239298,-0.209357407,-0.200766337,-0.401810314,-0.235614466,-0.255333982,-0.243484041,-0.225656188,-0.23776752,-0.218619793,-0.197307932,-0.223410021
-0.227018745,-0.267312523,-0.224495683,-0.326594164,-0.154213161,-0.208294635,-0.219975724,-0.3955241,-0.235882159,-0.284716623,-0.270052675,-0.29669571,-0.21514434,-0.19417696,-0.222033655,-0.277504114
-0.232584345,-0.259052876,-0.250362558,-0.235643833,-0.060378952,-0.17410303,-0.178659052,-0.62659462,-0.201752472,-0.268105309,-0.254378192,-0.302225512,-0.197889193,-0.162475794,-0.21345032,-0.317476358
-0.251018136,-0.265560653,-0.248829733,-0.216894524,-0.137679226,-0.189583967,-0.197254571,-0.409970703,-0.234435457,-0.266624076,-0.250422063,-0.24672748,-0.241839043,-0.188382058,-0.175011316,-0.204751646
-0.257597703,-0.290144392,-0.228828694,-0.202372996,-0.142240764,-0.194855823,-0.190732133,-0.484211647,-0.224063762,-0.278946514,-0.221709046,-0.263572501,-0.248147138,-0.165618346,-0.160273769,-0.255561311
-0.194293328,-0.21346306,-0.234861286,-0.402469903,-0.13849903,-0.16581049,-0.21741328,-0.495322288,-0.248639405,-0.249256992,-0.234636563,-0.300365316,-0.261952269,-0.201164261,-0.209624489,-0.256011899
-0.256342523,-0.242438622,-0.246391262,-0.279999218,-0.074874591,-0.165470982,-0.184672465,-0.473828066,-0.271074833,-0.203939598,-0.280706721,-0.266292691,-0.21061061,-0.186182579,-0.176155099,-0.209932835
-0.255945968,-0.285303586,-0.237810523,-0.223504817,-0.108107703,-0.205870975,-0.158301251,-0.412832157,-0.21979998,-0.238254342,-0.241281701,-0.27620517,-0.248640113,-0.200279158,-0.200053789,-0.169986923
-0.27789737,-0.261313868,-0.259150656,-0.172505537,-0.155580219,-0.184844513,-0.207290134,-0.457133423,-0.269022372,-0.267798504,-0.275312048,-0.208549255,-0.267228967,-0.189451561,-0.192983335,-0.234285687
-0.300746872,-0.258748505,-0.270688153,-0.244077499,-0.157305776,-0.227261162,-0.196713228,-0.313754334,-0.263092417,-0.236746173,-0.226792416,-0.273302822,-0.221221127,-0.181193503,-0.205494997,-0.194095491
-0.213464344,-0.243688206,-0.25513534,-0.333700566,-0.121134188,-0.181837552,-0.191101171,-0.526931441,-0.219712857,-0.25602847,-0.259872306,-0.313643164,-0.255206364,-0.213645085,-0.235780576,-0.283957043
-0.292453967,-0.232696391,-0.271416757,-0.26838301,-0.140326968,-0.198583154,-0.202676948,-0.44091371,-0.311736023,-0.245828525,-0.251165191,-0.245193674,-0.239809361,-0.186123717,-0.201726634,-0.245021544
-0.304668074,-0.249399253,-0.264269809,-0.188328077,-0.108886176,-0.174349284,-0.176354933,-0.439449079,-0.296066218,-0.261132181,-0.235645892,-0.207081,-0.267979464,-0.188580746,-0.249638081,-0.16673958
-0.235509886,-0.262153209,-0.258515207,-0.167205625,-0.131329839,-0.183325853,-0.208616095,-0.429364048,-0.205689787,-0.231932308,-0.251184891,-0.237988527,-0.227636881,-0.174359653,-0.218635632,-0.254852741
-0.277234594,-0.251304786,-0.265146948,-0.241356684,-0.108472312,-0.165367616,-0.200503534,-0.534518724,-0.263544008,-0.295804131,-0.254493232,-0.271789757,-0.246294646,-0.222435473,-0.220110197,-0.28093033
-0.359441869,-0.280652394,-0.2813642,-0.064253115,-0.16294421,-0.207581701,-0.213635615,-0.421187144,-0.308059172,-0.251243881,-0.268763331,-0.17498912,-0.232704617,-0.218975745,-0.179520236,-0.280450434
-0.151240843,-0.233167254,-0.218790591,-0.374698178,-0.174258402,-0.215232779,-0.187257276,-0.373727128,-0.188469976,-0.262712141,-0.245253395,-0.318902542,-0.27452879,-0.212754181,-0.191209242,-0.195180757
-0.27256349,-0.285151307,-0.255967355,-0.217605641,-0.12513917,-0.215355018,-0.197726305,-0.456158116,-0.221238881,-0.250851225,-0.233947575,-0.283866679,-0.195787484,-0.194163593,-0.214252347,-0.306185346
-0.20659859,-0.218728519,-0.258452872,-0.250616939,-0.172464551,-0.197089575,-0.205851288,-0.419303137,-0.229235787,-0.236636483,-0.251083161,-0.22491028,-0.271056297,-0.195214385,-0.205706145,-0.226045678
-0.311792165,-0.254118206,-0.280106842,-0.210447497,-0.128925703,-0.176179105,-0.185801969,-0.529237177,-0.275868797,-0.246697847,-0.281088754,-0.266583592,-0.278996379,-0.177192771,-0.165174392,-0.245931513
-0.288306722,-0.229510193,-0.283037041,-0.231559547,-0.060183629,-0.156430565,-0.207028033,-0.517990187,-0.281549874,-0.262366078,-0.220238488,-0.225781521,-0.185658636,-0.198767022,-0.177691108,-0.280829205
-0.220118614,-0.246157355,-0.249352896,-0.300827562,-0.087872084,-0.175965697,-0.194546448,-0.502023165,-0.214879018,-0.255233419,-0.212070217,-0.296958458,-0.185969371,-0.171389652,-0.156951203,-0.292071311
-0.259305979,-0.273302672,-0.229900115,-0.205973907,-0.173725364,-0.225409941,-0.196070821,-0.378560008,-0.244816776,-0.294984887,-0.234275712,-0.254291585,-0.235924596,-0.169997782,-0.20128726,-0.245128928
-0.239561714,-0.211135386,-0.272328174,-0.288920503,-0.151438557,-0.199349018,-0.199231787,-0.451920799,-0.263835762,-0.242686235,-0.284038992,-0.268456512,-0.255808095,-0.206748196,-0.233829989,-0.256320333
-0.276780917,-0.242591924,-0.277152141,-0.26981013,-0.086382875,-0.194472405,-0.178152732,-0.515321933,-0.250188251,-0.223993671,-0.197808915,-0.271645774,-0.197317648,-0.172982212,-0.239132833,-0.271710943
-0.195815292,-0.233658776,-0.247638833,-0.248878938,-0.13298752,-0.209357464,-0.191894633,-0.430574809,-0.214591142,-0.266398147,-0.239747888,-0.241171088,-0.224419347,-0.178033307,-0.198204605,-0.249275584
-0.246635694,-0.255932375,-0.241158369,-0.23160465,-0.095812766,-0.191695611,-0.213140344,-0.525286812,-0.251646764,-0.244956079,-0.244459624,-0.227285028,-0.169109939,-0.203227454,-0.163522001,-0.336268602
-0.290108156,-0.272710238,-0.264413292,-0.155157073,-0.181582489,-0.212241906,-0.204206386,-0.475188762,-0.244082036,-0.252374001,-0.287612516,-0.260295295,-0.267973085,-0.196047822,-0.192817125,-0.289740979
-0.259706718,-0.250252188,-0.274952739,-0.217519037,-0.147419382,-0.20925984,-0.178554337,-0.436179767,-0.206403108,-0.195020473,-0.212175023,-0.271661611,-0.254308493,-0.197205511,-0.151511847,-0.234869385
-0.221608465,-0.262639072,-0.211425181,-0.299602829,-0.240749499,-0.228086789,-0.229628558,-0.288588433,-0.24703383,-0.21116292,-0.243592662,-0.244155717,-0.277189534,-0.224023146,-0.18783195,-0.212781126
-0.244310824,-0.242087311,-0.242817506,-0.227502604,-0.15538617,-0.191157557,-0.199069578,-0.402772046,-0.247344298,-0.225576765,-0.225091463,-0.226890183,-0.261723285,-0.220158894,-0.184973521,-0.209859135
-0.210373342,-0.230198693,-0.262005298,-0.244613395,-0.147653274,-0.211300913,-0.174659024,-0.451769811,-0.205424374,-0.27869586,-0.189165296,-0.243311523,-0.26509399,-0.202412088,-0.170132955,-0.23242011
-0.262333219,-0.264560626,-0.258680553,-0.166706989,-0.050627841,-0.170082399,-0.19433723,-0.567811554,-0.244667559,-0.287912082,-0.260398631,-0.238195054,-0.170620982,-0.152875333,-0.212761533,-0.315018941
-0.188282357,-0.229410195,-0.247624284,-0.340426117,-0.131943432,-0.194845952,-0.198058636,-0.43889701,-0.208354434,-0.274206265,-0.249225411,-0.307507119,-0.24561029,-0.225346165,-0.193079296,-0.218009094
-0.183520894,-0.220698705,-0.228094656,-0.27967079,-0.153504823,-0.202318817,-0.203189544,-0.441449582,-0.235241787,-0.254454293,-0.243597405,-0.196303818,-0.245591967,-0.174097908,-0.181634678,-0.248678485
-0.319216767,-0.311096822,-0.261437782,-0.211924715,-0.171644775,-0.228896003,-0.194232815,-0.402009165,-0.241191233,-0.257195835,-0.278947846,-0.326976751,-0.255544474,-0.237507937,-0.199072897,-0.247454259
-0.194220844,-0.227782354,-0.218979194,-0.369354207,-0.173718924,-0.201769148,-0.228744259,-0.330863732,-0.261737346,-0.267121211,-0.274784179,-0.257460225,-0.233330398,-0.188126482,-0.191547969,-0.228617188
-0.230428098,-0.237406198,-0.254232718,-0.262614687,-0.170473234,-0.232727436,-0.230880126,-0.390258225,-0.226276524,-0.261215935,-0.235978472,-0.269662648,-0.185730458,-0.204962346,-0.217416341,-0.340614511
-0.274569236,-0.249960507,-0.294219964,-0.259806111,-0.125545856,-0.195171394,-0.190511438,-0.454841543,-0.224753338,-0.234197724,-0.314599676,-0.323556333,-0.235559382,-0.22362698,-0.171348423,-0.256492079
-0.207599288,-0.228482055,-0.24946937,-0.227612205,-0.11750406,-0.183300141,-0.193938977,-0.426232883,-0.232906722,-0.258158708,-0.274754805,-0.223771717,-0.232204989,-0.183224177,-0.184531953,-0.200988113
-0.232434345,-0.218954092,-0.248767675,-0.241948589,-0.02245578,-0.155266366,-0.201789979,-0.617204935,-0.267346665,-0.252848891,-0.222533805,-0.199257805,-0.14231816,-0.17441985,-0.19448163,-0.355553523
-0.251447599,-0.267770386,-0.241912755,-0.206031819,-0.114170533,-0.208565965,-0.202061964,-0.488776602,-0.237255939,-0.262762993,-0.233799657,-0.244481127,-0.200200961,-0.219969363,-0.176470801,-0.310144425
-0.271711356,-0.240013156,-0.260213057,-0.202798973,-0.242743897,-0.203881803,-0.251357352,-0.2872748,-0.267499435,-0.195169452,-0.208763031,-0.203460139,-0.29309733,-0.231645366,-0.165975276,-0.196354715
-0.178361321,-0.209697337,-0.229536814,-0.363557042,-0.213768982,-0.199899604,-0.220535865,-0.36053522,-0.232417391,-0.201653634,-0.227896165,-0.235913906,-0.309470303,-0.183564075,-0.192257716,-0.180199018
-0.230333257,-0.248411909,-0.271103636,-0.258948172,-0.12922637,-0.208025204,-0.184707636,-0.476653771,-0.198314292,-0.266000998,-0.242193459,-0.281678905,-0.226571452,-0.190148497,-0.209866174,-0.290233591
-0.276505841,-0.283502872,-0.230694847,-0.208393939,-0.175783109,-0.200132022,-0.196674768,-0.356523908,-0.25798483,-0.236472067,-0.273969223,-0.245335942,-0.288512422,-0.216860652,-0.205339409,-0.162809864
-0.252293188,-0.255874664,-0.248603478,-0.168096988,-0.081722237,-0.176798424,-0.209499166,-0.487466002,-0.24744682,-0.197156031,-0.3049563,-0.20731346,-0.181335236,-0.200154328,-0.193378054,-0.285562286
-0.311422842,-0.261795046,-0.274107358,-0.174247426,-0.155667229,-0.20218856,-0.1988847,-0.459919011,-0.288405666,-0.268054457,-0.25328493,-0.23646532,-0.254993702,-0.202198179,-0.214147842,-0.273321773
-0.205405304,-0.22571811,-0.259000705,-0.261387627,-0.173843862,-0.216945398,-0.219012236,-0.311419755,-0.217575927,-0.231492891,-0.260458809,-0.244590392,-0.2377073,-0.231513216,-0.23506296,-0.21555426
-0.229710488,-0.258104498,-0.191983228,-0.315810658,-0.185210938,-0.206709527,-0.190642646,-0.484460812,-0.297244349,-0.23689915,-0.239981993,-0.200292072,-0.302716645,-0.200747432,-0.202246261,-0.243607518
-0.334271839,-0.287213821,-0.279609172,-0.124093428,-0.133940632,-0.189787299,-0.213438864,-0.453297619,-0.263666782,-0.237760614,-0.24174112,-0.254709152,-0.223696739,-0.170366149,-0.203917006,-0.262206149
-0.150568338,-0.220386843,-0.238889779,-0.359193545,-0.09852548,-0.190592143,-0.164815889,-0.532403006,-0.167323276,-0.222446507,-0.208066021,-0.306780366,-0.24285124,-0.223360106,-0.164992211,-0.255368358
-0.240936759,-0.246903682,-0.23988964,-0.242209177,-0.074383039,-0.17890172,-0.183683196,-0.586804118,-0.265047763,-0.301099123,-0.25973866,-0.241616156,-0.206269596,-0.225096654,-0.170797212,-0.330778863
-0.232930416,-0.225976036,-0.270047051,-0.396067821,-0.073242879,-0.166505912,-0.183328918,-0.507978853,-0.223836998,-0.207424257,-0.239401398,-0.339531856,-0.218747534,-0.189115378,-0.194838173,-0.233307469
-0.175640789,-0.225254396,-0.224949776,-0.38197141,-0.16848592,-0.184122054,-0.223014725,-0.484970911,-0.228446153,-0.217458442,-0.282027947,-0.286619656,-0.253765617,-0.215194145,-0.179700292,-0.288521252
-0.287979317,-0.269453305,-0.24361213,-0.199681377,-0.083685674,-0.170218901,-0.201017108,-0.538472387,-0.279549234,-0.25098082,-0.201805916,-0.237262042,-0.194386883,-0.179883576,-0.195266856,-0.309877161
-0.265749659,-0.280508231,-0.239240928,-0.236456342,-0.086668834,-0.16218106,-0.179004165,-0.588597211,-0.260173487,-0.265586909,-0.293408617,-0.253582361,-0.243563459,-0.202692921,-0.148436615,-0.265550523
-0.316526403,-0.263282592,-0.284242714,-0.11696063,-0.081290453,-0.17454512,-0.182898241,-0.447616475,-0.260283723,-0.262687725,-0.240408101,-0.225201062,-0.208026094,-0.202888556,-0.192922258,-0.217233466
-0.211133948,-0.214603352,-0.262399099,-0.383183753,-0.150187846,-0.198074399,-0.206688772,-0.417230662,-0.246045324,-0.222055868,-0.305388246,-0.31204556,-0.249628022,-0.196126918,-0.182973309,-0.233725886
-0.227641346,-0.238313743,-0.266427674,-0.178585423,-0.169912862,-0.199887216,-0.205664545,-0.402490774,-0.223076583,-0.258378428,-0.230414696,-0.192560078,-0.259828988,-0.215618293,-0.183838751,-0.215057711
-0.242041777,-0.220118597,-0.25194657,-0.281002515,-0.099643281,-0.174570315,-0.207798707,-0.444328284,-0.285030295,-0.240282884,-0.277072703,-0.214854183,-0.206368905,-0.201762159,-0.21678384,-0.252291148
-0.229979254,-0.248993609,-0.221763123,-0.312290527,-0.210435478,-0.203514524,-0.227174316,-0.314780121,-0.264735366,-0.253767366,-0.213895025,-0.230106816,-0.279763353,-0.188198109,-0.197795845,-0.180034914
-0.243023193,-0.224191152,-0.251924422,-0.334184593,-0.152009238,-0.197040017,-0.194691444,-0.428336299,-0.279450923,-0.227323987,-0.288532026,-0.248911886,-0.260021303,-0.188829722,-0.184786763,-0.235306019
-0.309823004,-0.253617747,-0.281088231,-0.218581437,-0.165454956,-0.230656663,-0.204422189,-0.425482997,-0.289977376,-0.224988541,-0.281583045,-0.231460874,-0.216242002,-0.208045782,-0.214274333,-0.319082389
-0.300831371,-0.285724551,-0.275449908,-0.192687961,-0.229563259,-0.192936535,-0.243019602,-0.331515447,-0.244905536,-0.280249867,-0.252731028,-0.293063489,-0.301688226,-0.231116073,-0.203558344,-0.202278427
-0.230351148,-0.19512668,-0.291292812,-0.271691803,-0.175350258,-0.214870442,-0.195883189,-0.430689407,-0.237858159,-0.240331938,-0.271135617,-0.256125473,-0.26037914,-0.206289421,-0.173464655,-0.250654327
-0.189365221,-0.241654472,-0.220081751,-0.262174966,-0.080769454,-0.162963975,-0.197575386,-0.555000154,-0.244080143,-0.274784659,-0.307706204,-0.202460505,-0.206913056,-0.195903557,-0.207036612,-0.285961459
-0.291306788,-0.273604709,-0.248695032,-0.181205271,-0.092343134,-0.191548344,-0.166608083,-0.623435459,-0.264342918,-0.226107413,-0.245877481,-0.229352407,-0.233408483,-0.217011347,-0.194701725,-0.323584833
-0.252304507,-0.25545434,-0.241406945,-0.287272086,-0.200963034,-0.24371228,-0.183180473,-0.35757925,-0.252018513,-0.240693067,-0.238627265,-0.262182439,-0.284928531,-0.255699185,-0.171513825,-0.215477706
-0.318906616,-0.28273124,-0.260327536,-0.150539988,-0.102291421,-0.202193173,-0.192172719,-0.475466527,-0.280159696,-0.220313464,-0.283175215,-0.206219638,-0.195961781,-0.184277915,-0.212459874,-0.289813162
-0.159359667,-0.212207477,-0.238101141,-0.345344596,-0.15066153,-0.200123632,-0.216534908,-0.406140288,-0.201366741,-0.2148322,-0.226791483,-0.25974308,-0.223533957,-0.187946193,-0.164946075,-0.255076307
-0.158673745,-0.222659452,-0.216174527,-0.45375633,-0.100912513,-0.196661061,-0.15374917,-0.502067807,-0.223228761,-0.257220079,-0.246060166,-0.323288175,-0.270983905,-0.238084502,-0.227589491,-0.198276879
-0.241846307,-0.214822502,-0.237907476,-0.379337573,-0.162805946,-0.177246189,-0.20805283,-0.456761459,-0.306700424,-0.246126229,-0.282695752,-0.250366339,-0.285437631,-0.204292686,-0.228676759,-0.229622124
-0.295602391,-0.222770227,-0.295779667,-0.179149493,-0.095228409,-0.201948716,-0.193324158,-0.452587638,-0.292663055,-0.26316169,-0.247037594,-0.188942734,-0.191871776,-0.19405765,-0.169840938,-0.275965839
-0.275147185,-0.245901811,-0.272283536,-0.3039495,-0.155965198,-0.216853296,-0.186737149,-0.495812146,-0.262301691,-0.254452773,-0.244968949,-0.288198846,-0.263412322,-0.206560643,-0.23092656,-0.286719999
-0.294564285,-0.252180941,-0.28715717,-0.227191947,-0.108646204,-0.166747257,-0.228498547,-0.496032883,-0.243162423,-0.217877115,-0.239881184,-0.270873051,-0.205848317,-0.208521736,-0.212647516,-0.280118078
-0.119951239,-0.201725929,-0.209004418,-0.507543732,-0.150751424,-0.217607246,-0.207408672,-0.469989174,-0.21875246,-0.27677956,-0.259609612,-0.319858671,-0.21771007,-0.190079162,-0.189934128,-0.317106528
-0.281044421,-0.274275804,-0.249751755,-0.186085662,-0.168136399,-0.208408561,-0.204451467,-0.388022381,-0.245342103,-0.204202002,-0.229947559,-0.231534755,-0.257976548,-0.21310899,-0.198808053,-0.223978701
-0.248685023,-0.234341824,-0.27736452,-0.282128132,-0.061801906,-0.196735497,-0.175573453,-0.593341273,-0.229685946,-0.249337949,-0.230674182,-0.273978512,-0.176939182,-0.217739345,-0.183772662,-0.362757552
-0.339697558,-0.273846007,-0.311930053,-0.071732724,-0.129902204,-0.173718433,-0.215342021,-0.439501983,-0.246873258,-0.265053914,-0.247165976,-0.250946888,-0.22711117,-0.211510814,-0.150135192,-0.255737117
-0.370041585,-0.260076074,-0.3079992,-0.111334341,-0.14281775,-0.190679474,-0.207382083,-0.409380986,-0.306303093,-0.241619495,-0.297238074,-0.223268222,-0.245640411,-0.173320311,-0.235709685,-0.234187824
-0.150872495,-0.201163823,-0.252917803,-0.406100487,-0.093540053,-0.178111546,-0.192636072,-0.567757711,-0.178838011,-0.203971375,-0.218120434,-0.32537076,-0.209929136,-0.148724543,-0.225677789,-0.323397131
-0.260742426,-0.251924894,-0.248556018,-0.278074038,-0.173686543,-0.212957027,-0.231609924,-0.369293944,-0.26318545,-0.256700492,-0.251700804,-0.259679576,-0.216406955,-0.203185309,-0.188013387,-0.270374386
-0.271229145,-0.264473491,-0.217621697,-0.233577372,-0.168626754,-0.201617214,-0.227323637,-0.420835797,-0.284313188,-0.234022789,-0.195925047,-0.223166688,-0.234087538,-0.217580956,-0.215638827,-0.290935411
-0.221814734,-0.245590664,-0.237602353,-0.268936904,-0.195209871,-0.227337775,-0.204624553,-0.305105638,-0.229601765,-0.205588097,-0.248307954,-0.250205177,-0.260087348,-0.223559431,-0.182015491,-0.191978492
-0.287820968,-0.252823048,-0.270457413,-0.187327502,-0.120754151,-0.210805489,-0.19378067,-0.469577761,-0.280324557,-0.265094024,-0.257778511,-0.222195334,-0.212690087,-0.226329858,-0.212890443,-0.297052411
-0.212226826,-0.204691832,-0.237574352,-0.380494598,-0.125859589,-0.181997961,-0.206948598,-0.42849539,-0.282287748,-0.237835828,-0.270954825,-0.255636586,-0.226752295,-0.189697806,-0.192186766,-0.245771909
-0.212685162,-0.222232247,-0.255538887,-0.229143578,-0.165199589,-0.20074877,-0.195873319,-0.525439175,-0.247057457,-0.25317275,-0.260551865,-0.187444964,-0.273930279,-0.194060573,-0.177706635,-0.298137677
-0.227537747,-0.24608411,-0.253417416,-0.269484506,-0.126771247,-0.180478614,-0.223611936,-0.485533267,-0.244671664,-0.282868129,-0.27673827,-0.256961462,-0.219173648,-0.169575516,-0.222215638,-0.310372852
-0.384534211,-0.258169598,-0.315862468,-0.084778632,-0.147622163,-0.171452648,-0.212914342,-0.405051656,-0.330496577,-0.259503837,-0.261640746,-0.174889969,-0.256861663,-0.195864657,-0.203031117,-0.202153101
-0.291109697,-0.2746545,-0.263617065,-0.181437576,-0.128957542,-0.186521226,-0.189280325,-0.458113474,-0.252492671,-0.269530706,-0.260712628,-0.259260292,-0.254780424,-0.204826373,-0.194563525,-0.215009537
-0.28462176,-0.254098628,-0.272558889,-0.176051159,-0.162832234,-0.190649612,-0.226262847,-0.404387708,-0.254323195,-0.241197975,-0.295317509,-0.244755228,-0.238789461,-0.209779463,-0.18570174,-0.260745243
-0.178215014,-0.204159722,-0.251086683,-0.290680069,-0.201747107,-0.209998153,-0.222394809,-0.413591854,-0.221076891,-0.243169343,-0.216173808,-0.204623884,-0.277162036,-0.203327593,-0.233850109,-0.268437803
-0.138266231,-0.180261638,-0.253548022,-0.389693329,-0.098971296,-0.205412459,-0.174496219,-0.48774044,-0.192562849,-0.215667875,-0.197125832,-0.281028577,-0.20187662,-0.193920345,-0.174692684,-0.272547859
-0.24441065,-0.243503818,-0.237990637,-0.353158522,-0.167372972,-0.215762503,-0.199092299,-0.424591258,-0.26187014,-0.257838068,-0.245715238,-0.297158597,-0.249827231,-0.1986066,-0.168317943,-0.248313004
-0.209429998,-0.249582565,-0.213907493,-0.291164017,-0.14365484,-0.205823547,-0.2002963,-0.334805935,-0.244940193,-0.278110197,-0.228781883,-0.22339279,-0.225808741,-0.213214786,-0.177426115,-0.177434288
-0.266858401,-0.235288615,-0.282880692,-0.182871956,-0.089576615,-0.184705143,-0.187211197,-0.508788819,-0.271753707,-0.244076928,-0.267502946,-0.230495251,-0.213198064,-0.149825955,-0.209478901,-0.281450172
-0.232486214,-0.233007982,-0.258083073,-0.223523594,-0.21813006,-0.22290254,-0.2238449,-0.262243533,-0.234672153,-0.23513034,-0.254171181,-0.222478676,-0.275352676,-0.193508581,-0.220614382,-0.167799094
-0.246703167,-0.279801854,-0.240800942,-0.330786035,-0.198183824,-0.211094027,-0.223674166,-0.462195195,-0.22071417,-0.250674192,-0.276383654,-0.346524617,-0.259508604,-0.210281843,-0.220539396,-0.313584185
-0.206162709,-0.23302053,-0.262898574,-0.290033318,-0.122574855,-0.210041207,-0.177878997,-0.409657652,-0.199080517,-0.235654091,-0.244796639,-0.303692994,-0.236634821,-0.228642684,-0.18934214,-0.216610505
-0.260329849,-0.235013698,-0.248816906,-0.193341151,-0.138315064,-0.218066423,-0.178328603,-0.424524857,-0.283022044,-0.234490497,-0.272809671,-0.191122922,-0.246929542,-0.226648568,-0.200072587,-0.226117079
-0.258563826,-0.258385397,-0.260833637,-0.197416805,-0.156249379,-0.201397064,-0.189948984,-0.477931187,-0.232934096,-0.285127496,-0.246216905,-0.259604085,-0.269499253,-0.189513534,-0.182547468,-0.252758492
-0.323770037,-0.30131331,-0.277949276,-0.188591457,-0.107864936,-0.216580425,-0.194523163,-0.403598152,-0.233176583,-0.245099718,-0.296874963,-0.314604158,-0.181973533,-0.205572192,-0.206747157,-0.264566129
-0.20186827,-0.258472783,-0.200227405,-0.271265158,-0.102538988,-0.202792014,-0.198602164,-0.539877519,-0.244139797,-0.250772023,-0.25976652,-0.226787184,-0.177294874,-0.209183443,-0.175155058,-0.35905916
-0.252164029,-0.247312973,-0.259489472,-0.230743363,-0.118013378,-0.201919585,-0.194484635,-0.374367937,-0.254304124,-0.279890763,-0.237746515,-0.230568513,-0.210229307,-0.189211153,-0.209094035,-0.220012683
-0.30260081,-0.249496647,-0.256285741,-0.242913658,-0.148934291,-0.199533544,-0.222757304,-0.439172734,-0.318388012,-0.271335866,-0.257585711,-0.224006884,-0.24433518,-0.187863476,-0.212787282,-0.30150478
-0.187641719,-0.195745125,-0.251738239,-0.33939638,-0.218946615,-0.211935921,-0.241487284,-0.372009959,-0.251241124,-0.265924467,-0.303255249,-0.244556552,-0.276070691,-0.244960514,-0.225203265,-0.239232536
-0.283866451,-0.236331461,-0.28630749,-0.216562788,-0.14960846,-0.184778694,-0.218648854,-0.342823164,-0.266725966,-0.289868662,-0.244623004,-0.247403414,-0.239947298,-0.188425585,-0.204929267,-0.192907331
-0.177711981,-0.215294456,-0.221866058,-0.382359526,-0.101964782,-0.188839041,-0.17842687,-0.492326644,-0.227516062,-0.219198678,-0.234499759,-0.273372215,-0.232240732,-0.191352511,-0.195648961,-0.244493686
-0.295042155,-0.258421392,-0.245795056,-0.233766179,-0.215503984,-0.205291353,-0.219681592,-0.393892078,-0.312848109,-0.309668057,-0.244253633,-0.210118549,-0.291370764,-0.203375231,-0.227640727,-0.231916785
-0.231294396,-0.286482636,-0.230414388,-0.176084548,-0.144090415,-0.196818605,-0.219895552,-0.475115702,-0.206786554,-0.243038126,-0.269298669,-0.233544085,-0.212530004,-0.161499535,-0.174525374,-0.304265312
-0.182771919,-0.228314212,-0.220285028,-0.307941724,-0.053242839,-0.161643832,-0.179789435,-0.6065984,-0.252539818,-0.260200306,-0.25701189,-0.208019215,-0.197681843,-0.17413991,-0.197128575,-0.298988743
-0.219408065,-0.259012469,-0.253728595,-0.260031539,-0.146257492,-0.205876029,-0.188138565,-0.415852409,-0.200548144,-0.250150581,-0.273095584,-0.289453839,-0.250173162,-0.196136386,-0.15572355,-0.21749734
-0.346089407,-0.286588405,-0.257023122,-0.102613335,-0.123993471,-0.230155393,-0.18411905,-0.410406905,-0.312209458,-0.28570987,-0.269361329,-0.169443301,-0.1984567,-0.212961586,-0.185807854,-0.274949788
-0.286258445,-0.260538398,-0.271502176,-0.190266595,-0.161798951,-0.235221869,-0.181770562,-0.400734251,-0.235733262,-0.237051493,-0.218965069,-0.272568273,-0.23946107,-0.211292461,-0.177705455,-0.227988452
-0.190169583,-0.224952488,-0.240297322,-0.279669975,-0.235897913,-0.222583988,-0.215238826,-0.295004879,-0.218615975,-0.210081103,-0.25145367,-0.230531302,-0.299123067,-0.171012599,-0.216178318,-0.19150793
-0.311760879,-0.28484242,-0.277721298,-0.208607643,-0.104262404,-0.210043567,-0.213133784,-0.504422596,-0.254970458,-0.263951089,-0.240662226,-0.277336868,-0.164584468,-0.186077148,-0.254017299,-0.368939505
-0.252679311,-0.262454059,-0.258148293,-0.212411096,-0.166231389,-0.193759584,-0.188076534,-0.48319714,-0.227348578,-0.207165073,-0.303812598,-0.256015675,-0.280608529,-0.175642714,-0.17395649,-0.22120022
-0.263645311,-0.267426293,-0.270210555,-0.248991282,-0.230202267,-0.214270479,-0.221695818,-0.461337875,-0.215145476,-0.223010671,-0.259746669,-0.299617658,-0.313490962,-0.214853343,-0.276578704,-0.283095716
-0.204059476,-0.231401883,-0.267960068,-0.324266747,-0.151987898,-0.219526963,-0.214538627,-0.423128317,-0.190632056,-0.250380163,-0.276116355,-0.332505263,-0.204089472,-0.184489796,-0.188032872,-0.292123009
-0.288387277,-0.277166849,-0.245877152,-0.262538471,-0.229417499,-0.227976103,-0.215433298,-0.308554978,-0.290355029,-0.323990354,-0.261505294,-0.278583166,-0.297177841,-0.228091228,-0.207033782,-0.202872666
-0.263106486,-0.260607983,-0.248977123,-0.228547165,-0.143912464,-0.210042016,-0.185227993,-0.408931715,-0.25979184,-0.237940605,-0.265652716,-0.237041503,-0.249566198,-0.185479462,-0.177795374,-0.225830551
-0.315761012,-0.260784283,-0.289613847,-0.127475281,-0.160159138,-0.203915581,-0.194914308,-0.359965159,-0.25789805,-0.222309169,-0.29894229,-0.250745232,-0.254175685,-0.199822161,-0.191198806,-0.188530113
-0.238485438,-0.247573095,-0.252607255,-0.208635964,-0.206023432,-0.229472938,-0.199683791,-0.400844683,-0.223606562,-0.217916056,-0.21905187,-0.2308411,-0.275077136,-0.160305651,-0.200794487,-0.262740845
-0.24563155,-0.245243894,-0.238772078,-0.270288266,-0.153634425,-0.210188307,-0.17602251,-0.396940643,-0.268692377,-0.236921629,-0.237218611,-0.220907957,-0.278613006,-0.210622167,-0.219181906,-0.181465753
-0.190024057,-0.224019084,-0.234028366,-0.397618642,-0.108388199,-0.203641903,-0.185740747,-0.501425776,-0.230478379,-0.228266136,-0.235803875,-0.291653089,-0.216430367,-0.213064596,-0.214295713,-0.28948323
-0.219398326,-0.240925003,-0.248872602,-0.31350213,-0.102241123,-0.170959753,-0.197987846,-0.47755916,-0.232810067,-0.274591712,-0.261692704,-0.278177191,-0.233186304,-0.212105719,-0.20253666,-0.229451702
-0.291504933,-0.270429991,-0.242115488,-0.222877397,-0.147473066,-0.197579976,-0.208785242,-0.333498545,-0.298083459,-0.293030027,-0.245746334,-0.236084247,-0.233550785,-0.14571484,-0.196274685,-0.176154841
-0.302199957,-0.264408849,-0.26344606,-0.225499567,-0.129344146,-0.218603823,-0.184444607,-0.400484757,-0.286025939,-0.262154303,-0.264765024,-0.257552797,-0.217472884,-0.189656209,-0.172050238,-0.234750079
-0.185400034,-0.233617404,-0.216261592,-0.294321116,-0.145078516,-0.188439498,-0.187411396,-0.491166533,-0.236655833,-0.221703149,-0.234437704,-0.200712279,-0.281378593,-0.226377455,-0.22016584,-0.232771618
-0.235227571,-0.237826184,-0.272466945,-0.121090289,-0.217013345,-0.195811136,-0.215733069,-0.371897249,-0.212907362,-0.237531544,-0.24412445,-0.193490589,-0.312993435,-0.23927637,-0.176405766,-0.202352937
-0.272165997,-0.246570155,-0.229406815,-0.310474371,-0.174506075,-0.199746557,-0.203150593,-0.423658461,-0.301967762,-0.236603355,-0.245500986,-0.225088523,-0.278306396,-0.192580524,-0.211829619,-0.225436667
-0.265286759,-0.243950415,-0.271179511,-0.232969501,-0.061431093,-0.191767604,-0.177908659,-0.509214163,-0.23902626,-0.246181502,-0.211212467,-0.269918359,-0.169631797,-0.211650915,-0.206969979,-0.306160646
-0.292368137,-0.24496237,-0.279770213,-0.156856476,-0.134407306,-0.196622983,-0.21646116,-0.391060525,-0.266780072,-0.293733206,-0.229691636,-0.198553794,-0.210095593,-0.194549423,-0.182955516,-0.233816053
-0.280259152,-0.275618247,-0.258298355,-0.167382986,-0.104651296,-0.175232166,-0.200581974,-0.537654027,-0.259066924,-0.28975386,-0.277073892,-0.231628123,-0.214652597,-0.199501471,-0.169685429,-0.28675175
-0.260714437,-0.241503403,-0.266608746,-0.176114821,-0.141740112,-0.196073444,-0.18236264,-0.49507515,-0.249703091,-0.24043707,-0.283117357,-0.213166444,-0.254453788,-0.200604003,-0.205998113,-0.260507469
-0.231313214,-0.247136222,-0.24498991,-0.306484751,-0.152100192,-0.202801549,-0.202139625,-0.362770156,-0.229495413,-0.240945013,-0.273359046,-0.315490714,-0.250164923,-0.226920352,-0.197062762,-0.192734615
-0.252517352,-0.27727794,-0.228569183,-0.231608713,-0.126286097,-0.173779882,-0.182706278,-0.489191728,-0.243759734,-0.195887126,-0.264551162,-0.246364112,-0.266922704,-0.191280929,-0.180297421,-0.223807464
-0.236051035,-0.242073806,-0.244584709,-0.222067189,-0.090207391,-0.202658371,-0.166538613,-0.447638321,-0.240966565,-0.262342009,-0.249507555,-0.242479859,-0.214610048,-0.198433471,-0.189653679,-0.225586407
-0.190388581,-0.271835329,-0.183313057,-0.365327032,-0.177080904,-0.203188149,-0.218450113,-0.429791048,-0.221951475,-0.234439924,-0.234099236,-0.289135225,-0.246817406,-0.212705963,-0.213138233,-0.280314507
-0.262338533,-0.279837604,-0.237840887,-0.24295911,-0.110871251,-0.200296641,-0.176203366,-0.53119223,-0.246528393,-0.280105792,-0.270958443,-0.29334919,-0.223590275,-0.226463839,-0.189632783,-0.295686267
-0.221533712,-0.248848826,-0.225716641,-0.336969553,-0.170935533,-0.195164958,-0.204559684,-0.328394174,-0.257614355,-0.200816626,-0.284825727,-0.26350198,-0.27741763,-0.177127676,-0.220749841,-0.15506928
-0.237970974,-0.266333466,-0.222225728,-0.252284568,-0.10573718,-0.187155413,-0.193274908,-0.487129741,-0.253929077,-0.237344307,-0.254463917,-0.217329244,-0.212319251,-0.182218179,-0.18870383,-0.279553651
-0.297842081,-0.26776008,-0.242604412,-0.16736283,-0.210457799,-0.233244916,-0.205141634,-0.436968675,-0.286625675,-0.260555254,-0.240844966,-0.191765917,-0.260067963,-0.193474672,-0.190382098,-0.30559653
-0.188811552,-0.237463964,-0.242635619,-0.287448269,-0.1151358,-0.216272548,-0.169153406,-0.412813079,-0.198881201,-0.262956394,-0.224809344,-0.269608221,-0.228757434,-0.2190825,-0.20196873,-0.225394352
-0.226871205,-0.283418516,-0.204966943,-0.275456732,-0.074370493,-0.183290814,-0.170625431,-0.467110795,-0.233943021,-0.244688878,-0.243850867,-0.280626415,-0.21147916,-0.200663409,-0.155138021,-0.220100291
-0.346811847,-0.2641047,-0.294526436,-0.218555201,-0.197231116,-0.235616071,-0.193314711,-0.333330742,-0.294775667,-0.26033772,-0.295228878,-0.299088122,-0.269220106,-0.195850984,-0.202545364,-0.199678095
-0.263314351,-0.279759752,-0.232962939,-0.205279835,-0.181985738,-0.216069904,-0.198289015,-0.429353456,-0.243809148,-0.234740998,-0.241541168,-0.243933954,-0.263800525,-0.20486859,-0.21392314,-0.252018892
-0.23764145,-0.218681778,-0.257341875,-0.32179608,-0.180490525,-0.200012363,-0.207764326,-0.414124475,-0.267017377,-0.266522378,-0.241303344,-0.267504931,-0.270156933,-0.213294954,-0.185780824,-0.223683682
-0.185750646,-0.197233744,-0.252235608,-0.225955354,-0.139653874,-0.196427363,-0.195329172,-0.394756323,-0.234376183,-0.244471683,-0.265104765,-0.179121779,-0.2423823,-0.198078643,-0.190476255,-0.204161751
-0.307572787,-0.267759841,-0.277759279,-0.214632771,-0.167053408,-0.186145937,-0.23924762,-0.487922961,-0.25110188,-0.227966155,-0.249570443,-0.277136495,-0.233056752,-0.179929761,-0.218198275,-0.321758086
-0.285537846,-0.265694872,-0.284851514,-0.200595425,-0.171758605,-0.191408723,-0.225163015,-0.399434073,-0.221840535,-0.242977179,-0.265748912,-0.271645092,-0.267698478,-0.229232575,-0.248869923,-0.232670405
-0.240982148,-0.237588163,-0.256667309,-0.258067748,-0.124015184,-0.164079266,-0.198683802,-0.421891207,-0.258895101,-0.26709448,-0.273938865,-0.232854981,-0.25736134,-0.189064121,-0.205673142,-0.183817735
-0.211159218,-0.247663774,-0.267260018,-0.260178849,-0.121608451,-0.191076393,-0.175580004,-0.506794664,-0.181539416,-0.241496457,-0.256701098,-0.293361428,-0.268142655,-0.233272216,-0.195427158,-0.241230597
-0.233269993,-0.215515123,-0.259398397,-0.316716731,-0.153363896,-0.202031404,-0.199608633,-0.513994194,-0.257238267,-0.232894776,-0.228801061,-0.242410198,-0.252862418,-0.205435665,-0.236544721,-0.290142242
-0.252170442,-0.267487972,-0.249893991,-0.19789361,-0.100691694,-0.193716402,-0.189784778,-0.554819174,-0.228272236,-0.234301954,-0.308048172,-0.287026858,-0.204676537,-0.170230388,-0.20867504,-0.302148605
-0.229481434,-0.23036475,-0.259537333,-0.22714199,-0.126147395,-0.214507779,-0.186340033,-0.46156096,-0.253397316,-0.27471785,-0.309233915,-0.229977168,-0.226485195,-0.214524823,-0.235489334,-0.26505292
-0.216022795,-0.277427676,-0.20663034,-0.393292297,-0.144924093,-0.177275259,-0.210490783,-0.450024717,-0.22763701,-0.23460366,-0.239593082,-0.336083269,-0.252551103,-0.209859693,-0.206017899,-0.260004741
-0.209524147,-0.218749615,-0.262240224,-0.292865057,-0.194979112,-0.213331973,-0.238527678,-0.321828483,-0.225493391,-0.261048851,-0.245093106,-0.252036143,-0.225436418,-0.170935005,-0.16136913,-0.251188638
-0.21737024,-0.261464447,-0.247967532,-0.223372691,-0.153750941,-0.203900794,-0.182236314,-0.434883586,-0.189231338,-0.25149727,-0.232074571,-0.281370152,-0.267562965,-0.194626908,-0.195143147,-0.222503643
-0.277238926,-0.300232542,-0.252908491,-0.125360803,-0.172990454,-0.193517697,-0.177857652,-0.402697088,-0.223667741,-0.245045186,-0.263189636,-0.229016829,-0.312903982,-0.202298609,-0.214204891,-0.156370084
-0.340901506,-0.293643198,-0.296245273,0.0108623956135372,-0.146663924,-0.22913573,-0.162343724,-0.335333472,-0.216137192,-0.20633041,-0.224064076,-0.194141226,-0.250563124,-0.196332745,-0.221038761,-0.168549177
-0.221675155,-0.258996992,-0.249440524,-0.314926267,-0.108310861,-0.204568587,-0.181031525,-0.458475752,-0.212793849,-0.261674307,-0.317506127,-0.345481752,-0.207938642,-0.18013777,-0.173854391,-0.251933921
-0.19296376,-0.250607509,-0.230919915,-0.265494428,-0.215814143,-0.220835848,-0.216971834,-0.326605446,-0.194919818,-0.258527958,-0.220946803,-0.261219323,-0.28272226,-0.221402345,-0.202438438,-0.200798076
-0.296656376,-0.260798581,-0.235639147,-0.168621879,-0.090010122,-0.155670023,-0.196626412,-0.524480311,-0.308149893,-0.26195065,-0.210728229,-0.163674138,-0.248078441,-0.198162867,-0.205083004,-0.228868891
-0.291325241,-0.221799494,-0.276126616,-0.260180306,-0.149104606,-0.190645071,-0.204312184,-0.430396427,-0.302379284,-0.236352996,-0.256735783,-0.217387652,-0.253370763,-0.176202157,-0.238754234,-0.229824272
-0.237881559,-0.242142511,-0.240742684,-0.238284004,-0.150436948,-0.1931836,-0.220239482,-0.450076454,-0.25566017,-0.206293223,-0.290976681,-0.203401931,-0.238833327,-0.230030974,-0.189174669,-0.279646495
-0.281131479,-0.279826751,-0.247888526,-0.151259258,-0.164720784,-0.235872075,-0.195003178,-0.474629961,-0.265855756,-0.205695206,-0.282573407,-0.197025794,-0.222015828,-0.229579224,-0.174790131,-0.342783833
-0.260912851,-0.260255575,-0.235521616,-0.270168068,-0.158521341,-0.183350136,-0.196472978,-0.390149196,-0.270282492,-0.242236123,-0.277859129,-0.248804882,-0.279320576,-0.194368001,-0.201107996,-0.165120223
-0.296753995,-0.268475477,-0.241887504,-0.181238665,-0.125529115,-0.218504955,-0.201950202,-0.43771454,-0.284714611,-0.231062693,-0.208248863,-0.185676406,-0.196034352,-0.210964253,-0.182587839,-0.272074852
-0.213045237,-0.211807832,-0.240023045,-0.38557916,-0.172981471,-0.196427408,-0.207567449,-0.395020749,-0.266236321,-0.244164155,-0.249120846,-0.275149976,-0.274554661,-0.206139527,-0.206187431,-0.210320653
-0.280855898,-0.238882594,-0.274219372,-0.219378269,-0.07237062,-0.168438359,-0.196222856,-0.497176274,-0.253224197,-0.193054406,-0.202216514,-0.26417296,-0.198886322,-0.19549569,-0.199628022,-0.261347373
-0.270617798,-0.272048521,-0.222779901,-0.338557065,-0.147688539,-0.215890435,-0.193513949,-0.401776191,-0.286060399,-0.271195788,-0.269463162,-0.307944419,-0.2326423,-0.189366934,-0.182975233,-0.228113393
-0.269694677,-0.251526877,-0.273703381,-0.293059411,-0.125135846,-0.200416503,-0.179197799,-0.478824864,-0.244736765,-0.241006985,-0.28442949,-0.302664608,-0.257582239,-0.218192974,-0.207023253,-0.246579721
-0.163914461,-0.237253304,-0.224070943,-0.344815086,-0.152167832,-0.226558668,-0.175826975,-0.382327323,-0.192463627,-0.250008559,-0.21475371,-0.276889116,-0.261660294,-0.24674359,-0.205967508,-0.19057664
-0.283669868,-0.275566124,-0.272780057,-0.239605355,-0.187193147,-0.176584566,-0.229239239,-0.407609574,-0.220872114,-0.238772493,-0.261489312,-0.317860197,-0.290072989,-0.205493215,-0.184517408,-0.207329554
-0.142587795,-0.189089517,-0.238758653,-0.494028709,-0.089843864,-0.20581208,-0.177538237,-0.518200845,-0.207290123,-0.221975947,-0.233183458,-0.345059317,-0.200288144,-0.194646739,-0.198715605,-0.285859211
-0.272138394,-0.250858276,-0.278345282,-0.217620414,-0.127142424,-0.216703855,-0.19461392,-0.613368512,-0.242530688,-0.215672345,-0.240637162,-0.267425333,-0.202229349,-0.215589725,-0.192640335,-0.409035743
-0.311586615,-0.249318548,-0.276092191,-0.156234506,-0.160532354,-0.210047842,-0.172381591,-0.456241433,-0.288421942,-0.214557508,-0.264360729,-0.205271245,-0.290152054,-0.185449424,-0.172107108,-0.214796375
-0.29330871,-0.273083875,-0.25866084,-0.164579485,-0.162204644,-0.175553485,-0.2453124,-0.350786803,-0.257823551,-0.261116635,-0.232585768,-0.252225778,-0.227784259,-0.183743793,-0.192883274,-0.221742727
-0.207158555,-0.238826442,-0.260955858,-0.242608013,-0.167453638,-0.224646195,-0.19385598,-0.416761903,-0.185209191,-0.208757801,-0.216265549,-0.254647276,-0.246132776,-0.210987244,-0.199261517,-0.255435243
-0.179631218,-0.217980608,-0.209047168,-0.421741102,-0.114400678,-0.201789773,-0.17342341,-0.467667114,-0.275132379,-0.210286348,-0.341121393,-0.255896366,-0.241368776,-0.218051727,-0.171684186,-0.221509976
-0.260968139,-0.247038411,-0.243340743,-0.259350694,-0.210990544,-0.212360912,-0.230584529,-0.418783397,-0.284004752,-0.232997812,-0.238086651,-0.215443294,-0.266007507,-0.175910325,-0.229660685,-0.290869317
-0.243439759,-0.246709981,-0.23518475,-0.197896493,-0.041888149,-0.155997206,-0.181425767,-0.499631299,-0.262803674,-0.23936239,-0.265571716,-0.190190066,-0.18380668,-0.168748788,-0.196306563,-0.229379795
-0.229139914,-0.25289096,-0.222144632,-0.27836718,-0.12967417,-0.191328172,-0.182298101,-0.494636258,-0.267992621,-0.297167766,-0.240503216,-0.22711337,-0.263722648,-0.205831139,-0.216257058,-0.255284982
-0.181569372,-0.191333841,-0.244665012,-0.380041477,-0.104342089,-0.184404505,-0.20216626,-0.461124774,-0.255984982,-0.255381778,-0.230534639,-0.243851271,-0.210295611,-0.194498183,-0.191341555,-0.244657704
-0.296200378,-0.267575697,-0.258465779,-0.159823775,-0.149801713,-0.202282614,-0.179265557,-0.514888103,-0.274714706,-0.271312224,-0.243141567,-0.206815157,-0.282648171,-0.197407486,-0.219897845,-0.243825782
-0.160895904,-0.219340755,-0.196535896,-0.383675022,-0.081128417,-0.163332238,-0.206943359,-0.625635294,-0.255879437,-0.259015217,-0.230673861,-0.223454761,-0.203383143,-0.183109014,-0.18400573,-0.346294396
-0.295062125,-0.267475797,-0.25535136,-0.173835079,-0.073351537,-0.193168301,-0.200576008,-0.474104375,-0.266219807,-0.247930983,-0.245125579,-0.225361454,-0.160517674,-0.203529883,-0.200489607,-0.313433536
-0.313123639,-0.272941768,-0.257655911,-0.144980658,-0.204660348,-0.200931092,-0.22490741,-0.366976381,-0.287829716,-0.258898361,-0.271811617,-0.208406721,-0.28616294,-0.203115755,-0.204195858,-0.218583036
-0.22699447,-0.239933022,-0.220460405,-0.312764383,-0.181700778,-0.208950104,-0.22309571,-0.323253074,-0.264074543,-0.22205485,-0.202775453,-0.246927785,-0.25184737,-0.211836791,-0.188863158,-0.209189006
-0.377569728,-0.242734105,-0.319296265,-0.130463754,-0.121359011,-0.193372962,-0.19048241,-0.480029469,-0.341202693,-0.263216345,-0.293348991,-0.216013631,-0.230050111,-0.189098144,-0.200616377,-0.256257519
-0.174571409,-0.228849338,-0.230674166,-0.364406604,-0.137610784,-0.187149682,-0.205369901,-0.401548425,-0.209266803,-0.277654079,-0.261548661,-0.283093598,-0.246537242,-0.189609264,-0.211546195,-0.206353547
-0.231641101,-0.225432855,-0.262886158,-0.278039537,-0.120442849,-0.214661119,-0.195545012,-0.474654631,-0.235410452,-0.236894164,-0.250763348,-0.260850273,-0.198780569,-0.197867167,-0.187294836,-0.300470653
-0.238961395,-0.215620888,-0.235941913,-0.286013273,-0.084647787,-0.181593764,-0.185169878,-0.432261674,-0.303772873,-0.273463529,-0.267729379,-0.19336146,-0.210631188,-0.207447724,-0.205846626,-0.201909238
-0.215528307,-0.249046871,-0.235401039,-0.363325673,-0.13861721,-0.178796563,-0.195194393,-0.397933793,-0.226094879,-0.230979638,-0.239081072,-0.298855091,-0.271638312,-0.227402527,-0.165428709,-0.156248036
-0.289621987,-0.252856385,-0.268486644,-0.094845051,-0.179761277,-0.198309083,-0.191228853,-0.448193029,-0.27308066,-0.258994791,-0.266550152,-0.156984053,-0.291807614,-0.193455925,-0.184560506,-0.22450253
-0.187077431,-0.223479627,-0.253984081,-0.440353295,-0.110706409,-0.194648345,-0.204230168,-0.390396778,-0.211630689,-0.25876217,-0.268017115,-0.377670413,-0.203195386,-0.194162077,-0.228107971,-0.227592928
-0.213373255,-0.217237047,-0.24405439,-0.249592079,-0.062392768,-0.159208563,-0.203696048,-0.524442318,-0.253973558,-0.247342143,-0.226937932,-0.186034579,-0.189073125,-0.180889107,-0.216363363,-0.266237502
-0.257658958,-0.252847184,-0.268305076,-0.17357186,-0.087652912,-0.165337015,-0.179271816,-0.529563166,-0.228002104,-0.234018086,-0.267911266,-0.231150331,-0.247323392,-0.203046035,-0.216570571,-0.240201739
-0.297852426,-0.246931776,-0.267613814,-0.193005326,-0.156942329,-0.172693898,-0.22631086,-0.402685662,-0.290181965,-0.280450599,-0.271327924,-0.210379924,-0.250055735,-0.205946146,-0.224786248,-0.217016752
-0.300786715,-0.25886787,-0.246156705,-0.240253853,-0.121757542,-0.196305247,-0.182059651,-0.501411214,-0.310989116,-0.261597086,-0.28286734,-0.240186706,-0.239255004,-0.15286048,-0.183115833,-0.254644182
-0.288556758,-0.284853175,-0.244138671,-0.134370726,-0.251231233,-0.223218832,-0.20884317,-0.296001813,-0.248218577,-0.229238874,-0.233079341,-0.215079395,-0.338114561,-0.206856393,-0.227841025,-0.16367021
-0.286114709,-0.227073043,-0.26682736,-0.185858572,-0.158954946,-0.174258817,-0.233254086,-0.385062268,-0.297645003,-0.207901922,-0.209325927,-0.167950754,-0.247014542,-0.185951174,-0.192640553,-0.211615639
-0.184010311,-0.218064679,-0.2339468,-0.392571921,-0.177488414,-0.219282601,-0.227680474,-0.338043408,-0.23544848,-0.226581108,-0.229989251,-0.277999722,-0.221903672,-0.204863419,-0.204016393,-0.252456095
-0.241386113,-0.265422646,-0.257052915,-0.232690258,-0.087603184,-0.177873089,-0.192038823,-0.49062782,-0.194566832,-0.181316913,-0.215206259,-0.266670513,-0.218488429,-0.214996347,-0.195817333,-0.236452024
-0.23636154,-0.267214305,-0.237521532,-0.174507328,-0.156971877,-0.207155174,-0.196532495,-0.387649659,-0.219494436,-0.246629412,-0.238676107,-0.205414771,-0.247848415,-0.200691442,-0.205410071,-0.211804609
-0.292957869,-0.270256014,-0.264487905,-0.226530456,-0.147749036,-0.191546203,-0.209371635,-0.373106187,-0.253664345,-0.214446414,-0.277312265,-0.267346487,-0.237980118,-0.175491936,-0.190270772,-0.213514204
-0.224073826,-0.222311357,-0.254946757,-0.318901812,-0.086819296,-0.15799691,-0.167164984,-0.558099713,-0.255041558,-0.210185458,-0.290176117,-0.266800697,-0.254402707,-0.188399611,-0.171084107,-0.233145713
-0.294312739,-0.28650358,-0.234699754,-0.262125064,-0.136170222,-0.195558355,-0.206306517,-0.387789502,-0.290035301,-0.262889667,-0.274828273,-0.289826684,-0.225804474,-0.205878904,-0.153652397,-0.224387395
-0.263833246,-0.279234412,-0.266628291,-0.118676118,-0.145119763,-0.199408427,-0.192737592,-0.489909619,-0.206369418,-0.253295755,-0.225841989,-0.243954765,-0.258318057,-0.210029888,-0.176129056,-0.268103589
-0.264605727,-0.275522084,-0.243230138,-0.198443728,-0.199692564,-0.202135393,-0.21916727,-0.415833097,-0.237792871,-0.270669644,-0.243071328,-0.261888125,-0.291557146,-0.19205703,-0.211800203,-0.222651808
-0.243609102,-0.227291136,-0.292190378,-0.213304412,-0.10036385,-0.208821135,-0.203989829,-0.481263489,-0.198378475,-0.22199875,-0.256351223,-0.301044142,-0.168909683,-0.206567631,-0.188069943,-0.339144302
-0.21879171,-0.247229592,-0.24952718,-0.319989468,-0.096637916,-0.168015442,-0.200525547,-0.453161485,-0.211988518,-0.215821536,-0.256061569,-0.329621141,-0.224102249,-0.218818403,-0.168090324,-0.233389791
-0.193834159,-0.216420364,-0.236755995,-0.41982815,-0.101364507,-0.179369963,-0.1836151,-0.444747789,-0.242842862,-0.260413652,-0.222942002,-0.309597566,-0.230150643,-0.175625235,-0.202814262,-0.201759037
-0.206041101,-0.267308635,-0.204691994,-0.363081881,-0.131249017,-0.201300479,-0.187211985,-0.417464992,-0.23956567,-0.243724596,-0.261936245,-0.290614597,-0.23883751,-0.192777772,-0.177669962,-0.208105659
-0.161080388,-0.221648236,-0.20586584,-0.320292139,-0.155099024,-0.207377249,-0.216458448,-0.363088316,-0.232514525,-0.223021554,-0.243435317,-0.204890299,-0.227785498,-0.224301185,-0.224628765,-0.2368731
-0.242501939,-0.209081215,-0.273538323,-0.216898014,-0.151393712,-0.227157151,-0.221377088,-0.418671623,-0.262530163,-0.236646178,-0.249053315,-0.194530634,-0.183327933,-0.203472301,-0.21239432,-0.322229854
-0.241598229,-0.291809625,-0.237644187,-0.18866746,-0.194748007,-0.222847474,-0.189093215,-0.413171658,-0.187781267,-0.216227694,-0.222472078,-0.278921016,-0.28814722,-0.200802603,-0.185195219,-0.226547705
-0.380233854,-0.315489019,-0.271850284,-0.078736031,-0.154299478,-0.198481431,-0.207633254,-0.504345591,-0.304852999,-0.292844598,-0.273045399,-0.218232646,-0.246123414,-0.216585609,-0.189555232,-0.295553633
-0.209860095,-0.232810029,-0.254680769,-0.285021571,-0.142771082,-0.162529618,-0.203025133,-0.576288478,-0.212385822,-0.290081737,-0.229041708,-0.278806735,-0.284778643,-0.174750172,-0.22981156,-0.278679174
-0.240655459,-0.254127198,-0.26131759,-0.165861692,-0.085464413,-0.165962754,-0.199521686,-0.466442551,-0.212126406,-0.239730021,-0.216259836,-0.219201137,-0.211839577,-0.194016764,-0.175581492,-0.222707807
-0.279578971,-0.266501264,-0.242517439,-0.18887978,-0.180059142,-0.204275595,-0.192449316,-0.458787451,-0.271815876,-0.250280264,-0.27363764,-0.207644703,-0.294368513,-0.20964247,-0.215543754,-0.23022599
-0.237812143,-0.237561391,-0.260251297,-0.168637561,-0.131211554,-0.203957049,-0.200529676,-0.505941778,-0.229750153,-0.265920689,-0.255718333,-0.217228815,-0.217445717,-0.179853094,-0.183522478,-0.311650992
-0.252589832,-0.231989916,-0.2907563,-0.110067495,-0.122229423,-0.179435683,-0.203727252,-0.469915204,-0.207895414,-0.201381412,-0.254752149,-0.201164675,-0.236716157,-0.165174216,-0.215025792,-0.256250858
-0.253668437,-0.265937056,-0.240327609,-0.229079945,-0.136151708,-0.181936043,-0.204703098,-0.544014037,-0.25584708,-0.295022491,-0.250494423,-0.242909306,-0.246898356,-0.19902228,-0.178601194,-0.284610232
-0.276080344,-0.222443813,-0.283382781,-0.265599931,-0.159365238,-0.194268811,-0.222743816,-0.40261917,-0.26975489,-0.231071977,-0.254835493,-0.267130284,-0.243531393,-0.179967944,-0.215235418,-0.238831237
-0.318551807,-0.299127805,-0.260856985,-0.157700969,-0.170258597,-0.209259716,-0.220244744,-0.519407019,-0.252214666,-0.23846602,-0.272666076,-0.265805865,-0.235278119,-0.197354517,-0.207816739,-0.346946231
-0.106051532,-0.201833486,-0.223559947,-0.416512057,-0.148973792,-0.180482835,-0.235955474,-0.467638513,-0.172718616,-0.222469678,-0.243900521,-0.295381188,-0.2177051,-0.205270744,-0.166284833,-0.301183225
-0.245740109,-0.224936295,-0.283329395,-0.415697579,-0.150364557,-0.176814735,-0.196696709,-0.481479568,-0.22246668,-0.206922699,-0.234333639,-0.371468152,-0.287146668,-0.177125301,-0.192764475,-0.217444698
-0.242851604,-0.25926506,-0.226247413,-0.286101725,-0.180046163,-0.189543853,-0.248507792,-0.500215871,-0.27789099,-0.275455886,-0.252673367,-0.241188597,-0.237580436,-0.182417373,-0.228010936,-0.333294461
-0.254541298,-0.239683683,-0.242145904,-0.227563624,-0.175684534,-0.202729798,-0.211387407,-0.432521054,-0.295508064,-0.283541017,-0.274996264,-0.195082779,-0.265124768,-0.225400766,-0.22143763,-0.243869868
-0.172447761,-0.247689524,-0.209765456,-0.471363539,-0.049393954,-0.177402814,-0.15986228,-0.499745867,-0.205836394,-0.249834993,-0.230057742,-0.364636424,-0.2158732,-0.209672011,-0.213267263,-0.208513068
-0.23263108,-0.242862053,-0.260115654,-0.322062399,-0.136877266,-0.210677967,-0.207884606,-0.465392314,-0.218896753,-0.253657619,-0.230162999,-0.29895929,-0.206145404,-0.191180285,-0.205305252,-0.300548298
-0.228578724,-0.232223923,-0.260459057,-0.262041951,-0.152560938,-0.19279127,-0.21000508,-0.437927712,-0.236385632,-0.249750491,-0.2641724,-0.2553086,-0.237810955,-0.19731851,-0.195038092,-0.251280925
-0.205028043,-0.23284158,-0.228817323,-0.388579349,-0.136360925,-0.188206983,-0.176949945,-0.53612807,-0.253704596,-0.311146222,-0.25831505,-0.312147048,-0.289910752,-0.211191215,-0.226328655,-0.246590275
-0.233344577,-0.26124663,-0.218228689,-0.378357921,-0.137445602,-0.195412839,-0.186401299,-0.526340961,-0.243796025,-0.251867793,-0.221634495,-0.312073181,-0.263867685,-0.221500674,-0.223466885,-0.292297403
-0.144240387,-0.219746235,-0.20592315,-0.416517914,-0.143983507,-0.201791157,-0.181079676,-0.384689976,-0.21657758,-0.285331512,-0.211894481,-0.283431304,-0.260266251,-0.176294679,-0.185990335,-0.174707395
-0.266592508,-0.263762386,-0.243115582,-0.239501311,-0.167423246,-0.199759914,-0.20750925,-0.4048469,-0.275598446,-0.276000985,-0.276453781,-0.243891818,-0.265241534,-0.196498808,-0.21448444,-0.224152175
-0.277230474,-0.276042617,-0.248390911,-0.183139351,-0.166416359,-0.210946069,-0.167757844,-0.444068871,-0.254690044,-0.248389379,-0.259347654,-0.244094598,-0.302621745,-0.191758512,-0.225026002,-0.186775487
-0.226976021,-0.261313546,-0.244529286,-0.271263587,-0.133919224,-0.193371733,-0.194709774,-0.395881405,-0.212588038,-0.267449187,-0.214687176,-0.288957243,-0.244068493,-0.170546258,-0.175209026,-0.194297992
-0.275476869,-0.246676603,-0.264592473,-0.164880989,-0.236990481,-0.246498281,-0.213439868,-0.40834761,-0.259127646,-0.237436235,-0.261974654,-0.205463577,-0.277211595,-0.230345733,-0.223949049,-0.309387809
-0.237600406,-0.256788971,-0.230056477,-0.186820146,-0.095933398,-0.207157959,-0.165147746,-0.591202182,-0.252720968,-0.261212319,-0.226842257,-0.175448487,-0.220782803,-0.211047734,-0.190761163,-0.331002378
-0.225730065,-0.277876773,-0.238122489,-0.303369908,-0.146224092,-0.238358203,-0.198835043,-0.429085681,-0.207940526,-0.238795091,-0.287734704,-0.322347005,-0.192016835,-0.201080505,-0.20952281,-0.324277543
-0.221703353,-0.253458594,-0.220651525,-0.334118723,-0.085098044,-0.150066631,-0.20361612,-0.498062834,-0.247721042,-0.268090286,-0.242822585,-0.261854353,-0.231163634,-0.201122287,-0.210168517,-0.230420014
-0.259595253,-0.262415516,-0.254529983,-0.206779883,-0.223106955,-0.21540986,-0.194150411,-0.448775576,-0.236558291,-0.197154802,-0.263631548,-0.237158985,-0.330724954,-0.224258806,-0.191906484,-0.243499093
-0.209113919,-0.245027723,-0.260388512,-0.376914516,-0.147410323,-0.17261965,-0.238668065,-0.42831898,-0.198289097,-0.251109608,-0.261818313,-0.377405785,-0.229196601,-0.193095574,-0.217619048,-0.26162009
-0.282999987,-0.248367223,-0.263510977,-0.270550846,-0.152295013,-0.215884961,-0.181931242,-0.396050595,-0.271325444,-0.32342202,-0.221776305,-0.278083792,-0.257843083,-0.223383895,-0.170984361,-0.207877179
-0.284283697,-0.283560391,-0.244719562,-0.168756456,-0.134615653,-0.198958682,-0.208190015,-0.413276733,-0.242071958,-0.225204003,-0.243983934,-0.240594002,-0.21874717,-0.223716806,-0.226976665,-0.26155357
-0.191076778,-0.227623729,-0.201323483,-0.373448963,-0.163044357,-0.209718264,-0.18185852,-0.476899528,-0.272836884,-0.233927291,-0.233437767,-0.226782215,-0.286361221,-0.227741077,-0.217198881,-0.236532437
-0.241881745,-0.249616826,-0.243083734,-0.243108771,-0.100751971,-0.178172543,-0.195002471,-0.615430576,-0.25372071,-0.258737679,-0.283379065,-0.244725505,-0.214936295,-0.181921648,-0.222409645,-0.347592234
-0.24537986,-0.246511529,-0.219700627,-0.216266594,-0.097375472,-0.170853403,-0.200761118,-0.407176326,-0.298699058,-0.275453722,-0.24401924,-0.157093264,-0.218978111,-0.178769005,-0.189433045,-0.179069122
-0.386845709,-0.299831049,-0.308736304,-0.13297912,-0.135606797,-0.194250841,-0.200922534,-0.367844007,-0.280699356,-0.25571129,-0.310977686,-0.292103529,-0.245141216,-0.236396418,-0.191676156,-0.178582168
-0.25162636,-0.267336637,-0.237378346,-0.143676757,-0.093932354,-0.187049363,-0.198719808,-0.47057494,-0.245682148,-0.271363569,-0.251267942,-0.203621898,-0.197728219,-0.198395239,-0.218236088,-0.279041128
-0.213361763,-0.185498556,-0.237124649,-0.250605179,-0.132161588,-0.191595127,-0.208080764,-0.387252106,-0.308418605,-0.242346527,-0.248855446,-0.12028056,-0.228146101,-0.188403452,-0.171669734,-0.210999209
-0.252276672,-0.256380191,-0.254511934,-0.207209171,-0.182780816,-0.195303788,-0.211572905,-0.376397875,-0.236963121,-0.250623329,-0.249123889,-0.242250553,-0.287177605,-0.163796342,-0.198593515,-0.189177541
-0.296793401,-0.252911073,-0.240277567,-0.225345292,-0.086418728,-0.148946052,-0.21816563,-0.452982386,-0.33230214,-0.289450583,-0.250766807,-0.177358177,-0.205787887,-0.199465994,-0.193733061,-0.224648062
-0.224234271,-0.257972865,-0.251436064,-0.266022933,-0.122290823,-0.168795234,-0.209559129,-0.42467244,-0.219804436,-0.278526946,-0.282958113,-0.29623374,-0.239152393,-0.23281395,-0.197205717,-0.219424966
-0.299778592,-0.28772229,-0.223962918,-0.169328095,-0.17046505,-0.203471735,-0.219463412,-0.371543109,-0.297460853,-0.256624767,-0.262006504,-0.189744036,-0.232713185,-0.18249399,-0.222582624,-0.234813268
-0.262975441,-0.241576772,-0.274428323,-0.232505107,-0.154175995,-0.174763926,-0.230676635,-0.419870113,-0.254210327,-0.252227468,-0.303466601,-0.277342826,-0.246779095,-0.204367451,-0.191950592,-0.244264165
-0.166627527,-0.269875999,-0.194272261,-0.334323871,-0.178001426,-0.228091438,-0.19594923,-0.348028768,-0.200901001,-0.215712615,-0.268827877,-0.272980154,-0.246379894,-0.184632251,-0.195910247,-0.220662572
-0.238065066,-0.230649174,-0.261364528,-0.487384255,-0.089297796,-0.188480203,-0.162626529,-0.565280082,-0.247798956,-0.260679535,-0.257961526,-0.418480804,-0.231434596,-0.211941026,-0.186285394,-0.289760838
-0.174378465,-0.213090031,-0.21848529,-0.428673471,-0.071072084,-0.161811025,-0.200233094,-0.54237878,-0.240478747,-0.213337948,-0.228885367,-0.275451638,-0.199167362,-0.195004984,-0.223753175,-0.301424394
-0.268243944,-0.267679904,-0.253114356,-0.252131655,-0.13335191,-0.216450082,-0.187645636,-0.401966385,-0.245864407,-0.270994136,-0.232932938,-0.267901795,-0.215750897,-0.194835642,-0.191772463,-0.233713667
-0.240134456,-0.248487736,-0.25766267,-0.188434642,-0.127313802,-0.191398653,-0.213946518,-0.427475863,-0.222098231,-0.235904546,-0.234965094,-0.241226582,-0.210762707,-0.20580154,-0.215074172,-0.277061502
-0.317197566,-0.283663792,-0.255467222,-0.231372762,-0.160317059,-0.218381588,-0.192676552,-0.447542989,-0.284225539,-0.257096277,-0.285604486,-0.281156793,-0.238248715,-0.16650492,-0.215746976,-0.266518704
-0.257705738,-0.268029735,-0.268368434,-0.117015872,-0.076625279,-0.199627632,-0.170602235,-0.506216069,-0.202588385,-0.205242967,-0.194168703,-0.210905163,-0.195197662,-0.222639252,-0.179161052,-0.282820674
-0.312204407,-0.257828913,-0.264595478,-0.222697315,-0.097726882,-0.183040695,-0.181518893,-0.482023257,-0.299599056,-0.265605246,-0.259567321,-0.249483156,-0.23729221,-0.186318669,-0.208681048,-0.221479678
-0.245620928,-0.246900292,-0.247529645,-0.238451332,-0.085918078,-0.178912723,-0.21782188,-0.447043648,-0.250165653,-0.225036384,-0.236391181,-0.234243821,-0.163024844,-0.182061442,-0.194042719,-0.299737842
-0.236219551,-0.256772341,-0.235545903,-0.260794325,-0.108339931,-0.212563418,-0.147329748,-0.453356278,-0.233682433,-0.20078994,-0.206076698,-0.257499421,-0.266876594,-0.240156843,-0.199064235,-0.192935795
-0.306098067,-0.242863784,-0.293254946,-0.243549108,-0.11841243,-0.163265118,-0.184657925,-0.537318971,-0.279421916,-0.266555157,-0.283050496,-0.266692219,-0.267582174,-0.177771487,-0.193916837,-0.245044971
-0.162139423,-0.225867523,-0.207776515,-0.393951112,-0.111535844,-0.173571349,-0.217038971,-0.425868596,-0.231829718,-0.275681603,-0.2123488,-0.279388082,-0.213601308,-0.178809369,-0.176871995,-0.235858129
-0.242154865,-0.259447095,-0.230003845,-0.219839766,-0.198556411,-0.259537593,-0.175353021,-0.413892014,-0.31527337,-0.306187242,-0.266317277,-0.198891266,-0.269756635,-0.224725549,-0.192785054,-0.278795038
-0.269312378,-0.24956937,-0.245991059,-0.258026961,-0.185409693,-0.21738695,-0.232970433,-0.268154029,-0.289690495,-0.235710934,-0.298145569,-0.232210642,-0.218579819,-0.17756006,-0.179988027,-0.210721695
-0.262967093,-0.232058692,-0.263517567,-0.212755108,-0.137511414,-0.212526908,-0.214760074,-0.395132036,-0.262143059,-0.193760383,-0.252086948,-0.200245974,-0.196719379,-0.219391331,-0.198269471,-0.272305409
-0.188771443,-0.229591678,-0.213938858,-0.26298044,-0.180444323,-0.218269241,-0.216461091,-0.383490736,-0.244965976,-0.27699352,-0.223068253,-0.187195117,-0.238047759,-0.191603221,-0.202117098,-0.266739204
-0.267204028,-0.276132443,-0.272013106,-0.196632505,-0.010562079,-0.17485361,-0.166667098,-0.597688294,-0.213086371,-0.247793687,-0.293763038,-0.302900104,-0.141586808,-0.188025254,-0.158188238,-0.317498397
-0.212063913,-0.215770763,-0.259265055,-0.322094827,-0.129082765,-0.21741105,-0.199049735,-0.453797307,-0.237904428,-0.25427023,-0.288676355,-0.271716708,-0.204716762,-0.211590546,-0.219323424,-0.291143186
-0.23308736,-0.249235061,-0.242547635,-0.363457195,-0.131693559,-0.188645591,-0.209435426,-0.481049554,-0.230234422,-0.235177871,-0.242849964,-0.331693432,-0.231467065,-0.20441552,-0.221003209,-0.29048196
-0.253361566,-0.249602377,-0.232234687,-0.344812393,-0.160334211,-0.178127996,-0.201996934,-0.439905531,-0.281333029,-0.262757809,-0.253620893,-0.282791088,-0.2886598,-0.194498853,-0.219971576,-0.195558657
-0.211844987,-0.218574286,-0.236874883,-0.363127579,-0.148467342,-0.172689511,-0.220419421,-0.398468081,-0.26284627,-0.253766436,-0.246146926,-0.252669995,-0.248433221,-0.165897095,-0.235724633,-0.232116394
-0.284468508,-0.220144581,-0.284407572,-0.246842969,-0.176501498,-0.172064966,-0.277080469,-0.340943758,-0.287295002,-0.268101108,-0.244921931,-0.236386071,-0.21488189,-0.175467784,-0.217306766,-0.258699439
-0.305081431,-0.247664129,-0.299068201,-0.226657899,-0.149753444,-0.238433519,-0.214039239,-0.429824045,-0.252377613,-0.265809301,-0.24295425,-0.322820807,-0.171115713,-0.205955105,-0.209529682,-0.342212476
-0.273110945,-0.232486828,-0.247411446,-0.229005895,-0.084815104,-0.164958335,-0.192693402,-0.446982935,-0.304536613,-0.270205175,-0.260087078,-0.189178468,-0.223224189,-0.188237378,-0.174839685,-0.20469416
-0.250369155,-0.210141687,-0.273467723,-0.285155498,-0.090257322,-0.191159217,-0.172699691,-0.49451561,-0.277459016,-0.190755523,-0.268561939,-0.250318863,-0.216049369,-0.23316463,-0.182855577,-0.260336947
-0.285715431,-0.306647311,-0.213786555,-0.124283637,-0.139977056,-0.173033777,-0.208941989,-0.442156475,-0.25657045,-0.24886352,-0.214298234,-0.189485815,-0.258631657,-0.220919298,-0.190053931,-0.229177444
-0.225584294,-0.273836642,-0.230718989,-0.285312501,-0.138706131,-0.192650832,-0.193361487,-0.543728658,-0.205387399,-0.2285577,-0.210550418,-0.302847515,-0.26072421,-0.193152989,-0.213591826,-0.280115126
-0.222124206,-0.231304561,-0.22268726,-0.358788895,-0.152013582,-0.209178964,-0.20588886,-0.463077627,-0.287053882,-0.252986227,-0.271388179,-0.245297644,-0.22735741,-0.207000179,-0.208868547,-0.29685085
-0.214212546,-0.213058077,-0.292441455,-0.346722322,-0.123067405,-0.217810225,-0.189964566,-0.460721134,-0.193962168,-0.249312712,-0.258088211,-0.341572999,-0.20523135,-0.196093077,-0.202062356,-0.294064163
-0.245095932,-0.219378464,-0.231284768,-0.241515285,-0.125127053,-0.187556701,-0.201166782,-0.505621375,-0.313332773,-0.214252471,-0.288503013,-0.11836739,-0.234787181,-0.184594275,-0.222446332,-0.276144818
-0.32235946,-0.25383239,-0.299332793,-0.185226863,-0.16475473,-0.226887468,-0.208227658,-0.471248202,-0.273779372,-0.241131145,-0.27618702,-0.255926853,-0.22083278,-0.212694563,-0.206200148,-0.347983343
-0.266611774,-0.219132212,-0.280334139,-0.222008574,-0.122928152,-0.164202914,-0.189548583,-0.463250412,-0.260600913,-0.259308935,-0.241485244,-0.250726238,-0.262830839,-0.184384702,-0.173167802,-0.19036057
-0.263880037,-0.227131316,-0.267039885,-0.208020997,-0.133354376,-0.197978558,-0.187660574,-0.389079678,-0.28228751,-0.253513881,-0.268323429,-0.190381276,-0.242168671,-0.207523694,-0.201498424,-0.192866207
-0.325923904,-0.279281461,-0.272303835,-0.105559999,-0.128902156,-0.210404815,-0.200417359,-0.427034201,-0.269514985,-0.258552249,-0.242414462,-0.234133339,-0.210264185,-0.189930034,-0.199907952,-0.262519154
-0.251457878,-0.250274867,-0.243769662,-0.245641495,-0.127945902,-0.193330786,-0.180806815,-0.39863184,-0.253142453,-0.239817055,-0.233461298,-0.228360256,-0.245384157,-0.191749182,-0.206118518,-0.176600683
-0.22044149,-0.25253351,-0.229502596,-0.305488425,-0.178695161,-0.20198238,-0.21623193,-0.353288298,-0.240812767,-0.236180662,-0.219479953,-0.252470317,-0.26846166,-0.194741114,-0.22345298,-0.199672746
-0.279404235,-0.256692667,-0.264101981,-0.27779085,-0.122075942,-0.185813478,-0.18901536,-0.488122415,-0.269588021,-0.213684279,-0.325729406,-0.289949059,-0.253636382,-0.209347093,-0.210111088,-0.2534072
-0.196616805,-0.247601175,-0.227672291,-0.361290907,-0.105080084,-0.191355288,-0.177190592,-0.53930953,-0.208857367,-0.243237327,-0.213263492,-0.325343219,-0.232512109,-0.187113726,-0.177342079,-0.275283252
-0.292614246,-0.282636989,-0.259305495,-0.168298909,-0.180441848,-0.20484347,-0.208109385,-0.436495172,-0.248886172,-0.284208867,-0.223864967,-0.263230203,-0.26761677,-0.209881148,-0.175391723,-0.254181368
-0.298510887,-0.252340849,-0.253446542,-0.230083963,-0.22674658,-0.249132662,-0.205444798,-0.338828444,-0.304298674,-0.213337563,-0.267494503,-0.204089431,-0.260078567,-0.229192466,-0.191020353,-0.270166711
-0.208264983,-0.245931541,-0.212976817,-0.363499396,-0.023701236,-0.19937295,-0.154799728,-0.565522099,-0.247119457,-0.218730868,-0.209637284,-0.255550285,-0.146465154,-0.170126173,-0.183101337,-0.32183903
-0.275543933,-0.286771263,-0.239283343,-0.197493808,-0.181201769,-0.240500378,-0.202234903,-0.365339341,-0.240508168,-0.265868481,-0.216700817,-0.260265126,-0.216650676,-0.16926112,-0.192493781,-0.298553732
-0.215535172,-0.241833864,-0.213392746,-0.368472555,-0.181318089,-0.200808807,-0.193770787,-0.386339889,-0.260350625,-0.266157957,-0.25129993,-0.289043711,-0.287088938,-0.20427103,-0.221016945,-0.202414552
-0.289020422,-0.251105302,-0.275583773,-0.139502224,-0.132030935,-0.205158434,-0.19728024,-0.446481926,-0.257258735,-0.238299143,-0.251657587,-0.220350675,-0.221501389,-0.236680816,-0.197367018,-0.276683074
-0.263546202,-0.265703113,-0.224712321,-0.183838363,-0.123128167,-0.179994271,-0.202268483,-0.510588826,-0.267323981,-0.272141063,-0.21571016,-0.209489837,-0.23512398,-0.223566325,-0.198140768,-0.288096133
-0.189403884,-0.240254523,-0.206484135,-0.405495,-0.178313059,-0.191594044,-0.22563727,-0.462256395,-0.247934617,-0.244056386,-0.252146713,-0.286164041,-0.265629148,-0.213593657,-0.238426427,-0.295724915
-0.197621845,-0.208826251,-0.228905974,-0.308214792,-0.119222646,-0.189499172,-0.191286137,-0.40044179,-0.266806646,-0.233413172,-0.26545969,-0.226926294,-0.23258889,-0.157245528,-0.207609133,-0.195726627
-0.222367967,-0.233775905,-0.235723561,-0.283190715,-0.151924287,-0.237811853,-0.174852233,-0.411742524,-0.240811349,-0.218715521,-0.210330914,-0.238173853,-0.239902711,-0.224287859,-0.206359226,-0.253680318
-0.247308155,-0.232927106,-0.251427468,-0.299294934,-0.139630805,-0.193109233,-0.210951581,-0.411935112,-0.259788293,-0.23485579,-0.22160233,-0.261703587,-0.226719118,-0.212482709,-0.209333924,-0.245642654
-0.232989061,-0.218897085,-0.275600171,-0.300584744,-0.090262971,-0.201690431,-0.165684756,-0.478373901,-0.232821914,-0.215057697,-0.238173405,-0.26902945,-0.219843578,-0.167917682,-0.212370615,-0.228150914
-0.245467641,-0.242504794,-0.254247674,-0.25348186,-0.181103803,-0.192297927,-0.22684864,-0.354291861,-0.247497187,-0.181104375,-0.249313966,-0.227716808,-0.255140549,-0.174087216,-0.177382609,-0.202104525
-0.26271466,-0.244694579,-0.252259478,-0.20940829,-0.105043307,-0.193724953,-0.180672433,-0.576904,-0.278041046,-0.269537717,-0.237460193,-0.199257762,-0.228269693,-0.227369412,-0.220507014,-0.307737604
-0.249404401,-0.256207724,-0.234115994,-0.31508408,-0.151047871,-0.185252491,-0.200423375,-0.450769553,-0.274028453,-0.265644465,-0.262714637,-0.271130991,-0.27672698,-0.219764967,-0.192642328,-0.22049746
-0.301971782,-0.286526069,-0.237671256,-0.183018973,-0.134142142,-0.197869493,-0.197212341,-0.416844338,-0.28598001,-0.296254766,-0.220753911,-0.213427036,-0.234258969,-0.171858197,-0.20395399,-0.233309585
-0.252735388,-0.215411909,-0.264986894,-0.193053206,-0.154802743,-0.216067008,-0.16390434,-0.471767292,-0.268034857,-0.225329037,-0.21759298,-0.190861982,-0.283672136,-0.214483824,-0.182290959,-0.214278122
-0.334407051,-0.256732158,-0.26976555,-0.26989711,-0.158038734,-0.198212586,-0.220880838,-0.374652226,-0.313183559,-0.26617652,-0.226622422,-0.277488105,-0.234602933,-0.219290391,-0.177539211,-0.237097853
-0.267110642,-0.23594223,-0.238329113,-0.321637144,-0.205702827,-0.218668806,-0.207547062,-0.336621484,-0.308370334,-0.300730845,-0.259485699,-0.24723241,-0.274829905,-0.17900499,-0.216135357,-0.203473062
-0.25438495,-0.258820651,-0.223221269,-0.316875051,-0.186319724,-0.210798382,-0.223958291,-0.375529981,-0.283821758,-0.224928967,-0.250874138,-0.244825602,-0.237831392,-0.213779173,-0.184363639,-0.253763694
-0.32616236,-0.262805071,-0.274355819,-0.132051708,-0.118515576,-0.206104774,-0.168185695,-0.481424985,-0.290635214,-0.255557835,-0.228012737,-0.194013668,-0.230960097,-0.18469215,-0.185416267,-0.256357002
-0.230425434,-0.24704132,-0.22643977,-0.237418248,-0.105016118,-0.202226259,-0.182086292,-0.378150199,-0.252448908,-0.234310085,-0.254686226,-0.20874839,-0.205891757,-0.205026882,-0.19211226,-0.209614849
-0.26071131,-0.224016483,-0.236198012,-0.281204828,-0.044599449,-0.180487305,-0.189441604,-0.516328274,-0.318242001,-0.200540698,-0.208060188,-0.168044772,-0.158306798,-0.172393673,-0.149231218,-0.288359433
-0.222133119,-0.21879901,-0.21407049,-0.382807171,-0.026946679,-0.183844933,-0.179828155,-0.507455803,-0.314575093,-0.270316022,-0.240323106,-0.22140856,-0.151556154,-0.185620226,-0.205183304,-0.261309616
-0.277254172,-0.29190595,-0.211958449,-0.214610045,-0.113963036,-0.174873752,-0.193940467,-0.552236579,-0.275432194,-0.288354053,-0.205321887,-0.210009426,-0.235087415,-0.166652214,-0.201073441,-0.279614421
-0.210762327,-0.246377114,-0.239574351,-0.29045796,-0.073716143,-0.189306025,-0.151915407,-0.606222624,-0.211423226,-0.257813635,-0.281926652,-0.29256054,-0.232567794,-0.146520755,-0.176937159,-0.279673602
-0.126039749,-0.234868694,-0.215724562,-0.328841032,-0.083883686,-0.185920075,-0.174574049,-0.505042328,-0.157757365,-0.228279386,-0.226618765,-0.270729987,-0.211751497,-0.191802609,-0.187362038,-0.252252668
-0.280005399,-0.259341684,-0.280087361,-0.244392014,-0.077242522,-0.169594437,-0.182811464,-0.570778889,-0.221565847,-0.254138595,-0.219036265,-0.305866019,-0.221442199,-0.156447989,-0.223215294,-0.287462621
-0.203703216,-0.226052821,-0.242272434,-0.380496968,-0.224759328,-0.233989315,-0.212906464,-0.304191949,-0.238627079,-0.250418027,-0.259247461,-0.309965534,-0.270146345,-0.206378945,-0.210988499,-0.233165248
-0.213340819,-0.204319385,-0.275062401,-0.215698791,-0.165127296,-0.211939005,-0.198648754,-0.405566216,-0.233207296,-0.212077545,-0.24605463,-0.205403838,-0.255025696,-0.198952768,-0.22119515,-0.231682956
-0.234914729,-0.269449416,-0.23823941,-0.272691932,-0.188738671,-0.211941279,-0.216713827,-0.377422657,-0.238217422,-0.248121311,-0.27883352,-0.252223074,-0.253369786,-0.185144364,-0.213147823,-0.247463717
-0.307914127,-0.270032128,-0.269040473,-0.208481782,-0.20732489,-0.229241428,-0.204310117,-0.300915783,-0.264791705,-0.251294442,-0.310453962,-0.284039876,-0.271976242,-0.215499835,-0.206982689,-0.197099659
-0.186621063,-0.217372627,-0.244826609,-0.343462247,-0.140708493,-0.19652331,-0.202811045,-0.498582293,-0.223634132,-0.22305197,-0.256944755,-0.282475301,-0.243261468,-0.185903309,-0.21118259,-0.286097873
-0.237843291,-0.241731398,-0.234502696,-0.284575707,-0.121929014,-0.167588424,-0.193764071,-0.507825329,-0.258815907,-0.215280649,-0.238708004,-0.234726998,-0.27371487,-0.218864159,-0.202300673,-0.217106021
-0.261702987,-0.260470817,-0.267396091,-0.200820649,-0.131721426,-0.1812806,-0.192811484,-0.452256289,-0.248907896,-0.266406664,-0.312056357,-0.264483023,-0.252619545,-0.199612086,-0.1737504,-0.222499329
-0.2859766,-0.296150715,-0.244976775,-0.283281239,-0.176685427,-0.202251416,-0.189973458,-0.409738464,-0.233129907,-0.283456137,-0.248668709,-0.336684998,-0.301264178,-0.2281867,-0.218344032,-0.1910118
-0.240684075,-0.2037354,-0.268870983,-0.291078848,-0.078440146,-0.178283563,-0.206351866,-0.508989222,-0.270591787,-0.208522963,-0.256132451,-0.229092544,-0.171406733,-0.205686218,-0.201051416,-0.315948677
-0.242005585,-0.243604942,-0.233035219,-0.236707239,-0.150127931,-0.175799312,-0.22031198,-0.383493162,-0.26390549,-0.256398772,-0.233062423,-0.204032795,-0.246713067,-0.182106267,-0.189107933,-0.209227939
-0.379189637,-0.294331972,-0.317812841,-0.142363681,-0.083113976,-0.190714725,-0.15818844,-0.415440435,-0.240923988,-0.25403689,-0.283787594,-0.356349342,-0.227192228,-0.190600557,-0.196494897,-0.170378027
-0.214604168,-0.255430628,-0.247035454,-0.221872825,-0.113029075,-0.213036376,-0.164633905,-0.458555085,-0.192043921,-0.22819698,-0.227515189,-0.258728435,-0.233100315,-0.205964943,-0.218564385,-0.232024129
-0.158515583,-0.187805688,-0.24815775,-0.443119222,-0.111311126,-0.210735681,-0.17416743,-0.486709387,-0.221927082,-0.281366465,-0.216811951,-0.302819117,-0.221523125,-0.199419255,-0.15084216,-0.284117076
-0.258230415,-0.26717138,-0.250478766,-0.241260101,-0.126382336,-0.196378576,-0.18829836,-0.483734796,-0.250735689,-0.244039745,-0.27296266,-0.246646407,-0.237599964,-0.209608067,-0.227667524,-0.27189767
-0.300585328,-0.230641537,-0.296807044,-0.199681255,-0.154417977,-0.218061044,-0.200094523,-0.421552913,-0.277510144,-0.268089909,-0.308714549,-0.26059127,-0.222364056,-0.196894231,-0.199744574,-0.283132172
-0.302666083,-0.258187852,-0.265824311,-0.167199109,-0.187834122,-0.223652677,-0.216895077,-0.305852794,-0.29143559,-0.281188777,-0.249153475,-0.208516583,-0.252954842,-0.20555125,-0.20511046,-0.20021791
-0.296399661,-0.277711813,-0.267812416,-0.172598061,-0.082823652,-0.202365454,-0.185057606,-0.404518682,-0.262903124,-0.282694607,-0.273033909,-0.246982372,-0.170942243,-0.195221667,-0.184505587,-0.215857085
-0.319314279,-0.291880336,-0.253776406,-0.128640352,-0.153414917,-0.189781815,-0.177810002,-0.513883551,-0.29101943,-0.278700205,-0.280350761,-0.221810266,-0.309368383,-0.206044352,-0.19689061,-0.214006807
-0.263361022,-0.270739494,-0.220830379,-0.226167281,-0.045192154,-0.173307395,-0.175056638,-0.520481325,-0.279349595,-0.258704392,-0.252499193,-0.218433549,-0.183220145,-0.192944785,-0.170458098,-0.253738395
-0.324663015,-0.298954559,-0.24443593,-0.098059002,-0.097640922,-0.15578166,-0.194865929,-0.545606946,-0.281864234,-0.285135136,-0.252722117,-0.216438896,-0.252393751,-0.22447147,-0.171315049,-0.243011497
-0.301703181,-0.250221584,-0.2806426,-0.178124866,-0.14509801,-0.20455334,-0.173721754,-0.397164502,-0.290778052,-0.268045775,-0.27863149,-0.186425962,-0.279271748,-0.188143137,-0.197972386,-0.171292351
-0.143164689,-0.204486805,-0.253240249,-0.337391224,-0.188197346,-0.220340964,-0.185285427,-0.318423187,-0.171698894,-0.256106742,-0.223847457,-0.282121529,-0.276540993,-0.190662233,-0.173309649,-0.167268724
-0.307310283,-0.267155675,-0.25267686,-0.099660397,-0.155508528,-0.190914815,-0.209661989,-0.397891089,-0.289140086,-0.245424682,-0.233286431,-0.126122498,-0.252434267,-0.166787965,-0.192753058,-0.217431995
-0.288643267,-0.278359059,-0.249171594,-0.160085552,-0.094450083,-0.165462626,-0.198947873,-0.529680377,-0.266718033,-0.23710985,-0.269263173,-0.20535855,-0.221575158,-0.191678754,-0.196272097,-0.277835767
-0.172733589,-0.209013187,-0.261508078,-0.339645542,-0.201117799,-0.185633142,-0.227638432,-0.387421204,-0.191092669,-0.196938273,-0.251766372,-0.299540117,-0.295712614,-0.218163505,-0.212285062,-0.21676133
-0.217419067,-0.228685958,-0.257042787,-0.351557308,-0.125817719,-0.188674594,-0.190343421,-0.497848502,-0.2494892,-0.267273545,-0.281823026,-0.295427066,-0.242238563,-0.157938118,-0.186128143,-0.275284353
-0.219380502,-0.248254467,-0.237430749,-0.22457021,-0.154261676,-0.214455278,-0.189435581,-0.416040735,-0.222592817,-0.235437501,-0.237881579,-0.237848201,-0.246838088,-0.185159503,-0.186536051,-0.228141024
-0.228597804,-0.247711684,-0.251817622,-0.304312118,-0.09059393,-0.165631432,-0.201334509,-0.422032881,-0.230057611,-0.25550921,-0.267574519,-0.295730869,-0.215625846,-0.20658207,-0.187513888,-0.194994223
-0.340470384,-0.248911806,-0.272435964,-0.150543779,-0.131674022,-0.168679705,-0.221573838,-0.460655459,-0.350251909,-0.246346684,-0.302988391,-0.142870265,-0.235321564,-0.179406858,-0.186155931,-0.276440974
-0.30066683,-0.248406149,-0.251988077,-0.28382734,-0.078278004,-0.161969875,-0.183798553,-0.485449877,-0.316042029,-0.259515012,-0.290481083,-0.265375115,-0.228324239,-0.190931026,-0.172188331,-0.208102964
-0.183145879,-0.199228676,-0.243364271,-0.451092623,-0.11689809,-0.185651781,-0.202656201,-0.420290774,-0.233779721,-0.231765646,-0.237779644,-0.305361424,-0.224745057,-0.17632934,-0.157959891,-0.22317458
-0.33769988,-0.272726225,-0.285103096,-0.140882718,-0.117715024,-0.204688542,-0.166653279,-0.465096963,-0.296627787,-0.257150484,-0.26800158,-0.216949853,-0.247412588,-0.204816364,-0.137766696,-0.234162235
-0.309335605,-0.289620054,-0.24748419,-0.270306508,-0.176927687,-0.218706991,-0.198587788,-0.361517888,-0.296860631,-0.271503711,-0.307438745,-0.283619987,-0.260054924,-0.215325265,-0.188075223,-0.209803362
-0.265604123,-0.238538134,-0.281549863,-0.194965902,-0.136370482,-0.214903234,-0.193337855,-0.413515497,-0.23594339,-0.237125941,-0.223179304,-0.23968314,-0.226768959,-0.189551811,-0.205742882,-0.24649782
-0.290268461,-0.266805324,-0.252682416,-0.22618118,-0.171999679,-0.206355314,-0.222294183,-0.405036279,-0.281995186,-0.260301977,-0.262799329,-0.264517143,-0.234646973,-0.207471711,-0.208833471,-0.270703062
-0.256422622,-0.226717729,-0.277520351,-0.251838528,-0.058424942,-0.158903112,-0.207434549,-0.4975418,-0.257971382,-0.235492695,-0.28821513,-0.272409556,-0.177924292,-0.176664612,-0.180287118,-0.268887622
-0.29303682,-0.25885124,-0.285766394,-0.126601109,-0.082107649,-0.19279636,-0.177032296,-0.552837532,-0.242732164,-0.243606996,-0.235301546,-0.220725551,-0.204377832,-0.19125542,-0.174820999,-0.293988408
-0.258004524,-0.269608161,-0.24295103,-0.166077091,-0.133319594,-0.225144406,-0.192770595,-0.460272757,-0.243913894,-0.243566932,-0.218899878,-0.195363958,-0.197897017,-0.192684001,-0.181380734,-0.31815615
-0.250494608,-0.265766092,-0.26122237,-0.323642684,-0.144602679,-0.182804012,-0.198878494,-0.421465748,-0.212442068,-0.223756925,-0.261261888,-0.340429958,-0.270742623,-0.224018619,-0.187507171,-0.189785747
-0.255317944,-0.215747783,-0.269107884,-0.241135562,-0.160617867,-0.217392388,-0.197551556,-0.373602622,-0.273495011,-0.224651052,-0.256375555,-0.214583225,-0.239693071,-0.20254143,-0.174114986,-0.222962503
-0.244767677,-0.257688495,-0.243150276,-0.281989541,-0.08698221,-0.177375181,-0.198926407,-0.514187407,-0.252277034,-0.276505119,-0.259252459,-0.238575347,-0.188628116,-0.190076414,-0.193917209,-0.29505343
-0.217979146,-0.224787931,-0.27444357,-0.275505598,-0.102593249,-0.218580907,-0.191422069,-0.496891816,-0.228215013,-0.28681352,-0.29351375,-0.258868528,-0.179949297,-0.177537305,-0.202690241,-0.337297377
-0.356950085,-0.292233069,-0.260975052,-0.235272808,-0.065918556,-0.18398999,-0.20690725,-0.456604773,-0.315407623,-0.261309022,-0.255086602,-0.296608219,-0.16000328,-0.172063436,-0.198229372,-0.286285578
-0.367691343,-0.300074327,-0.278160444,-0.124104275,-0.117771428,-0.188383202,-0.198143737,-0.583192417,-0.299415962,-0.332767748,-0.297573163,-0.270316958,-0.221016479,-0.217356075,-0.172078382,-0.336574571
-0.200414263,-0.256669287,-0.217113133,-0.254035086,-0.156668978,-0.200860607,-0.213788354,-0.376910908,-0.226206274,-0.254594286,-0.213407681,-0.191180867,-0.230563367,-0.159778207,-0.242921292,-0.239914708
-0.265230553,-0.258930036,-0.249663833,-0.234172439,-0.194727556,-0.215133211,-0.236474342,-0.322756113,-0.264724492,-0.264676069,-0.237341811,-0.237488361,-0.228479388,-0.205156355,-0.211763206,-0.230153236
-0.263589074,-0.2567603,-0.249293826,-0.248161246,-0.118159803,-0.196442416,-0.182255652,-0.415359272,-0.252302871,-0.24712235,-0.23202441,-0.254343751,-0.237908489,-0.211229865,-0.210892287,-0.217502732
-0.220974604,-0.220177187,-0.245063179,-0.256141591,-0.125756987,-0.185854216,-0.19517808,-0.396867795,-0.257654556,-0.271006581,-0.219799047,-0.195860563,-0.257119207,-0.213079432,-0.209061492,-0.186803884
-0.292602923,-0.239209096,-0.30702777,-0.157084651,-0.064675645,-0.176133352,-0.16466079,-0.536826533,-0.231360575,-0.255664801,-0.245462108,-0.269413254,-0.220278027,-0.203066243,-0.184769895,-0.235282328
-0.277031813,-0.258485092,-0.27175767,-0.16474506,-0.155662196,-0.176355488,-0.211412069,-0.48871964,-0.236824677,-0.253702823,-0.248467748,-0.236968315,-0.259393786,-0.145154869,-0.182765945,-0.267427803
-0.271464979,-0.263328209,-0.254402978,-0.2327,-0.133758145,-0.190985058,-0.198339514,-0.502144231,-0.255991629,-0.250798275,-0.251675007,-0.266863852,-0.241389629,-0.213105289,-0.162710163,-0.286171075
-0.243198662,-0.237049501,-0.253306226,-0.313767925,-0.159518039,-0.16022872,-0.205082342,-0.451667865,-0.239579242,-0.225578361,-0.222505504,-0.301160891,-0.303305908,-0.234242367,-0.204337909,-0.188844848
-0.236841081,-0.246423362,-0.249305019,-0.255354297,-0.16809981,-0.204405121,-0.213966635,-0.428523811,-0.229500269,-0.20940744,-0.214724372,-0.254395673,-0.253090659,-0.231196031,-0.207484473,-0.265632253
-0.235827248,-0.241125996,-0.255754955,-0.258254212,-0.160735815,-0.232023915,-0.155820795,-0.384719335,-0.235972197,-0.239967106,-0.2112827,-0.244075139,-0.272410752,-0.216985372,-0.214126974,-0.186300197
-0.233433643,-0.235821634,-0.262092342,-0.260587155,-0.165125705,-0.224508924,-0.194882444,-0.440250421,-0.231861733,-0.224387373,-0.247635086,-0.265871361,-0.242274253,-0.21175011,-0.209028213,-0.283584303
-0.242058276,-0.236557366,-0.257067505,-0.17149281,-0.093613427,-0.182715814,-0.158648212,-0.529417907,-0.234101437,-0.213973285,-0.230135366,-0.200398171,-0.264190693,-0.211109885,-0.181641705,-0.213993425
-0.258704426,-0.221173215,-0.262023613,-0.239715298,-0.157599307,-0.202774696,-0.200540738,-0.423600428,-0.287080034,-0.259734925,-0.271757312,-0.218094469,-0.254821565,-0.191904371,-0.215210328,-0.240721596
-0.232544208,-0.258344067,-0.21291224,-0.330754952,-0.189539512,-0.225542051,-0.214136755,-0.427561978,-0.272073971,-0.243325645,-0.270229469,-0.253047586,-0.234558256,-0.198117993,-0.166434146,-0.288709727
-0.265127906,-0.252553955,-0.251359176,-0.210299126,-0.120694205,-0.184368457,-0.211737525,-0.409066269,-0.248966571,-0.219069811,-0.210514479,-0.218964939,-0.216091039,-0.184382361,-0.20906889,-0.228233755
-0.43252276,-0.289710056,-0.30487454,0.0201653747604035,-0.120835436,-0.179487308,-0.202919476,-0.479226976,-0.366965235,-0.28455608,-0.337723396,-0.15435518,-0.231859607,-0.210695337,-0.175642599,-0.260874926
-0.219684581,-0.223698895,-0.262855063,-0.300658077,-0.156868757,-0.202404209,-0.213233955,-0.382540208,-0.227574591,-0.26868994,-0.276905489,-0.296770196,-0.23856447,-0.197496267,-0.204126674,-0.250307646
-0.248106945,-0.258164457,-0.218956728,-0.279900309,-0.086167302,-0.187322006,-0.190960456,-0.435942402,-0.273843227,-0.261360777,-0.254354624,-0.24288481,-0.202157711,-0.204529624,-0.209315475,-0.233084247
-0.19654774,-0.259040396,-0.220374003,-0.363772016,-0.132122643,-0.19606156,-0.173897937,-0.541519202,-0.206982778,-0.206754733,-0.218172971,-0.30255563,-0.259992793,-0.203997762,-0.136350151,-0.276158791
-0.258653229,-0.27571552,-0.235608035,-0.248074098,-0.259678029,-0.207933188,-0.251292207,-0.352584203,-0.231899485,-0.249088175,-0.209148159,-0.288313715,-0.312156437,-0.212879245,-0.231523134,-0.249184075
-0.183238823,-0.227093837,-0.216382451,-0.408949414,-0.169071135,-0.211748589,-0.192314044,-0.453142605,-0.249649827,-0.253934489,-0.256303472,-0.288005266,-0.272523231,-0.208965028,-0.198298215,-0.251362553
-0.18997003,-0.244041593,-0.21447872,-0.270916738,-0.079410897,-0.167046677,-0.202138469,-0.576814421,-0.237125607,-0.258166559,-0.242534554,-0.213445659,-0.203636504,-0.178307936,-0.189750077,-0.31806852
-0.318271138,-0.246029755,-0.307362924,-0.265557461,-0.088135154,-0.163779958,-0.18861512,-0.609180438,-0.268317013,-0.268272332,-0.274616456,-0.318148341,-0.235890131,-0.21153007,-0.207654799,-0.307341378
-0.187651655,-0.212585522,-0.228522508,-0.374346064,-0.072339831,-0.162142455,-0.171166136,-0.615865014,-0.247126534,-0.212878762,-0.231343994,-0.261366422,-0.244112763,-0.213545025,-0.18871005,-0.277611863
-0.297090811,-0.248328309,-0.304577994,-0.220480399,-0.150821081,-0.195770448,-0.177251562,-0.445372716,-0.240741765,-0.252022045,-0.23825075,-0.284609474,-0.288086361,-0.218951537,-0.209316824,-0.202160857
-0.290015916,-0.26670126,-0.278063811,-0.197203441,-0.157444426,-0.173729373,-0.210454485,-0.425764213,-0.254042395,-0.23630045,-0.284522044,-0.266911031,-0.287763729,-0.188624943,-0.219353663,-0.192000812
-0.307163438,-0.248588169,-0.281171796,-0.128696176,-0.16738477,-0.198746775,-0.213096467,-0.390871119,-0.282039721,-0.242169463,-0.249206667,-0.209982199,-0.260878977,-0.184407746,-0.208710248,-0.206741386
-0.301234956,-0.300864414,-0.244640532,-0.163709387,-0.16746692,-0.210105964,-0.201030349,-0.348219283,-0.258125082,-0.291443277,-0.265814097,-0.257476891,-0.246620716,-0.162607426,-0.1803487,-0.198238328
-0.21772219,-0.238014655,-0.248698577,-0.190167533,-0.121969983,-0.202908882,-0.198071063,-0.456527185,-0.231184999,-0.221353605,-0.243119874,-0.184077179,-0.216398338,-0.200020965,-0.193468527,-0.259013695
-0.243163268,-0.243537794,-0.246745809,-0.2446426,-0.129779343,-0.210660371,-0.206981164,-0.511179849,-0.260891184,-0.25873154,-0.262222328,-0.233232006,-0.202809124,-0.209456125,-0.209419196,-0.338231222
-0.170296734,-0.260171349,-0.202094171,-0.330634404,-0.08739926,-0.176708182,-0.21330308,-0.505462581,-0.202610115,-0.213934512,-0.245059947,-0.266381209,-0.183372896,-0.1946158,-0.197959845,-0.298906748
-0.213665505,-0.213417379,-0.222165864,-0.32202935,-0.096542734,-0.218632948,-0.159512754,-0.494205974,-0.276317772,-0.204511777,-0.212624582,-0.198719244,-0.214770418,-0.175620073,-0.199735023,-0.267202163
-0.209286969,-0.260060017,-0.240748134,-0.206262615,-0.194033577,-0.221930139,-0.218815006,-0.386291637,-0.19374909,-0.244228123,-0.229094079,-0.234399653,-0.247400996,-0.187213677,-0.189456094,-0.256449185
-0.262328724,-0.267590306,-0.226097902,-0.204623987,-0.123739107,-0.183258499,-0.197139753,-0.494151125,-0.232752924,-0.237211795,-0.206647826,-0.21844346,-0.249114769,-0.199470146,-0.179777076,-0.238941656
-0.333121779,-0.306824661,-0.258397031,-0.130132723,-0.071058298,-0.189443604,-0.157958633,-0.600931879,-0.271692982,-0.283666992,-0.261063544,-0.26423829,-0.226420101,-0.18321473,-0.215767262,-0.292935103
-0.291324893,-0.259522773,-0.243528761,-0.293416817,-0.175225604,-0.184430604,-0.224011646,-0.413394427,-0.297119489,-0.256072679,-0.212050431,-0.251742961,-0.27840687,-0.198100529,-0.190405686,-0.224143616
-0.254087848,-0.231360897,-0.253014661,-0.330250055,-0.184747235,-0.233038452,-0.196162372,-0.407685984,-0.280248551,-0.260434027,-0.235345046,-0.277034427,-0.257015993,-0.187967621,-0.218388114,-0.258491184
-0.202005608,-0.23446729,-0.230392215,-0.361593074,-0.157238877,-0.188354195,-0.225627177,-0.460237011,-0.239389789,-0.217487672,-0.215109385,-0.282480414,-0.239355605,-0.176677509,-0.195179545,-0.287171046
-0.258397941,-0.248332636,-0.254105737,-0.160211412,-0.113974084,-0.228913424,-0.170326404,-0.397268827,-0.252799846,-0.245157017,-0.243505845,-0.198621662,-0.208039212,-0.218259317,-0.20840651,-0.221801348
-0.251565876,-0.242159491,-0.258326782,-0.214495252,-0.101343366,-0.181348522,-0.202490093,-0.489163588,-0.263258037,-0.247298189,-0.309894852,-0.246449386,-0.226357706,-0.211085238,-0.179566264,-0.252569573
-0.268146108,-0.217886134,-0.247261342,-0.230711601,-0.176569832,-0.180238219,-0.213653609,-0.359680654,-0.328906958,-0.272946134,-0.248287735,-0.155322979,-0.281681038,-0.171871031,-0.15101904,-0.163244555
-0.296835106,-0.27585262,-0.273859307,-0.083156214,-0.194124535,-0.208895775,-0.21098822,-0.437509916,-0.241703594,-0.254776402,-0.268076647,-0.197270785,-0.274012755,-0.213569533,-0.181563571,-0.271587569
-0.339894427,-0.279126937,-0.299166835,-0.104005604,-0.169022776,-0.221618243,-0.20409073,-0.451777674,-0.263456325,-0.269559582,-0.222641381,-0.257634705,-0.239948411,-0.205293176,-0.17739828,-0.286983559
-0.149749952,-0.207049519,-0.21420726,-0.434553831,-0.127465022,-0.19219919,-0.196050464,-0.437426146,-0.236259997,-0.258016575,-0.242991129,-0.275639827,-0.234702633,-0.191183658,-0.221435967,-0.232444148
-0.293889501,-0.216686098,-0.330929197,-0.188864657,-0.155951549,-0.205257585,-0.220174397,-0.330200323,-0.249609411,-0.282059418,-0.297272744,-0.273209863,-0.220178944,-0.211473861,-0.179438015,-0.202172909
-0.206668464,-0.237438246,-0.219805409,-0.287736491,-0.132815922,-0.200448352,-0.19552208,-0.466382912,-0.255140506,-0.22887453,-0.249546676,-0.203255338,-0.222667097,-0.162030632,-0.189645077,-0.27899413
-0.280960854,-0.275652064,-0.261420667,-0.16008624,-0.149159601,-0.189422914,-0.206595628,-0.424180298,-0.256115826,-0.267121852,-0.267952003,-0.221251359,-0.260478753,-0.214618816,-0.21035834,-0.231634431
-0.238540445,-0.264270287,-0.240539322,-0.22614023,-0.144584939,-0.185302252,-0.203737101,-0.464582153,-0.230469634,-0.287995832,-0.218518246,-0.24234714,-0.260060655,-0.205653103,-0.228927998,-0.233283225
-0.272879935,-0.243966817,-0.266099318,-0.148415751,-0.097257323,-0.182577935,-0.201181616,-0.397587632,-0.263218222,-0.241737637,-0.300341185,-0.188336401,-0.199573766,-0.192794361,-0.220842439,-0.214514554
-0.236312286,-0.255624787,-0.229738175,-0.34082721,-0.12323761,-0.206148193,-0.185092645,-0.401047618,-0.250067478,-0.228725717,-0.244353758,-0.29869523,-0.230437258,-0.205959861,-0.238413624,-0.224728634
-0.285920239,-0.289510736,-0.224173733,-0.125602639,-0.100264091,-0.169997029,-0.184765007,-0.453889907,-0.279505124,-0.262420542,-0.264735852,-0.163162276,-0.255602362,-0.21781989,-0.214141415,-0.184245441
-0.236861894,-0.247966647,-0.251833996,-0.201068628,-0.061485859,-0.144420365,-0.160644744,-0.573858466,-0.230230476,-0.256190061,-0.232058964,-0.24129457,-0.258362577,-0.157587595,-0.178794117,-0.193536236
-0.164797696,-0.232098114,-0.196975444,-0.409261719,-0.149710637,-0.207408915,-0.203587428,-0.429035677,-0.231254184,-0.229358511,-0.252887294,-0.27585748,-0.240516008,-0.199693086,-0.190172664,-0.248157141
-0.271509616,-0.267267109,-0.261266984,-0.24241964,-0.155628167,-0.232111494,-0.176886974,-0.488923474,-0.243006339,-0.274143539,-0.262795138,-0.294220761,-0.241588566,-0.206309883,-0.176165246,-0.300741096
-0.181289857,-0.232601081,-0.216728712,-0.341514009,-0.120207177,-0.196509006,-0.165557263,-0.435239345,-0.24646645,-0.263594961,-0.258686832,-0.234393947,-0.264315766,-0.203389503,-0.220237174,-0.189648121
-0.253672243,-0.263843089,-0.245517254,-0.277831668,-0.095964507,-0.194526497,-0.195908643,-0.492438586,-0.249619015,-0.254914069,-0.282264107,-0.286079611,-0.195432275,-0.170287827,-0.19405469,-0.287791553
-0.211684724,-0.256339758,-0.209810619,-0.307907279,-0.110197326,-0.179100381,-0.196807273,-0.494754781,-0.239630947,-0.246798748,-0.193038217,-0.233106946,-0.231200683,-0.19411746,-0.170813692,-0.259788085
-0.207281852,-0.238197877,-0.215923272,-0.397703106,-0.182319533,-0.236446584,-0.195057402,-0.397611931,-0.263289217,-0.243834359,-0.274108219,-0.278220477,-0.243211846,-0.187903568,-0.234750873,-0.271258297
-0.226333331,-0.250872228,-0.224864634,-0.299564184,-0.13172467,-0.189143508,-0.221021415,-0.40420405,-0.251771034,-0.259649481,-0.224417713,-0.236846478,-0.218163727,-0.20243122,-0.209676479,-0.233054453
-0.24358539,-0.257511503,-0.260226778,-0.188710879,-0.140358086,-0.204656729,-0.206206026,-0.455871762,-0.223304048,-0.238060712,-0.293238369,-0.227814969,-0.199662462,-0.184912337,-0.158723615,-0.262341448
-0.281201342,-0.263343074,-0.287488726,-0.173622651,-0.096197515,-0.182890514,-0.193627446,-0.481992673,-0.223361755,-0.210179091,-0.311257032,-0.27515895,-0.220866165,-0.179541132,-0.228734726,-0.257919192
-0.167193296,-0.23404802,-0.184223921,-0.448808181,-0.133985992,-0.174218564,-0.239937411,-0.439211526,-0.264315637,-0.283713009,-0.253365343,-0.284069076,-0.203960331,-0.191264285,-0.186922112,-0.282705856
-0.166210132,-0.216276198,-0.216169534,-0.295788146,-0.107854817,-0.182618406,-0.206280217,-0.426213046,-0.238715123,-0.222081022,-0.275499623,-0.19431645,-0.194651946,-0.19499474,-0.182851801,-0.256373779
-0.250609567,-0.261273485,-0.255579036,-0.262059611,-0.113435044,-0.182161317,-0.18437652,-0.458159137,-0.221613126,-0.242571933,-0.23450576,-0.309250015,-0.242717124,-0.210725353,-0.185606846,-0.215083328
-0.223416004,-0.242611501,-0.251190593,-0.245557166,-0.155683021,-0.221419022,-0.201504063,-0.451844089,-0.217342026,-0.235905861,-0.165846253,-0.245239115,-0.222621856,-0.198824242,-0.195075368,-0.306970753
-0.288716773,-0.271280483,-0.276735655,-0.221851003,-0.114537477,-0.205317262,-0.193976783,-0.479669011,-0.22963407,-0.265543533,-0.226583907,-0.310587896,-0.196546677,-0.194970301,-0.15431756,-0.301863592
-0.28274559,-0.243399873,-0.255170636,-0.307317414,-0.132027276,-0.205389203,-0.196483052,-0.48346562,-0.303418449,-0.274814724,-0.287556008,-0.27431885,-0.230977538,-0.192340941,-0.210696182,-0.274328432
-0.252243765,-0.236699442,-0.281044689,-0.180200197,-0.156645513,-0.211879675,-0.208664503,-0.400067173,-0.202671992,-0.218004,-0.273905372,-0.270555961,-0.220875992,-0.161597882,-0.208440293,-0.248724079
-0.270900339,-0.268094101,-0.251759348,-0.253600921,-0.150406069,-0.197765225,-0.22654464,-0.457149918,-0.254122432,-0.265092993,-0.237713899,-0.245144546,-0.216257849,-0.167474323,-0.194796114,-0.292581385
-0.247883832,-0.262341679,-0.229920609,-0.265698307,-0.161977641,-0.240648912,-0.199449326,-0.367562486,-0.263436748,-0.29011069,-0.228400263,-0.258561962,-0.201009882,-0.209435496,-0.185732839,-0.267275934
-0.369385328,-0.276318426,-0.306083986,-0.112250275,-0.167129405,-0.195718414,-0.248598725,-0.3907948,-0.299327056,-0.287744606,-0.263834243,-0.240762415,-0.20175379,-0.17447506,-0.203913014,-0.30417045
-0.206964622,-0.230444072,-0.255211219,-0.210932787,-0.115959968,-0.196501724,-0.200850869,-0.471847905,-0.222026247,-0.256553193,-0.224602159,-0.20683979,-0.202613983,-0.224602245,-0.192298045,-0.305610124
-0.251184574,-0.260906983,-0.245537266,-0.180305307,-0.151071158,-0.213936443,-0.208999808,-0.404788704,-0.237480414,-0.251616483,-0.237033813,-0.226073465,-0.230648624,-0.223403173,-0.230291176,-0.248309733
-0.223641545,-0.248426337,-0.246590792,-0.325571271,-0.124200026,-0.20764672,-0.179369379,-0.459054992,-0.22312093,-0.237599057,-0.308269521,-0.303673909,-0.230482427,-0.205598877,-0.19299676,-0.264116902
-0.211424611,-0.248819627,-0.235609494,-0.338158037,-0.1160138,-0.196056914,-0.178512795,-0.521325448,-0.231732893,-0.284427582,-0.214618852,-0.296484286,-0.237160065,-0.198621901,-0.190069113,-0.264910679
-0.191863082,-0.204404007,-0.245027024,-0.36768924,-0.141326709,-0.197639704,-0.204098191,-0.482793581,-0.238903035,-0.234146506,-0.233212675,-0.272716904,-0.229202071,-0.193436544,-0.198613655,-0.289674241
-0.302210838,-0.28319703,-0.237350907,-0.183810285,-0.184695522,-0.216362689,-0.202605514,-0.458597187,-0.296847322,-0.245650806,-0.24750588,-0.206092413,-0.262256427,-0.167223294,-0.204964999,-0.282496193
-0.309721278,-0.279407286,-0.279587385,-0.162906999,-0.185370479,-0.238087307,-0.18833945,-0.27665272,-0.243808619,-0.268598152,-0.311940203,-0.309001466,-0.25331196,-0.17929067,-0.195850361,-0.158951277
-0.100922562,-0.207975259,-0.190180035,-0.509134369,-0.09236776,-0.181383288,-0.176136303,-0.495439018,-0.193857509,-0.265304328,-0.175168208,-0.327045224,-0.231522842,-0.192493936,-0.197171252,-0.236883985
-0.386310778,-0.287302349,-0.291400453,-0.079537412,-0.199496985,-0.190207553,-0.259827796,-0.329532131,-0.319659472,-0.273878794,-0.288312852,-0.219034613,-0.240182356,-0.210750705,-0.197616952,-0.243470098
-0.310672085,-0.255267103,-0.268535164,-0.13963269,-0.23152255,-0.208842034,-0.244889042,-0.306438345,-0.298702214,-0.271398956,-0.280050771,-0.196319188,-0.270782921,-0.172396412,-0.211165351,-0.220224154
-0.299665424,-0.27522563,-0.237421872,-0.280109593,-0.218160288,-0.240449978,-0.220873892,-0.309389,-0.301880923,-0.247739013,-0.266026086,-0.25551744,-0.251091039,-0.199838211,-0.205921691,-0.233347291
-0.247412275,-0.252458815,-0.240121708,-0.237057087,-0.061230041,-0.200870464,-0.145804159,-0.489442096,-0.25075935,-0.237217677,-0.245714324,-0.21875515,-0.20322269,-0.184682107,-0.170328765,-0.235939332
-0.291087838,-0.2782631,-0.273885148,-0.253278187,-0.183990792,-0.218907765,-0.216191557,-0.311703763,-0.235502854,-0.226403529,-0.265340906,-0.307401589,-0.232447002,-0.186463534,-0.162004792,-0.214046696
-0.309299502,-0.241496302,-0.294051433,-0.178832186,-0.193788229,-0.228091617,-0.204430812,-0.371608114,-0.280202426,-0.244396159,-0.264666535,-0.226602763,-0.261949305,-0.229842114,-0.223296506,-0.259432841
-0.242912457,-0.240391923,-0.239429155,-0.292914387,-0.18305805,-0.224827551,-0.214031633,-0.359659044,-0.272652366,-0.253386727,-0.231757993,-0.218613705,-0.242349833,-0.179617835,-0.218194461,-0.258837086
-0.26744843,-0.275607446,-0.242279866,-0.17187097,-0.180530733,-0.235547653,-0.19012236,-0.433204127,-0.244850977,-0.252887615,-0.242516873,-0.230772655,-0.250036179,-0.219898392,-0.200441077,-0.287231715
-0.284617804,-0.276907566,-0.247566009,-0.190470539,-0.171986651,-0.186305099,-0.202367951,-0.496195606,-0.252356732,-0.219851076,-0.238733515,-0.236786839,-0.278290015,-0.212795933,-0.156750952,-0.269084899
-0.318324264,-0.28083721,-0.257397188,-0.092277336,-0.133801609,-0.210810851,-0.18400369,-0.46000943,-0.268658366,-0.252705465,-0.214046398,-0.18966442,-0.237287662,-0.184892984,-0.200016962,-0.25845403
-0.307049047,-0.256425034,-0.282344405,-0.216121866,-0.1063808,-0.181687577,-0.164751784,-0.440240021,-0.275684613,-0.292128574,-0.261443453,-0.280161355,-0.264616921,-0.208694312,-0.205316813,-0.167802923
-0.262692747,-0.263676913,-0.253818745,-0.269981257,-0.134655742,-0.194317698,-0.207680067,-0.426164649,-0.241597478,-0.262616909,-0.247107585,-0.313201923,-0.224727576,-0.168362214,-0.202889576,-0.24259842
-0.211838696,-0.246908884,-0.252100584,-0.356837176,-0.179241264,-0.192640973,-0.230076491,-0.369877818,-0.199272687,-0.250701775,-0.236672152,-0.36860487,-0.251969462,-0.220186381,-0.208357628,-0.232519783
-0.303496327,-0.286458162,-0.265755481,-0.175987276,-0.165559344,-0.193260415,-0.198740849,-0.395934946,-0.242587363,-0.247269629,-0.267993464,-0.262963408,-0.275121329,-0.203279088,-0.198602113,-0.195569776
-0.279196849,-0.258252442,-0.281801678,-0.176936555,-0.156345724,-0.204455029,-0.210857435,-0.488083591,-0.227748779,-0.25859574,-0.285307971,-0.289389299,-0.240773049,-0.203284962,-0.224725489,-0.300786261
-0.261708598,-0.220757344,-0.289879039,-0.274963793,-0.193821302,-0.225645637,-0.200444131,-0.39508178,-0.230949956,-0.222260956,-0.249430804,-0.29882267,-0.270082925,-0.221762587,-0.203905103,-0.266127772
-0.246881604,-0.26380711,-0.245361929,-0.27415808,-0.164263016,-0.230967875,-0.193987573,-0.497135659,-0.232929813,-0.242603854,-0.255943696,-0.285914546,-0.232106107,-0.204530507,-0.232295616,-0.321905097
-0.25054708,-0.256070448,-0.253802015,-0.341036281,-0.096563185,-0.206523101,-0.154509987,-0.51252535,-0.240353841,-0.271299759,-0.280411,-0.352809519,-0.233897278,-0.16793551,-0.161815236,-0.244978679
-0.289090179,-0.271169833,-0.279816056,-0.193730016,-0.173027922,-0.200810584,-0.21742595,-0.323271426,-0.214658442,-0.224550396,-0.196391233,-0.290638774,-0.236133632,-0.183863982,-0.160976568,-0.190703656
-0.167520558,-0.208355357,-0.217308829,-0.501486387,-0.12905339,-0.229550006,-0.175430407,-0.423612148,-0.287642632,-0.261115428,-0.259646636,-0.242727829,-0.222948872,-0.216285507,-0.196850582,-0.258994044
-0.2975389,-0.240404958,-0.298537499,-0.162138803,-0.102583727,-0.181349776,-0.187258298,-0.536599083,-0.246640275,-0.227026515,-0.232581619,-0.247426979,-0.235810197,-0.198081156,-0.22305156,-0.272585623
-0.196165907,-0.24985356,-0.227664938,-0.347423921,-0.120001867,-0.191882999,-0.194415873,-0.430097739,-0.201434699,-0.247854981,-0.188767527,-0.347495798,-0.235380896,-0.231581835,-0.16650408,-0.230896859
-0.224945449,-0.240901521,-0.220774224,-0.23110869,-0.123373456,-0.199767377,-0.192352213,-0.506491205,-0.263497569,-0.233453877,-0.214575435,-0.17150695,-0.226859789,-0.206598213,-0.182809279,-0.289453782
-0.247577876,-0.226867072,-0.26861199,-0.264468261,-0.118326731,-0.190148247,-0.22332066,-0.422399314,-0.259481748,-0.279003391,-0.252756728,-0.251856917,-0.187110449,-0.165402666,-0.21970727,-0.284334459
-0.228740063,-0.232283551,-0.261333502,-0.243906398,-0.140937854,-0.203541305,-0.163489871,-0.469005607,-0.222664473,-0.245214052,-0.208579903,-0.253558507,-0.282928989,-0.181823415,-0.192533233,-0.200973103
-0.18691767,-0.21597953,-0.24189077,-0.388792051,-0.141022967,-0.193169463,-0.187730946,-0.432643778,-0.232645114,-0.2079758,-0.264891638,-0.27343173,-0.266541786,-0.221528649,-0.19220827,-0.204693044
-0.291524232,-0.261881293,-0.256870744,-0.225879337,-0.020727358,-0.158510714,-0.178466702,-0.563919383,-0.29087812,-0.274332724,-0.287281558,-0.242939652,-0.164531729,-0.135165374,-0.181066653,-0.269340511
-0.249958945,-0.27424087,-0.220874105,-0.29388917,-0.114944515,-0.171737397,-0.216710448,-0.476775705,-0.256097528,-0.227697102,-0.25063912,-0.266261433,-0.233691641,-0.22311635,-0.193704953,-0.247093346
-0.233446618,-0.217155084,-0.258671657,-0.281342484,-0.128782139,-0.178276684,-0.184998576,-0.434923554,-0.266314786,-0.266199084,-0.268548145,-0.24392087,-0.26341869,-0.16524576,-0.157676728,-0.187611057
-0.267468735,-0.225625432,-0.275285378,-0.20478018,-0.048140299,-0.161221354,-0.192258646,-0.616204684,-0.285756345,-0.27949536,-0.239614001,-0.186615949,-0.192861595,-0.20064855,-0.19860664,-0.331662302
-0.192824738,-0.228082588,-0.247820365,-0.344754156,-0.218014497,-0.224677236,-0.212594463,-0.318302821,-0.208785132,-0.261745628,-0.215884948,-0.301520526,-0.289206133,-0.214377187,-0.190318579,-0.211309644
-0.265057274,-0.240786355,-0.251512481,-0.264442412,-0.11488019,-0.187578012,-0.167467757,-0.495054711,-0.279678019,-0.262157357,-0.252728914,-0.236666176,-0.257299013,-0.178296152,-0.190307045,-0.226661743
-0.175879444,-0.231598926,-0.235311343,-0.365169267,-0.156214855,-0.20711463,-0.228813489,-0.301124085,-0.210246759,-0.208457613,-0.260653352,-0.273597262,-0.202800775,-0.139856911,-0.185087048,-0.212330993
-0.183971944,-0.251361904,-0.221488471,-0.356429119,-0.168869,-0.195801419,-0.204556484,-0.358447759,-0.201240426,-0.196926653,-0.247417347,-0.300006432,-0.26591759,-0.193856529,-0.214229194,-0.181568625
-0.298903959,-0.277175312,-0.236149462,-0.260132661,-0.039247589,-0.169483455,-0.18389341,-0.586302502,-0.29522519,-0.254613789,-0.238089659,-0.250646065,-0.175043799,-0.185480156,-0.203815489,-0.328458502
-0.159743172,-0.213957573,-0.236626449,-0.290653289,-0.152553923,-0.193235749,-0.194519535,-0.474776861,-0.20768632,-0.275934726,-0.244541629,-0.225422942,-0.259650573,-0.202391195,-0.206393349,-0.251561402
-0.26977225,-0.22835349,-0.278884679,-0.205867282,-0.060617118,-0.162058038,-0.190843517,-0.484429855,-0.274560585,-0.243401554,-0.244336324,-0.18674123,-0.203608986,-0.182132269,-0.153869204,-0.227295094
-0.199478275,-0.210912649,-0.262002203,-0.268917879,-0.154466366,-0.207456981,-0.192486092,-0.503257991,-0.224846529,-0.261293741,-0.252853255,-0.227465995,-0.250638179,-0.157600058,-0.181243957,-0.28765824
-0.225075493,-0.243975879,-0.248503821,-0.197521964,-0.083416297,-0.183832549,-0.189431335,-0.541014615,-0.229131612,-0.243945182,-0.246714348,-0.211017968,-0.203848192,-0.201104674,-0.225345786,-0.292375409
-0.235607188,-0.247188419,-0.241957679,-0.253008583,-0.086650341,-0.20631415,-0.193793831,-0.409024462,-0.240066295,-0.238239917,-0.231691143,-0.216405324,-0.176983454,-0.217448125,-0.201748152,-0.251757359
-0.264238,-0.212726377,-0.290625403,-0.192138308,-0.19438347,-0.21065635,-0.192879011,-0.376187824,-0.266012899,-0.255109894,-0.273609139,-0.205818537,-0.304641703,-0.23335379,-0.18241855,-0.17074367
-0.266074446,-0.27255315,-0.24885898,-0.279121545,-0.121449439,-0.213321278,-0.203985017,-0.509818756,-0.233670722,-0.236740679,-0.232884707,-0.315771088,-0.189610778,-0.18693159,-0.20161274,-0.339882772
-0.230736081,-0.2421473,-0.213273605,-0.297568682,-0.129770263,-0.192423796,-0.212203175,-0.482021722,-0.282097465,-0.263247928,-0.201214508,-0.215020371,-0.229932526,-0.236305807,-0.257679885,-0.305266114
-0.241482459,-0.284540352,-0.215577071,-0.286021173,-0.114382076,-0.175129542,-0.177639649,-0.608223077,-0.255684543,-0.27921591,-0.292425315,-0.281093885,-0.265915418,-0.178584467,-0.134726349,-0.294545166
-0.167405665,-0.176725395,-0.223438633,-0.388778518,-0.164179291,-0.206360848,-0.177186804,-0.436969346,-0.280676692,-0.224569792,-0.258202362,-0.177414907,-0.306996241,-0.255845821,-0.212912559,-0.194695116
-0.24755151,-0.236600901,-0.239724719,-0.277612438,-0.05051743,-0.191839727,-0.14663589,-0.518659474,-0.266839387,-0.232222876,-0.208023912,-0.236440805,-0.194397449,-0.206616107,-0.160548206,-0.24356386
-0.163098134,-0.235328298,-0.214070754,-0.331599456,-0.239223313,-0.245624227,-0.205304386,-0.363682135,-0.249122198,-0.233192108,-0.214853043,-0.197903161,-0.285553395,-0.226860476,-0.223916648,-0.259806651
-0.129244465,-0.197487853,-0.206473451,-0.536825249,-0.07479345,-0.167105081,-0.174895105,-0.486398334,-0.224134462,-0.293791742,-0.243004965,-0.354123208,-0.237600334,-0.187387525,-0.211957579,-0.188861788
-0.25554259,-0.273307254,-0.207519325,-0.216311598,-0.152731846,-0.209331723,-0.198362026,-0.360319695,-0.292419266,-0.260519241,-0.283071147,-0.171400948,-0.245804133,-0.181953152,-0.228364201,-0.191209582
-0.223051541,-0.233042401,-0.23908898,-0.305398863,-0.163227833,-0.212453481,-0.222732638,-0.328905023,-0.248243427,-0.203754666,-0.256655493,-0.228853467,-0.218263135,-0.19502108,-0.195963945,-0.222766837
-0.256211189,-0.283222095,-0.228853095,-0.260133353,-0.146121155,-0.217486804,-0.182812646,-0.378232563,-0.240823115,-0.268329938,-0.213607135,-0.276868685,-0.2504927,-0.207531699,-0.202881168,-0.206838011
-0.29315068,-0.277268728,-0.257375167,-0.24128703,-0.15164507,-0.18765683,-0.193913918,-0.416439318,-0.270012957,-0.293416379,-0.259557623,-0.282673443,-0.260290617,-0.185015498,-0.169376869,-0.209533345
-0.250299301,-0.23234916,-0.271427672,-0.248082523,-0.110595113,-0.157404568,-0.221365256,-0.489242517,-0.231541045,-0.216914544,-0.18281976,-0.245120122,-0.232650137,-0.192843967,-0.220040727,-0.261596987
-0.162896962,-0.24321034,-0.203947292,-0.294074372,-0.111512598,-0.169211121,-0.191747412,-0.556932336,-0.211133513,-0.264809619,-0.231730921,-0.22719812,-0.25591855,-0.237381031,-0.20322506,-0.282217321
-0.289929498,-0.264490336,-0.259724575,-0.079351348,-0.213262496,-0.217012275,-0.217660801,-0.347181378,-0.259210845,-0.237632964,-0.267561713,-0.171043629,-0.279056192,-0.224880806,-0.23297594,-0.226406293
-0.282236869,-0.281919687,-0.207725343,-0.320151418,-0.126819162,-0.196529403,-0.193630703,-0.361528005,-0.309567922,-0.296852438,-0.263733412,-0.246159585,-0.220842996,-0.185814648,-0.243800225,-0.200346194
-0.234756193,-0.263513457,-0.256845059,-0.197640722,-0.156222869,-0.205210291,-0.188017304,-0.443215687,-0.200838009,-0.276010572,-0.255825286,-0.266569057,-0.270150182,-0.245769187,-0.224864128,-0.2283554
-0.304264029,-0.281603525,-0.269589851,-0.147289617,-0.147606742,-0.188814252,-0.216655491,-0.436981584,-0.244295497,-0.246433841,-0.236245846,-0.234386067,-0.251388218,-0.207895176,-0.241406776,-0.26051151
-0.197460715,-0.257273125,-0.215091608,-0.294907194,-0.139521498,-0.195812087,-0.192427088,-0.444065092,-0.217134189,-0.235491324,-0.230590055,-0.245076002,-0.241125712,-0.187823995,-0.189851599,-0.248675448
-0.231562748,-0.248461234,-0.252469138,-0.332379813,-0.213136667,-0.220351853,-0.211407307,-0.438432028,-0.210965736,-0.208834169,-0.273148483,-0.314876644,-0.277517019,-0.192619027,-0.188247193,-0.27438579
-0.321388977,-0.269378451,-0.275053534,-0.084827294,-0.086671369,-0.174345787,-0.186619793,-0.541158635,-0.282146651,-0.270944687,-0.276149886,-0.186485703,-0.217754704,-0.160590632,-0.178484916,-0.276883044
-0.25109374,-0.261339243,-0.224669748,-0.303184983,-0.102321095,-0.180441385,-0.194295036,-0.481123228,-0.275512972,-0.245079427,-0.247077328,-0.233728197,-0.215804639,-0.196480849,-0.205815284,-0.262730103
-0.232623723,-0.256639494,-0.220217716,-0.276247549,-0.099598745,-0.198551876,-0.171199028,-0.52784676,-0.256593068,-0.227183857,-0.271538759,-0.258575031,-0.230408475,-0.15663399,-0.230500628,-0.265022504
-0.356570693,-0.332966211,-0.269861665,-0.104165194,-0.12471995,-0.186910441,-0.18730732,-0.411146306,-0.240649152,-0.28353161,-0.259458061,-0.319291312,-0.24088436,-0.183558799,-0.201064273,-0.206255202
-0.178365304,-0.247433268,-0.199358253,-0.346699334,-0.085596121,-0.165855642,-0.18961927,-0.526709885,-0.222581995,-0.251881361,-0.268731702,-0.267498423,-0.23471202,-0.20539992,-0.177093521,-0.236285699
-0.245213048,-0.261552459,-0.224863825,-0.305614778,-0.172700398,-0.198487831,-0.22075543,-0.414953301,-0.25412795,-0.248529821,-0.249540135,-0.276513524,-0.257422476,-0.206865057,-0.224317833,-0.241712678
-0.217496395,-0.207076684,-0.251596806,-0.313978412,-0.092668104,-0.176958239,-0.207403395,-0.482638891,-0.271014965,-0.254276756,-0.288118216,-0.246166951,-0.204778236,-0.184663588,-0.212993792,-0.274059484
-0.23769843,-0.259069378,-0.239929045,-0.300444361,-0.074046617,-0.171979889,-0.18624101,-0.519630972,-0.239662402,-0.279965814,-0.271012211,-0.296185152,-0.208913495,-0.209317799,-0.19552489,-0.273131993
