0.25I,,,,,,,,,,,,,,,,,,,,,,,,,,,,,,I,,,,,,,,,,,,,,,,,,,,,,,,,,,,,
n=100     B=100,,,,,n=100  B=200,,,,,Naïve,,,,,n=200  B=100,,,,,n=200  B=200,,,,,Naïve,,,,,n=100     B=100,,,,,n=100  B=200,,,,,Naïve,,,,,n=200  B=100,,,,,n=200  B=200,,,,,Naïve,,,,
beta0,beta1,beta2,beta3,phi,beta0,beta1,beta2,beta3,phi,beta0,beta1,beta2,beta3,phi,beta0,beta1,beta2,beta3,phi,beta0,beta1,beta2,beta3,phi,beta0,beta1,beta2,beta3,phi,beta0,beta1,beta2,beta3,phi,beta0,beta1,beta2,beta3,phi,beta0,beta1,beta2,beta3,phi,beta0,beta1,beta2,beta3,phi,beta0,beta1,beta2,beta3,phi,beta0,beta1,beta2,beta3,phi
-0.195459303,-0.243333778,-0.170947985,-0.418247752,5.340090182,-0.195407468,-0.243079719,-0.17102881,-0.418513205,5.338059312,-0.138278325,-0.240511178,-0.192985685,-0.364961969,5.101591632,-0.16611628,-0.230953363,-0.226046673,-0.388799973,4.784048618,-0.165408686,-0.230607122,-0.22586932,-0.389811744,4.786372075,-0.261972322,-0.253555635,-0.234512354,-0.225882644,5.185401155,-0.176360295,-0.240054741,-0.147179275,-0.484732827,5.125685391,-0.175219667,-0.238526616,-0.147856761,-0.486963569,5.119742242,-0.08707076,-0.210961387,-0.156861404,-0.491209658,4.688850886,-0.165999304,-0.231427954,-0.232611165,-0.379588243,4.824815012,-0.165435776,-0.230701379,-0.232072134,-0.381081408,4.82419967,-0.200273411,-0.223478823,-0.192156682,-0.362247816,4.610594912
-0.31649266,-0.281052071,-0.289717779,-0.026912133,6.215881709,-0.255928196,-0.284668795,-0.322811353,-0.069886101,7.34884611,-0.372811827,-0.330100328,-0.27597244,0.011452868,4.295421752,-0.358873364,-0.303747176,-0.2600538,-0.146789875,5.836075024,-0.100684848,-0.209763572,-0.22310316,-0.467664718,4.768594063,-0.185725717,-0.21115382,-0.202466441,-0.425612813,4.675680836,-0.32141182,-0.307251641,-0.298802983,0.014981828,6.744254131,-0.33059124,-0.31702523,-0.366867861,0.100373781,10.10446469,-0.309067851,-0.262508204,-0.244481074,-0.182257321,3.631234152,-0.36764267,-0.295815842,-0.274254147,-0.123481879,6.209234169,-0.086078005,-0.207336579,-0.218143741,-0.487279427,4.77512829,-0.13732108,-0.175806224,-0.169516624,-0.555527104,4.200040393
-0.384473965,-0.286044911,-0.266807861,-0.026745971,4.40170098,-0.439903632,-0.272283072,-0.387793774,0.152664549,5.507493667,-0.334624916,-0.230073326,-0.19514091,-0.247128784,4.488352832,-0.183734744,-0.210589053,-0.264383087,-0.338637152,5.568587523,-0.313679881,-0.250465823,-0.278506362,-0.207775298,4.980731808,-0.201100051,-0.167961748,-0.262109305,-0.336941013,5.152246102,-0.376714804,-0.285114798,-0.267453962,-0.036203464,4.354105737,-0.513506613,-0.346222017,-0.422660813,0.341614212,6.400006872,-0.28177131,-0.205057609,-0.168577606,-0.360354736,4.182272828,-0.185238904,-0.202269455,-0.276560733,-0.345718495,5.788558012,-0.348604615,-0.285300159,-0.286978847,-0.091032475,5.30654552,-0.11136479,-0.122073837,-0.209153977,-0.551052108,4.544466752
-0.254800347,-0.169071423,-0.215924166,-0.379535137,5.066803572,-0.166578022,-0.194023252,-0.263320318,-0.355220007,6.103158188,-0.225217809,-0.222290966,-0.222765735,-0.386116672,5.281086141,-0.204403634,-0.255179342,-0.220747112,-0.311445602,4.364452526,-0.361408269,-0.291271916,-0.252570338,-0.194399475,3.748665055,-0.099087061,-0.195637835,-0.196888201,-0.513382915,6.279544292,-0.246222126,-0.143437871,-0.246465385,-0.380629915,5.197108855,-0.172648678,-0.19385412,-0.252915387,-0.351023986,6.090049047,-0.184049955,-0.185890974,-0.19654532,-0.500710572,4.769424222,-0.20847269,-0.245823518,-0.226614117,-0.320172068,4.227206346,-0.390484443,-0.309244066,-0.262543215,-0.134340746,3.818293029,-0.059718422,-0.168051609,-0.165316908,-0.62057095,5.60152036
-0.345698814,-0.283167086,-0.313964761,0.016343039,6.034735706,-0.293116253,-0.286816696,-0.27334596,-0.086203692,6.222137904,-0.181058974,-0.201730065,-0.233171635,-0.342440426,4.431559168,-0.13962534,-0.232484883,-0.242971848,-0.422899981,4.827689885,-0.357627091,-0.282603562,-0.286883719,-0.132405183,4.650998887,-0.231702476,-0.224646415,-0.238517431,-0.287862908,4.602521397,-0.373352407,-0.303941217,-0.322809688,0.089111406,6.511289623,-0.282854099,-0.299168157,-0.277610539,-0.062238022,6.53562373,-0.119309624,-0.160871502,-0.203055084,-0.484245183,4.01563283,-0.124850958,-0.222412008,-0.236663443,-0.470112189,4.623839964,-0.330628627,-0.266385269,-0.298040696,-0.175650817,4.632639463,-0.183451408,-0.204374771,-0.19567798,-0.418653223,4.247591486
-0.176643636,-0.2409929,-0.163661375,-0.284149047,6.198649002,-0.242130115,-0.260827492,-0.218575253,-0.233055404,5.069946623,-0.228781749,-0.289367306,-0.22007511,-0.290591482,4.385924923,-0.199258474,-0.267404719,-0.238448107,-0.328477287,5.68009665,-0.187415604,-0.220298956,-0.221506673,-0.376366695,4.523249223,-0.150061516,-0.231311189,-0.242464926,-0.36073223,4.911339404,-0.19401936,-0.238595539,-0.17052878,-0.271084756,6.192890133,-0.279456609,-0.246898024,-0.234819813,-0.201286782,4.820331023,-0.168450306,-0.262587383,-0.170246011,-0.433432598,3.783565628,-0.194250351,-0.276806874,-0.23265323,-0.30709223,5.987128062,-0.195329897,-0.239605013,-0.222618806,-0.346558656,4.731557236,-0.094288467,-0.193265845,-0.212632481,-0.48502266,4.443642375
0.05072772,-0.203709199,-0.137602914,-0.739840178,5.289075807,-0.293582057,-0.230884351,-0.242954736,-0.300024037,4.496471793,-0.400833556,-0.297283593,-0.286819759,-0.043122293,5.193133042,-0.206692934,-0.213291037,-0.234777358,-0.390180187,5.116345208,-0.258627076,-0.219793272,-0.233119982,-0.239717848,5.197775871,-0.229951664,-0.281548516,-0.226774208,-0.228492146,5.715635816,0.059718827,-0.227555097,-0.11919993,-0.741340778,5.423723406,-0.298594443,-0.235716577,-0.225519695,-0.321999553,4.359508007,-0.342504465,-0.259545781,-0.243048748,-0.228201168,4.167669344,-0.248639345,-0.223539096,-0.260411977,-0.298247749,5.303853942,-0.277355019,-0.228387067,-0.242109398,-0.195516406,5.357416337,-0.186185446,-0.264027436,-0.199282365,-0.329445594,5.394601097
-0.155515085,-0.23740898,-0.202699966,-0.45124783,3.703138061,-0.290458051,-0.272871326,-0.243305126,-0.155197333,5.091592541,-0.130373798,-0.179312775,-0.209918354,-0.51962951,4.902962137,-0.312703598,-0.283652804,-0.279988518,-0.037580924,6.285500029,-0.226903536,-0.219829238,-0.2276584,-0.264648786,4.752402112,-0.190309164,-0.248145238,-0.246314098,-0.304777133,5.074324845,-0.10479458,-0.208053272,-0.195898492,-0.563789017,3.359601055,-0.368695302,-0.319485841,-0.251952056,-0.00672452,5.1928918,-0.056927637,-0.130367511,-0.156619615,-0.708284639,4.254955107,-0.338564454,-0.300554522,-0.283581162,-0.001425017,6.911991841,-0.239679788,-0.227677983,-0.230744101,-0.229419496,4.749472319,-0.117086424,-0.205845937,-0.200276437,-0.491596549,4.480301633
-0.204499393,-0.283729775,-0.177574092,-0.268504587,6.199339746,-0.191766095,-0.173132762,-0.308265766,-0.217494958,5.66357499,-0.260410948,-0.223155011,-0.22438134,-0.354182947,4.552606082,-0.22519888,-0.190869117,-0.232587404,-0.364597121,4.788328345,-0.265143961,-0.248430462,-0.288595314,-0.177544654,6.768736467,-0.362241432,-0.288919133,-0.252120034,-0.09986213,5.29648719,-0.215438306,-0.286622842,-0.189808447,-0.253139747,6.996527675,-0.163391511,-0.168502585,-0.295001897,-0.247046636,5.496869189,-0.201313746,-0.175236456,-0.198620463,-0.497140126,4.12402005,-0.213960778,-0.175302675,-0.234684768,-0.392606984,4.738548839,-0.294300693,-0.261869275,-0.308831651,-0.102300394,7.679005355,-0.333096269,-0.260002705,-0.226350749,-0.189916976,4.816847431
-0.224461735,-0.262534142,-0.318094072,-0.180520153,6.911942616,-0.309481035,-0.331925566,-0.231350165,-0.07074958,5.34638948,-0.256556546,-0.21966092,-0.318355789,-0.224445068,5.344472139,-0.30120258,-0.323904003,-0.265239616,-0.110030527,5.647871796,-0.265368999,-0.262634646,-0.223465297,-0.19703045,5.193327135,-0.199808957,-0.184191964,-0.293998544,-0.317501368,5.610005236,-0.24852484,-0.269912674,-0.331726171,-0.132880958,7.188367275,-0.336216051,-0.385380645,-0.199339396,0.005594671,5.595083393,-0.184512934,-0.200472424,-0.271313251,-0.356628331,4.898670596,-0.302015094,-0.312997922,-0.28995762,-0.100025916,5.619459231,-0.249591683,-0.268978855,-0.214135625,-0.210341307,5.162809221,-0.126658352,-0.147408255,-0.255903473,-0.47787545,4.933698032
-0.229411325,-0.237469801,-0.265510175,-0.23689492,6.310355206,-0.227920378,-0.232287708,-0.213851905,-0.287721588,4.678936889,-0.370201502,-0.275477722,-0.220317125,-0.184674944,3.945999368,-0.220853213,-0.221629656,-0.257740294,-0.353056385,4.662739391,-0.195826648,-0.278775736,-0.249759084,-0.215701967,5.630663643,-0.121378128,-0.209345127,-0.221500969,-0.442725188,5.053604588,-0.239606491,-0.234747676,-0.269633741,-0.213812358,6.620973372,-0.225545477,-0.22660997,-0.210306563,-0.295804742,4.594685384,-0.286813297,-0.221837601,-0.195823531,-0.352772598,3.55492105,-0.252317473,-0.233569615,-0.295114751,-0.267003921,4.982198906,-0.212262125,-0.294551115,-0.252159619,-0.180877521,6.250338476,-0.06673636,-0.170368964,-0.186978134,-0.581697622,4.540091735
-0.230332643,-0.218476804,-0.247390218,-0.413107299,5.309939042,-0.247027809,-0.290042342,-0.285245115,-0.143043975,6.264474597,-0.25947748,-0.24441468,-0.266284041,-0.332190022,4.259722901,-0.281101703,-0.253485943,-0.276687576,-0.17027571,4.806092845,-0.233069314,-0.252449506,-0.273394223,-0.297715534,4.759145438,-0.145789012,-0.242620107,-0.22561482,-0.388700156,5.128601646,-0.204386392,-0.211421638,-0.222738147,-0.487404882,5.177957416,-0.257871665,-0.276847418,-0.304663897,-0.112359145,6.206834798,-0.175941265,-0.191998652,-0.227566064,-0.522898941,3.718542104,-0.281144509,-0.257885791,-0.259755912,-0.17752872,4.681197487,-0.244009057,-0.268074959,-0.281753379,-0.252103169,4.723730976,-0.081425541,-0.216073472,-0.192372459,-0.516513507,4.705451828
-0.252144818,-0.235504612,-0.275186554,-0.25077023,6.002287816,-0.176929797,-0.175761396,-0.238264106,-0.423974335,4.753218413,-0.243140486,-0.227582709,-0.284155246,-0.120971301,5.799169246,-0.20270711,-0.247137587,-0.266446736,-0.305197707,5.831186825,-0.365053799,-0.284768864,-0.252055075,-0.134269371,4.139421082,-0.284863167,-0.251649792,-0.244706936,-0.235898521,4.57683849,-0.265040176,-0.251206424,-0.265300166,-0.239144238,6.036802118,-0.170084728,-0.166460227,-0.231428592,-0.463690172,4.73610223,-0.20559307,-0.188479837,-0.261773639,-0.236339814,5.176726475,-0.194631276,-0.221147295,-0.269164629,-0.344853833,5.657389791,-0.339454179,-0.300003324,-0.220320024,-0.169325471,4.005069053,-0.245441051,-0.212723786,-0.217685833,-0.344319755,4.061188281
-0.355583797,-0.192397081,-0.311176506,-0.190676785,3.924239392,-0.310638319,-0.240751397,-0.351351473,-0.10827752,5.424440288,-0.205474467,-0.217158789,-0.258509589,-0.393151035,4.821572366,-0.247392655,-0.248586498,-0.294125979,-0.224401033,5.311088118,-0.248970843,-0.258942489,-0.262528483,-0.193358515,5.77392492,-0.216808618,-0.210145749,-0.247801008,-0.265961781,4.761609819,-0.327940752,-0.167638385,-0.311922565,-0.242561431,3.80696554,-0.344620333,-0.247142143,-0.374479198,-0.074719748,5.712772066,-0.137034751,-0.203672253,-0.197281113,-0.561735693,4.22604263,-0.228874559,-0.237289034,-0.29123436,-0.250536403,5.183534128,-0.260005673,-0.275685425,-0.265134641,-0.155024289,6.129726761,-0.180483561,-0.181790502,-0.203550366,-0.389405214,4.137119883
-0.221972,-0.270547331,-0.215463438,-0.398903547,3.687170102,-0.199946012,-0.198486998,-0.191414825,-0.437077995,3.930345767,-0.215016288,-0.344116845,-0.193237255,-0.224582506,5.81167564,-0.283799021,-0.216968206,-0.252063826,-0.264365661,4.845876876,-0.218380885,-0.264930958,-0.23361868,-0.310707866,4.499187957,-0.157203996,-0.207287325,-0.268375902,-0.4041182,5.586105934,-0.215128619,-0.271968214,-0.22028336,-0.407056948,3.58350349,-0.172339642,-0.179202742,-0.176787493,-0.50056563,3.658396398,-0.157951041,-0.320322341,-0.153094137,-0.316683887,5.423798278,-0.277564594,-0.211419276,-0.240822987,-0.296844162,4.762004085,-0.195837995,-0.258620541,-0.23983393,-0.334481465,4.522625881,-0.094369894,-0.171935128,-0.239326511,-0.550562545,4.878250866
-0.191290063,-0.279481469,-0.181156083,-0.392926211,5.721019215,-0.178987273,-0.178057326,-0.254015434,-0.322091216,4.766299965,-0.329866273,-0.24280259,-0.248014292,-0.169003428,3.631250399,-0.27325972,-0.245685234,-0.286887009,-0.287118575,4.307772079,-0.21523696,-0.25430199,-0.222940624,-0.311762215,4.651160194,-0.277584914,-0.282967341,-0.245060027,-0.157619685,6.238048129,-0.156951225,-0.263871351,-0.175407426,-0.458464547,5.749815527,-0.198327942,-0.177907724,-0.26239449,-0.303653766,4.701394309,-0.252417914,-0.193251121,-0.206407111,-0.357182281,3.15136098,-0.291433807,-0.243721008,-0.301767637,-0.258481973,4.587125412,-0.191151671,-0.256176332,-0.2053703,-0.362272109,4.453204625,-0.19011431,-0.225189079,-0.219606596,-0.344205907,5.440104388
-0.165834708,-0.18683529,-0.286997619,-0.475078647,4.559673291,-0.250653805,-0.24127534,-0.188373872,-0.319605812,4.237671559,-0.263652206,-0.202826474,-0.242521425,-0.376571808,3.809542158,-0.240509532,-0.266519337,-0.241559658,-0.256687622,4.445062856,-0.27351956,-0.2565036,-0.258836711,-0.162732253,5.323377951,-0.266867168,-0.2499322,-0.211241931,-0.277024755,4.334219089,-0.136130061,-0.157244541,-0.272183876,-0.571749157,4.261418556,-0.222216044,-0.242215514,-0.182953527,-0.345751391,4.286720878,-0.21096065,-0.174755524,-0.191197518,-0.515119736,3.42602651,-0.24335659,-0.25878949,-0.25782828,-0.247449801,4.292096785,-0.256186326,-0.251279746,-0.27275071,-0.157583477,5.482610246,-0.220029934,-0.220099075,-0.176661856,-0.395157394,3.912372861
-0.400708323,-0.295391898,-0.325518303,0.023609753,4.973407194,-0.22864211,-0.28284226,-0.240152539,-0.124230401,6.037502473,-0.246641896,-0.232526431,-0.248569309,-0.296193934,4.241384997,-0.227582967,-0.221152786,-0.284041869,-0.233756291,5.928184189,-0.221591128,-0.290774364,-0.236324271,-0.196299126,7.610607075,-0.249530489,-0.24866426,-0.217179702,-0.243376895,4.509464826,-0.432020768,-0.313412159,-0.329616302,0.102640809,5.171104661,-0.259617321,-0.285986806,-0.259655657,-0.001183871,6.396989748,-0.231235402,-0.220383197,-0.21813629,-0.375283281,3.952151307,-0.220585229,-0.191504729,-0.295867988,-0.264184608,5.844510811,-0.209315297,-0.294902829,-0.226908138,-0.218275132,7.546556589,-0.182316957,-0.201041041,-0.174018992,-0.411698653,3.976618621
-0.233545254,-0.209067037,-0.269102955,-0.343526386,5.605233406,-0.339238099,-0.329814806,-0.25454401,0.073695392,6.093296172,-0.206909528,-0.212135696,-0.20491331,-0.355981692,4.909539012,-0.289659325,-0.303117613,-0.253099408,-0.062535606,6.157651624,-0.302551558,-0.280771143,-0.249038376,-0.070345601,4.761500351,-0.188930969,-0.2523417,-0.187682994,-0.344027472,5.195444178,-0.230726487,-0.206589775,-0.280057479,-0.334410636,5.671418245,-0.301520994,-0.320167947,-0.248386524,0.032815149,6.241944009,-0.123413238,-0.14606414,-0.17196884,-0.533548492,4.259709009,-0.315883089,-0.3107638,-0.284684157,0.002157591,6.733977267,-0.303981904,-0.281707087,-0.23042087,-0.08035159,4.508922135,-0.125592476,-0.206539226,-0.163558002,-0.486390087,4.522163782
-0.424722688,-0.32396133,-0.301242238,0.14147536,5.566484621,-0.206421759,-0.232544068,-0.245489747,-0.295579631,5.321063099,-0.279850487,-0.266058306,-0.226687603,-0.378361697,4.494772792,-0.23843663,-0.225127965,-0.276085121,-0.267955824,5.571968696,-0.318544228,-0.292854859,-0.25731338,-0.167449692,4.800499933,-0.274438029,-0.199843304,-0.218993464,-0.331776051,4.486750969,-0.431569125,-0.326122943,-0.314964759,0.196250525,5.7855328,-0.210631505,-0.225078173,-0.238519307,-0.315049669,4.784929699,-0.161054411,-0.214339546,-0.158295559,-0.653383024,3.748153678,-0.248308288,-0.227471001,-0.290150371,-0.237841872,5.860152452,-0.309449142,-0.299262587,-0.253308792,-0.181046493,4.922439148,-0.222356562,-0.173553949,-0.183388039,-0.450461458,4.144628315
-0.020812327,-0.196458621,-0.167242753,-0.638564881,5.227950681,-0.352261089,-0.245631565,-0.241143867,-0.142717482,5.216009898,-0.199510965,-0.234071314,-0.230834824,-0.362784518,4.422850224,-0.16878179,-0.227432336,-0.276075408,-0.197021059,5.8955987,-0.182756329,-0.231174339,-0.287827145,-0.336000063,6.100906896,-0.151153812,-0.213049425,-0.17802101,-0.42446255,4.345158356,-0.007329648,-0.18242585,-0.153860135,-0.678106784,5.026825141,-0.335817257,-0.252231267,-0.21794508,-0.18570175,4.813514759,-0.150291557,-0.200403831,-0.20178288,-0.466799465,4.088493598,-0.184203355,-0.231340425,-0.279433473,-0.154772236,6.057624641,-0.171770849,-0.228771108,-0.278260704,-0.366082035,5.808792949,-0.081508049,-0.175640191,-0.142953356,-0.57404279,3.964074745
-0.291280073,-0.224212978,-0.308430504,-0.203060116,6.003688585,-0.207176516,-0.192096611,-0.2289006,-0.398035421,4.209082219,-0.281201567,-0.301098821,-0.251258633,-0.185182558,5.500117865,-0.239277138,-0.228312402,-0.268991886,-0.300479961,5.166392653,-0.320761004,-0.253963309,-0.311179821,-0.153602902,4.456145404,-0.305246842,-0.232052394,-0.241106533,-0.209574447,4.449137826,-0.306059841,-0.223582198,-0.322493747,-0.204723484,5.949119935,-0.180072505,-0.201143447,-0.199769603,-0.434088749,4.182786575,-0.230209371,-0.274809689,-0.227119652,-0.297525683,4.943170385,-0.265108427,-0.259074487,-0.273595994,-0.247392214,5.324856463,-0.340231078,-0.231746302,-0.331068669,-0.155745665,4.332684574,-0.245101646,-0.194085421,-0.206944033,-0.350052901,3.933140003
-0.246575643,-0.319991786,-0.176526667,-0.221445952,7.221605569,-0.238493812,-0.279172805,-0.297984897,-0.087772958,5.113708465,-0.188488221,-0.215701443,-0.253608344,-0.324191758,4.631097372,-0.16801892,-0.218184855,-0.192026482,-0.387937413,5.720126467,-0.168677836,-0.256370664,-0.219371821,-0.319319102,6.937982448,-0.172033184,-0.201139036,-0.218041947,-0.427793075,4.904140678,-0.227416518,-0.299293197,-0.183762062,-0.25879572,7.943868174,-0.219603053,-0.284223813,-0.290460122,-0.089040413,5.044916374,-0.156102058,-0.186563088,-0.234787618,-0.423402423,4.048747247,-0.154632942,-0.210617559,-0.171388947,-0.436819397,5.610633104,-0.188373987,-0.277213103,-0.217658643,-0.275993366,7.238922018,-0.090453566,-0.159814029,-0.168163636,-0.5948374,4.421924551
-0.166113018,-0.268084348,-0.243986496,-0.182521073,7.651252683,-0.238591881,-0.254068763,-0.231810006,-0.284445852,5.625584652,-0.066388372,-0.153423677,-0.25987174,-0.533815737,6.575014917,-0.250513837,-0.24076635,-0.213925535,-0.346240677,5.056788477,-0.232997843,-0.236427872,-0.286411367,-0.194373814,6.675016057,-0.180937514,-0.257392497,-0.224644895,-0.406631081,6.02128397,-0.16176277,-0.265469277,-0.223667603,-0.198855163,7.174187353,-0.276731153,-0.272454025,-0.26032728,-0.213040652,5.738927424,-0.005102463,-0.121167578,-0.228840461,-0.680686307,5.657180237,-0.239962539,-0.238019853,-0.200056619,-0.397792827,4.904076401,-0.231089563,-0.243187428,-0.286580202,-0.199902257,6.827957403,-0.119126733,-0.223252875,-0.198154129,-0.555084345,5.50491337
-0.341532875,-0.292874232,-0.287099251,-0.060511428,7.271479475,-0.282273629,-0.335859581,-0.18252118,-0.046926679,6.132246036,-0.333068998,-0.303456821,-0.22387504,-0.122901336,4.012101949,-0.230219126,-0.284512218,-0.257250609,-0.160811462,5.624778566,-0.233159602,-0.229948151,-0.190085382,-0.357902773,4.660646464,-0.20233428,-0.225110912,-0.252953065,-0.291301727,4.8567734,-0.33251461,-0.279775766,-0.280445157,-0.100958853,7.588583961,-0.303951648,-0.365754754,-0.187900292,0.064827956,6.50337331,-0.283951272,-0.280585003,-0.19006331,-0.249448764,3.547225463,-0.229807311,-0.293324685,-0.252476705,-0.149911093,5.652988855,-0.235586314,-0.232418955,-0.178299288,-0.345370251,4.6264263,-0.144600875,-0.204857268,-0.216976521,-0.414659229,4.542131129
-0.202920006,-0.230885479,-0.339150796,-0.214765941,5.771938249,-0.245263434,-0.278728855,-0.262674127,-0.183263857,5.717735429,-0.081576051,-0.222067588,-0.192610202,-0.450972866,6.520835175,-0.261762394,-0.193425617,-0.269850744,-0.345190609,4.838982288,-0.367729471,-0.262368359,-0.26346771,-0.109186039,4.795767261,-0.176746231,-0.183180468,-0.271032019,-0.40497004,5.248835778,-0.245886795,-0.247591408,-0.397624428,-0.102425289,6.929976977,-0.267375276,-0.314621459,-0.277156566,-0.140189346,6.652063542,-0.051226491,-0.207877188,-0.168986448,-0.540718345,6.1030359,-0.274076836,-0.199030677,-0.282907814,-0.331272961,4.990397605,-0.363939401,-0.266127993,-0.256986989,-0.11336097,4.931184703,-0.120727986,-0.137618936,-0.240921718,-0.543522116,4.78361727
-0.391367594,-0.287975535,-0.286033131,-0.044783948,4.04702131,-0.060443564,-0.204664655,-0.195212719,-0.482231929,6.563047567,-0.223312998,-0.236529882,-0.233484377,-0.294790655,5.421608815,-0.140846035,-0.220466646,-0.210589377,-0.402112828,6.299460635,-0.257526035,-0.240561187,-0.320257682,-0.208616497,5.442644156,-0.205607697,-0.21651087,-0.266957116,-0.259590944,5.728336943,-0.389163827,-0.275282269,-0.29003662,-0.041726129,3.907189976,-0.025413878,-0.223467657,-0.167701059,-0.552536891,6.894649055,-0.157822928,-0.204491632,-0.199625139,-0.432124085,4.931008255,-0.137248481,-0.226990777,-0.206861457,-0.404649928,6.335292879,-0.275994951,-0.259116958,-0.340281265,-0.14616746,5.799361153,-0.136234725,-0.178004678,-0.22243096,-0.4275065,4.959581958
-0.157048424,-0.27087917,-0.221346385,-0.383272977,4.668420359,-0.147066466,-0.327515386,-0.132548319,-0.404525127,5.156722483,-0.261151722,-0.240018355,-0.258997508,-0.296180204,6.361300841,-0.255330928,-0.296496935,-0.242485522,-0.228864261,6.115741611,-0.154067663,-0.234273364,-0.229838733,-0.385127222,4.412989827,-0.259590281,-0.212926504,-0.257188291,-0.265800406,4.373844184,-0.162304264,-0.298784586,-0.202045535,-0.379566384,4.713297379,-0.137339445,-0.355363539,-0.116872083,-0.385083951,5.379112074,-0.220372676,-0.223686445,-0.210927066,-0.421059294,5.795656358,-0.241389486,-0.289663531,-0.232249087,-0.266388972,6.068400085,-0.140366577,-0.21873693,-0.229570864,-0.414368061,4.389813873,-0.211112275,-0.173013424,-0.235661878,-0.385943299,4.020918438
-0.323191831,-0.257134807,-0.266231766,-0.185278756,4.827767988,-0.282330849,-0.236626562,-0.231458323,-0.371882835,3.439357397,-0.348176264,-0.267274224,-0.239668243,-0.196959,3.800779041,-0.176629582,-0.21489329,-0.257155477,-0.389735397,5.473818126,-0.231135146,-0.257881631,-0.250384652,-0.223627063,5.243729429,-0.16629069,-0.197603468,-0.255091444,-0.303002151,5.115698781,-0.354330825,-0.267524511,-0.283958712,-0.130477723,5.252318356,-0.320296109,-0.285288621,-0.212971219,-0.319329619,3.485501525,-0.275409347,-0.239944263,-0.189845987,-0.323669072,3.383428634,-0.15231927,-0.199918892,-0.254916477,-0.44623539,5.525272132,-0.263193185,-0.282796702,-0.259263546,-0.167639503,5.282799688,-0.127968235,-0.16818903,-0.217858998,-0.414015427,4.569679791
-0.234744199,-0.298290208,-0.204788535,-0.17429663,5.71522372,-0.354508396,-0.313360307,-0.256895437,-0.072003448,4.343342118,-0.092287896,-0.192781911,-0.283514492,-0.398165772,5.333015983,-0.17361599,-0.226683249,-0.230594756,-0.415325176,5.077610789,-0.262904631,-0.26324599,-0.216206511,-0.269975762,5.131873766,-0.251065746,-0.203270279,-0.247860034,-0.279831245,5.08481417,-0.244220956,-0.320838986,-0.239297063,-0.105832703,6.396570338,-0.418906058,-0.379471136,-0.275023007,0.117277805,4.843239862,-0.043913617,-0.177936552,-0.238799097,-0.517553693,4.581627874,-0.172958656,-0.221340906,-0.234652558,-0.418056243,5.184588113,-0.278353544,-0.27581795,-0.210761229,-0.251390458,5.238024994,-0.207062825,-0.180134292,-0.205000392,-0.406956223,4.498712048
-0.450675986,-0.29278105,-0.318221527,0.119851031,6.382502583,-0.306183073,-0.163111297,-0.261347632,-0.284603227,3.304910095,-0.280191611,-0.262261889,-0.223207155,-0.232649101,5.098943235,-0.195451801,-0.259817239,-0.241818792,-0.365829132,4.853920953,-0.346954574,-0.275008946,-0.298496386,-0.099706488,4.527686635,-0.17407512,-0.218126635,-0.192096716,-0.413108316,4.385963204,-0.480581,-0.311223475,-0.328035686,0.192248929,6.708041386,-0.301708993,-0.13023325,-0.274826693,-0.301029351,3.246510377,-0.225177357,-0.223235316,-0.199815896,-0.36428312,4.851519131,-0.175140566,-0.245065785,-0.238201301,-0.398344142,4.737962976,-0.358830979,-0.267821365,-0.327509654,-0.057175668,4.569841669,-0.11840442,-0.178753345,-0.159307171,-0.548390362,3.88865796
-0.239884001,-0.262117394,-0.301601444,-0.133272651,8.299175134,-0.256007927,-0.242706185,-0.225356685,-0.287312646,4.183700167,-0.256941627,-0.199081679,-0.271734933,-0.271398763,5.240733439,-0.295964943,-0.251759881,-0.229904601,-0.187205001,5.827317039,-0.360519055,-0.249806321,-0.264806844,-0.14345272,4.512392089,-0.119084537,-0.181911566,-0.248229651,-0.548003938,4.482624037,-0.259797706,-0.260765152,-0.321740893,-0.083138596,9.142352447,-0.274693269,-0.232783671,-0.228274796,-0.278995707,3.987772373,-0.185602638,-0.156962874,-0.230007144,-0.423624588,4.772454162,-0.325803474,-0.265435036,-0.247173363,-0.13368985,5.770706933,-0.36477576,-0.244482021,-0.263278867,-0.150887938,4.556165844,-0.029998537,-0.129769243,-0.21118255,-0.747708358,3.990863224
-0.263021825,-0.268737061,-0.286134018,-0.216278567,5.326332328,-0.320821545,-0.314213174,-0.23679216,-0.015786012,6.88556045,-0.191162794,-0.254709244,-0.200705161,-0.275710486,4.778333041,-0.287587661,-0.292132233,-0.270555683,-0.131899682,4.238048486,-0.205909181,-0.23889566,-0.245276748,-0.328405836,5.649727438,-0.099868846,-0.196183105,-0.218024445,-0.413593268,5.838655211,-0.236502578,-0.256112497,-0.272372797,-0.278676511,4.935323472,-0.325281894,-0.370355952,-0.232484636,0.070207645,8.639387042,-0.136307671,-0.22257438,-0.175218987,-0.419444962,4.156644577,-0.305628491,-0.299235808,-0.279405654,-0.115263515,4.230632629,-0.179914815,-0.226334031,-0.234161295,-0.366067074,5.627852309,-0.069358244,-0.171742895,-0.190724202,-0.508044999,5.22006391
-0.238980171,-0.309069405,-0.253260734,-0.143007174,5.836952882,-0.202715972,-0.171928954,-0.335196672,-0.284322527,4.693574108,-0.336023512,-0.247806513,-0.243123482,-0.070960214,5.07456701,-0.265888283,-0.211847284,-0.280660166,-0.259000893,4.908858036,-0.381966641,-0.291070969,-0.266138903,-0.101147797,4.33690827,-0.135272546,-0.210635472,-0.168006813,-0.451518513,4.975051066,-0.222454923,-0.301681464,-0.245873497,-0.150892334,6.488049326,-0.221374486,-0.174926545,-0.347047111,-0.272187795,4.416827896,-0.282376364,-0.229835054,-0.189505076,-0.207580162,4.570703406,-0.274685041,-0.214371465,-0.282680922,-0.251888844,5.154236829,-0.403239533,-0.309807724,-0.271933242,-0.063631965,4.380719183,-0.09603439,-0.165221024,-0.158209808,-0.560768762,4.625050334
-0.187764602,-0.277371773,-0.185174577,-0.362072666,5.321233694,-0.356676857,-0.28063641,-0.308077423,-0.083898053,4.499122308,-0.239023137,-0.236938647,-0.245520917,-0.306423742,5.470582256,-0.264003537,-0.207863349,-0.262122803,-0.28301736,5.377555076,-0.252817287,-0.233268106,-0.297268863,-0.198490512,5.421599635,-0.146527138,-0.192030453,-0.213852865,-0.480875341,5.770665771,-0.136584095,-0.26587131,-0.155610354,-0.474413374,5.011270915,-0.358904607,-0.281767731,-0.310991618,-0.070757311,4.332811332,-0.175414757,-0.18913755,-0.226860767,-0.441887806,5.101034464,-0.288883742,-0.216366871,-0.269533367,-0.250163675,5.731011743,-0.272637096,-0.247078298,-0.299623557,-0.160304723,5.720217788,-0.080105177,-0.157414795,-0.169964411,-0.652525196,5.108558858
-0.342374133,-0.316583228,-0.299591356,-0.129564986,5.337024649,-0.30641305,-0.306058812,-0.21158747,-0.10473057,5.103482677,-0.248763819,-0.208255202,-0.239970167,-0.360223863,4.273727072,-0.256218744,-0.221030345,-0.279428223,-0.208911859,5.708545248,-0.218668214,-0.205020028,-0.218757169,-0.306072774,5.208010603,-0.146914158,-0.24495993,-0.262902996,-0.290754724,5.51051989,-0.341331647,-0.285821648,-0.305072355,-0.185840729,4.779441454,-0.326217205,-0.319380072,-0.224505089,-0.052363984,5.283702556,-0.179086579,-0.165291319,-0.188719876,-0.527429821,3.650376509,-0.285287629,-0.272710497,-0.276321501,-0.118577312,5.997874296,-0.221382552,-0.220730014,-0.211454329,-0.288584136,5.182139156,-0.073662351,-0.20123593,-0.231537456,-0.477322254,4.891053292
-0.236898133,-0.268693746,-0.229505562,-0.237800923,4.687591045,-0.194634756,-0.192048827,-0.213404886,-0.431791838,5.497044058,-0.210735138,-0.161915501,-0.235563392,-0.516894096,3.979864811,-0.285035282,-0.305941819,-0.210864975,-0.218817171,5.328788602,-0.123105633,-0.221842352,-0.206156717,-0.440912254,5.751506426,-0.268616009,-0.261908732,-0.240011452,-0.285332799,4.371009051,-0.224194406,-0.269666484,-0.22640669,-0.26530567,4.527681758,-0.193740564,-0.203476377,-0.204460548,-0.426058557,5.642595593,-0.150105904,-0.129770234,-0.18983042,-0.665884722,3.654693608,-0.297226893,-0.312272612,-0.211661832,-0.186789651,5.447878419,-0.108621363,-0.224531187,-0.205336136,-0.462481558,5.869068038,-0.206007425,-0.235601868,-0.199190419,-0.43964498,3.897415006
-0.406182336,-0.280432627,-0.273977138,-0.033943942,5.627436559,-0.258097913,-0.349873732,-0.219246789,-0.202190368,5.293064226,-0.216700567,-0.215309806,-0.243205509,-0.263937749,7.023565921,-0.1340624,-0.20581108,-0.258358995,-0.39451923,5.349752342,-0.195594659,-0.249148834,-0.283984527,-0.295046553,6.232051385,-0.324197707,-0.262204429,-0.234505936,-0.239448034,3.896071168,-0.439210299,-0.276530773,-0.283855323,0.026839574,5.82509312,-0.305390079,-0.386873288,-0.219806165,-0.111458706,5.538303424,-0.148615391,-0.190130853,-0.20962908,-0.400043467,6.30893309,-0.135482578,-0.190769145,-0.262468323,-0.404073816,5.232566134,-0.190283396,-0.249546081,-0.286741063,-0.27315115,6.45135061,-0.264457715,-0.219971599,-0.198794717,-0.391466399,3.411518952
-0.147239316,-0.257537523,-0.197277599,-0.348714618,6.512856803,-0.208837299,-0.24196993,-0.216649846,-0.336371221,5.460652537,-0.204895975,-0.285904539,-0.124211368,-0.461424858,3.621500621,-0.321775176,-0.230110868,-0.291268545,-0.120690883,4.327166489,-0.224261291,-0.21652145,-0.23305374,-0.388831085,5.226836964,-0.237986751,-0.226213103,-0.260321342,-0.242318265,4.585242645,-0.159918634,-0.275385211,-0.19661028,-0.313645565,6.46108831,-0.217382794,-0.244135171,-0.222490907,-0.315185166,5.34340467,-0.118991585,-0.243876685,-0.075900268,-0.642431536,3.257664188,-0.310957242,-0.227131925,-0.28578316,-0.111728611,4.45312209,-0.227648517,-0.22658451,-0.24425961,-0.378122763,5.383385425,-0.194051036,-0.200301319,-0.228794613,-0.355166658,4.088734866
-0.247123979,-0.244651201,-0.301513145,-0.142201355,5.629278669,-0.277348604,-0.314216305,-0.23125439,-0.131862879,5.048512953,-0.233884662,-0.288694254,-0.234199318,-0.188983299,5.336675821,-0.235529156,-0.277974748,-0.281831427,-0.240985872,4.883213356,-0.267418221,-0.229844835,-0.225447422,-0.289071817,5.661594384,-0.259892973,-0.221145904,-0.259571174,-0.308840593,4.547412362,-0.258970338,-0.253902793,-0.30690657,-0.131969439,5.28356731,-0.283509007,-0.360093832,-0.219717584,-0.056273853,5.249403134,-0.159450785,-0.25371969,-0.183976124,-0.363093859,4.578971565,-0.294302304,-0.294182101,-0.304381222,-0.142033747,4.963799394,-0.309597568,-0.247981547,-0.244794917,-0.202009931,5.808174427,-0.19604228,-0.188171712,-0.22178033,-0.451959126,4.087362764
-0.298002844,-0.233177902,-0.279062187,-0.213171916,5.613996259,-0.260761402,-0.265793546,-0.305245977,-0.145374987,5.359213989,-0.172904109,-0.238600389,-0.241032828,-0.350304374,4.779305647,-0.28631726,-0.282685283,-0.23168744,-0.116276717,5.453915653,-0.192306534,-0.233202054,-0.224052234,-0.346115036,5.805619451,-0.336517207,-0.274496775,-0.240549463,-0.155076047,5.24115027,-0.299961211,-0.221977807,-0.314797257,-0.202933863,6.452642514,-0.208027895,-0.243784727,-0.26710122,-0.268548683,4.743670775,-0.100484828,-0.19858685,-0.192202721,-0.53745363,4.127228605,-0.268175412,-0.287784852,-0.216246028,-0.143826269,5.488728749,-0.201229801,-0.235354123,-0.220959137,-0.331681173,5.809289867,-0.253905592,-0.238179773,-0.187657381,-0.334710239,4.552790375
-0.379199977,-0.341145503,-0.284779997,0.046141183,5.232660319,-0.18762589,-0.214320757,-0.208754324,-0.309941352,6.052069496,-0.27398136,-0.278367013,-0.243618272,-0.173764074,4.085724206,-0.282480648,-0.19570623,-0.28858303,-0.258076665,4.719203782,-0.351901442,-0.257536681,-0.282705247,-0.133550713,4.761808288,-0.224904098,-0.189532657,-0.205603343,-0.343025113,5.468969352,-0.395010882,-0.376995986,-0.277834367,0.073274279,5.268768175,-0.209270317,-0.218802551,-0.208050397,-0.287457626,5.888580305,-0.216255897,-0.223499834,-0.207620031,-0.316671093,3.492408102,-0.279605597,-0.183202968,-0.29340326,-0.25897652,4.56242137,-0.355163221,-0.253209203,-0.290780082,-0.118763416,5.019694214,-0.190927644,-0.17570943,-0.180528453,-0.420909528,5.165112071
-0.249600222,-0.210297245,-0.243224297,-0.323190044,4.084540012,-0.177793158,-0.191432321,-0.258371637,-0.358511939,5.542305942,-0.166055097,-0.192722023,-0.205680586,-0.398298141,5.306620331,-0.374274997,-0.338761632,-0.265183596,-0.12770411,4.378032792,-0.326166759,-0.248766114,-0.270988767,-0.126680918,5.390601076,-0.117155763,-0.231664369,-0.18831488,-0.502012166,5.059207824,-0.261756053,-0.208994471,-0.260235698,-0.292300983,4.452988675,-0.176815026,-0.19439724,-0.253318146,-0.389780214,5.626993974,-0.134562774,-0.162887128,-0.187397608,-0.483250905,5.042577326,-0.393721176,-0.339236921,-0.285992638,-0.099780665,4.314053475,-0.331412627,-0.242586183,-0.28939647,-0.113501451,5.423859777,-0.069487446,-0.206980392,-0.158886777,-0.626405143,4.576889999
-0.12010782,-0.223378931,-0.243744219,-0.452344172,5.208399927,-0.166208175,-0.276699244,-0.212202033,-0.419490773,6.039974817,-0.197304996,-0.207637043,-0.225440012,-0.372536585,5.672947781,-0.341177137,-0.221938348,-0.308652393,-0.120114144,4.692692664,-0.291556604,-0.277777166,-0.255795871,-0.155296202,4.928463883,-0.159146674,-0.224896254,-0.22511906,-0.353008091,5.627778521,-0.082773186,-0.227043687,-0.240570261,-0.509108616,5.338673288,-0.147748588,-0.272197949,-0.214472467,-0.457141949,6.024161777,-0.148252299,-0.175762832,-0.198205266,-0.491011241,5.13935487,-0.381003701,-0.219801048,-0.327228195,-0.041129329,4.943736373,-0.333154019,-0.314228029,-0.263063048,-0.058847366,5.25989959,-0.086082551,-0.190505074,-0.182864781,-0.509755678,5.036190986
-0.290607323,-0.266806242,-0.290900644,-0.118950837,6.43012457,-0.33499365,-0.288472219,-0.254485551,-0.047368673,4.586090779,-0.281393671,-0.21052315,-0.282180341,-0.233367247,4.952479446,-0.168133829,-0.223971701,-0.230511914,-0.320652157,5.055344358,-0.319247002,-0.273870398,-0.299373706,-0.112809008,4.910196917,-0.041127717,-0.191601411,-0.269405358,-0.536165815,6.45405236,-0.401233035,-0.284701202,-0.354236249,0.142732614,7.612058069,-0.34667931,-0.289683956,-0.253633668,-0.034155967,4.423533164,-0.242615743,-0.182434727,-0.235247097,-0.355678231,4.291793175,-0.183216035,-0.221391131,-0.234796345,-0.306884886,4.996193639,-0.356449775,-0.320363791,-0.290000718,-0.028491152,5.090550752,0.023896005,-0.167856006,-0.226543067,-0.675769374,5.781843566
-0.278148337,-0.285224331,-0.316244482,-0.114898554,5.055804259,-0.187639728,-0.315138624,-0.105122192,-0.335195055,6.015687712,-0.199263961,-0.257094795,-0.253344507,-0.342307863,4.473275857,-0.290840957,-0.276725895,-0.267810509,-0.134832103,4.355176525,-0.20764759,-0.216117245,-0.200206681,-0.370563754,6.241475,-0.142607946,-0.214389611,-0.229214904,-0.337542989,5.515913381,-0.292856483,-0.296782139,-0.311568227,-0.10740078,4.619517838,-0.265324413,-0.363068291,-0.117893323,-0.182025883,6.583942588,-0.088217093,-0.208555446,-0.193977749,-0.549833348,3.75530463,-0.313816393,-0.300768257,-0.261938552,-0.085476877,4.381975032,-0.217494208,-0.222803278,-0.203205412,-0.347989583,6.289172044,-0.086914913,-0.184929251,-0.200289493,-0.455609346,4.825729024
-0.260031341,-0.398621263,-0.216980513,-0.091279495,8.090492414,-0.283487833,-0.286422005,-0.279318996,-0.198569374,4.413216963,-0.179674563,-0.137148281,-0.21811972,-0.475517433,6.679717306,-0.300282488,-0.220872841,-0.334394695,-0.200233433,5.614311377,-0.130224537,-0.225492188,-0.207361662,-0.495642314,4.798738461,-0.235624054,-0.218050738,-0.25193787,-0.214734299,4.477771679,-0.285466585,-0.420141728,-0.222817158,-0.045845465,9.151109647,-0.358786922,-0.298166875,-0.338200916,-0.076909553,4.717147445,-0.125349492,-0.11741668,-0.197084251,-0.594546373,6.427279189,-0.278935844,-0.217851358,-0.319658066,-0.247717302,5.69603478,-0.123846664,-0.225113734,-0.203880871,-0.497647151,4.89997569,-0.180494825,-0.181522747,-0.220929939,-0.35198306,4.090535864
-0.252293298,-0.284695705,-0.29798224,-0.304630154,4.276908353,-0.244807899,-0.234273308,-0.244489411,-0.211390405,5.806337175,-0.261899497,-0.27608647,-0.224051368,-0.263696908,5.538455956,-0.18223074,-0.239248334,-0.22357252,-0.28599601,5.891208001,-0.351794325,-0.214400559,-0.261643339,-0.182602443,4.81888202,-0.210647653,-0.292078359,-0.219769057,-0.270152816,5.72084061,-0.381710522,-0.333289053,-0.382247652,-0.007379401,5.259726393,-0.256783333,-0.224099598,-0.253910028,-0.201792914,6.206854833,-0.219822801,-0.242705254,-0.182777813,-0.393628109,4.841715907,-0.175038844,-0.231669013,-0.234409586,-0.279943743,6.041664577,-0.348239531,-0.214056665,-0.272558145,-0.180716072,4.959433155,-0.124318333,-0.25278106,-0.178476796,-0.459366861,4.972351366
-0.20053563,-0.148523315,-0.252507784,-0.309563651,6.878806815,-0.188626618,-0.236547653,-0.211385885,-0.368010468,4.787463827,0.026747398,-0.167132329,-0.264454283,-0.60308578,6.734033354,-0.234491028,-0.231191553,-0.265242556,-0.267857248,5.561905042,-0.225087946,-0.250974279,-0.242680198,-0.289740957,4.731578154,-0.206544815,-0.277455904,-0.222202261,-0.334019387,4.709897729,-0.170442195,-0.126685357,-0.273031419,-0.333173188,7.248568588,-0.181807838,-0.228984396,-0.204334166,-0.36451078,4.770023277,0.106279873,-0.135017228,-0.22241454,-0.772990961,6.006371502,-0.220983004,-0.222356215,-0.263799151,-0.281781161,5.684094587,-0.199723763,-0.246528642,-0.225289014,-0.336466432,4.527025459,-0.140027252,-0.230980635,-0.188498006,-0.493139097,4.078659604
-0.279057001,-0.267142653,-0.283425785,-0.126049811,4.623904059,-0.306277601,-0.296354762,-0.160127809,-0.19675005,5.435467583,-0.351885284,-0.252861191,-0.293615185,-0.23741105,3.910820996,-0.16973323,-0.208606279,-0.27106249,-0.287639801,5.698303006,-0.170132633,-0.236247679,-0.214620468,-0.408355025,4.531193296,-0.246914627,-0.201440456,-0.251596019,-0.30684625,4.506556453,-0.254247064,-0.230174808,-0.291097778,-0.181443968,4.385418825,-0.326299135,-0.314568178,-0.170955064,-0.137713225,6.003166829,-0.286721295,-0.230475135,-0.252291862,-0.383673768,3.603351852,-0.143337399,-0.197346178,-0.275508579,-0.306056294,6.06901053,-0.180910612,-0.236764482,-0.218405153,-0.382147244,4.62763626,-0.208685931,-0.171271374,-0.221483276,-0.41764845,4.179236492
-0.014199978,-0.193354111,-0.210154313,-0.630804369,5.442449673,-0.219990252,-0.279628927,-0.302131676,-0.161051888,5.818594694,-0.245353931,-0.19658057,-0.248441065,-0.311012507,5.115124878,-0.33200957,-0.295655406,-0.264105698,-0.120927559,5.630265622,-0.32309764,-0.234868476,-0.280690122,-0.232186541,3.68090535,-0.264117396,-0.228873864,-0.263539636,-0.368658831,4.491128207,-0.01138427,-0.212237693,-0.217587737,-0.6095068,5.631536902,-0.198209504,-0.28355647,-0.282900779,-0.200654202,5.472066346,-0.190837004,-0.165006853,-0.215636456,-0.425526073,4.654223163,-0.361134207,-0.304659921,-0.279116659,-0.056367829,5.838565866,-0.313891796,-0.219443208,-0.2983761,-0.24169249,3.752090429,-0.190809599,-0.192495389,-0.224506027,-0.526928094,4.167440047
-0.069347575,-0.192470145,-0.209755926,-0.546749694,5.330428408,-0.31761234,-0.261438368,-0.238484389,-0.233446527,4.733623393,-0.09479733,-0.180684755,-0.204987261,-0.520386237,4.385865309,-0.294026716,-0.279503985,-0.238559783,-0.150562023,4.357817711,-0.343684436,-0.276560249,-0.279787957,-0.138098678,4.692164111,-0.342653643,-0.289430027,-0.226266176,-0.149269445,4.66266018,-0.063519479,-0.183986776,-0.224289509,-0.547573459,5.398025058,-0.303929126,-0.267826273,-0.220349513,-0.249797191,4.735885542,-0.018985589,-0.149811555,-0.166409464,-0.6625654,4.129730838,-0.309237768,-0.296609938,-0.228663342,-0.121813757,4.254291701,-0.320227345,-0.266400868,-0.276221957,-0.194365962,4.395130755,-0.261415496,-0.248953206,-0.178810412,-0.332790386,3.929990905
-0.130855299,-0.241367259,-0.159130531,-0.359915244,5.68967343,-0.116259206,-0.240041575,-0.202263364,-0.513158364,4.474608698,-0.25610172,-0.241138214,-0.159589814,-0.36263086,5.764990727,-0.228291634,-0.234219867,-0.290277989,-0.150926109,5.18225469,-0.153881219,-0.241891269,-0.207092203,-0.363207584,4.991263191,-0.321280553,-0.278582303,-0.202211865,-0.251643951,4.537175827,-0.096011612,-0.241807807,-0.129285053,-0.419506905,5.494848213,-0.116586587,-0.251393347,-0.226860854,-0.479755912,4.726278754,-0.200231091,-0.200493689,-0.131180858,-0.499145443,5.264731334,-0.228877159,-0.227901057,-0.300508058,-0.141722066,5.336717152,-0.154433037,-0.242106412,-0.212340809,-0.351823153,4.895985355,-0.266317247,-0.240866711,-0.170048247,-0.391078652,4.138441842
-0.347322679,-0.282717586,-0.228723755,-0.231941765,4.349393059,-0.207017565,-0.248411694,-0.230280194,-0.298214099,5.707657635,-0.370860045,-0.243137437,-0.269156472,-0.102029355,4.599254175,-0.198368928,-0.275240455,-0.250713282,-0.24658514,6.029923139,-0.304430106,-0.228910469,-0.261141232,-0.25995101,4.487953154,-0.164934554,-0.232625867,-0.22948527,-0.300528572,5.115380248,-0.314801691,-0.284744684,-0.201993715,-0.289595019,4.281485697,-0.228036338,-0.25889256,-0.215994567,-0.29185356,5.270581254,-0.338473839,-0.232164082,-0.235022881,-0.180537883,4.158991751,-0.163524981,-0.257700794,-0.231292379,-0.338485857,5.485324347,-0.275808371,-0.227485501,-0.243231015,-0.326074917,4.318210521,-0.099374806,-0.188566693,-0.193856188,-0.458571793,4.497642106
-0.262687845,-0.212695179,-0.195129882,-0.309933108,5.474560173,-0.350486667,-0.324929534,-0.229932835,-0.20419161,4.010856445,-0.287723722,-0.23078785,-0.267989666,-0.14335479,5.131922197,-0.291762024,-0.253135043,-0.228419251,-0.279548289,4.722166602,-0.237694432,-0.251683884,-0.25112821,-0.231129537,4.758002201,-0.182386923,-0.178713665,-0.22104248,-0.412421979,5.236115035,-0.251760545,-0.206074542,-0.211325456,-0.316409534,5.423242632,-0.361103874,-0.32857949,-0.220018293,-0.214050528,4.15634908,-0.234039817,-0.19112176,-0.238644365,-0.293998321,4.61837864,-0.309393004,-0.279360771,-0.231975862,-0.226679212,4.908454024,-0.237463911,-0.263954858,-0.253577852,-0.205231398,4.865096416,-0.138199702,-0.142135434,-0.188963341,-0.522346873,4.750244629
-0.141412005,-0.300499021,-0.171018116,-0.350238124,5.836016965,-0.393551964,-0.32009839,-0.264437942,0.009527677,5.019128478,-0.154755916,-0.194033553,-0.205865643,-0.4251226,5.175260733,-0.348876445,-0.302732553,-0.265155493,-0.097284822,4.90309861,-0.16656339,-0.214140438,-0.209222986,-0.436078836,7.004820447,-0.191159419,-0.256864681,-0.230157782,-0.340291094,5.327332244,-0.138769669,-0.295772043,-0.161413428,-0.35939978,5.871258195,-0.348421579,-0.305378521,-0.242846128,-0.065930134,4.72910174,-0.105550095,-0.167170523,-0.173926534,-0.529202951,4.833011703,-0.38058911,-0.309023332,-0.268479996,-0.044387123,4.966914626,-0.16879784,-0.200113868,-0.223586437,-0.419396527,7.110251257,-0.133812638,-0.224347623,-0.195136635,-0.479138987,4.746044194
-0.273483962,-0.263958915,-0.25174071,-0.216986184,4.47530353,-0.260958546,-0.255833602,-0.229147821,-0.307646794,6.186579934,-0.264171957,-0.264212341,-0.258229121,-0.208036375,5.975261794,-0.428463732,-0.285115661,-0.23759524,-0.147038646,3.677884474,-0.155499683,-0.216594299,-0.28796178,-0.313711858,5.497859618,-0.216563642,-0.27689031,-0.167862605,-0.287697299,4.903702784,-0.272812156,-0.256617862,-0.253017902,-0.2300056,4.210403445,-0.245460349,-0.254258628,-0.210112116,-0.353631975,6.061747988,-0.192350555,-0.211789656,-0.240608469,-0.375588569,5.545367141,-0.423043214,-0.278734626,-0.219934818,-0.170414253,3.537660973,-0.152056345,-0.198527086,-0.306557362,-0.311525647,5.576269038,-0.14385205,-0.234016782,-0.131295882,-0.455817028,4.272909815
-0.2913129,-0.303390199,-0.234229595,-0.090786309,5.495704029,-0.339667194,-0.269131778,-0.219238388,-0.224373732,5.077153568,-0.134609736,-0.228422626,-0.212090085,-0.281655231,6.592524238,-0.244187678,-0.22334156,-0.300258858,-0.20317126,5.324251087,-0.224105175,-0.27344322,-0.253398435,-0.269498825,5.009051919,-0.238441853,-0.203777661,-0.249580774,-0.416945541,4.143890044,-0.330361104,-0.331692902,-0.274697517,0.008171397,6.315629032,-0.335210408,-0.289125574,-0.236996861,-0.174944127,5.381178604,-0.080474137,-0.197329086,-0.171375867,-0.407530604,5.822803907,-0.240147084,-0.230196109,-0.298232538,-0.205422354,5.128292857,-0.22218002,-0.285685576,-0.261779811,-0.253669979,5.091213796,-0.188973711,-0.17012299,-0.220763855,-0.553558955,3.876910766
-0.154258249,-0.239591751,-0.268239248,-0.364073826,4.970910998,-0.467325312,-0.296094479,-0.300288632,0.063201987,5.632186323,-0.104822566,-0.209604065,-0.277029011,-0.340491327,4.823858449,-0.197258383,-0.220014198,-0.260674141,-0.34584085,4.867949578,-0.159521266,-0.265527695,-0.215804744,-0.399543637,6.017980499,-0.341964933,-0.289505164,-0.262769298,-0.139321501,4.604648723,-0.18302043,-0.239763968,-0.295390998,-0.289788158,5.164251612,-0.471498505,-0.299707069,-0.313292492,0.086220103,5.41657481,-0.031625456,-0.183163959,-0.240062098,-0.506770492,4.390378299,-0.197772356,-0.212802426,-0.275284496,-0.335014877,4.893632433,-0.16070928,-0.275431608,-0.217048361,-0.379352282,6.350490742,-0.27396223,-0.243684801,-0.222904748,-0.301948078,3.97531153
-0.309586121,-0.239139697,-0.218417267,-0.264293172,3.950683415,-0.215701428,-0.257179079,-0.172817098,-0.418932558,5.324750444,-0.242867001,-0.19247744,-0.304004144,-0.253785881,5.321195959,-0.241775669,-0.27044263,-0.244523405,-0.208252787,5.799826191,-0.274750722,-0.291103806,-0.20298245,-0.278141514,4.54418642,-0.298012752,-0.252696218,-0.250849576,-0.222574946,4.471019202,-0.373750313,-0.271724563,-0.231606592,-0.16240967,4.014771348,-0.246037308,-0.263736383,-0.18778391,-0.368970153,5.485328252,-0.183094089,-0.161630733,-0.262437416,-0.383071952,4.693205273,-0.241780478,-0.279766302,-0.237129306,-0.204436054,5.932913414,-0.359046194,-0.343740694,-0.240820165,-0.122018435,4.873921077,-0.226052558,-0.207097858,-0.22461399,-0.36852227,4.131561899
-0.252912441,-0.320530916,-0.241100302,-0.153381049,5.168765109,-0.187501545,-0.217242105,-0.209543529,-0.396820112,5.07085166,-0.244897483,-0.283976323,-0.213359024,-0.20305787,6.504144908,-0.215534738,-0.22571403,-0.193089652,-0.403720927,4.764963082,-0.278248359,-0.264890389,-0.246680693,-0.163517029,5.550522532,-0.250177723,-0.244766559,-0.272881045,-0.262235905,4.544382091,-0.317718454,-0.354906823,-0.267174789,-0.020995426,5.492109918,-0.171055424,-0.217863848,-0.20908314,-0.403036477,5.051840499,-0.142350206,-0.231708435,-0.159721078,-0.438359045,5.304009276,-0.197170097,-0.232564367,-0.171713414,-0.434101165,4.60683888,-0.308771544,-0.28506618,-0.269683273,-0.054840572,6.050605443,-0.205392776,-0.215628013,-0.236287437,-0.379191499,3.939864582
-0.123345314,-0.243793654,-0.199681888,-0.348781033,5.58460504,-0.35560198,-0.298274776,-0.287932134,-0.198649992,4.213945207,-0.20223662,-0.189476913,-0.246405145,-0.284785975,3.856040008,-0.299213376,-0.279378894,-0.25213597,-0.185118436,5.108896289,-0.153978409,-0.249617383,-0.214097546,-0.305805494,5.866910351,-0.311648231,-0.288124937,-0.24547846,-0.153344418,4.97361283,-0.144766815,-0.243104605,-0.227725481,-0.294735887,6.003778001,-0.380158059,-0.300740669,-0.318521952,-0.119885577,4.610362242,-0.136209336,-0.162362555,-0.201323569,-0.433555147,3.482211195,-0.274133419,-0.259195205,-0.249512397,-0.249983918,4.969680338,-0.134117551,-0.244356567,-0.202086653,-0.333351017,5.743612386,-0.25598293,-0.257395942,-0.206690677,-0.292411093,4.43687463
-0.227149972,-0.285383686,-0.201826648,-0.302318651,4.74784125,-0.164562287,-0.228141643,-0.219146098,-0.401003057,5.071173204,-0.290962667,-0.238016755,-0.322903824,-0.141040729,4.824337087,-0.217227583,-0.251178187,-0.259591102,-0.312565548,4.886999294,-0.323168145,-0.249849819,-0.303420343,-0.066810771,4.966854491,-0.209902053,-0.224986648,-0.21995007,-0.384136263,5.262646256,-0.228025726,-0.300914496,-0.176948855,-0.303493995,4.763562495,-0.161529106,-0.240946629,-0.211242978,-0.404817409,5.149716249,-0.233864299,-0.208187585,-0.296288613,-0.253672964,4.269686509,-0.211455111,-0.24560781,-0.254098022,-0.345759483,4.63280953,-0.319220401,-0.262932221,-0.298821725,-0.084011293,4.993351753,-0.13860662,-0.205102669,-0.176329443,-0.527519799,4.792835149
-0.234365143,-0.268984545,-0.21886563,-0.290201558,5.171954928,-0.376557714,-0.295610298,-0.344668497,-0.015481733,3.592883847,-0.251430197,-0.241434879,-0.280555718,-0.282021927,3.425034519,-0.265245894,-0.223236491,-0.269361268,-0.130152213,6.899198445,-0.253847425,-0.266685662,-0.29238098,-0.213249774,5.18158738,-0.15935531,-0.221237697,-0.225819158,-0.405863951,4.065531969,-0.220448,-0.246115911,-0.219680783,-0.316294145,5.165533239,-0.368435281,-0.279897112,-0.365375683,-0.01709194,3.91012287,-0.132778222,-0.19472918,-0.20205602,-0.554468497,2.927091995,-0.26366419,-0.219049143,-0.29048556,-0.126641205,7.036275566,-0.244344143,-0.262616213,-0.296285952,-0.218499498,5.298453444,-0.079874042,-0.188906949,-0.182290036,-0.578732229,3.678763637
-0.296971267,-0.249429312,-0.212384606,-0.365171333,3.754637199,-0.413189196,-0.309449985,-0.268195259,-0.1346206,3.846185695,-0.203883242,-0.169834811,-0.173737157,-0.552488942,3.944906149,-0.287158466,-0.303488407,-0.245503839,-0.230199282,5.023213814,-0.382818595,-0.280466524,-0.273734935,-0.125471355,4.780825652,-0.110174619,-0.184093382,-0.239726227,-0.47358324,5.56283511,-0.302807067,-0.268525619,-0.195459086,-0.340921286,3.878700349,-0.478499778,-0.372181035,-0.25948571,-0.059721928,3.831635952,-0.173666524,-0.136269265,-0.165624313,-0.631245034,3.726525526,-0.271117557,-0.300923079,-0.239860793,-0.276463772,4.973003555,-0.407310401,-0.306630044,-0.257731101,-0.091229714,4.83702814,-0.063164156,-0.153951142,-0.200441284,-0.604117645,4.812827527
-0.227292842,-0.223458473,-0.325856371,-0.223359094,5.832579212,-0.318672898,-0.230671032,-0.256577898,-0.16923423,5.112066015,-0.27185332,-0.219583528,-0.246288852,-0.329637698,6.732264376,-0.229932313,-0.253315371,-0.229004146,-0.243430811,5.174579464,-0.269540028,-0.272131893,-0.250922051,-0.192277391,5.77591436,-0.230557961,-0.202561265,-0.257059357,-0.306975408,4.524763698,-0.266102239,-0.251931497,-0.380367165,-0.081818075,6.483018565,-0.398817005,-0.245141269,-0.295519572,-0.044718015,5.548778312,-0.204945801,-0.191346643,-0.21564472,-0.463270602,5.816181002,-0.225990752,-0.252357579,-0.225815994,-0.248228313,5.067665519,-0.289750366,-0.279212309,-0.255005628,-0.157181325,5.953098191,-0.159523418,-0.174629103,-0.210073426,-0.435713732,4.190070957
-0.207131871,-0.24885516,-0.28803942,-0.194640332,5.174836999,-0.543187728,-0.360170451,-0.359396468,0.305457833,4.954264102,-0.151076781,-0.232942547,-0.245254271,-0.32550062,5.612116604,-0.211679654,-0.195979393,-0.252284775,-0.318755649,5.118950767,-0.283903786,-0.269571241,-0.245139942,-0.20439246,6.061867829,-0.154746244,-0.220141759,-0.238223142,-0.36502671,4.600335493,-0.245787389,-0.292973522,-0.316671494,-0.114434802,5.767336178,-0.636294526,-0.427540696,-0.37485128,0.509671871,5.20471446,-0.090752572,-0.202490679,-0.216794479,-0.46224778,5.374125022,-0.237921551,-0.208566794,-0.262005955,-0.276990077,5.182379333,-0.342014625,-0.303349159,-0.243721658,-0.118973598,6.378431976,-0.108895432,-0.191674974,-0.200222614,-0.491176144,4.073727723
-0.114558024,-0.222127208,-0.191033282,-0.337867001,6.72500345,-0.30635919,-0.275437705,-0.267733443,-0.168616531,6.231207861,-0.187537644,-0.280497428,-0.191307446,-0.30775247,6.176222554,-0.238476379,-0.294195429,-0.289976455,-0.090244953,6.591298189,-0.170152502,-0.215583228,-0.20560078,-0.326201885,5.488370591,-0.272141644,-0.269787801,-0.270367632,-0.102754893,4.80904066,-0.123206874,-0.220982732,-0.201355709,-0.302980775,7.085709516,-0.315382965,-0.290093174,-0.249728923,-0.188371583,5.87354486,-0.119805074,-0.247326184,-0.142800763,-0.465196443,5.600194524,-0.227805421,-0.299645424,-0.288596081,-0.09792736,6.678374862,-0.17273094,-0.208662685,-0.213178099,-0.30552713,5.648807912,-0.194439276,-0.224816029,-0.233148789,-0.263937925,4.138191254
-0.300104192,-0.205798409,-0.330378888,-0.276398208,4.586274599,-0.268797163,-0.262993951,-0.265523094,-0.08532769,6.453748595,-0.39568085,-0.244283257,-0.284542292,-0.097819069,5.101965489,-0.289247806,-0.226515034,-0.256040484,-0.238802751,4.777077654,-0.286360652,-0.23191991,-0.293766182,-0.221974308,4.440883615,-0.259396909,-0.24878995,-0.26916501,-0.170784845,4.903069006,-0.352587991,-0.23884374,-0.35834487,-0.166676299,5.183033067,-0.259887369,-0.269231365,-0.257657621,-0.08963851,6.394338297,-0.314573069,-0.203969493,-0.248842157,-0.27004441,4.509257247,-0.284292312,-0.227811835,-0.26533348,-0.240407014,5.074435028,-0.247867947,-0.206510453,-0.31450848,-0.261827639,4.692574727,-0.184762555,-0.205483406,-0.229414041,-0.343358322,4.352643031
-0.300125592,-0.323420435,-0.318282749,0.045212445,5.839548495,-0.199939157,-0.209106332,-0.188836271,-0.434158064,4.645466169,-0.181189557,-0.250048602,-0.228044379,-0.398397007,4.283551474,-0.315372326,-0.291934439,-0.190329452,-0.074177661,6.075731273,-0.244243808,-0.263102712,-0.284936082,-0.203190514,4.970724931,-0.179884384,-0.220106236,-0.272670694,-0.311282686,5.759258199,-0.307534783,-0.337296418,-0.328341418,0.047142602,5.821231705,-0.232297022,-0.225749496,-0.20862064,-0.349032645,4.874761831,-0.11196366,-0.211086775,-0.18105275,-0.581692684,3.810126484,-0.327730754,-0.303595199,-0.196544626,-0.020555887,7.075252007,-0.277583837,-0.274919882,-0.301011129,-0.130298823,5.120068255,-0.124740792,-0.18134392,-0.244037753,-0.439525196,5.238427748
-0.313708304,-0.237082711,-0.222727579,-0.154158998,5.267930531,-0.210044929,-0.178147133,-0.231326189,-0.361652429,4.621483797,-0.251199298,-0.220800602,-0.243305674,-0.276085398,4.034574113,-0.203675207,-0.260946526,-0.22413129,-0.235389891,6.262192328,-0.126239415,-0.211173752,-0.177295076,-0.621340807,5.59613762,-0.147983516,-0.244021022,-0.241792143,-0.350897029,4.267141953,-0.344696521,-0.256336884,-0.242578089,-0.082117654,5.492961369,-0.26697625,-0.18841402,-0.252934813,-0.281551902,4.570672776,-0.190762951,-0.188030248,-0.200706352,-0.403995438,3.711099625,-0.228272758,-0.291506708,-0.222777515,-0.170211453,6.800385497,-0.15037509,-0.2167811,-0.179719022,-0.587705344,5.571587328,-0.078816734,-0.207239708,-0.201674431,-0.528088382,3.668866581
-0.21231217,-0.263851273,-0.284556608,-0.131809936,5.744138626,-0.00207391,-0.215063983,-0.135507558,-0.702501303,4.789914467,-0.236977504,-0.213524049,-0.305520681,-0.313430491,4.823436914,-0.252785776,-0.256644174,-0.237036931,-0.311103054,4.912944562,-0.27807701,-0.253336895,-0.275612918,-0.166078076,5.249221578,-0.319071312,-0.181882375,-0.264539461,-0.213662761,4.768358829,-0.233392758,-0.249004154,-0.277214302,-0.118838544,5.196172827,0.019862678,-0.203529854,-0.12363134,-0.745370596,4.627198428,-0.147049066,-0.163117266,-0.267585147,-0.501976636,4.142588886,-0.252815488,-0.257897128,-0.223539418,-0.338316179,4.879453222,-0.296390795,-0.244937667,-0.298831916,-0.131486543,5.33298547,-0.244432536,-0.141939409,-0.221950537,-0.380513259,4.247273953
-0.175094998,-0.240228747,-0.22714786,-0.249952784,6.330152573,-0.048200302,-0.201846931,-0.211483333,-0.498272788,5.068021084,-0.226100524,-0.197028028,-0.240642501,-0.370818082,5.056526626,-0.25089617,-0.23222988,-0.228407773,-0.295894813,4.412204427,-0.281940545,-0.254442779,-0.234780613,-0.263528566,4.939896558,-0.200892182,-0.23943909,-0.273750259,-0.348301615,4.752886459,-0.188088775,-0.246338837,-0.248929766,-0.204462036,6.870291261,-0.016575022,-0.18538548,-0.195979798,-0.577535297,4.787668241,-0.170419677,-0.174732066,-0.192484835,-0.503660241,4.673762197,-0.256910718,-0.227998493,-0.253865885,-0.25976001,4.717887597,-0.303650965,-0.258230149,-0.244310134,-0.241876985,4.875702573,-0.140448196,-0.213378577,-0.24012628,-0.488728994,4.317691227
-0.213972856,-0.248015956,-0.25501787,-0.353859238,5.436703784,-0.134141978,-0.253606026,-0.251059992,-0.309554308,6.190403029,-0.14601951,-0.212521009,-0.235946981,-0.45943036,3.962589458,-0.216650979,-0.224902786,-0.244729711,-0.360080939,4.868295617,-0.266637028,-0.266275715,-0.191834812,-0.401683897,3.79997451,-0.132976428,-0.209079883,-0.213112587,-0.393252849,5.229472675,-0.240180868,-0.249660391,-0.275208849,-0.327100577,5.58189749,-0.144236592,-0.253290933,-0.269174482,-0.271489693,6.735304062,-0.089015243,-0.172040282,-0.190517351,-0.626088452,3.527071514,-0.207540849,-0.216861662,-0.237562715,-0.403901611,4.854237595,-0.249251474,-0.25354254,-0.195895159,-0.440054832,3.664533065,-0.063878739,-0.166681907,-0.164148617,-0.558182247,4.604444518
-0.319076586,-0.259975557,-0.306666315,-0.084721786,4.957447028,-0.354348361,-0.278982239,-0.273344656,-0.14565446,4.933324961,-0.14637313,-0.208027081,-0.209112438,-0.401708362,5.008426518,-0.193054201,-0.216959448,-0.238250506,-0.28010407,5.168689202,-0.189445874,-0.263312049,-0.23753887,-0.304427843,5.098326809,-0.220982206,-0.226575635,-0.23605135,-0.395525329,4.433857661,-0.384760261,-0.294990392,-0.327609051,0.051472389,5.131432125,-0.370922696,-0.278270007,-0.300390068,-0.108308198,5.131220916,-0.111100036,-0.169316035,-0.191829447,-0.51103334,4.278519913,-0.187045909,-0.222132507,-0.237412103,-0.274202422,5.092189329,-0.198427484,-0.272832396,-0.245672314,-0.261440787,5.28954701,-0.16030773,-0.189216858,-0.201688469,-0.540498608,3.917919334
-0.42687806,-0.299481935,-0.319980493,0.069910198,5.021310106,-0.401577763,-0.281784573,-0.2812589,-0.01115222,5.324561001,-0.380167789,-0.218187627,-0.271258704,-0.106530161,4.600338123,-0.317550283,-0.298518879,-0.286510879,-0.063122232,4.65620237,-0.12290118,-0.201120749,-0.224812683,-0.466964198,5.355699722,-0.210501185,-0.234292834,-0.200589945,-0.373037179,4.140045284,-0.435551399,-0.344111108,-0.318593831,0.125889885,5.278963506,-0.466045263,-0.285314981,-0.325133584,0.154603233,5.9426881,-0.302812382,-0.18224899,-0.22330151,-0.30382089,3.911369946,-0.300680299,-0.293953309,-0.285360029,-0.089736147,4.591612989,-0.137145968,-0.202106563,-0.228992337,-0.462007106,5.48590686,-0.162351994,-0.198562295,-0.174561235,-0.480270765,3.820168063
-0.140166846,-0.282800509,-0.278602121,-0.315764229,6.15600951,-0.283237192,-0.236986787,-0.228030475,-0.229905298,5.585908557,-0.272940047,-0.212315818,-0.251415163,-0.246240686,4.15178606,-0.302466848,-0.249020539,-0.262466359,-0.205545582,4.700930588,-0.238764027,-0.300013839,-0.22847411,-0.182718959,5.470556176,-0.284240583,-0.236368315,-0.228248382,-0.29575722,4.170963317,-0.140257456,-0.292544875,-0.275169157,-0.325122038,6.352364196,-0.336472185,-0.273146704,-0.244678383,-0.114943555,5.995243991,-0.194443022,-0.189479015,-0.215846019,-0.406769953,3.790174671,-0.298126265,-0.24519289,-0.255199763,-0.22804885,4.677820034,-0.227920702,-0.308568863,-0.214192903,-0.206283063,5.507550439,-0.241185916,-0.197127132,-0.206864981,-0.425169029,3.74734366
-0.211802081,-0.26675017,-0.190566785,-0.25160904,7.005378662,-0.16395719,-0.203492568,-0.259925323,-0.372428502,6.411044116,-0.287419708,-0.239975217,-0.304773501,-0.226222315,4.059528,-0.19576634,-0.222826246,-0.276922957,-0.252816685,5.821205719,-0.284356228,-0.2014105,-0.321856029,-0.238177144,4.775087906,-0.345713528,-0.282086971,-0.288060374,-0.081411592,5.569726948,-0.237598336,-0.287663531,-0.201625682,-0.194589125,8.105063059,-0.170950797,-0.218268476,-0.248403997,-0.371016815,6.593849916,-0.193683797,-0.187658547,-0.242162861,-0.46805662,3.388829277,-0.196251544,-0.20952411,-0.281700808,-0.262487634,5.706144004,-0.266734853,-0.185930762,-0.343865096,-0.247649631,5.023765835,-0.301188077,-0.24354441,-0.271246767,-0.201799221,4.839267677
-0.268611278,-0.283859411,-0.319716433,0.002645333,7.164420026,-0.308012744,-0.291370214,-0.28839432,-0.117542122,4.507685011,-0.273612715,-0.221656223,-0.208434682,-0.279617331,5.359707699,-0.218846934,-0.241628757,-0.216647984,-0.407191227,4.533705937,-0.33865979,-0.255384704,-0.267150383,-0.154565904,4.615469001,-0.161256618,-0.22129956,-0.243057288,-0.350435714,4.879443204,-0.272372676,-0.282686912,-0.320451306,0.033747412,7.233704196,-0.27765742,-0.273204114,-0.298691497,-0.173352884,4.024576142,-0.221068455,-0.181284652,-0.198267313,-0.391826933,5.127111025,-0.206696773,-0.239814057,-0.210986657,-0.424536779,4.41553311,-0.339406304,-0.254720222,-0.271257148,-0.144315514,4.726677703,-0.077799599,-0.179893663,-0.194368587,-0.522623869,4.253677298
-0.196564529,-0.229254317,-0.211698067,-0.355141633,5.902201895,-0.195854772,-0.262720178,-0.20305078,-0.38776175,5.261356183,-0.227395611,-0.264884269,-0.222573702,-0.168981045,5.798318573,-0.304694749,-0.2681147,-0.245652468,-0.220816755,4.464939081,-0.180598749,-0.210998484,-0.235214522,-0.298135075,6.508485853,-0.249023431,-0.270607322,-0.242759622,-0.218631916,4.961486876,-0.210434669,-0.234117445,-0.23187254,-0.308133925,6.127936726,-0.165032801,-0.259806251,-0.187098358,-0.428587838,5.11401008,-0.17299048,-0.221645137,-0.180796665,-0.323172956,4.937611873,-0.333446524,-0.273311184,-0.264218058,-0.174904138,4.780523674,-0.160825756,-0.197446891,-0.231221112,-0.342256329,6.166176541,-0.212592015,-0.232297845,-0.216835738,-0.333754989,4.521388528
-0.253317861,-0.252165315,-0.237733576,-0.338260312,4.384752046,-0.309055666,-0.266046702,-0.291791957,-0.051250575,5.296907079,-0.221165584,-0.249816036,-0.194246168,-0.274845236,5.620367327,-0.157206728,-0.258851634,-0.219437039,-0.346983795,5.929367958,-0.283748303,-0.25106686,-0.271290865,-0.18984463,5.121311471,-0.17146137,-0.18494918,-0.229386204,-0.342990196,5.516823742,-0.285947167,-0.254299864,-0.254088464,-0.275623647,4.435376194,-0.291170965,-0.258698757,-0.28262072,-0.096480438,5.119370957,-0.185552064,-0.212674389,-0.159494303,-0.423712329,4.695084313,-0.155838283,-0.270959273,-0.207777317,-0.338946473,6.064360369,-0.34885825,-0.255160521,-0.304181899,-0.06261959,5.537685454,-0.101720974,-0.149606239,-0.197146867,-0.494684563,5.067471482
-0.197366353,-0.245670008,-0.19304489,-0.344906169,5.406324112,-0.182327149,-0.220448769,-0.262282197,-0.346942005,4.769485488,-0.213768357,-0.228613766,-0.211218422,-0.334998571,5.550668549,-0.293390878,-0.227884399,-0.227593504,-0.316326418,4.575511846,-0.318710527,-0.260792278,-0.220190074,-0.249809111,5.19502406,-0.206474859,-0.200318656,-0.257052462,-0.317387532,5.064165951,-0.196082248,-0.237698496,-0.195736334,-0.337363641,5.655530786,-0.177170265,-0.223254987,-0.269307851,-0.345766575,4.813684635,-0.187646856,-0.19579512,-0.188951858,-0.412890248,5.017177832,-0.308053759,-0.245972483,-0.23030488,-0.285149836,4.695671673,-0.316856541,-0.257705514,-0.225156571,-0.245912357,5.360673981,-0.16426198,-0.174829043,-0.227548273,-0.409546582,4.730112888
-0.146150282,-0.176645572,-0.255326033,-0.403635228,5.231212588,-0.141699681,-0.2013278,-0.311742037,-0.355739684,4.523110888,-0.072297876,-0.173913626,-0.138493308,-0.689187848,4.121521611,-0.269255615,-0.25281597,-0.275820391,-0.1226709,5.119506746,-0.298007517,-0.268575798,-0.251802844,-0.196851068,5.371602499,-0.21340064,-0.230427402,-0.228239732,-0.346234261,4.627575529,-0.158329765,-0.185945416,-0.27090219,-0.350605918,5.787057349,-0.143650321,-0.200607802,-0.323925164,-0.345023038,4.387816178,-0.01847584,-0.139261327,-0.105141842,-0.826999077,3.818108268,-0.28013719,-0.256629733,-0.272791725,-0.118182763,4.889009347,-0.30142553,-0.269462963,-0.261192598,-0.181787416,5.524416396,-0.156733148,-0.200442671,-0.186160893,-0.478556418,4.189860921
-0.334116036,-0.274296536,-0.288548788,-0.165967839,5.409363121,-0.1616937,-0.232235071,-0.267092767,-0.40488483,4.949319636,-0.281786857,-0.283609184,-0.196158577,-0.189404428,3.892775406,-0.182668762,-0.181570388,-0.251209879,-0.365166198,4.182628867,-0.16524162,-0.231114529,-0.203209306,-0.348105323,5.891374543,-0.177651668,-0.206030376,-0.25475612,-0.44468379,5.190191081,-0.393543865,-0.280197947,-0.312045022,-0.064721338,5.284450802,-0.120782095,-0.207866636,-0.267785849,-0.477176719,4.801973568,-0.238487664,-0.251651628,-0.160420599,-0.310964122,3.482053737,-0.182225562,-0.174344622,-0.24822825,-0.382077398,4.10092628,-0.19021751,-0.237928151,-0.211784709,-0.311651276,5.780937163,-0.099871379,-0.154474609,-0.223467709,-0.610739935,4.598068069
-0.2778337,-0.215897074,-0.236244748,-0.256665779,4.503244354,-0.161734534,-0.267222643,-0.178962704,-0.409588842,4.948458428,-0.126268211,-0.185416342,-0.244317322,-0.470895825,5.501580684,-0.234537001,-0.214508323,-0.264132157,-0.376242297,4.528090508,-0.274817509,-0.322338419,-0.262616173,-0.080931774,6.174580522,-0.142330582,-0.127142046,-0.21741407,-0.5107921,5.067515456,-0.278268058,-0.216629217,-0.217231966,-0.256166695,4.401078551,-0.153700901,-0.260741879,-0.165955563,-0.441147011,4.483558899,-0.059255603,-0.150083684,-0.208494068,-0.626467338,4.99154277,-0.23868192,-0.193900765,-0.278349669,-0.382071614,4.329804917,-0.309867942,-0.351718886,-0.275320782,0.022591481,6.678469323,-0.084107959,-0.090863788,-0.187143789,-0.632670006,4.716990841
-0.397909524,-0.29272214,-0.278254664,0.068089371,4.504002582,-0.198513208,-0.234181277,-0.257616383,-0.263546572,5.004932066,-0.193074426,-0.263988531,-0.269676913,-0.202516844,7.379925598,-0.293761154,-0.263573744,-0.229583746,-0.288330457,5.33860584,-0.243037874,-0.256855294,-0.232197599,-0.28100463,4.88859094,-0.300115845,-0.237782097,-0.282879757,-0.167696966,4.798558202,-0.389847201,-0.29284101,-0.285705649,0.062169504,4.719370694,-0.173841483,-0.218679256,-0.237233051,-0.325649493,4.487469908,-0.148863947,-0.243237258,-0.222881543,-0.332904505,6.167567149,-0.296709363,-0.265854505,-0.226530756,-0.288060759,5.271342044,-0.232447665,-0.241195164,-0.24227962,-0.309256759,4.970732244,-0.240546371,-0.202573503,-0.242789092,-0.317653932,4.191909353
-0.341837183,-0.225610802,-0.211852258,-0.31512215,3.96414696,-0.077003889,-0.193656629,-0.197893745,-0.601735159,5.300327219,-0.145138927,-0.268022655,-0.159258617,-0.443624371,5.346203211,-0.238602985,-0.285773965,-0.264098966,-0.237006631,5.770374671,-0.16541636,-0.223613824,-0.267033141,-0.323178116,6.484845081,-0.188784691,-0.179641872,-0.294318019,-0.275402543,5.181016333,-0.352010547,-0.245363867,-0.185998368,-0.315038361,3.874090452,-0.105621005,-0.214484771,-0.206933598,-0.545761201,5.46435813,-0.089380567,-0.225876678,-0.136565783,-0.570881355,4.684605721,-0.24135003,-0.290087534,-0.264095363,-0.219006539,5.646730353,-0.199652044,-0.247145137,-0.285744244,-0.246385043,7.002874822,-0.131842726,-0.145552008,-0.252043858,-0.421537065,4.483681605
-0.348878483,-0.310583474,-0.28662171,0.011792695,4.922514549,-0.23817485,-0.204661843,-0.227936226,-0.396162133,4.677507116,-0.140637319,-0.23666347,-0.192305724,-0.379470806,6.252458183,-0.292042154,-0.287976949,-0.228273229,-0.149381952,5.418794521,-0.269175789,-0.249861066,-0.251643598,-0.246826056,5.172803196,-0.187009004,-0.268872926,-0.246598906,-0.255880401,6.347034484,-0.368986555,-0.328038921,-0.29260156,0.086403931,5.075689615,-0.24467096,-0.207416715,-0.227514686,-0.397795849,4.785572052,-0.082811545,-0.213997847,-0.164891095,-0.497335733,5.772037667,-0.295691268,-0.289012926,-0.224014811,-0.15100615,5.667035065,-0.255965391,-0.249799887,-0.243559201,-0.270113387,5.339182091,-0.143035921,-0.244236153,-0.22293008,-0.369447572,5.730549519
-0.13951397,-0.16944692,-0.298524674,-0.431930888,6.014141503,-0.255708116,-0.2460508,-0.223341251,-0.28367802,7.264784204,-0.124303384,-0.214525749,-0.210218121,-0.377171368,7.639482799,-0.299847387,-0.253982715,-0.280381199,-0.175786439,5.351880969,-0.238292104,-0.242397927,-0.207826852,-0.246647188,5.066099407,-0.184849596,-0.214032724,-0.248615864,-0.356107931,5.175478001,-0.152012496,-0.173783256,-0.320392981,-0.359819398,6.41259135,-0.228697927,-0.236933442,-0.21417253,-0.326773199,7.263249536,-0.056704329,-0.179658033,-0.180218441,-0.512893258,6.751918987,-0.349225403,-0.268438632,-0.306583455,-0.095966587,5.616201852,-0.239480185,-0.250104595,-0.18672596,-0.2606922,4.884258771,-0.132312036,-0.177989805,-0.214789801,-0.494050963,4.511890396
-0.378638488,-0.251144736,-0.270054288,-0.054256388,4.361900346,-0.300237062,-0.235502906,-0.282988131,-0.137345042,5.262499697,-0.14097212,-0.144002824,-0.23550182,-0.430800109,4.359389701,-0.294983602,-0.287896715,-0.272699024,-0.192457542,4.084580092,-0.253130488,-0.261425114,-0.24610748,-0.247973771,4.991399545,-0.319124605,-0.209407224,-0.246526989,-0.262855852,4.733977967,-0.363496082,-0.219372412,-0.247815688,-0.133769313,3.972741742,-0.316423456,-0.236092428,-0.291062187,-0.143279919,5.202999897,-0.119880059,-0.113211989,-0.20804805,-0.508255466,3.901200445,-0.314232387,-0.290850836,-0.270283224,-0.176568997,4.001294251,-0.223401384,-0.246502311,-0.223868475,-0.315839683,4.667827582,-0.269655892,-0.17793997,-0.223271498,-0.380536166,4.432880428
-0.292381272,-0.240696009,-0.247309647,-0.225278327,5.23099997,-0.245555213,-0.243493581,-0.334615589,-0.209667226,6.981106569,-0.418807059,-0.235208229,-0.33785525,-0.049571564,3.845660131,-0.291652124,-0.263274117,-0.277741318,-0.201931179,5.329044038,-0.245262584,-0.265852251,-0.215089622,-0.204590718,5.87452945,-0.161338219,-0.283465826,-0.144332229,-0.483080408,5.214665889,-0.289031729,-0.227896962,-0.262746577,-0.202665414,5.61988018,-0.281831938,-0.254331993,-0.367287502,-0.115314672,8.030737095,-0.369881466,-0.205162086,-0.308443189,-0.167239167,3.55838654,-0.342018516,-0.291269556,-0.302833221,-0.064779506,5.953869313,-0.268315618,-0.296071255,-0.217628612,-0.153188282,6.068637629,-0.12241883,-0.248404064,-0.130649031,-0.583364874,4.708153596
-0.296632738,-0.263737197,-0.261124872,-0.249567251,5.104700114,-0.245556476,-0.268690599,-0.289219647,-0.289083389,5.373031912,-0.221902858,-0.235664057,-0.212390467,-0.268867622,4.875832214,-0.187624564,-0.22145101,-0.244794009,-0.283633032,6.233589173,-0.203039897,-0.198229405,-0.238363711,-0.438406327,4.173275083,-0.199707935,-0.193392775,-0.266450869,-0.314891546,5.68310514,-0.284860292,-0.248057063,-0.262788528,-0.281331867,5.086563475,-0.260274643,-0.258320444,-0.30959334,-0.256495593,5.980714165,-0.147133613,-0.200482285,-0.169246209,-0.442685448,4.240567124,-0.204591299,-0.227963486,-0.255342954,-0.255328017,6.659554828,-0.198364537,-0.18245655,-0.251662156,-0.454159953,4.156731605,-0.157789934,-0.161126158,-0.233749088,-0.420572457,5.165153181
-0.272614582,-0.254384023,-0.157741547,-0.351365878,4.505460708,-0.188701331,-0.203573424,-0.207956614,-0.402120665,4.352049684,-0.219521208,-0.231915071,-0.283481668,-0.249228804,5.793922272,-0.327831872,-0.271815912,-0.261768132,-0.130494312,6.379011006,-0.267626507,-0.238280234,-0.26232515,-0.21386964,5.231258967,-0.203963956,-0.231359915,-0.250103754,-0.240891183,4.84364444,-0.293513715,-0.26911808,-0.168157212,-0.297741591,4.620650445,-0.160856822,-0.181383014,-0.194335398,-0.474946964,4.099109752,-0.152526312,-0.199713471,-0.225481295,-0.42360483,5.211027396,-0.366213518,-0.297047394,-0.2813056,-0.05453412,6.90287614,-0.272040134,-0.252213073,-0.263392708,-0.191355269,5.429730162,-0.132539174,-0.195213081,-0.214307105,-0.396611686,4.370667094
-0.064483726,-0.249736128,-0.184891662,-0.395941454,8.197136672,-0.227721308,-0.305910286,-0.287093678,-0.17000935,5.772914185,-0.177780803,-0.243138192,-0.177386146,-0.372655652,6.539535489,-0.230679426,-0.19572046,-0.246194092,-0.30450344,4.759091834,-0.27158383,-0.241497736,-0.274107892,-0.26257338,4.605016009,-0.204305455,-0.22990336,-0.250359035,-0.324857921,4.884689032,-0.083410403,-0.257051139,-0.181889812,-0.377190249,7.853717448,-0.23977876,-0.314399565,-0.306651159,-0.146053055,6.145826714,-0.126647795,-0.220123382,-0.138308074,-0.472019625,5.954993701,-0.229719814,-0.190625241,-0.234044165,-0.33678563,4.630079974,-0.266489466,-0.234129856,-0.275806648,-0.276472566,4.466868988,-0.161660831,-0.191897639,-0.232697819,-0.426878027,4.441043284
-0.194919787,-0.297338111,-0.198827895,-0.391318395,4.489709733,-0.297303309,-0.294045025,-0.262978283,0.013113029,5.17527661,-0.354403818,-0.186214935,-0.31895035,-0.082959245,6.170081579,-0.227310526,-0.294057918,-0.21639121,-0.21478255,5.235799292,-0.247165269,-0.192746298,-0.242076161,-0.339909486,4.429399794,-0.157382268,-0.25796189,-0.222459035,-0.335492165,5.49810373,-0.20410963,-0.303228982,-0.195052335,-0.420543689,4.468705883,-0.301343236,-0.288345859,-0.276762068,-0.000628222,5.014696135,-0.295768477,-0.156200865,-0.273595069,-0.227008497,5.362133462,-0.208975432,-0.295914331,-0.207751683,-0.235025187,5.259208019,-0.253793673,-0.193036629,-0.246368235,-0.326128836,4.495464237,-0.09592995,-0.232962082,-0.183761028,-0.485246194,5.069833488
-0.218898993,-0.29576784,-0.218423905,-0.30038412,5.353198331,-0.324536648,-0.283005625,-0.284607598,-0.125918375,3.935692188,-0.25127111,-0.209691476,-0.225317628,-0.318422109,4.565995038,-0.171306609,-0.210219942,-0.194465376,-0.47084814,5.441976962,-0.183055954,-0.242623767,-0.23067323,-0.329048307,5.34108683,-0.253315075,-0.272341089,-0.21138038,-0.269362612,5.973480921,-0.207819698,-0.288221301,-0.22536716,-0.304557034,5.552471957,-0.339691799,-0.299145561,-0.280590155,-0.086732879,4.078557356,-0.20978793,-0.166502854,-0.20763662,-0.415162006,4.108479693,-0.152841988,-0.195165731,-0.197202236,-0.508232677,5.413963852,-0.183355719,-0.258193552,-0.221240895,-0.316542526,5.656745046,-0.22086502,-0.238659858,-0.192977609,-0.380627018,5.392965039
-0.294198732,-0.199587864,-0.294056318,-0.215209983,4.935466107,-0.204779517,-0.212582176,-0.210213313,-0.45264592,4.487315757,-0.138441709,-0.201545142,-0.169160535,-0.387676815,5.191864265,-0.281888978,-0.263982818,-0.28086724,-0.258230263,4.683293219,-0.23551268,-0.260056917,-0.239837793,-0.270225756,5.173189349,-0.207630145,-0.241747254,-0.242004345,-0.236236284,5.382621617,-0.259586994,-0.173923509,-0.261053133,-0.315431945,4.585695215,-0.147198811,-0.186819348,-0.199341354,-0.557326375,4.287931601,-0.066218967,-0.160314628,-0.144608857,-0.511949916,4.920396595,-0.28756881,-0.275311835,-0.268538165,-0.25983297,4.681331855,-0.23155539,-0.249162249,-0.24002141,-0.310609943,5.073314881,-0.146890013,-0.201404216,-0.205704214,-0.38104784,4.849880005
-0.193997793,-0.175356148,-0.282637257,-0.260946412,4.913597032,-0.268889419,-0.258308919,-0.257548966,-0.210175326,4.670328912,-0.338108612,-0.232920986,-0.265014896,-0.217854338,4.329102822,-0.095176979,-0.239868607,-0.236107214,-0.322650827,6.50332426,-0.203819231,-0.241618916,-0.241281115,-0.290647052,6.422852411,-0.251733178,-0.215151933,-0.236793859,-0.264765375,4.666776241,-0.162005978,-0.169901362,-0.271237198,-0.316858186,4.994882088,-0.263345838,-0.271587519,-0.259499006,-0.186308397,4.788485692,-0.273854946,-0.198897078,-0.223054619,-0.376240158,4.062385983,-0.101094435,-0.246978306,-0.260997522,-0.269077661,7.011078308,-0.185518737,-0.239537703,-0.229301562,-0.326789839,6.215799437,-0.190271446,-0.179991742,-0.202998064,-0.42295912,4.097204288
-0.302276627,-0.270223911,-0.207418013,-0.195179648,4.900245594,-0.306089134,-0.304032646,-0.27324434,-0.042654723,4.731755728,-0.13451838,-0.159256319,-0.242235928,-0.395997543,5.130876969,-0.318896139,-0.32808281,-0.288978099,-0.006690054,5.353877927,-0.319740627,-0.244823429,-0.279472181,-0.110095084,4.908693046,-0.207988696,-0.221546696,-0.209290825,-0.31875776,4.811411304,-0.300678908,-0.244813471,-0.223090423,-0.195647301,4.645766231,-0.392725988,-0.316095112,-0.301158029,0.079439093,5.196137783,-0.068978167,-0.131310666,-0.212394255,-0.509521219,4.853920568,-0.35808288,-0.348705405,-0.308063875,0.073867244,5.890093729,-0.28529912,-0.227192691,-0.265576507,-0.160841884,4.725198537,-0.15567968,-0.195571557,-0.179401864,-0.421103481,4.388126339
-0.00883955,-0.137860038,-0.15755067,-0.729962939,4.730973077,-0.169859351,-0.266374853,-0.284068955,-0.057125444,7.461323321,-0.273105602,-0.266124014,-0.209418425,-0.321997905,4.098360135,-0.202956176,-0.205075093,-0.22047345,-0.38586416,4.315557634,-0.245899533,-0.203429652,-0.278452571,-0.23645913,6.671703513,-0.253586859,-0.252137932,-0.230409768,-0.275551836,4.122433932,0.041856189,-0.108192857,-0.130573394,-0.849281718,4.450792397,-0.183785736,-0.271336831,-0.312568394,-0.021581337,7.901110317,-0.231082759,-0.244363821,-0.168720147,-0.448315939,3.725616749,-0.210128079,-0.209510028,-0.219211759,-0.365759234,4.338465936,-0.245249794,-0.183484609,-0.300025142,-0.214792051,6.879312349,-0.191400799,-0.215160364,-0.191271668,-0.415911311,3.692973259
-0.422062249,-0.281963935,-0.299409093,0.02179391,6.345858506,-0.283694479,-0.319644643,-0.299285372,-0.006455767,6.677722404,-0.04642939,-0.152338629,-0.22867087,-0.578218062,6.42938526,-0.269208715,-0.243467819,-0.301736628,-0.179308452,5.169162372,-0.191454168,-0.225236926,-0.223395444,-0.372629891,4.945013533,-0.246233081,-0.248325164,-0.22995203,-0.338831684,5.706776191,-0.438230078,-0.28806955,-0.299399675,0.073987604,6.824016487,-0.33581003,-0.329359753,-0.344459301,0.090400637,7.25040286,0.013516891,-0.124150286,-0.211101202,-0.687673749,6.278822004,-0.279949185,-0.258723095,-0.316061591,-0.140631152,5.81366943,-0.175892869,-0.226621212,-0.203888938,-0.406162233,4.75563385,-0.174537911,-0.217486693,-0.186610177,-0.486198104,5.156349293
-0.432835525,-0.299479623,-0.372348614,0.143190234,5.653187056,-0.220994581,-0.363468089,-0.227587648,-0.100824467,6.946211688,-0.156599314,-0.241302662,-0.254201893,-0.246995334,4.650720096,-0.176374376,-0.216490297,-0.153962342,-0.530133824,4.17341596,-0.324112088,-0.290475408,-0.274514258,-0.014601438,4.385254191,-0.270928088,-0.242091417,-0.262472791,-0.226750249,4.3354834,-0.431256061,-0.262737551,-0.372782169,0.109741811,5.901216695,-0.207590661,-0.369936659,-0.245211602,-0.081334014,6.632542764,-0.117325158,-0.214581018,-0.237787296,-0.347173174,4.073635079,-0.189610215,-0.231682899,-0.146943586,-0.513987112,4.163936677,-0.355078155,-0.306162721,-0.276829498,0.041679047,4.251242127,-0.209782958,-0.201845911,-0.226192931,-0.379006168,3.919776803
-0.198927204,-0.246242049,-0.2061627,-0.222316263,5.781158407,-0.226825223,-0.23895417,-0.241640817,-0.367673516,5.061436159,-0.211387557,-0.315791646,-0.257975062,-0.193513228,5.264916584,-0.264260049,-0.218392977,-0.263463593,-0.283248066,5.438705538,-0.257623182,-0.277640836,-0.245097166,-0.135077896,4.894556855,-0.257576358,-0.188364581,-0.277302472,-0.243001481,4.302817903,-0.224516939,-0.243946817,-0.214989596,-0.189921891,5.774949066,-0.216648012,-0.247964949,-0.229881945,-0.367372592,4.972916076,-0.15653509,-0.276295538,-0.220563258,-0.356323528,4.549605268,-0.277921226,-0.212423809,-0.265992013,-0.263936743,5.496633929,-0.240860729,-0.267914326,-0.24684481,-0.158124377,4.79025408,-0.191463446,-0.147487923,-0.24797447,-0.391799619,3.846625051
-0.162150606,-0.226590542,-0.192716629,-0.335452241,5.727770472,-0.081978898,-0.197180353,-0.157973137,-0.466863624,4.978337329,-0.198722275,-0.189548744,-0.226872356,-0.463042742,4.519894688,-0.195093754,-0.2620782,-0.260682776,-0.23518064,5.664302997,-0.158355379,-0.281130099,-0.246288492,-0.282859546,5.541079212,-0.257404577,-0.27325932,-0.210377124,-0.239116758,4.783559455,-0.140646361,-0.242755551,-0.174751595,-0.343812157,6.031670525,-0.062605349,-0.178718467,-0.143921006,-0.522042554,4.768573244,-0.146967126,-0.147954153,-0.21005818,-0.56401582,4.196966129,-0.204064315,-0.270348392,-0.26564769,-0.21037642,5.70496201,-0.151585164,-0.275322324,-0.252160365,-0.279132207,5.570567142,-0.183262466,-0.212498492,-0.16840928,-0.444373131,4.000040433
-0.307364376,-0.286119086,-0.276957772,-0.001476148,7.567152018,-0.472371115,-0.309973105,-0.294968195,-0.032872267,4.88946276,-0.138532543,-0.259783016,-0.144990358,-0.378105809,6.3355109,-0.147437417,-0.269507233,-0.201153994,-0.304453814,6.203095797,-0.255885616,-0.296606228,-0.210709976,-0.318517338,4.947653062,-0.209692854,-0.249331467,-0.211463385,-0.335762046,4.555482832,-0.330085268,-0.307464035,-0.287784818,0.059336586,8.550840359,-0.504166454,-0.334762156,-0.294767887,0.025261685,4.856204361,-0.067826221,-0.221906338,-0.114316613,-0.535653051,5.696416154,-0.179032457,-0.271373874,-0.222779677,-0.25306661,6.68541774,-0.263471438,-0.301570582,-0.218427963,-0.312513206,4.903724857,-0.158235324,-0.218366689,-0.18581029,-0.457689514,4.242784392
-0.413728393,-0.27681721,-0.32351288,0.020977758,5.96120011,-0.271838811,-0.231965312,-0.318341552,-0.160342197,6.068958196,-0.329835958,-0.263847419,-0.251711135,-0.166457401,4.779142132,-0.225847218,-0.265732633,-0.238310121,-0.260702191,5.224806895,-0.290670134,-0.251478249,-0.273610163,-0.114773446,5.684362124,-0.16529631,-0.180728065,-0.260258301,-0.416745452,4.071438443,-0.425659186,-0.283024833,-0.332789825,0.030899382,5.955730798,-0.299170668,-0.235098319,-0.326149656,-0.127804128,6.551942803,-0.307993686,-0.23774097,-0.2255302,-0.241877327,4.441259528,-0.213497158,-0.268313837,-0.238866743,-0.282156822,5.071503351,-0.341198696,-0.269460619,-0.303579037,-0.012671654,6.441947675,-0.114612252,-0.143950612,-0.238538519,-0.520845168,3.738197528
-0.282189187,-0.287210005,-0.201163349,-0.299228399,4.441523338,-0.267488293,-0.254064509,-0.178708622,-0.277114491,6.099628538,-0.184404366,-0.209711842,-0.259215566,-0.366499742,4.357102604,-0.269124655,-0.286028083,-0.235129389,-0.269379024,4.452281748,-0.256917195,-0.197829973,-0.254766145,-0.352994976,5.430573834,-0.202023534,-0.235941781,-0.196529865,-0.334757317,5.048597392,-0.289407138,-0.278067526,-0.201954021,-0.299437382,4.335478286,-0.274064323,-0.271361032,-0.173373427,-0.247053645,6.544229869,-0.116740262,-0.174025246,-0.213376309,-0.536085456,3.872120996,-0.226427736,-0.28168043,-0.204140005,-0.374118415,4.074353195,-0.269758898,-0.210835916,-0.239183319,-0.339631863,5.385695187,-0.12802164,-0.195010375,-0.166110679,-0.499294135,4.626576919
-0.205301875,-0.29238674,-0.224040527,-0.193322297,6.091509199,-0.299446318,-0.296907736,-0.266697035,-0.128461081,6.185594861,-0.230387092,-0.2118231,-0.240232078,-0.146803263,5.954054222,-0.294445852,-0.282862143,-0.31659367,-0.141849073,5.784945074,-0.208409781,-0.239884394,-0.218267012,-0.27667497,5.440840241,-0.237294799,-0.26818266,-0.235269016,-0.248804516,5.587320893,-0.227297451,-0.338099721,-0.204299029,-0.125309326,6.512949219,-0.362132944,-0.307619247,-0.300931035,-0.022693446,6.58799227,-0.19139149,-0.187587596,-0.209943443,-0.216506018,5.520920204,-0.307837193,-0.292525717,-0.319655293,-0.109358228,5.798353964,-0.211023737,-0.238352887,-0.218979006,-0.284362584,5.205550227,-0.164767279,-0.230593054,-0.20307781,-0.400980792,5.043741915
-0.508931897,-0.352303409,-0.361398252,0.027009884,5.645548774,-0.240184772,-0.258489038,-0.238021466,-0.342411431,4.588506286,-0.005095952,-0.220496988,-0.14892997,-0.656314505,4.616819091,-0.254851694,-0.27864214,-0.234932061,-0.145060778,5.880869463,-0.3100645,-0.26148153,-0.232193479,-0.274701265,5.341240126,-0.202522453,-0.247062915,-0.217766677,-0.323398955,4.620309586,-0.602832652,-0.396794059,-0.408589966,0.184197635,6.77345005,-0.252317717,-0.274013241,-0.240660496,-0.329130779,4.57052549,0.052054886,-0.184848446,-0.134828582,-0.756535349,4.455423549,-0.25479791,-0.284954798,-0.236839202,-0.126088989,5.972791077,-0.33129216,-0.262458762,-0.244138631,-0.263088231,5.257961944,-0.133229292,-0.197016523,-0.180645701,-0.494463364,4.073996573
-0.236426557,-0.226039962,-0.265421775,-0.330419823,4.830238351,-0.122620626,-0.177852202,-0.258720789,-0.406195789,7.336978758,-0.203205804,-0.185094299,-0.257360206,-0.403800676,4.249677323,-0.128634576,-0.227005342,-0.227706754,-0.4194008,5.679165798,-0.232487316,-0.222184699,-0.263595003,-0.356996892,5.62909244,-0.16802294,-0.205754631,-0.20244447,-0.478593813,4.942236334,-0.191380767,-0.209541071,-0.245011927,-0.398259516,4.361825269,-0.099194998,-0.162037025,-0.263563449,-0.430964428,7.064312333,-0.135365103,-0.139849315,-0.226690479,-0.538599628,3.847740943,-0.137507428,-0.239850297,-0.233140742,-0.391483208,5.719393987,-0.259772193,-0.239347823,-0.268318738,-0.307287958,5.51420637,-0.039688856,-0.172206831,-0.149581577,-0.677015812,5.446718374
-0.399741118,-0.274116894,-0.414741754,0.157764039,6.758014122,-0.260364505,-0.245944641,-0.267491188,-0.267214417,6.083713551,-0.170700841,-0.307215278,-0.229942257,-0.335412318,5.515253727,-0.311649917,-0.266294072,-0.323249636,-0.112640752,5.695229772,-0.191257302,-0.221434823,-0.204780256,-0.353710928,4.314524058,-0.181790277,-0.186250328,-0.274625558,-0.377481752,5.004654833,-0.461079747,-0.296101766,-0.493579453,0.341364744,9.815130564,-0.238512094,-0.237824032,-0.254913528,-0.321929448,5.543656644,-0.115495367,-0.303498584,-0.187529813,-0.441224365,4.933914374,-0.326666782,-0.271552083,-0.34433096,-0.090592136,5.77959109,-0.177514733,-0.210740646,-0.197490116,-0.386151097,4.05680519,-0.127610077,-0.166609732,-0.240015203,-0.49275113,4.582726213
-0.298519637,-0.277097466,-0.224553974,-0.141786584,6.679065967,-0.263611859,-0.271792998,-0.265728277,-0.178274338,6.372774487,-0.137318527,-0.233329731,-0.215694713,-0.449584389,5.388331151,-0.179773092,-0.204810622,-0.257022062,-0.311055663,5.439418227,-0.213779328,-0.248381435,-0.244736847,-0.286977742,5.66433108,-0.212039989,-0.186401836,-0.203023179,-0.337411428,5.665546427,-0.278968467,-0.243787763,-0.221893692,-0.223798923,5.870604192,-0.264893459,-0.287897466,-0.241436055,-0.167331516,6.261481329,-0.054270357,-0.181341819,-0.180764074,-0.636807122,4.725453333,-0.187237684,-0.191579125,-0.277892889,-0.287997387,5.701099192,-0.217322984,-0.259886913,-0.246253663,-0.288392249,5.7807135,-0.151824486,-0.145889346,-0.172839845,-0.488717106,5.212785035
-0.375766619,-0.221504678,-0.279029066,-0.176325368,3.802419833,-0.195363817,-0.212983984,-0.184769647,-0.438983992,5.559168182,-0.113182337,-0.238124337,-0.219670843,-0.524091508,5.238598563,-0.254871344,-0.277317933,-0.208591679,-0.248980218,6.291583082,-0.280592519,-0.273889761,-0.262276193,-0.105358242,6.006192118,-0.259777436,-0.2473103,-0.254852316,-0.25518087,4.910560283,-0.36376691,-0.215183678,-0.281480114,-0.201327123,3.858187481,-0.197128575,-0.212146291,-0.184265373,-0.429097332,5.420926891,-0.065862072,-0.214641822,-0.193469708,-0.627352986,4.852952729,-0.271161195,-0.320626795,-0.191988231,-0.177842226,6.844926578,-0.301668246,-0.276743468,-0.270399392,-0.076719028,6.21592157,-0.201539347,-0.212935952,-0.210455945,-0.400091229,4.417089446
-0.314854625,-0.331363896,-0.261527568,-0.091880436,6.676826008,-0.225729458,-0.256912084,-0.26307498,-0.282653528,4.057491905,-0.323527289,-0.317292275,-0.262214782,-0.208463668,4.036419727,-0.204970812,-0.27583055,-0.205224234,-0.340452976,4.221955833,-0.31783379,-0.284738821,-0.250779163,-0.108607821,4.428311006,-0.139374313,-0.200305941,-0.197645484,-0.514107697,5.778981377,-0.332922463,-0.349317954,-0.265215219,-0.05190381,6.84655787,-0.238215603,-0.265082082,-0.260860297,-0.259781072,4.058396276,-0.259468617,-0.289726494,-0.225148666,-0.309306053,3.570467884,-0.18254208,-0.268860013,-0.185769016,-0.387648669,4.073809508,-0.337716377,-0.298844763,-0.26738641,-0.041533551,4.528255685,-0.070833178,-0.15427385,-0.162168239,-0.689489011,4.954274555
-0.131080237,-0.254439883,-0.164103003,-0.398271846,5.362069958,-0.212718553,-0.207215844,-0.189532872,-0.334225386,4.869121232,-0.166114894,-0.255629947,-0.194643035,-0.409259464,4.954487347,-0.283530812,-0.215023458,-0.27356479,-0.176697216,4.780898732,-0.293457056,-0.285899392,-0.276790869,-0.113805622,6.586900664,-0.31326898,-0.267242034,-0.27575702,-0.163433266,5.628865508,-0.130388075,-0.277326088,-0.152506168,-0.393172264,5.586091717,-0.18656241,-0.196253421,-0.170094513,-0.388862688,4.673997403,-0.100481731,-0.19664755,-0.169613,-0.579291581,4.416639543,-0.255898496,-0.197791569,-0.269835282,-0.22340565,4.676389566,-0.318812168,-0.304205864,-0.288379531,-0.044361437,7.020470343,-0.262982593,-0.230103718,-0.247060134,-0.291486446,4.952981825
-0.421089009,-0.285066227,-0.312207045,0.028249117,4.438535362,-0.44493071,-0.23540416,-0.364009859,0.078604381,6.101996053,-0.267286672,-0.242278892,-0.176288506,-0.275390193,4.623088115,-0.146552014,-0.2012886,-0.251626272,-0.318735041,5.83652979,-0.309724231,-0.272679491,-0.218219802,-0.192816754,4.477747819,-0.239830506,-0.212510825,-0.228434585,-0.356168656,4.1987067,-0.465365504,-0.288475195,-0.348593249,0.119163756,4.427189716,-0.413615125,-0.227317498,-0.369981055,0.061327179,5.969963362,-0.208899352,-0.202905174,-0.142508988,-0.421666545,4.150628931,-0.123629671,-0.188435046,-0.24100767,-0.367614543,5.634951176,-0.297056681,-0.27060963,-0.198992058,-0.213397853,4.207955388,-0.171673984,-0.170216708,-0.183352701,-0.52747301,3.594203867
-0.262538477,-0.261223023,-0.308934732,-0.198367148,6.930870856,-0.360896238,-0.264782383,-0.223480007,-0.124090407,7.336742332,-0.209759088,-0.192981322,-0.251875273,-0.3456394,4.305854256,-0.325076713,-0.319558349,-0.249918561,-0.126899284,6.128643907,-0.311509029,-0.275295092,-0.262496565,-0.187158277,4.15771274,-0.183546959,-0.24194835,-0.200563982,-0.396036767,4.382837794,-0.249262774,-0.245434491,-0.323476384,-0.206323541,6.986733066,-0.397126547,-0.262189709,-0.259380289,-0.040333435,7.824120036,-0.17282953,-0.152034998,-0.224143396,-0.464270673,3.955478799,-0.351430806,-0.337711239,-0.26548217,-0.055283402,6.553689934,-0.292091088,-0.271123544,-0.261172354,-0.211521109,4.046105309,-0.127502526,-0.213503729,-0.167469448,-0.52719184,3.863298799
-0.449514883,-0.359964407,-0.313074117,0.048537762,5.340228822,-0.338405766,-0.320994879,-0.181748273,-0.15099658,4.328617215,-0.203967506,-0.229131553,-0.228874358,-0.284936972,6.514569835,-0.209215016,-0.240945532,-0.272880425,-0.354998593,5.150077196,-0.191948431,-0.243105704,-0.231862581,-0.292822755,5.430135372,-0.29458379,-0.233503529,-0.275091927,-0.309658878,4.848763801,-0.457756304,-0.371112587,-0.324918645,0.071905409,5.571652349,-0.310570561,-0.336414335,-0.169642689,-0.173094145,4.309934909,-0.152682788,-0.188663675,-0.194403099,-0.429971672,5.755245915,-0.214784008,-0.226154809,-0.293263535,-0.34949365,5.10174584,-0.18821076,-0.232401611,-0.227010368,-0.316878252,5.093689483,-0.248205144,-0.195964904,-0.245911713,-0.434966426,4.256762162
-0.261668734,-0.205719065,-0.26408265,-0.176061233,5.784125583,-0.294835475,-0.21549392,-0.288880668,-0.205950549,4.217139313,-0.193723026,-0.180379697,-0.231535521,-0.38507382,5.660846424,-0.307796892,-0.28180907,-0.226708988,-0.156001474,4.58772404,-0.312232969,-0.279387608,-0.267673634,-0.143766605,4.490389364,-0.232575837,-0.214406663,-0.278140301,-0.240307038,5.123790602,-0.250479326,-0.201586569,-0.270828382,-0.187246891,6.008889881,-0.302893505,-0.229288674,-0.302930396,-0.170605218,4.518711147,-0.148070582,-0.164593292,-0.200428444,-0.492989802,5.204133823,-0.304744446,-0.282636011,-0.207955861,-0.167487915,4.482743173,-0.361526689,-0.300460793,-0.285611359,-0.044644389,4.690163191,-0.174560798,-0.193008686,-0.244348472,-0.353633185,4.770535127
-0.269003064,-0.309456952,-0.256849575,-0.118643768,4.976556037,-0.320488187,-0.243822159,-0.300373523,-0.146089956,5.581276444,-0.316914761,-0.230735507,-0.199048534,-0.339645761,3.696724465,-0.140772311,-0.15552724,-0.238691825,-0.535017094,4.149448553,-0.319517354,-0.29637098,-0.255683625,-0.143340282,4.444472037,-0.26212303,-0.213964441,-0.20149496,-0.322565527,5.556542596,-0.302290702,-0.346251507,-0.270236984,-0.016704461,5.568333453,-0.326249837,-0.271305574,-0.269288043,-0.152345559,5.177814123,-0.244425146,-0.189000444,-0.159367083,-0.496518972,3.444734314,-0.101452285,-0.132665229,-0.234861615,-0.602149709,4.100466463,-0.332105264,-0.299759052,-0.260374101,-0.117562934,4.342102864,-0.204694201,-0.177102688,-0.167591627,-0.468506817,4.997927875
-0.18893235,-0.22905166,-0.272749044,-0.313653526,5.20053302,-0.350682744,-0.252218514,-0.310867643,-0.070494776,5.974698343,-0.320272089,-0.230529019,-0.232490712,-0.164833098,3.613580335,-0.278937423,-0.273209666,-0.253965584,-0.205316915,5.838331602,-0.21396865,-0.210937107,-0.259259921,-0.296808715,5.480193628,-0.147420837,-0.20193718,-0.254762678,-0.362283071,5.699550201,-0.201062487,-0.23629959,-0.264226493,-0.27751634,7.019831887,-0.382165445,-0.254806098,-0.326000501,0.001750723,5.760950694,-0.238345816,-0.183130036,-0.165414133,-0.371159692,3.10740532,-0.275092594,-0.270840614,-0.249148789,-0.226536239,5.812872331,-0.200631406,-0.206262962,-0.254263835,-0.329131887,5.246463662,-0.086088804,-0.169685364,-0.220008781,-0.495911332,4.892842931
-0.32886622,-0.222321574,-0.328819379,-0.102702985,7.315217341,-0.342570315,-0.23049795,-0.271741959,-0.108608296,5.750646731,-0.214554449,-0.216561366,-0.27658152,-0.28535887,4.424763405,-0.181706141,-0.235976093,-0.266343552,-0.34319616,5.408092269,-0.220051999,-0.233130982,-0.253008412,-0.178989965,6.356304657,-0.176524891,-0.258328029,-0.229319659,-0.308788284,5.563717789,-0.374372869,-0.235945186,-0.330556408,-0.027702469,7.290183572,-0.360785019,-0.208877393,-0.278795786,-0.107193641,5.555582918,-0.17079082,-0.177682509,-0.255149317,-0.400514801,4.051780133,-0.174243271,-0.245730913,-0.256115718,-0.346870772,5.441299921,-0.244468853,-0.24704666,-0.259400492,-0.112183172,6.66238274,-0.142239247,-0.227228445,-0.207085454,-0.403143134,5.01567583
-0.226259568,-0.24728806,-0.290680022,-0.102275511,8.118967624,-0.156567945,-0.228290882,-0.222028227,-0.333149365,5.660649127,-0.030261968,-0.16928356,-0.131687125,-0.693110055,4.612229085,-0.089865503,-0.226944032,-0.224975225,-0.408735313,6.231174071,-0.323431222,-0.245809754,-0.270264324,-0.128502233,5.114366543,-0.149011769,-0.267378205,-0.184615474,-0.435699874,6.464998626,-0.205462854,-0.233150864,-0.290753877,-0.122244018,8.362723103,-0.165890165,-0.229546118,-0.248956456,-0.319375595,6.133394738,0.037388838,-0.136974483,-0.098909352,-0.839404218,4.442360768,-0.080029695,-0.219666462,-0.231352227,-0.424296038,6.221606279,-0.361660679,-0.247432053,-0.280041683,-0.085272721,5.284812431,-0.091436666,-0.230747695,-0.160329693,-0.58252269,5.724474711
-0.320056945,-0.281060829,-0.214457518,-0.171169365,4.981260971,-0.263625885,-0.269419934,-0.211624417,-0.290077653,4.878477392,-0.246085448,-0.258609951,-0.270024545,-0.328783908,4.394972042,-0.271815641,-0.268243954,-0.325288245,-0.120610514,6.784375272,-0.197659096,-0.226936634,-0.253274721,-0.264943429,5.351583858,-0.252349779,-0.284363452,-0.238760654,-0.260305205,4.753961588,-0.297696297,-0.280936545,-0.208839016,-0.207010381,5.170567145,-0.248719714,-0.275112627,-0.19446843,-0.318878782,4.80490088,-0.14097256,-0.217824123,-0.2092276,-0.569487912,3.770294548,-0.271426314,-0.269719898,-0.338434527,-0.122902427,7.033093158,-0.201676954,-0.2084628,-0.273783789,-0.24732988,5.46415922,-0.19676598,-0.25165284,-0.205633241,-0.389753033,4.26414955
-0.281548862,-0.372127443,-0.225475366,-0.090620549,5.498568035,-0.207836068,-0.338220343,-0.181138948,-0.283555379,5.141040302,-0.081809121,-0.200270409,-0.214054661,-0.402404045,4.725562536,-0.3091845,-0.280554835,-0.281157423,-0.11814801,5.202741774,-0.213471954,-0.170975254,-0.299636754,-0.398263303,5.049513857,-0.126710657,-0.206848822,-0.190424807,-0.405235858,4.889258689,-0.301764169,-0.416366704,-0.225874101,0.006785777,6.638233847,-0.157841558,-0.381085487,-0.145512888,-0.320066131,5.392478127,-0.00455566,-0.154604133,-0.180995063,-0.571629397,4.182852822,-0.283367971,-0.276654368,-0.274671645,-0.154182299,5.076628235,-0.180999445,-0.161376558,-0.283468134,-0.473593022,5.028314317,-0.076329582,-0.177564706,-0.157327584,-0.523582237,4.490878653
-0.134743189,-0.19897807,-0.231868191,-0.398073301,5.608828402,-0.225938842,-0.197610917,-0.33825569,-0.241412397,4.278251994,-0.17266574,-0.269907567,-0.232382802,-0.389455292,4.673306782,-0.243523378,-0.24359391,-0.25770226,-0.313096563,4.450703964,-0.292597291,-0.252796531,-0.300256483,-0.108034803,4.56795029,-0.292272608,-0.236798379,-0.263146054,-0.209981636,4.751079975,-0.122570028,-0.186795883,-0.225833273,-0.450255436,5.168893778,-0.206257116,-0.184841674,-0.356325956,-0.259669295,4.316785892,-0.126709706,-0.239627684,-0.220866315,-0.499843362,4.351886833,-0.278359718,-0.260741032,-0.265652928,-0.245027958,4.358577867,-0.290811525,-0.25136385,-0.311552985,-0.102437501,4.642201495,-0.240641351,-0.209532848,-0.223721483,-0.334097168,4.116421912
-0.374028156,-0.282239095,-0.267790845,-0.104022238,4.639264305,-0.191923659,-0.18036793,-0.254959121,-0.379018289,5.177600657,-0.395970809,-0.298767195,-0.210706568,-0.171675955,3.406130628,-0.296914176,-0.212837539,-0.255481126,-0.25103348,4.365588762,-0.224438215,-0.220853172,-0.291774626,-0.292874365,4.941641309,-0.186119372,-0.232079993,-0.204048355,-0.426573263,4.341856718,-0.412715872,-0.289389126,-0.302750765,-0.008045242,4.866935566,-0.172493597,-0.161345497,-0.24144911,-0.440063774,4.918787819,-0.32494413,-0.244653005,-0.169139919,-0.369451359,3.048183319,-0.273189458,-0.188535124,-0.242560649,-0.336335398,4.033204765,-0.204589776,-0.21877182,-0.282231405,-0.316623845,4.815951384,-0.152272573,-0.198125368,-0.179197127,-0.529782835,4.022083309
-0.133328481,-0.204262662,-0.230988066,-0.424656276,4.169655463,-0.322567235,-0.357418494,-0.276834372,-0.036811528,5.569843315,-0.326146474,-0.288899302,-0.25760295,-0.261276404,4.075326078,-0.242029469,-0.254108743,-0.270952085,-0.255350439,5.598915501,-0.130836003,-0.247640851,-0.213950562,-0.373427834,5.835547725,-0.159497047,-0.223438273,-0.259945111,-0.377848854,5.155626492,-0.121335845,-0.213241094,-0.218548668,-0.454958305,4.01956134,-0.355026037,-0.4049563,-0.301827506,0.082109844,6.48879007,-0.223834783,-0.21481746,-0.238749818,-0.478185661,3.707321188,-0.241835556,-0.256315651,-0.272647398,-0.253539594,5.59343101,-0.127199921,-0.26235373,-0.202749045,-0.370061332,5.803353742,-0.078570847,-0.173885068,-0.224305804,-0.553263617,4.45123692
-0.138314931,-0.185345248,-0.245568399,-0.486527365,6.269693111,-0.351895012,-0.271349701,-0.268366027,-0.209619894,3.968995063,-0.257775817,-0.23498369,-0.2381816,-0.228270563,5.019000785,-0.259435328,-0.237645804,-0.294424037,-0.13885196,5.073385215,-0.247455298,-0.208588621,-0.254018911,-0.316774746,4.358282687,-0.191690726,-0.21623793,-0.262382121,-0.296881113,4.91349081,-0.124677931,-0.182172012,-0.23659859,-0.516498616,6.212639243,-0.430033042,-0.256110549,-0.318746329,-0.114808023,3.935380677,-0.196655055,-0.194598299,-0.201215861,-0.369876089,4.408278213,-0.233476083,-0.216856848,-0.304847686,-0.16429845,5.175441591,-0.240509919,-0.197287224,-0.266994589,-0.322728896,4.47741138,-0.146665036,-0.190519547,-0.226094587,-0.405988574,4.443335014
-0.175534699,-0.185449441,-0.184239594,-0.518357142,4.586706177,-0.169388375,-0.265982146,-0.211596815,-0.306944425,4.362392351,-0.205436808,-0.224411366,-0.236925482,-0.287278653,5.159119002,-0.253971166,-0.266367337,-0.258410837,-0.186701524,4.88568351,-0.196588586,-0.278055203,-0.198328773,-0.249649641,6.044768418,-0.139673511,-0.19315926,-0.207153101,-0.528234579,4.313562132,-0.199776562,-0.154887145,-0.232033863,-0.461041317,4.651798467,-0.113897843,-0.239148049,-0.16573683,-0.47871048,3.7411934,-0.12645156,-0.166364975,-0.20492284,-0.457797991,4.483163827,-0.245294349,-0.274378781,-0.258574891,-0.179095028,5.25080697,-0.191962915,-0.276159595,-0.181697425,-0.254944549,6.11212265,-0.081001452,-0.161853317,-0.175748811,-0.664088933,3.992168558
-0.268569068,-0.237076207,-0.268508978,-0.208908683,5.258656634,-0.277597198,-0.235555892,-0.240633484,-0.305498881,5.786520427,-0.136570513,-0.248056796,-0.291000691,-0.293676308,5.746713808,-0.274074621,-0.261044085,-0.275106717,-0.165413436,4.622857335,-0.206241487,-0.26124159,-0.208280675,-0.323688409,4.63197735,-0.221827939,-0.226121762,-0.250622577,-0.306497561,6.518574171,-0.281328144,-0.266055388,-0.272118664,-0.165949223,5.862987198,-0.310526221,-0.270886803,-0.24043776,-0.244264052,5.800814242,-0.073660378,-0.209429738,-0.238769573,-0.471885541,4.926364263,-0.298281856,-0.275161598,-0.281755978,-0.114239105,4.549327468,-0.221604424,-0.259172586,-0.211172254,-0.296463556,4.664138081,-0.174930028,-0.204331475,-0.221908329,-0.404793135,6.015675438
-0.310564471,-0.26725722,-0.213757643,-0.10951321,5.06094824,-0.201290948,-0.175392894,-0.283052192,-0.312144258,5.655896156,-0.07849616,-0.178771417,-0.199069788,-0.587832758,5.351116144,-0.293708656,-0.272993403,-0.23439183,-0.213352871,5.014149596,-0.223941925,-0.265528625,-0.235256937,-0.244373814,5.067956725,-0.145562581,-0.22340826,-0.259418837,-0.380977721,5.134150812,-0.291957205,-0.261866272,-0.193715756,-0.1632134,4.886988376,-0.183680023,-0.169457972,-0.279456919,-0.340024514,5.677742309,-0.011488584,-0.137354449,-0.17656108,-0.741040018,4.813053621,-0.270568338,-0.256432156,-0.22504718,-0.272995624,4.874958506,-0.237071687,-0.261760872,-0.243788714,-0.216889588,4.988012241,-0.082714796,-0.192643303,-0.214570984,-0.533397487,4.49124782
-0.216862331,-0.275191335,-0.232573501,-0.233721691,5.332776851,-0.148029697,-0.191785001,-0.191340569,-0.592314761,4.731482746,-0.021042457,-0.144860154,-0.209949566,-0.631585722,7.268461543,-0.376178725,-0.302588252,-0.241572349,-0.080544459,5.170894467,-0.34295684,-0.273808674,-0.326428115,-0.062787973,5.31549693,-0.244763064,-0.245822504,-0.214939126,-0.374215015,4.36622087,-0.242435916,-0.291532444,-0.23336291,-0.184859175,5.468160924,-0.125846368,-0.176981018,-0.176158272,-0.661937047,4.547454418,0.030660478,-0.125257501,-0.176422113,-0.743404583,6.497766509,-0.353749476,-0.297818542,-0.235093165,-0.106700864,5.031400935,-0.352979239,-0.268670212,-0.340611409,-0.038246702,5.776217091,-0.163005048,-0.200150288,-0.170883046,-0.572298965,3.870715186
-0.337131618,-0.233764481,-0.385516579,0.032622464,5.515223362,-0.170472637,-0.194908144,-0.219900143,-0.407567565,5.151386629,-0.173276344,-0.284074466,-0.161435642,-0.432060247,3.305736547,-0.117559056,-0.276197102,-0.184284915,-0.468530593,5.295827237,-0.234054746,-0.287500205,-0.20299043,-0.294993381,4.216323542,-0.118808518,-0.199641505,-0.24034231,-0.422394865,5.451893038,-0.445505737,-0.225041945,-0.492376192,0.280563168,6.896359348,-0.180533253,-0.190837986,-0.212935166,-0.416004045,4.970813955,-0.132552768,-0.246647332,-0.134486782,-0.542830012,2.944327584,-0.104152676,-0.275915082,-0.174697389,-0.493532473,5.480857716,-0.248395298,-0.290756438,-0.215066208,-0.26817976,4.246040404,-0.068357531,-0.169842563,-0.204107306,-0.549523505,4.88391808
-0.254897196,-0.289148782,-0.24837978,-0.222485975,5.963764031,-0.348801098,-0.228590537,-0.303865987,-0.128422881,5.638095912,-0.266367828,-0.197758676,-0.309577477,-0.236923048,3.498277807,-0.305513485,-0.299469255,-0.214601224,-0.181441641,4.605528066,-0.261823112,-0.231332591,-0.249184764,-0.274484633,5.561455432,-0.20454526,-0.22023565,-0.218744001,-0.252971267,4.980195887,-0.265461914,-0.299186438,-0.287593459,-0.1516036,6.360428307,-0.392313266,-0.248409587,-0.322266137,-0.056340961,5.925944365,-0.198955088,-0.163652713,-0.278183317,-0.384258492,3.260490096,-0.334959908,-0.317384764,-0.217228946,-0.140581102,4.74317007,-0.229145724,-0.210894031,-0.23434631,-0.35490203,5.280775851,-0.131016254,-0.183610284,-0.179209015,-0.413423911,4.439646062
-0.280405445,-0.26622367,-0.257077759,-0.148156734,5.270697418,-0.254783446,-0.277560273,-0.252022205,-0.116019825,7.82885869,-0.257153813,-0.18928697,-0.238586931,-0.339485191,4.821197577,-0.28353511,-0.282984948,-0.236848413,-0.189572632,4.545906532,-0.238448124,-0.243223023,-0.338254,-0.223262997,5.957182067,-0.235198035,-0.202118287,-0.266607105,-0.230220455,5.126445914,-0.306280666,-0.289491841,-0.254528793,-0.090905978,5.369313474,-0.269816772,-0.304383092,-0.258933183,-0.070696747,9.327792803,-0.212659998,-0.154459673,-0.205379929,-0.455304066,4.290330913,-0.301417563,-0.300020857,-0.21529,-0.174831549,4.568252109,-0.23764988,-0.257216793,-0.32347967,-0.237775311,5.928958887,-0.190630629,-0.170903208,-0.238410197,-0.328892564,4.782279762
-0.278435513,-0.186007182,-0.329748812,-0.167153803,4.877075796,-0.239702752,-0.29569131,-0.229945896,-0.288602357,5.411403828,-0.283386225,-0.236764933,-0.222953307,-0.238623807,5.006800355,-0.34568294,-0.293020205,-0.299551762,-0.120117264,5.410476636,-0.157526894,-0.223290593,-0.195368092,-0.416092385,5.294029293,-0.167121988,-0.204218602,-0.21441025,-0.488416018,4.252134855,-0.31370747,-0.158793624,-0.36357045,-0.118746195,4.990083715,-0.272237637,-0.301447965,-0.225383386,-0.253921521,5.735753865,-0.224156835,-0.189306149,-0.192976048,-0.378237741,4.646672459,-0.364530693,-0.2934404,-0.30104694,-0.107860337,5.61691466,-0.161012221,-0.224447864,-0.178531731,-0.41586232,5.168723169,-0.091854111,-0.16469725,-0.177748061,-0.645924563,3.876487839
-0.163491827,-0.23279843,-0.268020275,-0.226515482,7.184973287,-0.233788755,-0.242516149,-0.246848158,-0.2754499,6.35086934,-0.180191549,-0.164218368,-0.244812439,-0.406260275,5.183391138,-0.233860206,-0.224609586,-0.227079925,-0.33196877,4.579004426,-0.161932931,-0.248754011,-0.242264977,-0.363225746,5.132694903,-0.269461997,-0.28901588,-0.231782481,-0.206509774,4.593227349,-0.150491123,-0.234454975,-0.264129297,-0.263350749,7.211939643,-0.243495134,-0.221590765,-0.269931644,-0.26504141,6.53233881,-0.158222277,-0.155890534,-0.228054622,-0.455393661,5.144442637,-0.215356114,-0.2069593,-0.222775812,-0.368652041,4.438018321,-0.149323695,-0.245283203,-0.241828101,-0.375962964,5.086454509,-0.210244996,-0.242730205,-0.200167565,-0.363318577,4.085942267
-0.20579832,-0.146166353,-0.321160376,-0.221066705,4.526132203,-0.357906929,-0.259459183,-0.311093487,-0.043683754,4.19874615,-0.243201268,-0.192523505,-0.16096183,-0.502788069,4.006434076,-0.174423639,-0.200235825,-0.192752769,-0.452206302,4.977072691,-0.204724832,-0.236115873,-0.16722807,-0.277411847,5.013585579,-0.127852214,-0.215008333,-0.204831855,-0.400156603,6.208418192,-0.236786827,-0.132297352,-0.366394328,-0.153075399,4.919853105,-0.378157775,-0.250344036,-0.359932642,0.070296445,4.749552452,-0.179305957,-0.157921689,-0.123758733,-0.639622349,3.700163207,-0.153694949,-0.19693146,-0.171139661,-0.504781713,4.868742211,-0.19951779,-0.237057079,-0.159417113,-0.280922524,4.903084027,-0.0545003,-0.17561849,-0.164736394,-0.566890801,5.621804266
-0.174512337,-0.24800019,-0.169062496,-0.485589801,5.349140112,-0.275206641,-0.225272,-0.234213077,-0.239425275,4.315695399,-0.240850844,-0.224194736,-0.267981013,-0.180390976,4.904663041,-0.184761528,-0.267379843,-0.227718456,-0.253745479,6.210474776,-0.272591281,-0.248478813,-0.27140676,-0.164581546,5.759443549,-0.262031801,-0.287052044,-0.213715904,-0.313042989,3.814461269,-0.198841959,-0.26237756,-0.19246969,-0.422889617,5.573448677,-0.264536632,-0.211627926,-0.235375987,-0.253743769,4.144079402,-0.181589647,-0.185058057,-0.237624667,-0.323468155,4.270117205,-0.192979268,-0.27257743,-0.23843372,-0.228814167,6.39007176,-0.278682175,-0.255023746,-0.267746052,-0.135806319,5.753351936,-0.197061332,-0.245974672,-0.183678302,-0.465542828,3.452846055
0.058087445,-0.188549359,-0.219519357,-0.564923722,7.023054265,-0.187088929,-0.23715445,-0.21067157,-0.451679593,4.769743257,-0.260485095,-0.284005441,-0.212155413,-0.261952599,5.539562181,-0.245682624,-0.253286613,-0.282955508,-0.276224142,5.339482723,-0.221981909,-0.250154542,-0.204474067,-0.287056305,5.485244362,-0.206861905,-0.232526502,-0.224727489,-0.384946577,5.109921658,0.060287664,-0.189527393,-0.21477956,-0.553294812,6.805767502,-0.163933987,-0.228051743,-0.204492247,-0.491560777,4.777339952,-0.213190036,-0.250899861,-0.193001071,-0.360128098,4.890276037,-0.243216677,-0.26826941,-0.280807504,-0.281319697,5.319936951,-0.24651882,-0.266505361,-0.203221776,-0.247526785,5.560633658,-0.146692698,-0.195324533,-0.178250469,-0.542697585,4.43073647
-0.144846577,-0.209247772,-0.286160641,-0.265893664,7.054201267,-0.069500187,-0.213563471,-0.225579152,-0.60712939,6.382474267,-0.142992551,-0.239015579,-0.220144288,-0.399420389,6.00647318,-0.21110159,-0.260470407,-0.250279917,-0.222983377,4.914117367,-0.271168749,-0.301100462,-0.234209887,-0.13074686,5.875115807,-0.179913369,-0.232746902,-0.202697198,-0.445275987,4.397394544,-0.163990087,-0.206671807,-0.294443179,-0.232568797,6.849869476,-0.078743746,-0.222107057,-0.243021412,-0.596007272,6.736283389,-0.098447365,-0.186674712,-0.199972665,-0.537378797,5.276866867,-0.211046638,-0.25673496,-0.257746366,-0.239960572,4.742404729,-0.29299892,-0.316178071,-0.226721244,-0.10159205,5.630938003,-0.129909994,-0.198743809,-0.168209749,-0.572489187,4.002796733
-0.176467381,-0.286496825,-0.222905803,-0.285864752,4.894943622,-0.320573102,-0.239674312,-0.292439221,-0.072213153,5.558745915,-0.22433866,-0.263279757,-0.246623017,-0.222437519,6.033062621,-0.236634552,-0.255604709,-0.197774856,-0.292814507,5.184797344,-0.267037144,-0.291755308,-0.297960593,-0.149764981,6.630983863,-0.106114726,-0.207442691,-0.233098697,-0.453299918,5.089417971,-0.184382225,-0.281892442,-0.215277836,-0.294380134,4.655171249,-0.297629994,-0.246443354,-0.277451498,-0.103202904,5.509799159,-0.16602071,-0.231608879,-0.187827448,-0.378252812,5.236154475,-0.23417618,-0.239711368,-0.198155897,-0.317466376,4.922703678,-0.271395844,-0.280101855,-0.315917697,-0.145135887,6.987678147,-0.06007402,-0.177816983,-0.201941029,-0.572770625,4.585726114
-0.156872399,-0.209917055,-0.272627045,-0.314065738,5.28470387,-0.052530836,-0.237817015,-0.182798321,-0.337805261,5.176072546,-0.178420872,-0.180244416,-0.282427897,-0.263484296,5.147022719,-0.255320908,-0.244180593,-0.203194591,-0.372569083,4.848291549,-0.283038198,-0.206666338,-0.25935002,-0.327012838,4.312761726,-0.192526915,-0.219737029,-0.310925455,-0.348743734,4.790554721,-0.149513401,-0.201473402,-0.254250579,-0.363299956,4.821760883,-0.037114313,-0.224580451,-0.174942992,-0.379165995,4.915665707,-0.088262031,-0.139754622,-0.230456508,-0.466571767,4.458318423,-0.269998106,-0.261868961,-0.194153914,-0.326637046,5.028860849,-0.306068297,-0.215096687,-0.293047284,-0.252929634,4.530195123,-0.124855693,-0.17981867,-0.276001802,-0.498085022,4.290561445
-0.341989112,-0.225310686,-0.263987816,-0.087064956,5.20213752,-0.333617071,-0.2658783,-0.244783599,-0.251359676,4.821040524,-0.223293153,-0.235289332,-0.201897708,-0.431963422,4.011375666,-0.137447518,-0.251344539,-0.224800229,-0.34390433,5.838115502,-0.166447064,-0.235046123,-0.217447484,-0.346354698,4.389762007,-0.21500285,-0.239147215,-0.262063959,-0.166177927,6.001350576,-0.346652995,-0.220726537,-0.272657841,-0.067120334,5.479968785,-0.352595699,-0.290432573,-0.215154728,-0.235132491,5.076525997,-0.163338888,-0.191172687,-0.164514291,-0.598836356,3.604148209,-0.113343119,-0.247848128,-0.215428663,-0.386391975,5.806108757,-0.142621543,-0.230067064,-0.20343041,-0.376980178,4.349849401,-0.143634939,-0.198317233,-0.223336625,-0.318576043,5.238007597
-0.292310657,-0.296267413,-0.238421424,-0.284066255,5.073115757,-0.108099473,-0.302802659,-0.198837475,-0.437189618,6.360429568,-0.029427963,-0.195162416,-0.178714494,-0.663623109,4.684712904,-0.267594983,-0.231804148,-0.277682484,-0.225875818,4.117457905,-0.189215156,-0.221609865,-0.23773372,-0.36001339,5.061584895,-0.26586988,-0.236623002,-0.297147988,-0.165482159,5.294104865,-0.329520788,-0.330485209,-0.262095222,-0.22315105,5.063052072,-0.116411217,-0.320934158,-0.201578703,-0.421873462,6.771074503,0.047390964,-0.153880223,-0.159015868,-0.820520371,4.444252214,-0.241747115,-0.202969827,-0.267200778,-0.288407003,3.844581135,-0.199172267,-0.222142526,-0.254941174,-0.329304269,5.299684259,-0.195460635,-0.208581427,-0.251968074,-0.318675994,4.677618999
-0.23276563,-0.240644069,-0.306197411,-0.24701534,5.012322828,-0.254620173,-0.257211626,-0.228779812,-0.281945839,5.466851617,-0.034671534,-0.277935987,-0.140839671,-0.526558483,4.906466331,-0.192135697,-0.263940039,-0.212876718,-0.359406139,5.930972688,-0.228470828,-0.222312561,-0.269828829,-0.238182211,5.265477708,-0.179200425,-0.206370495,-0.234148085,-0.341237495,5.118692821,-0.221871528,-0.248198478,-0.303339936,-0.269343646,4.683948128,-0.269667589,-0.271257081,-0.226432362,-0.261366112,5.484120742,0.040265202,-0.225894426,-0.110708483,-0.701859289,4.42664955,-0.20771203,-0.263367279,-0.222914755,-0.340499577,5.955981483,-0.219577959,-0.216568363,-0.269868854,-0.242165956,5.335233071,-0.126662567,-0.187864762,-0.196163712,-0.466861597,4.761515599
-0.209573769,-0.22551423,-0.230137435,-0.251219853,4.980951103,-0.154711847,-0.266567714,-0.186203492,-0.396138966,6.225759283,-0.229455684,-0.271647134,-0.206687685,-0.279476183,5.042353382,-0.230311633,-0.305680101,-0.227445042,-0.232557936,4.690072171,-0.313274973,-0.289990434,-0.226083171,-0.102600471,4.563215218,-0.348100265,-0.254541998,-0.296800711,-0.125905531,3.918298902,-0.185719306,-0.219056684,-0.203687308,-0.316745049,4.621223516,-0.125350939,-0.244375425,-0.169525622,-0.467068251,5.778289408,-0.196271341,-0.226924896,-0.180161483,-0.39790112,4.361143406,-0.252814239,-0.309624816,-0.246977097,-0.162746616,4.962588431,-0.318854917,-0.308192074,-0.212710546,-0.082926985,4.425937936,-0.292945434,-0.216461552,-0.260830813,-0.277473582,3.372821794
-0.157321545,-0.247035661,-0.159719165,-0.352411117,4.958510196,-0.182489431,-0.247191373,-0.208990323,-0.437096863,5.139305914,-0.13292995,-0.224734084,-0.207764188,-0.435347045,4.572555135,-0.233150719,-0.26127639,-0.254360059,-0.254900846,5.927482648,-0.211955829,-0.209501155,-0.230313945,-0.379778874,4.917555139,-0.28818866,-0.221294797,-0.242483489,-0.248430743,4.958812128,-0.134385243,-0.247863186,-0.164691556,-0.38997367,4.881030109,-0.177911028,-0.238307169,-0.223930202,-0.439470149,4.980184834,-0.059783875,-0.194480212,-0.160453415,-0.596096989,3.946867968,-0.220094094,-0.241752857,-0.262031153,-0.288243727,5.607865828,-0.201201868,-0.186883219,-0.234251039,-0.420730548,4.768077925,-0.221111296,-0.184249698,-0.209710947,-0.401901549,4.414005797
-0.215043169,-0.153167433,-0.240749904,-0.38565378,4.867106177,-0.247408408,-0.26748338,-0.239307444,-0.084046515,5.842883952,-0.18801019,-0.244247639,-0.236581002,-0.361367459,4.884817399,-0.318575584,-0.29362366,-0.244339901,-0.16889901,4.536202662,-0.205314631,-0.263809531,-0.246350503,-0.262556378,5.914821462,-0.29053438,-0.227689015,-0.257233781,-0.224761289,4.829580019,-0.181735715,-0.137107285,-0.231660968,-0.434163265,4.800515888,-0.23688735,-0.283764348,-0.225996535,-0.067378361,6.074811213,-0.111004852,-0.215789515,-0.190254059,-0.517967178,4.594291165,-0.295041454,-0.281162104,-0.222824873,-0.232949399,4.155838542,-0.218183708,-0.269700854,-0.256766642,-0.22634674,6.121771432,-0.233930163,-0.193160361,-0.225059154,-0.357374441,4.32766795
-0.347938656,-0.278182523,-0.28862145,-0.081088575,6.39373439,-0.282343634,-0.279073309,-0.273177095,-0.165863232,5.174718327,-0.150531077,-0.290189763,-0.194871882,-0.372573759,5.774761859,-0.210264742,-0.288721729,-0.271139697,-0.20661003,5.837287475,-0.260200301,-0.295743666,-0.271027724,-0.206092525,5.175359468,-0.19885569,-0.232435861,-0.250310226,-0.303085407,5.294972114,-0.424620333,-0.318849576,-0.352070882,0.117185114,7.156515239,-0.309076297,-0.299641425,-0.282043504,-0.114475017,5.525926286,-0.074336617,-0.258743223,-0.145164026,-0.567475366,5.029038428,-0.197040799,-0.282314209,-0.270962185,-0.223238008,5.761884367,-0.25706848,-0.299083167,-0.264124396,-0.214444186,5.199272777,-0.14215982,-0.200499378,-0.215924439,-0.450564299,4.60330812
-0.262632454,-0.245631879,-0.188975334,-0.241205772,4.425405657,-0.177312227,-0.256433519,-0.228090173,-0.344465366,5.699827688,-0.016891746,-0.188947545,-0.155540485,-0.65049567,5.870575446,-0.182594911,-0.155110739,-0.280937656,-0.339247925,5.208764915,-0.210126664,-0.245425721,-0.239075106,-0.301449345,6.780443871,-0.211920232,-0.243106219,-0.250285943,-0.28410552,4.850400191,-0.26316273,-0.218999474,-0.203561216,-0.248899022,4.29169825,-0.183609258,-0.252029828,-0.219483219,-0.374675464,5.151620027,0.045589911,-0.162132354,-0.127010019,-0.776019088,5.45421956,-0.214474898,-0.170151509,-0.305243042,-0.27848312,5.443330466,-0.245359372,-0.268618112,-0.257318359,-0.208193782,7.56412417,-0.173046197,-0.197657156,-0.227041732,-0.405559603,4.214051977
-0.207435697,-0.275241476,-0.256604623,-0.205858295,5.267444008,-0.360427688,-0.296246566,-0.265155853,-0.0447629,6.07339224,-0.253651994,-0.258658168,-0.184919343,-0.26464353,5.336796326,-0.279025084,-0.272930383,-0.252837393,-0.242987326,4.629826006,-0.202314547,-0.240935713,-0.231100043,-0.409201581,4.966169841,-0.1853947,-0.211811545,-0.237792117,-0.475146179,4.580046848,-0.215677187,-0.285552946,-0.247865566,-0.202435501,5.356178981,-0.362654424,-0.292056376,-0.272780982,-0.047445086,5.676156513,-0.187745037,-0.22934407,-0.151423521,-0.391532838,5.169167504,-0.265281752,-0.268036064,-0.249830055,-0.276479897,4.653814345,-0.194451641,-0.239019806,-0.211969866,-0.438739431,4.832268885,-0.144267458,-0.191542514,-0.209897095,-0.558695615,4.338409066
-0.364207652,-0.309836491,-0.281149771,0.037525968,7.579352686,-0.260219276,-0.275140915,-0.221891968,-0.347901484,4.233434797,-0.32625995,-0.218941289,-0.287290351,-0.252076656,4.132996549,-0.200829518,-0.246752799,-0.224364586,-0.311309096,6.156601199,-0.290131702,-0.213752284,-0.319211382,-0.202668125,5.154319002,-0.185815505,-0.229899724,-0.187596571,-0.436605695,4.362260554,-0.435200717,-0.298394783,-0.319473441,0.143126432,8.740314588,-0.248719442,-0.275158429,-0.217176253,-0.361709529,4.108160878,-0.283173367,-0.193980258,-0.247494504,-0.366551592,3.795926705,-0.200690874,-0.245113692,-0.221998171,-0.325863522,6.10479563,-0.26620846,-0.196535808,-0.313745589,-0.26217811,5.135854941,-0.125534458,-0.180058634,-0.166356128,-0.574143422,4.010926849
-0.200583872,-0.281171303,-0.157667464,-0.370483559,5.011338364,-0.296148387,-0.215382366,-0.295471037,-0.13837686,5.261634771,-0.276761755,-0.278270549,-0.274958396,-0.257385505,5.073431775,-0.292797522,-0.262239846,-0.246983501,-0.172074646,4.167637017,-0.297171834,-0.239861649,-0.276497846,-0.232307637,4.212217572,-0.161280868,-0.238544998,-0.19298218,-0.410551731,4.866534526,-0.191058053,-0.29044498,-0.146709569,-0.389077582,5.018536344,-0.322291467,-0.206699554,-0.303446748,-0.120722651,4.893095951,-0.210618369,-0.24494386,-0.241705716,-0.404980204,4.486696638,-0.271177906,-0.245044221,-0.258027531,-0.185916834,4.179169802,-0.307726853,-0.234324146,-0.289234678,-0.218245455,4.299034124,-0.12173888,-0.225234142,-0.152034925,-0.506648593,4.573825664
-0.244631824,-0.234068671,-0.255297995,-0.22623108,6.580032002,-0.310696606,-0.294627386,-0.261236489,-0.045236732,5.139009141,-0.173494193,-0.227389094,-0.228030311,-0.353475426,5.437029154,-0.247071437,-0.207574996,-0.315039702,-0.274976678,5.61274479,-0.239864526,-0.243167771,-0.228089111,-0.312956665,4.68683574,-0.121511121,-0.215136311,-0.225105443,-0.458126651,5.610186923,-0.232533674,-0.228003834,-0.249064232,-0.240906153,6.571623407,-0.282907254,-0.307457476,-0.229385343,-0.10272133,5.1377651,-0.127174352,-0.179538522,-0.223290566,-0.460027321,5.006075468,-0.246612562,-0.219711616,-0.305605269,-0.272616889,5.366271892,-0.235497216,-0.245823174,-0.218944091,-0.322896594,4.646371678,-0.079104823,-0.191665075,-0.198837337,-0.556251482,5.0942028
-0.336623741,-0.258939665,-0.325675247,-0.107214787,6.87051367,-0.23243182,-0.216512648,-0.319553017,-0.137867654,6.397362702,-0.226247658,-0.303816244,-0.267120314,-0.137753007,6.062634264,-0.264060219,-0.268649198,-0.213844081,-0.286468889,4.860416786,-0.224140167,-0.244972722,-0.252339886,-0.260109639,5.541107098,-0.2434711,-0.193045237,-0.244440087,-0.29996803,4.427423235,-0.371531214,-0.294694655,-0.351629672,0.001917911,8.213778716,-0.243707265,-0.205952946,-0.336814335,-0.117317964,7.136115725,-0.163622047,-0.265762321,-0.241520571,-0.259999168,5.412385234,-0.248515266,-0.265090213,-0.206953297,-0.338568886,4.794879776,-0.249431239,-0.260179698,-0.255896571,-0.217647748,5.497750123,-0.193531877,-0.166591268,-0.215608616,-0.405322121,4.176979223
-0.341628285,-0.351943832,-0.185414601,-0.193489749,5.627107013,-0.108670405,-0.26256684,-0.261693347,-0.295135823,7.446506028,-0.193729891,-0.213003286,-0.201260813,-0.421829913,4.846911838,-0.350297814,-0.293580788,-0.225591038,-0.205176659,3.899317008,-0.229312335,-0.268214524,-0.204985527,-0.219429096,5.635493678,-0.30020055,-0.260257835,-0.261750423,-0.198131485,5.005327242,-0.374921811,-0.408227272,-0.160185127,-0.142102747,5.898713434,-0.135146023,-0.29159116,-0.289501721,-0.192051371,8.46358452,-0.165673395,-0.192711003,-0.187401153,-0.484252705,4.71895524,-0.333335477,-0.275465083,-0.224514997,-0.238183011,3.720148221,-0.244926528,-0.273219865,-0.215533406,-0.17358077,5.963361208,-0.225052792,-0.209915116,-0.217886372,-0.388745729,4.307140323
-0.13227164,-0.264057593,-0.209785102,-0.32448773,4.956451979,-0.437631373,-0.170936669,-0.346188607,-0.083135333,4.466989065,-0.218592113,-0.220632792,-0.279190347,-0.328360421,6.105588939,-0.191127099,-0.205358497,-0.252860324,-0.359657642,4.615532013,-0.359002599,-0.303190208,-0.255527725,-0.082933444,4.483356847,-0.149383819,-0.258283402,-0.215759145,-0.389788529,5.279874557,-0.196237674,-0.311149414,-0.224933049,-0.160918463,5.37979715,-0.489480947,-0.181613168,-0.419120968,0.063459101,4.586004447,-0.159388336,-0.188064845,-0.25106405,-0.457157105,5.552906302,-0.190930083,-0.195650423,-0.263795618,-0.364913939,4.567280731,-0.341845845,-0.303356949,-0.235369621,-0.138476228,4.184319512,-0.088487493,-0.227130803,-0.182844588,-0.513043593,4.903135575
-0.345366663,-0.24994515,-0.282248167,-0.176203027,4.698210373,-0.175288903,-0.208793066,-0.227670642,-0.211660456,6.857850799,-0.050874851,-0.276216397,-0.229746015,-0.35900132,5.092168892,-0.269271959,-0.272715334,-0.284273648,-0.110816412,5.585198214,-0.165783912,-0.250351489,-0.220820189,-0.302993036,5.941160265,-0.225768506,-0.22428719,-0.283776818,-0.273556667,4.580831361,-0.356655768,-0.247864558,-0.273154851,-0.187054324,4.402179785,-0.187414879,-0.204059422,-0.250842952,-0.17997783,7.423644333,0.041397268,-0.222072013,-0.190552739,-0.557995076,4.345609832,-0.292046112,-0.287088795,-0.296292062,-0.053815746,6.007449674,-0.170443497,-0.261831675,-0.228269605,-0.260199363,6.280597432,-0.148956572,-0.191348852,-0.238610547,-0.455366362,4.142819645
-0.105024807,-0.273724199,-0.210047515,-0.379446895,6.197213694,-0.293643867,-0.184941638,-0.318097376,-0.291752074,4.771417273,-0.380642228,-0.248158235,-0.267182881,-0.023031474,5.465666272,-0.106542712,-0.232573218,-0.231137024,-0.390371665,6.169847752,-0.289381213,-0.271401034,-0.306580537,-0.24909822,4.100892064,-0.116050135,-0.177200659,-0.236813153,-0.424402161,5.994814292,-0.082311516,-0.263599579,-0.208815581,-0.413088843,6.5129766,-0.278690245,-0.165007462,-0.332937712,-0.330471712,4.808092454,-0.365284402,-0.23296356,-0.239792459,-0.080831459,4.882048466,-0.121556625,-0.250325121,-0.235426416,-0.342403483,6.327899351,-0.297308385,-0.262981318,-0.320959728,-0.261429203,3.88777057,-0.07297687,-0.154346733,-0.200999401,-0.527973412,5.52873175
-0.162668457,-0.286899618,-0.287088661,-0.13892135,9.448841799,-0.308638326,-0.238283838,-0.301734367,-0.066991871,6.578180383,-0.079267094,-0.233618062,-0.191818574,-0.478560362,5.641164179,-0.20367582,-0.206441021,-0.248015216,-0.339068221,5.906563719,-0.289979944,-0.291380141,-0.249423165,-0.241263877,4.784354014,-0.114788535,-0.226766419,-0.235521892,-0.401267498,6.861534303,-0.181327228,-0.317578068,-0.288115202,-0.047860822,10.48588074,-0.317106816,-0.242106643,-0.307176452,-0.036148479,6.821431472,-0.019926951,-0.183214726,-0.151249589,-0.652264183,4.820989854,-0.187391975,-0.196142236,-0.259150953,-0.364136149,5.976759095,-0.311277111,-0.313331985,-0.254527132,-0.199565975,4.905924595,-0.061831906,-0.188816386,-0.207661791,-0.531726977,5.976598478
-0.249048353,-0.243376222,-0.237788017,-0.308314873,4.641573572,-0.370175244,-0.271678049,-0.257873125,-0.133417563,6.174829689,-0.17528415,-0.19685083,-0.222798242,-0.414387674,4.756521211,-0.293847246,-0.230667819,-0.270158565,-0.196843093,4.985472636,-0.205524005,-0.216474428,-0.231093622,-0.337385961,4.710084393,-0.264544837,-0.282497413,-0.243046987,-0.1139984,6.31945444,-0.199951373,-0.216665121,-0.206525387,-0.448122304,4.148678845,-0.428493633,-0.336865359,-0.230237648,0.009159391,6.715413933,-0.13802953,-0.188379451,-0.180906583,-0.501616258,4.530741811,-0.308498108,-0.244645872,-0.269606178,-0.160379186,4.867371145,-0.183510117,-0.203442801,-0.239444979,-0.371261721,4.694992781,-0.2066704,-0.23620201,-0.221178451,-0.258167891,5.393708215
-0.135885347,-0.216188027,-0.214503917,-0.468972522,4.076513777,-0.310927549,-0.184843108,-0.306869903,-0.131256577,6.29736624,-0.354837098,-0.26596257,-0.262531167,-0.157134616,4.252356585,-0.245184412,-0.309157205,-0.242744797,-0.163203646,6.685602151,-0.195638413,-0.216533313,-0.231129112,-0.411936023,4.530000873,-0.153811285,-0.243387483,-0.231374862,-0.381277109,5.245098548,-0.119919142,-0.213251976,-0.188002864,-0.518306932,3.859072354,-0.309223329,-0.18386857,-0.30927448,-0.119451656,6.658269031,-0.282184692,-0.206101285,-0.220408518,-0.350516612,3.5935994,-0.283247822,-0.333303864,-0.257827364,-0.072467889,7.108023429,-0.181957228,-0.213185127,-0.233882102,-0.439530344,4.548364609,-0.082694197,-0.204238234,-0.19924363,-0.536199625,4.877928884
-0.363171918,-0.307063186,-0.273370201,-0.029839023,6.08526934,-0.19049251,-0.288354659,-0.252370168,-0.33765273,5.067256395,-0.318532531,-0.254329878,-0.241742614,-0.163723717,4.985719089,-0.238879609,-0.263847994,-0.241589762,-0.23188101,5.735717786,-0.297706785,-0.297218246,-0.242544685,-0.118605188,6.001349838,-0.191737058,-0.213331095,-0.262424165,-0.302489558,4.901810139,-0.365529144,-0.308111755,-0.270113275,-0.046520203,5.724534307,-0.210271343,-0.279797542,-0.259701785,-0.31720548,4.852242621,-0.279302486,-0.205729071,-0.218489023,-0.282043418,4.57794726,-0.236104087,-0.263003153,-0.25102999,-0.229929243,5.883879483,-0.355552044,-0.328729626,-0.257310164,-0.010719331,6.331221526,-0.136802163,-0.189115825,-0.230235599,-0.429287826,4.403705669
-0.409157563,-0.282099924,-0.294746994,0.001093812,4.604447617,-0.367696124,-0.28353752,-0.246623095,-0.182490549,4.530499319,-0.318450296,-0.223744136,-0.279857739,-0.155185925,5.627509404,-0.202918388,-0.229845457,-0.277016315,-0.275930531,5.301779191,-0.25277812,-0.229924012,-0.272716841,-0.316945546,4.707458351,-0.262424603,-0.236647715,-0.294587526,-0.19853026,5.826462748,-0.407776583,-0.261077247,-0.30840407,0.006999786,4.682220201,-0.408893139,-0.300036948,-0.25246792,-0.121985218,4.982296911,-0.301972571,-0.20278348,-0.257354321,-0.241859006,5.015342464,-0.170644297,-0.223085736,-0.269295573,-0.332744837,5.258771352,-0.29102286,-0.245700254,-0.303517521,-0.233445204,5.226762614,-0.174832919,-0.198376501,-0.253096625,-0.377036673,5.159017672
-0.189527078,-0.167216432,-0.247441193,-0.428224588,4.122900869,-0.207465589,-0.295658513,-0.197274592,-0.344965795,4.293544899,-0.067623349,-0.169193526,-0.188527216,-0.582505922,6.2474461,-0.318070641,-0.262847904,-0.244322032,-0.162634746,5.347357946,-0.290582596,-0.268628958,-0.228496018,-0.210290717,4.609945141,-0.147290888,-0.235235449,-0.165163717,-0.464682676,5.019732458,-0.211009215,-0.169874216,-0.24744471,-0.407805744,4.134176351,-0.238993514,-0.329018964,-0.195235667,-0.282682221,4.360602789,-0.00731412,-0.139999913,-0.158149128,-0.700964495,5.774715775,-0.324180975,-0.268233646,-0.229053246,-0.165335766,5.403661459,-0.264881737,-0.265518351,-0.211159689,-0.263599473,4.385648669,-0.084268371,-0.198239545,-0.125775373,-0.612926809,4.554423126
-0.35735914,-0.212011121,-0.302731061,-0.079782558,5.490052152,-0.276028247,-0.231840399,-0.232640825,-0.328687711,3.845942913,-0.202991557,-0.237032368,-0.254908135,-0.309284029,6.585960704,-0.244242358,-0.228579938,-0.299318762,-0.235434636,5.141259045,-0.32138703,-0.297020776,-0.245484616,-0.146493949,5.360217471,-0.179493506,-0.225540527,-0.208895817,-0.303082541,5.865255537,-0.425624146,-0.238931293,-0.356547278,0.077006227,6.323603988,-0.280561836,-0.229220206,-0.24476524,-0.345633384,3.821843344,-0.126353206,-0.204330295,-0.211081272,-0.471719161,5.810804497,-0.266735792,-0.243576493,-0.308678039,-0.192058011,5.219354321,-0.300413753,-0.302639192,-0.214099671,-0.177396686,5.470835605,-0.12130495,-0.194298191,-0.182768293,-0.434819165,5.39070429
-0.16106448,-0.236666227,-0.242149976,-0.34846937,9.014187549,-0.092182871,-0.217196388,-0.264260533,-0.442238799,5.867007289,-0.314027787,-0.243974159,-0.232914566,-0.195599762,4.785797667,-0.241002355,-0.264638673,-0.220281684,-0.205298942,5.723441107,-0.318384762,-0.27853031,-0.308009755,-0.083730189,5.674454431,-0.200740769,-0.253142177,-0.259979199,-0.329509546,4.829940468,-0.198228435,-0.240113147,-0.2689412,-0.27681057,10.24622437,-0.093086133,-0.226434686,-0.24632632,-0.458764669,5.587894084,-0.290972473,-0.21841159,-0.218538026,-0.277904578,4.420925738,-0.239094961,-0.264290041,-0.220829067,-0.193687224,5.6811481,-0.309695168,-0.269151384,-0.306860677,-0.102766661,5.522524762,-0.14042999,-0.215267852,-0.225641419,-0.484727278,4.246207063
-0.31464201,-0.231916345,-0.338688936,-0.033267653,5.501195773,-0.184544353,-0.206185467,-0.255061289,-0.441303276,4.433441258,-0.456823448,-0.190981326,-0.333820784,-0.086458521,3.796177546,-0.239797239,-0.272960853,-0.234159543,-0.354988341,3.767371651,-0.270725873,-0.297473217,-0.21756202,-0.226619739,5.619304592,-0.22787244,-0.228595841,-0.226316997,-0.304799788,4.560164176,-0.357316048,-0.227734575,-0.41647988,0.103036019,6.545821908,-0.183444917,-0.210668057,-0.248164167,-0.448804423,4.433631847,-0.395156711,-0.166686622,-0.274107292,-0.271591128,3.248417925,-0.263847111,-0.265540794,-0.24852053,-0.323518997,3.75778019,-0.269951842,-0.297125419,-0.21990955,-0.236355565,5.730335001,-0.136092194,-0.170691871,-0.185050887,-0.511196349,4.001629296
-0.107656029,-0.301759151,-0.131984141,-0.343957,6.195474552,-0.273372798,-0.25451979,-0.254160555,-0.177735812,5.234420374,-0.142731793,-0.251231098,-0.225321995,-0.380121859,5.243693306,-0.147935753,-0.214813519,-0.198232331,-0.430230738,4.952569266,-0.366761544,-0.254350222,-0.263853074,-0.164221044,4.832055311,-0.235781747,-0.252210641,-0.235474222,-0.21536471,5.843432911,-0.043780116,-0.264862957,-0.093856063,-0.486779822,5.202520304,-0.276841762,-0.255709012,-0.255142414,-0.173532118,4.980766051,-0.065120287,-0.222569986,-0.191174882,-0.52960041,4.883229659,-0.137366457,-0.214190187,-0.190187357,-0.453473771,4.872867728,-0.369720402,-0.255148685,-0.259231457,-0.168906448,4.795477261,-0.173118505,-0.217066224,-0.203807587,-0.341913064,5.238697775
-0.214420888,-0.319543213,-0.191036184,-0.240700566,4.895418269,-0.13015987,-0.164763315,-0.222758435,-0.495532344,5.769090396,-0.379026467,-0.223744192,-0.34167622,-0.01270454,5.242574826,-0.23103774,-0.24205838,-0.255479515,-0.287256629,5.490269887,-0.312348886,-0.239375166,-0.246797123,-0.209034431,4.930121986,-0.254867848,-0.256447242,-0.233992416,-0.293653326,4.787007951,-0.184938155,-0.317528663,-0.166871064,-0.306627489,4.701144867,-0.130439952,-0.165762441,-0.238603896,-0.472071002,6.014584865,-0.295434994,-0.183320866,-0.299044487,-0.176452,4.833720649,-0.249971678,-0.25461077,-0.254087912,-0.257006377,5.605337109,-0.340821592,-0.232211609,-0.272564891,-0.169410161,4.988986487,-0.185438458,-0.210207227,-0.202382563,-0.459943693,4.277211989
-0.138213935,-0.270656306,-0.213708324,-0.392810919,4.216199648,-0.23252708,-0.312249396,-0.186519826,-0.238390631,4.735001066,-0.166133065,-0.21432018,-0.267279609,-0.277572702,5.776393612,-0.360859708,-0.254181561,-0.30959719,-0.045086666,5.194661648,-0.186640672,-0.21343846,-0.286713726,-0.315901625,5.898445819,-0.214066638,-0.229542905,-0.203310622,-0.425664768,3.990351224,-0.118651079,-0.227890061,-0.208693592,-0.460578794,3.78858563,-0.231644764,-0.331019986,-0.184927605,-0.214222155,4.743839423,-0.129277614,-0.185454128,-0.241228055,-0.396019016,5.095506125,-0.375353591,-0.263688755,-0.31297667,-0.010064026,5.321253042,-0.169511737,-0.200240169,-0.293637086,-0.342541175,6.260028768,-0.166254324,-0.186966963,-0.182043569,-0.540614981,3.552589321
-0.19432833,-0.220470306,-0.237899666,-0.248997001,4.837398988,-0.308149663,-0.305754711,-0.276233273,0.019756406,4.459594662,-0.152876552,-0.169828659,-0.277734371,-0.339710834,4.235858543,-0.308126047,-0.282410646,-0.275627077,-0.085340971,4.837442641,-0.19302551,-0.222078497,-0.173584388,-0.394325648,4.427878502,-0.0964776,-0.197137779,-0.201667377,-0.502979367,4.888810256,-0.172794115,-0.217657521,-0.222894421,-0.283561292,4.856071534,-0.330654557,-0.324588961,-0.278238136,0.093255251,4.545815358,-0.094898289,-0.140788768,-0.231572425,-0.468412394,3.767000326,-0.298003401,-0.28028816,-0.251635817,-0.117443426,4.670630568,-0.193039637,-0.208668468,-0.178562286,-0.413317843,4.343052513,-0.05314747,-0.175138757,-0.174356224,-0.598528103,4.665858647
-0.28285592,-0.225501457,-0.294746469,-0.14809489,5.06846256,-0.327330731,-0.321979794,-0.267568945,-0.168363013,5.073592474,-0.403713715,-0.24640374,-0.267029904,-0.217225847,3.083913535,-0.271080948,-0.234503179,-0.281903449,-0.229459004,5.227300632,-0.284010314,-0.305298398,-0.261272526,-0.108146471,5.136177865,-0.308580255,-0.254964312,-0.236209811,-0.229050354,4.555707819,-0.273015123,-0.222655939,-0.297722891,-0.148566538,5.105027008,-0.401144505,-0.325829805,-0.306535264,-0.048307943,5.341249246,-0.352422203,-0.228444501,-0.213985696,-0.348107636,2.80736646,-0.301856471,-0.2391517,-0.309266973,-0.177413036,5.761244966,-0.281143664,-0.323766043,-0.260051083,-0.076998923,5.576494395,-0.246919612,-0.221017431,-0.186031965,-0.402931645,3.821731994
-0.221824957,-0.250548874,-0.294303245,-0.197898033,5.71663442,-0.379327557,-0.299717562,-0.21800098,-0.255590812,3.52218435,-0.196376043,-0.177253479,-0.283900503,-0.407491595,4.185936715,-0.31811917,-0.225902685,-0.256609776,-0.175298058,5.146084169,-0.309535103,-0.286846935,-0.272963169,-0.202032128,4.276249139,-0.182055798,-0.227466411,-0.237085535,-0.376213695,4.941863651,-0.248239833,-0.248562746,-0.317529858,-0.144032928,6.260116681,-0.418008034,-0.349213093,-0.185980458,-0.19350693,3.608594763,-0.122671771,-0.126008,-0.234211156,-0.587385316,3.685669306,-0.349147221,-0.230077932,-0.271357672,-0.112192796,5.332781154,-0.320173525,-0.280454544,-0.281138044,-0.194993718,4.427650063,-0.117211605,-0.194993627,-0.20050253,-0.528587917,4.560114988
-0.189001523,-0.256172765,-0.247993143,-0.232595706,7.531853873,-0.312052768,-0.290243976,-0.281530022,-0.160099848,6.671629604,-0.262728564,-0.289458706,-0.236952226,-0.126635922,6.23617311,-0.371929456,-0.241878477,-0.266812382,-0.138160496,4.673107921,-0.184268943,-0.247013243,-0.224139022,-0.313021653,5.928804986,-0.268374488,-0.21517749,-0.242295776,-0.276551144,4.347989084,-0.193521861,-0.263621242,-0.242184844,-0.234690803,7.175815863,-0.359872299,-0.328422763,-0.322180599,-0.042217913,7.572217814,-0.204722536,-0.260777081,-0.207512537,-0.257346623,5.076559049,-0.403174782,-0.253806113,-0.283319277,-0.08072371,4.78059783,-0.179362674,-0.248246446,-0.217264418,-0.321557132,5.990948254,-0.209161006,-0.175457652,-0.193347409,-0.429626456,3.803398156
-0.000113152,-0.204504838,-0.164025016,-0.525578681,5.307621514,-0.459526809,-0.315283373,-0.298208068,0.059707353,8.322089134,-0.197195042,-0.264637489,-0.245439008,-0.303058267,4.729600749,-0.37671869,-0.337839414,-0.22817816,-0.034055161,4.550896456,-0.225811867,-0.28190493,-0.19139865,-0.222224174,5.200373914,-0.196320599,-0.233712135,-0.233004112,-0.388827616,5.039853869,-0.013546758,-0.22034148,-0.154375143,-0.513037355,5.216670277,-0.439275973,-0.305918452,-0.287659861,0.001649085,9.188964902,-0.132007959,-0.224320431,-0.229230901,-0.439897115,4.269174433,-0.355702271,-0.325395181,-0.225711437,-0.064956649,4.34959095,-0.214530208,-0.281512229,-0.185312228,-0.235863715,5.202314116,-0.149715544,-0.191775446,-0.216904831,-0.511059359,4.580809458
-0.416949988,-0.265275662,-0.269210361,-0.219658466,4.753497735,-0.140701862,-0.281205035,-0.141369579,-0.426275097,6.654440777,-0.320402909,-0.282175755,-0.251525537,-0.130420408,4.73380894,-0.332624299,-0.232417387,-0.251548483,-0.208474736,4.612552269,-0.164451066,-0.222290955,-0.252573391,-0.339122624,6.490110491,-0.254996161,-0.221313977,-0.251235257,-0.240833683,5.231115081,-0.513953816,-0.286008364,-0.311277752,-0.077785013,4.817698466,-0.124300253,-0.305280031,-0.114461905,-0.439552018,7.308647972,-0.292827727,-0.238869263,-0.239386621,-0.217537553,4.166175027,-0.337471765,-0.239236104,-0.245240044,-0.203795064,4.593319227,-0.145496676,-0.199607073,-0.259566099,-0.369888705,6.530454827,-0.211861344,-0.192156486,-0.216759967,-0.351884604,4.782162133
-0.249094321,-0.264595466,-0.236374985,-0.198405071,5.664784291,-0.223303898,-0.274913312,-0.252046553,-0.256365236,6.292471248,-0.197037412,-0.164558227,-0.23774353,-0.378585288,4.543426918,-0.249049382,-0.278889075,-0.222080116,-0.24288036,4.768470027,-0.183436105,-0.163408412,-0.250754875,-0.405725417,4.905329387,-0.233483546,-0.191099587,-0.236750958,-0.321720537,4.310992427,-0.207972539,-0.244136475,-0.200872987,-0.309456024,5.070465993,-0.205406159,-0.280316347,-0.244783851,-0.280023315,6.042556209,-0.154212342,-0.144753562,-0.177398359,-0.506171293,4.114982636,-0.258566584,-0.258881454,-0.220206373,-0.246035657,4.413384253,-0.181985899,-0.162856103,-0.251054163,-0.420527746,4.778008226,-0.194858881,-0.165418081,-0.209219718,-0.419111915,4.072949258
0.048674807,-0.217910653,-0.189497567,-0.586768168,8.097634193,-0.19739719,-0.165380091,-0.309266224,-0.23207629,6.608294934,-0.329974285,-0.253108741,-0.236209999,-0.082273834,4.53154244,-0.233371507,-0.218444136,-0.245654275,-0.349421369,4.807579543,-0.296895562,-0.273416252,-0.267024753,-0.16648858,5.412749661,-0.198573823,-0.188427611,-0.22724203,-0.342635757,5.138919723,0.038829944,-0.229022325,-0.178125298,-0.581538813,8.163516162,-0.192302903,-0.150645564,-0.330138362,-0.225944104,6.784928211,-0.283271213,-0.229074152,-0.187610198,-0.193485308,4.246370532,-0.225500503,-0.218066013,-0.226421778,-0.382603934,4.771841281,-0.29740475,-0.285254942,-0.267275178,-0.151601833,5.780957168,-0.12635601,-0.148108855,-0.189851296,-0.505774308,4.568420107
-0.257515327,-0.260445515,-0.216582433,-0.289063112,5.787664966,-0.30039032,-0.237353159,-0.234931919,-0.253846638,3.967066439,-0.184523019,-0.224679695,-0.201187396,-0.401673789,4.012436892,-0.170412934,-0.249365976,-0.261352387,-0.253573259,5.716896953,-0.198983787,-0.213401677,-0.261916559,-0.339906601,4.829507715,-0.205915213,-0.256363296,-0.264366262,-0.288464838,5.100302963,-0.250280148,-0.269190864,-0.214921346,-0.31522285,5.889796873,-0.252387213,-0.231248034,-0.200494999,-0.355686927,3.870073082,-0.109271437,-0.182284127,-0.158202233,-0.567660289,3.630600331,-0.153401766,-0.245737209,-0.256270319,-0.297494701,5.536111018,-0.196364765,-0.203038706,-0.265650781,-0.35339947,4.725061429,-0.151289267,-0.217665512,-0.235489751,-0.414559632,4.604894979
-0.425459735,-0.312351121,-0.305716082,0.017770457,3.632621677,-0.157252519,-0.264146633,-0.192365475,-0.337736144,5.747937703,-0.309734592,-0.252665512,-0.250925069,-0.278220155,3.598272933,-0.332168546,-0.245206972,-0.260024756,-0.187553957,4.543292418,-0.221013797,-0.215174622,-0.243701834,-0.370501322,3.8340337,-0.278387767,-0.265360787,-0.25521937,-0.287474848,4.500235855,-0.478524801,-0.335507876,-0.336028512,0.147371585,3.756436074,-0.155031001,-0.270331965,-0.191384095,-0.341012977,5.991387274,-0.257582208,-0.228260812,-0.239958355,-0.370635263,3.412293325,-0.333852185,-0.239806146,-0.262631873,-0.1874273,4.453435739,-0.211150829,-0.221480947,-0.220032416,-0.389046934,3.768003733,-0.214332311,-0.226983644,-0.228077466,-0.422543388,3.995882499
-0.158221054,-0.240003588,-0.259989581,-0.347960042,7.423559884,-0.171634139,-0.257661221,-0.258086285,-0.204070487,7.300495497,-0.327687987,-0.291266854,-0.257260975,-0.116718495,4.840143424,-0.265507164,-0.236986627,-0.224319678,-0.219429539,5.181694788,-0.156534059,-0.202383709,-0.238160597,-0.317290216,5.451839196,-0.279305408,-0.221594905,-0.249479732,-0.27480528,4.541813587,-0.243317621,-0.262344106,-0.296982228,-0.173830939,7.807000312,-0.175697672,-0.268804039,-0.251744767,-0.167512369,7.636843185,-0.273910685,-0.272447155,-0.212329917,-0.254517462,4.316972836,-0.263354961,-0.252415651,-0.198523528,-0.221356676,5.048054336,-0.164270212,-0.20024681,-0.250226147,-0.29217662,5.683604789,-0.21707695,-0.19973271,-0.197750363,-0.421223556,4.005398538
-0.373640202,-0.329388269,-0.269156605,0.065325498,7.04178214,-0.191300129,-0.193288134,-0.252311231,-0.273950959,6.112258502,-0.127424828,-0.203082963,-0.215539597,-0.507713393,4.64401579,-0.203445802,-0.26828592,-0.251111797,-0.293782823,5.32759406,-0.181117729,-0.265454193,-0.227646812,-0.34252364,5.870970522,-0.191656578,-0.217056605,-0.250529505,-0.398805479,4.634515679,-0.40931526,-0.346367346,-0.295104354,0.156378401,8.100108944,-0.169057909,-0.176476388,-0.251784897,-0.297135342,5.906673026,-0.072409404,-0.166522188,-0.186654732,-0.623190816,4.219348471,-0.215568488,-0.291571954,-0.242865463,-0.246341638,5.554493844,-0.189384692,-0.266589366,-0.245046326,-0.318973754,6.025846166,-0.144725658,-0.178943349,-0.215498495,-0.531818763,4.143439351
-0.349876744,-0.277903558,-0.294443965,-0.029668006,4.968427402,-0.253917446,-0.232107195,-0.28971901,-0.252856678,5.445420747,-0.316153694,-0.223135226,-0.277400225,-0.098144538,5.499576403,-0.174131155,-0.226354139,-0.205060092,-0.321534203,5.700721833,-0.214595915,-0.23716909,-0.252650085,-0.272060183,5.767495499,-0.229068089,-0.238154337,-0.246716801,-0.332635411,4.50492314,-0.403919019,-0.310228763,-0.291934916,0.088348162,4.958317325,-0.200383841,-0.206795001,-0.261540365,-0.385182319,4.847839304,-0.265343331,-0.200243217,-0.25320544,-0.192186466,5.060577492,-0.182179118,-0.236373233,-0.199241514,-0.315150497,5.685594775,-0.223212719,-0.246456091,-0.257232797,-0.240607296,6.150411054,-0.153804345,-0.197679891,-0.209622469,-0.494731964,3.921365374
-0.419564893,-0.325420114,-0.251858527,0.015335135,4.917393604,-0.124261994,-0.169110433,-0.265282636,-0.387740769,5.18360712,-0.090731227,-0.230382717,-0.099466369,-0.588783307,4.078483928,-0.29197472,-0.263076916,-0.287409253,-0.117740927,5.394422984,-0.189169631,-0.186735047,-0.222568655,-0.486585616,4.20134878,-0.145714835,-0.222865098,-0.212186858,-0.408630162,4.975935101,-0.481575478,-0.355986418,-0.264905706,0.099535454,4.973914298,-0.097834115,-0.153351694,-0.275797615,-0.412916623,5.010088877,0.001143573,-0.173944997,-0.067607749,-0.799871749,3.717054403,-0.3614607,-0.300358569,-0.332580492,0.026411958,6.040848124,-0.201719801,-0.193967874,-0.212571095,-0.481485469,4.17242507,-0.083022662,-0.192480555,-0.189192878,-0.529525489,4.603378315
-0.25570646,-0.318196807,-0.183892928,-0.179956986,5.795532363,-0.246553015,-0.214376333,-0.220857081,-0.341486754,4.845286381,-0.184689516,-0.215484651,-0.206564907,-0.392236393,4.621180622,-0.308027937,-0.292386541,-0.297170819,-0.078436384,5.299364901,-0.31495003,-0.271898348,-0.237420038,-0.192991828,4.604928714,-0.136402313,-0.260904816,-0.219476035,-0.338233791,6.435576797,-0.27268594,-0.330845869,-0.18029843,-0.162726354,6.122276602,-0.237268385,-0.216061863,-0.213785786,-0.348860498,4.465525517,-0.127683428,-0.173783167,-0.18016315,-0.533692756,4.314900802,-0.345446493,-0.287454346,-0.33101117,0.000583775,5.57044564,-0.304683542,-0.274674345,-0.224533913,-0.223813872,4.462909397,-0.078960405,-0.228435548,-0.190548651,-0.482743823,5.539661789
-0.251982758,-0.253761407,-0.231693208,-0.270815278,4.048389452,-0.289090704,-0.275554485,-0.323328097,0.03116282,9.806403768,-0.185165028,-0.202831872,-0.228185099,-0.425997205,3.916710212,-0.238270479,-0.250121358,-0.271813332,-0.175484665,6.039789152,-0.286927526,-0.264081818,-0.266340346,-0.123133201,4.936812687,-0.230128836,-0.23631335,-0.227350133,-0.346551307,4.977660305,-0.282258095,-0.272115834,-0.237298607,-0.222695818,4.161688525,-0.302198577,-0.281257794,-0.344699446,0.099936955,10.57556152,-0.11923077,-0.172172268,-0.185824621,-0.546977555,3.62294104,-0.236468543,-0.250614153,-0.274024657,-0.179059847,6.46685133,-0.315926116,-0.264038086,-0.280331027,-0.063252704,5.038856742,-0.14226331,-0.201292132,-0.1754693,-0.542637094,4.353759167
-0.192256165,-0.294766019,-0.163537173,-0.344517758,4.721300531,-0.249163587,-0.1973897,-0.204906672,-0.362842725,7.126959286,-0.144566921,-0.193732933,-0.109963551,-0.605031808,4.194481193,-0.367113098,-0.368000182,-0.25994018,0.00740363,4.424350814,-0.127494958,-0.280578253,-0.192453483,-0.371205194,5.859794407,-0.228120144,-0.226860721,-0.194148065,-0.362150031,4.634008349,-0.193784526,-0.292947369,-0.167809411,-0.348726688,4.589105442,-0.214609153,-0.17780917,-0.182305056,-0.446602651,6.261088341,-0.080026355,-0.155957538,-0.077905244,-0.742108115,3.939046028,-0.388859691,-0.376318277,-0.280680896,0.077993081,4.827109382,-0.153915633,-0.312479609,-0.200194217,-0.281801529,6.370153183,-0.179234364,-0.193688687,-0.166755894,-0.475682852,4.196815558
-0.132568093,-0.211836557,-0.255104096,-0.469563685,5.338844845,-0.32944239,-0.310240645,-0.298618235,-0.069025251,5.519305583,0.089908851,-0.122525826,-0.177856876,-0.746336642,5.454525065,-0.159737603,-0.267299454,-0.228944861,-0.279983678,5.544521225,-0.176843806,-0.220018278,-0.235445277,-0.391517748,5.155596131,-0.124499767,-0.229691818,-0.182550404,-0.468564717,4.255947469,-0.131026074,-0.191781629,-0.289737321,-0.426578212,5.526846044,-0.341490083,-0.312338383,-0.317442176,-0.046632067,5.174531893,0.149307237,-0.08002572,-0.149025384,-0.88923583,4.904218075,-0.147379704,-0.260310956,-0.225053536,-0.315783191,5.363203356,-0.147131099,-0.211990194,-0.215832526,-0.452795089,5.04191596,-0.064144819,-0.189687771,-0.153745401,-0.603769854,3.911615173
-0.167379229,-0.235943245,-0.280390092,-0.313552881,6.022516755,-0.420723792,-0.307213389,-0.331467502,-0.008462065,5.183982757,-0.128407129,-0.210960166,-0.267206502,-0.380339524,6.403785363,-0.25831916,-0.197992915,-0.271433764,-0.31683891,4.832254098,-0.184919751,-0.234444293,-0.249998078,-0.319962572,5.747674153,-0.113601389,-0.187676807,-0.252378084,-0.419048537,5.182694829,-0.167768397,-0.235472063,-0.311278547,-0.281325383,6.383805301,-0.472479719,-0.320246977,-0.377574478,0.10535081,5.477725099,-0.076965405,-0.191402901,-0.248947823,-0.478820143,6.138874508,-0.245193446,-0.183237902,-0.275089979,-0.335055702,4.887581775,-0.156413039,-0.229437682,-0.233315355,-0.370033613,5.554207257,-0.051360096,-0.150114583,-0.219696656,-0.571485166,4.47499385
-0.235758785,-0.27950543,-0.259454275,-0.323361524,4.939790343,-0.151969107,-0.237184205,-0.273042608,-0.278056894,5.141888872,-0.234015385,-0.259489317,-0.23197727,-0.316862287,5.009910721,-0.187449063,-0.274684101,-0.188831017,-0.335058482,4.793982607,-0.213949038,-0.228897978,-0.274538967,-0.200114285,6.395353452,-0.271767247,-0.226605425,-0.253745324,-0.250651136,4.722451438,-0.219506237,-0.296757783,-0.275491973,-0.326393559,5.327540529,-0.160334365,-0.221647489,-0.289116799,-0.25577588,5.25529959,-0.124421409,-0.190686214,-0.185334374,-0.562250798,3.929341588,-0.181955578,-0.271479397,-0.174097585,-0.362405364,4.555455445,-0.236369517,-0.22514226,-0.292771502,-0.16526474,6.618649032,-0.211361871,-0.184430355,-0.216712892,-0.392864882,4.214083846
-0.254682735,-0.231519095,-0.251247722,-0.227043637,7.427509231,-0.352810039,-0.304257595,-0.241536751,-0.039822537,4.489013709,-0.133995317,-0.192077058,-0.232757866,-0.429049247,4.960771476,-0.239586797,-0.230128753,-0.29448154,-0.21590666,6.207781948,-0.402403295,-0.281952837,-0.275002542,-0.02567208,5.186663875,-0.214339373,-0.249462053,-0.23553417,-0.287838512,6.068330753,-0.310965863,-0.256800132,-0.276786157,-0.094644326,8.429382929,-0.310439779,-0.292013912,-0.225270979,-0.070388161,4.280378473,-0.095298688,-0.162560642,-0.196067013,-0.548532637,4.45705165,-0.244916653,-0.229794219,-0.309629481,-0.213878383,6.548294711,-0.416164248,-0.285149374,-0.292686276,-0.00204592,5.390683025,-0.15223897,-0.21687107,-0.195826179,-0.421162054,5.384979273
-0.184669863,-0.270895759,-0.185513318,-0.464289323,4.149322113,-0.348190143,-0.320789586,-0.294995017,-0.089765781,6.785636372,-0.083276582,-0.131358568,-0.224922257,-0.398185906,5.19363935,-0.333917044,-0.280094652,-0.290579227,-0.139879846,5.865490316,-0.283574525,-0.220352605,-0.32647287,-0.159647986,5.52588453,-0.170468441,-0.254346212,-0.213816375,-0.353643585,5.163630031,-0.186057001,-0.27548202,-0.168548413,-0.48239873,4.142137612,-0.432131674,-0.388726392,-0.341182583,0.127203351,8.677216161,-0.008754761,-0.102508696,-0.179767582,-0.538455433,4.829735654,-0.371107898,-0.290035274,-0.31538373,-0.054961607,6.486986635,-0.313807848,-0.200684274,-0.347806544,-0.125899128,5.50678971,-0.105658183,-0.218148137,-0.184725861,-0.497812222,4.702454712
-0.279477327,-0.236005048,-0.318061402,-0.070218163,6.868284306,-0.15420999,-0.298963604,-0.22340586,-0.170135992,5.603993718,-0.270084483,-0.282405587,-0.221083572,-0.221050382,6.495234093,-0.232759983,-0.275463828,-0.232291623,-0.2847538,5.480171344,-0.278023642,-0.303687516,-0.257277627,-0.100840248,5.247683264,-0.221010568,-0.242190733,-0.196642757,-0.368525486,4.218506922,-0.279543897,-0.24654686,-0.349446602,-0.008219771,8.050205592,-0.11727472,-0.298549642,-0.209588603,-0.224682775,5.31042997,-0.204460961,-0.249999168,-0.190713474,-0.351449495,5.914993292,-0.234259532,-0.282892268,-0.210708126,-0.299584171,5.219274643,-0.281531363,-0.305476912,-0.257361967,-0.081659059,5.38900867,-0.147683916,-0.194332762,-0.167051024,-0.539092549,3.770857154
-0.319019968,-0.170799937,-0.298193161,-0.170696442,5.590472614,-0.219254627,-0.221969054,-0.291119369,-0.153346768,6.545794182,-0.283903832,-0.308496264,-0.179247801,-0.204381367,4.315908387,-0.291970368,-0.254409974,-0.263932886,-0.164964157,5.161949458,-0.277685814,-0.286310081,-0.273750877,-0.166550419,5.699705331,-0.236551907,-0.275068616,-0.197664303,-0.352352007,4.73729349,-0.340557857,-0.163024127,-0.307251128,-0.132973874,5.629061992,-0.222843271,-0.221991416,-0.296532793,-0.158708394,6.93275334,-0.222322833,-0.284772897,-0.145132159,-0.326736713,3.789366822,-0.3002295,-0.255528957,-0.260707865,-0.139776407,5.226838524,-0.299296865,-0.296779557,-0.287757353,-0.119391369,6.331801597,-0.159719167,-0.231240716,-0.162661523,-0.529363912,4.195839726
-0.316023715,-0.180085573,-0.298254951,-0.166043191,4.949051705,-0.297485003,-0.230155528,-0.250785847,-0.172335634,4.933898636,-0.176528789,-0.265165152,-0.213681675,-0.314185921,5.423195684,-0.359190028,-0.255569134,-0.246500966,-0.13143427,5.202826715,-0.151591699,-0.23387723,-0.23657671,-0.412428284,4.617029017,-0.171821628,-0.20656471,-0.227563757,-0.374469774,5.879425553,-0.391185487,-0.185270904,-0.330537406,-0.024530674,5.285488967,-0.333687068,-0.236015492,-0.258744442,-0.123154722,4.916206259,-0.121472769,-0.233292376,-0.182377529,-0.461890331,4.801010371,-0.356158295,-0.242156231,-0.247903348,-0.144742108,5.115498099,-0.121183373,-0.214141022,-0.205109097,-0.493776881,4.195647616,-0.122339877,-0.182049556,-0.19009743,-0.495628638,5.256068262
-0.143107651,-0.201534584,-0.156968235,-0.543225,4.320624448,-0.281868137,-0.30608559,-0.223321078,-0.146159388,5.574061368,-0.333187638,-0.206616174,-0.299074195,-0.026538372,4.465230975,-0.233808701,-0.216479477,-0.279450536,-0.181793152,5.633762878,-0.263764398,-0.270639973,-0.292562821,-0.172199203,5.556237488,-0.238681032,-0.246874584,-0.263356995,-0.265471375,4.631644267,-0.130268438,-0.184776703,-0.147254603,-0.573463847,4.08536377,-0.222901197,-0.315124486,-0.18373981,-0.255476351,5.814218292,-0.275314139,-0.172111144,-0.249577009,-0.193242823,3.807657537,-0.231440206,-0.193457657,-0.274298903,-0.21434479,5.245652319,-0.269000369,-0.266050588,-0.304893169,-0.173524354,5.734321244,-0.173786897,-0.200883159,-0.225109736,-0.419342683,3.964081975
-0.214571014,-0.245850392,-0.268994359,-0.220062281,5.07273899,-0.401729596,-0.261619377,-0.235121209,-0.158437834,4.27622993,-0.112145949,-0.204113188,-0.230536302,-0.403136488,5.855398319,-0.262339864,-0.21558249,-0.27404743,-0.251488343,5.936116705,-0.237468564,-0.256584825,-0.245236042,-0.3334236,4.811194909,-0.160732699,-0.240358554,-0.245708956,-0.317933833,5.839511873,-0.257391897,-0.24573978,-0.303247168,-0.123272809,5.288383927,-0.400017916,-0.25412538,-0.228525792,-0.193173565,4.039753813,-0.022576573,-0.153354903,-0.180532006,-0.592198157,5.063731584,-0.255582198,-0.210122856,-0.272006065,-0.265503604,6.015178451,-0.256749685,-0.263607645,-0.240761194,-0.321367865,4.812390808,-0.110260621,-0.214558707,-0.206164824,-0.434707606,5.322463549
-0.318105513,-0.206480857,-0.21394246,-0.285327661,5.156799801,-0.263556716,-0.221346586,-0.217626222,-0.320691703,5.847994858,-0.383629677,-0.269247947,-0.276879428,-0.061153349,5.500501062,-0.251435554,-0.241218001,-0.290120281,-0.188298942,5.580532936,-0.157590165,-0.244696188,-0.239033281,-0.392822604,5.779180419,-0.135431066,-0.229383578,-0.227986509,-0.46234096,4.567991705,-0.304525178,-0.217152391,-0.214482853,-0.280282286,5.279442194,-0.264282896,-0.230739634,-0.214179076,-0.303814404,5.804149802,-0.287746274,-0.206702597,-0.235182079,-0.266590959,4.493070218,-0.250416659,-0.229532893,-0.306651707,-0.169808182,5.471057165,-0.156293661,-0.249543406,-0.255943432,-0.362335166,6.167467744,-0.081898906,-0.196309573,-0.192701623,-0.602099798,4.061313136
-0.151462788,-0.252677544,-0.206624467,-0.361695576,6.354912495,-0.343801155,-0.281587494,-0.25253911,-0.085141065,5.115389909,-0.162461644,-0.181344875,-0.235792602,-0.488363567,5.181328208,-0.258825009,-0.255917864,-0.304087726,-0.134130387,5.99515515,-0.280311148,-0.268089836,-0.286114569,-0.18026412,5.426838529,-0.264996904,-0.23424471,-0.232322714,-0.307075643,4.536882128,-0.151593255,-0.233198144,-0.224688918,-0.356829763,6.492192414,-0.353057528,-0.277911055,-0.244517379,-0.086040352,5.093200139,-0.112260624,-0.141264387,-0.212372594,-0.609414374,4.814720024,-0.266242965,-0.266662399,-0.310046982,-0.115329566,6.258203193,-0.281524015,-0.273849047,-0.28977551,-0.155109475,5.703278747,-0.206152883,-0.203857341,-0.201837037,-0.430691483,4.191477829
-0.420525922,-0.240460589,-0.366076265,0.139547226,6.489359911,-0.166640391,-0.27021091,-0.19802289,-0.464549802,4.763688192,-0.215408452,-0.16003266,-0.230146603,-0.388436715,5.099764138,-0.276740306,-0.25928153,-0.239208718,-0.229717968,4.669593614,-0.220060384,-0.243083231,-0.256235459,-0.287886498,4.943485195,-0.234253553,-0.2537044,-0.257378898,-0.217721627,5.283476654,-0.409879265,-0.217998723,-0.387700567,0.121960711,7.240650226,-0.19090683,-0.298507935,-0.207796385,-0.409203684,5.03718311,-0.16077103,-0.129634086,-0.200624919,-0.497859171,4.76621405,-0.2852501,-0.261244072,-0.242468947,-0.211545614,4.592585816,-0.219664263,-0.232801036,-0.25049343,-0.316482175,4.633354843,-0.157627217,-0.21660408,-0.208003383,-0.38850522,4.461715776
-0.273721792,-0.250061508,-0.325834083,-0.046687275,6.810147125,-0.204093712,-0.295044518,-0.24790025,-0.212887999,5.105889355,-0.143673882,-0.177047857,-0.235156856,-0.366786283,4.625107806,-0.389936371,-0.294275192,-0.264715394,-0.035030944,4.535608048,-0.371301319,-0.28942472,-0.291962965,-0.023009078,5.592017764,-0.162406979,-0.223297945,-0.246694461,-0.373751276,5.08768261,-0.299554247,-0.264629753,-0.385582976,0.046985136,9.46230207,-0.207732672,-0.309608641,-0.229623553,-0.206713022,4.963461032,-0.09367867,-0.140045451,-0.191375035,-0.498623313,4.18446839,-0.363817651,-0.272040639,-0.264116951,-0.094013316,4.327514708,-0.382334193,-0.295734009,-0.295874357,0.000454205,5.529392768,-0.095522453,-0.194479425,-0.212552869,-0.515137328,4.632882448
-0.186223947,-0.21558918,-0.256523017,-0.416781436,5.035902622,-0.204292866,-0.208746857,-0.262405244,-0.397719705,4.543490523,-0.235674733,-0.206170601,-0.240992689,-0.302344013,5.064297606,-0.401168766,-0.28737065,-0.280239493,-0.065809057,4.786014855,-0.378687416,-0.308577221,-0.264187878,0.001554806,6.369260851,-0.205897671,-0.175243223,-0.287404608,-0.351306091,4.595907909,-0.184579846,-0.193170118,-0.269740196,-0.446033585,5.159403765,-0.213623214,-0.221987319,-0.25300848,-0.39227148,4.571778631,-0.177054066,-0.178690325,-0.21275922,-0.427322366,4.622193169,-0.403340452,-0.297019687,-0.269832236,-0.070044372,4.855417467,-0.41540434,-0.333973834,-0.279018927,0.061613994,7.240740711,-0.140409235,-0.135184392,-0.248200577,-0.4978908,4.117796212
-0.192462352,-0.292428414,-0.198778507,-0.365595707,4.890108404,-0.295275121,-0.258284073,-0.286465615,-0.149792189,6.249187957,-0.344190583,-0.213172126,-0.288536119,-0.148698117,5.091588878,-0.217988488,-0.255540467,-0.251634196,-0.208859654,5.352044816,-0.158728736,-0.222566639,-0.22070013,-0.386975639,4.971020983,-0.241681892,-0.227679901,-0.206410521,-0.312962303,4.503623784,-0.148373902,-0.30307254,-0.162054419,-0.423068821,4.675832667,-0.319840851,-0.280967396,-0.295469918,-0.097869955,7.257327912,-0.262196313,-0.169592151,-0.237811398,-0.32683787,4.252183814,-0.252066236,-0.269468572,-0.293988105,-0.104651643,5.891633995,-0.173343332,-0.230136754,-0.22758499,-0.361585179,5.216324729,-0.198638319,-0.198569256,-0.189023318,-0.416444185,4.179189999
-0.237429125,-0.205481597,-0.257591033,-0.330476086,4.808954976,-0.257559602,-0.280099092,-0.224001628,-0.230765769,6.144587416,-0.04526499,-0.147520131,-0.17636701,-0.662229776,4.904791888,-0.155329765,-0.201715719,-0.24292507,-0.401974163,5.469057059,-0.301588196,-0.267389136,-0.198938255,-0.235318067,4.198245103,-0.098673506,-0.2439193,-0.221762096,-0.438238203,5.620318571,-0.227342899,-0.204877011,-0.253759625,-0.328635489,4.933017909,-0.276560426,-0.291304891,-0.236618416,-0.17009799,6.548685615,-0.014212701,-0.135266263,-0.150430344,-0.748216894,4.823799173,-0.141291853,-0.190130984,-0.243452386,-0.4069117,5.44523682,-0.308846211,-0.282017177,-0.191029878,-0.206501982,4.237199004,-0.058266356,-0.221930131,-0.190306158,-0.532279637,5.207057729
-0.290358315,-0.278830584,-0.280802589,-0.241094344,4.382908074,-0.298008236,-0.255879886,-0.196782954,-0.275626306,4.012936697,-0.241552188,-0.273892712,-0.215225717,-0.299059518,3.629007807,-0.241223565,-0.186722358,-0.22377168,-0.300923841,4.797218466,-0.384284024,-0.255808261,-0.308304274,-0.13450454,4.128832492,-0.202965345,-0.183317106,-0.219288334,-0.450671732,4.089980241,-0.346613632,-0.294254596,-0.313265769,-0.135528999,4.710962818,-0.353175308,-0.286170835,-0.200391799,-0.173350106,4.272150384,-0.163264127,-0.225683841,-0.180835204,-0.468394024,3.218199572,-0.241740192,-0.195155479,-0.21642619,-0.312889457,4.853542302,-0.380972917,-0.251839223,-0.308974769,-0.148327674,4.148311661,-0.153392021,-0.15204191,-0.182586623,-0.579061394,3.766773081
-0.142121425,-0.162756603,-0.279255579,-0.462562896,6.355921592,-0.17834716,-0.295247351,-0.199307885,-0.329860958,5.362567105,-0.266187666,-0.196882944,-0.285250786,-0.260269542,4.277360504,-0.164284364,-0.247754831,-0.227839584,-0.279667641,6.230832271,-0.190893835,-0.266034706,-0.209786077,-0.343055058,5.521977506,-0.192517191,-0.226310555,-0.25734423,-0.258567055,4.428341443,-0.191632559,-0.184670295,-0.30563289,-0.389333279,6.80142764,-0.230775467,-0.335287345,-0.21172605,-0.215039431,6.037052784,-0.227361042,-0.170604309,-0.255149622,-0.357993101,3.954225187,-0.183680634,-0.273064889,-0.222939192,-0.226492158,6.676414394,-0.202467814,-0.276488699,-0.209308146,-0.335328194,5.616033167,-0.128836909,-0.186765334,-0.221206353,-0.425167899,3.9032485
-0.322905865,-0.220583068,-0.303782788,-0.190515107,5.83474192,-0.414082351,-0.277698271,-0.326972149,0.070756257,5.00876936,-0.213661962,-0.154935684,-0.22179209,-0.476782885,4.036234077,-0.229113602,-0.249344434,-0.232521675,-0.319745459,5.201001879,-0.226566002,-0.27447676,-0.247372257,-0.361635266,4.300438365,-0.197630432,-0.234662239,-0.246554424,-0.340509628,5.987245507,-0.331112922,-0.218902817,-0.297511414,-0.205314539,5.430652884,-0.448720656,-0.302540747,-0.334585194,0.1229916,5.18894098,-0.145540043,-0.122922418,-0.171733322,-0.644520621,3.587177344,-0.238001694,-0.267970929,-0.219030407,-0.304625257,5.265245229,-0.202536122,-0.274950712,-0.238413954,-0.4037225,4.265490303,-0.100230716,-0.207253785,-0.185210927,-0.560192343,5.11238618
-0.249748099,-0.310989131,-0.22780653,-0.289465345,4.744847093,-0.320919684,-0.373168366,-0.183002146,-0.24707545,4.834678715,-0.272498169,-0.291261988,-0.247111072,-0.266737613,5.269953496,-0.26370068,-0.262707106,-0.246182534,-0.310219264,4.365997831,-0.391265328,-0.281907127,-0.29640489,-0.001082995,5.263406666,-0.299108092,-0.312328205,-0.253630343,-0.092292317,5.017224558,-0.23987451,-0.292090437,-0.227331786,-0.332245186,4.442520793,-0.337878691,-0.372011545,-0.179386766,-0.237624176,4.712447064,-0.185388978,-0.235863174,-0.216466466,-0.428997873,4.5690673,-0.272016491,-0.277203049,-0.246051607,-0.268460256,4.517367503,-0.405319006,-0.294344922,-0.303929142,0.019846295,5.268830981,-0.208889419,-0.262531124,-0.205385978,-0.294917422,4.318082567
-0.231483325,-0.231602777,-0.216534406,-0.236867785,5.672109859,-0.203710373,-0.274905868,-0.262044017,-0.28507632,6.0010298,-0.250476233,-0.21254217,-0.225749141,-0.346519735,4.905782323,-0.261003062,-0.266431632,-0.230917662,-0.235353286,5.433770583,-0.196845372,-0.208404726,-0.296425411,-0.249357552,5.966337391,-0.218049606,-0.247213695,-0.240916744,-0.245784182,4.78763603,-0.237710482,-0.234745578,-0.217038067,-0.212065506,5.760617368,-0.214794445,-0.279122339,-0.280244238,-0.257276723,6.483872331,-0.173589411,-0.170861547,-0.19801406,-0.502631853,4.509624758,-0.268728387,-0.272383368,-0.227655301,-0.234454874,5.522002637,-0.221912536,-0.203768138,-0.31768314,-0.21462501,6.047108295,-0.156468352,-0.218540427,-0.196685628,-0.395030663,4.215312476
-0.203769068,-0.294225079,-0.260953566,-0.215138,6.644707672,-0.223684711,-0.262362505,-0.245983818,-0.220359146,5.143891764,-0.316055105,-0.201049257,-0.269849116,-0.241930143,5.833302772,-0.279846235,-0.264875668,-0.241787097,-0.205825043,5.540610384,-0.26739756,-0.27760566,-0.266738008,-0.155889165,5.019830906,-0.153025536,-0.227090656,-0.211215648,-0.434901225,4.180418051,-0.228257927,-0.312543591,-0.299865802,-0.132340611,7.58735585,-0.204694022,-0.261785137,-0.226745674,-0.225703545,5.104415838,-0.271597061,-0.178004363,-0.238608318,-0.32793636,5.320941044,-0.287546565,-0.284315875,-0.248205773,-0.159716773,6.135345642,-0.240678984,-0.264759041,-0.280060469,-0.167163722,5.204764675,-0.091460401,-0.196836921,-0.16370226,-0.590170002,3.705225255
-0.108417661,-0.184520847,-0.181177304,-0.538293659,5.220119597,-0.203217176,-0.284543085,-0.221178209,-0.232787869,5.963953024,-0.212261517,-0.273100226,-0.200126111,-0.291426562,5.594154657,-0.285123618,-0.225236699,-0.287469625,-0.231297237,5.014675399,-0.331260815,-0.264536045,-0.305020978,-0.017281501,5.252885127,-0.243655855,-0.26073045,-0.250894796,-0.242673533,5.188418217,-0.102547905,-0.175492034,-0.177470911,-0.553026447,5.185230196,-0.211386276,-0.28129285,-0.222933408,-0.2285694,5.675044878,-0.158700009,-0.244374117,-0.174548953,-0.397761801,5.418743158,-0.280023553,-0.233183614,-0.28524417,-0.217012513,5.077779718,-0.327642371,-0.262904586,-0.280428313,-0.042948193,5.185628732,-0.165036644,-0.221913426,-0.224642579,-0.388614393,4.744544408
-0.119212047,-0.196418996,-0.206971998,-0.500105681,5.626387244,-0.310377972,-0.241250928,-0.28724572,-0.115170223,4.842681308,-0.289060088,-0.281137707,-0.224076263,-0.374647471,4.422999093,-0.217902169,-0.256833592,-0.254125669,-0.196135938,6.233479456,-0.316813921,-0.21934221,-0.221472699,-0.228914208,4.529967094,-0.140369664,-0.241867847,-0.221725868,-0.418318261,5.386844231,-0.123800224,-0.194074918,-0.217580805,-0.515398434,5.669366939,-0.315105555,-0.235026976,-0.291265691,-0.113189566,5.075422401,-0.242127935,-0.263439739,-0.209492988,-0.469389288,4.371054623,-0.217434717,-0.249070719,-0.260535612,-0.185188826,6.27352635,-0.3148445,-0.2034556,-0.230282368,-0.241126841,4.418407056,-0.084625179,-0.221083071,-0.182278525,-0.541934565,4.841017055
-0.304958145,-0.286573053,-0.296497976,-0.145651716,5.217789335,-0.473630172,-0.266579552,-0.352587029,0.153966019,5.542833277,-0.244208624,-0.218873596,-0.268467234,-0.171262776,5.996298353,-0.320601466,-0.267125458,-0.233184053,-0.133495492,4.052276079,-0.290097104,-0.25211757,-0.277801682,-0.183107238,5.200585123,-0.254155809,-0.270369527,-0.22379744,-0.275404925,5.259803405,-0.298043989,-0.293615367,-0.28151301,-0.140129094,4.966240216,-0.493192734,-0.272147401,-0.381097566,0.18532799,6.044242707,-0.187161848,-0.190316077,-0.22970967,-0.316090176,5.200035371,-0.326006876,-0.260863443,-0.247700968,-0.126575001,4.102327448,-0.320105636,-0.268498472,-0.29606568,-0.117855383,5.154605942,-0.192787222,-0.2292444,-0.190660876,-0.423442817,4.570235443
-0.329908506,-0.299059233,-0.311454679,-0.092931986,4.54595753,-0.220576325,-0.262435161,-0.279418644,-0.228659845,7.376678818,-0.191090146,-0.219243299,-0.26913038,-0.333446326,5.643632341,-0.357185828,-0.280423619,-0.212581544,-0.204269302,3.638309169,-0.26274594,-0.254758908,-0.239042864,-0.230728516,5.268521705,-0.282947817,-0.212933881,-0.290391678,-0.2561369,4.936719078,-0.374007701,-0.322126827,-0.304286798,-0.030715003,4.485500593,-0.242455011,-0.263887974,-0.269187389,-0.231111904,6.765664505,-0.132694723,-0.187646474,-0.215489336,-0.487538955,4.679074278,-0.317196468,-0.282949968,-0.179177645,-0.272748673,3.580897058,-0.257880708,-0.261434835,-0.234778578,-0.245754323,5.141528146,-0.223936083,-0.178940551,-0.258655231,-0.400525476,4.527390713
-0.070237966,-0.13138665,-0.23638308,-0.574485264,6.081815219,-0.17643817,-0.230800593,-0.219354503,-0.386836516,4.68000748,-0.364113987,-0.268309001,-0.260752784,-0.070788553,4.151028118,-0.381845149,-0.300753244,-0.231025748,-0.113720582,4.636946286,-0.299345565,-0.265256481,-0.264090006,-0.171750687,4.641537482,-0.138737769,-0.228639702,-0.208185481,-0.427250849,5.012313544,-0.086642476,-0.138122118,-0.240872573,-0.544312415,6.29368551,-0.20081413,-0.260931261,-0.208920248,-0.370939617,4.876195957,-0.310681401,-0.240189981,-0.23872804,-0.173342159,3.80633341,-0.377101997,-0.306344784,-0.225589119,-0.129586907,4.623806485,-0.296214351,-0.247294667,-0.258874733,-0.192445245,4.294167979,-0.079852637,-0.192724231,-0.177566887,-0.570723518,4.465164152
-0.20317439,-0.251815032,-0.293197168,-0.179825609,6.022646477,-0.460587448,-0.290280677,-0.289380239,0.015701081,4.77922741,-0.243812487,-0.207499648,-0.289064515,-0.364932295,5.185393811,-0.139338688,-0.235264177,-0.171769341,-0.485813896,5.528007075,-0.313894359,-0.244400538,-0.288758098,-0.164154959,4.42493333,-0.297727417,-0.230784697,-0.27973774,-0.216053405,4.564406555,-0.211126213,-0.258866581,-0.295620196,-0.156780995,6.16485821,-0.47763298,-0.282294887,-0.294131508,0.048479528,4.786535406,-0.216657362,-0.172827696,-0.254806971,-0.4649915,4.285169677,-0.119464792,-0.222424471,-0.157740803,-0.535840763,5.318215571,-0.312615291,-0.245212507,-0.2982852,-0.145611329,4.422846989,-0.231566646,-0.181535293,-0.234937264,-0.404485058,3.996220657
-0.240813525,-0.194393066,-0.412278579,-0.161216967,6.328066995,-0.352310564,-0.25319231,-0.315752082,-0.022807232,6.783765633,-0.328854252,-0.265729988,-0.259643431,-0.037910336,4.983437603,-0.274788369,-0.238623315,-0.27914313,-0.26527999,5.074699568,-0.204630121,-0.258726241,-0.207690536,-0.316595816,5.386072055,0.005166886,-0.162293813,-0.178775579,-0.57147152,6.518367345,-0.275556335,-0.215343748,-0.447626787,-0.034891019,8.162000397,-0.381630682,-0.263664505,-0.348174979,0.05338911,7.953222054,-0.263877443,-0.220442533,-0.224505973,-0.188358487,4.274958583,-0.316403127,-0.274515274,-0.278295753,-0.175508368,5.315613276,-0.219352713,-0.258720525,-0.22044549,-0.283372495,5.729400902,0.071113334,-0.12514728,-0.148275024,-0.71310444,5.905248115
-0.407832193,-0.229328203,-0.322097828,-0.06346047,4.145788053,-0.350617093,-0.247567103,-0.31420489,-0.033546084,6.984306475,-0.413233576,-0.366476242,-0.250439784,0.004699693,5.145294187,-0.19385208,-0.289091212,-0.240716618,-0.26762337,5.993326196,-0.320717807,-0.269591536,-0.243959135,-0.207682772,4.280990095,-0.103608927,-0.183919538,-0.175859212,-0.579420039,5.59547339,-0.394558256,-0.218932664,-0.330426681,-0.083399891,4.364747632,-0.369349357,-0.253689766,-0.358960394,0.060599501,9.078034744,-0.340931443,-0.333362709,-0.203804131,-0.144890037,4.855107118,-0.212232756,-0.310167252,-0.251489835,-0.218920787,6.206761519,-0.295324408,-0.259383195,-0.219310115,-0.277760034,4.123540987,-0.070223282,-0.161244348,-0.155449679,-0.662577206,5.372001533
-0.181215885,-0.275620465,-0.273465679,-0.189953857,6.923929791,-0.282874062,-0.291363541,-0.27280845,-0.111274891,5.128922863,-0.183748034,-0.230533157,-0.287466659,-0.279005319,5.530078379,-0.254028575,-0.221118573,-0.291262413,-0.269209968,5.360003755,-0.232022961,-0.228195283,-0.23286878,-0.286469204,4.943437502,-0.173806792,-0.205169521,-0.252744227,-0.400106453,5.151469641,-0.20641294,-0.279008,-0.302820018,-0.116087754,7.422818592,-0.344678673,-0.335171441,-0.307862298,0.054369174,6.162401426,-0.108126778,-0.193571067,-0.258214302,-0.432434663,4.964068536,-0.282995804,-0.218415823,-0.331399188,-0.173803878,6.0209647,-0.224231677,-0.215344725,-0.228469417,-0.302888566,4.873388013,-0.109497701,-0.161597363,-0.214875566,-0.558679456,4.753758947
-0.231121273,-0.279750555,-0.293257961,-0.25364524,6.425994224,-0.315942029,-0.281378148,-0.268069454,-0.148525049,4.656276432,-0.206486447,-0.25852133,-0.224654069,-0.278539926,5.370432885,-0.189341104,-0.221696705,-0.257502132,-0.329611075,4.637782187,-0.202280053,-0.252449452,-0.215562439,-0.289657974,5.185443055,-0.167769696,-0.256267158,-0.212199948,-0.327691688,6.072929167,-0.277989909,-0.295804111,-0.31549687,-0.167194521,6.952283153,-0.30984737,-0.26159352,-0.266214472,-0.190171085,4.30997345,-0.133932304,-0.2205329,-0.196975075,-0.425355121,4.666054782,-0.185506855,-0.234142472,-0.26873391,-0.318138954,4.969380329,-0.192669863,-0.247712985,-0.220215216,-0.298815401,5.472607629,-0.115095705,-0.223385054,-0.182322604,-0.449640239,5.353605479
-0.157827151,-0.244620839,-0.158459022,-0.454286592,4.353498295,-0.46556881,-0.326590073,-0.393370554,0.152087364,5.44297522,-0.223464872,-0.20290487,-0.310644564,-0.362742601,4.322076352,-0.21296896,-0.226303073,-0.248013959,-0.372804522,5.181743255,-0.137131146,-0.236831406,-0.1866757,-0.348742773,4.744095925,-0.236951854,-0.226509258,-0.241858488,-0.327566067,5.034232425,-0.151704326,-0.292123183,-0.126871067,-0.459417179,4.446817802,-0.571305731,-0.367846708,-0.438100888,0.371213106,5.590704611,-0.146261502,-0.173640582,-0.257445038,-0.554768589,3.869267443,-0.190228361,-0.213970718,-0.245152358,-0.421274708,5.017799417,-0.167740285,-0.25025275,-0.208254378,-0.27620752,4.920491081,-0.173200383,-0.192302349,-0.214299477,-0.459428054,4.553832992
-0.233721779,-0.191751602,-0.244646779,-0.332908121,4.854241827,-0.180280088,-0.233333639,-0.248678715,-0.355436229,7.238666314,-0.286609083,-0.249802068,-0.290163455,-0.248596274,3.960560765,-0.33938866,-0.262665433,-0.315361411,-0.004238236,6.135552475,-0.291887804,-0.255454765,-0.27337158,-0.161368577,6.270907093,-0.130572207,-0.186794664,-0.218875209,-0.393312224,4.647553933,-0.238077514,-0.209738947,-0.243283939,-0.32521245,5.174937407,-0.252769715,-0.290456588,-0.246922635,-0.2143065,7.728997748,-0.206531753,-0.216845143,-0.245646339,-0.419162152,3.488189046,-0.388897753,-0.292309751,-0.346049666,0.114189164,6.750347449,-0.344958337,-0.280333465,-0.294851336,-0.040832656,7.169010486,-0.09696899,-0.163302602,-0.187526724,-0.486012928,4.343409655
-0.176801508,-0.235184685,-0.251074861,-0.294712144,6.60622278,-0.124714522,-0.252968005,-0.269458006,-0.370146723,5.349005098,-0.180124231,-0.198205228,-0.245503467,-0.377162877,5.850275291,-0.347471407,-0.275567734,-0.268217451,-0.058111114,5.388364205,-0.143638114,-0.264550832,-0.179131501,-0.404406024,6.497972978,-0.333006347,-0.268441936,-0.279181023,-0.136547988,5.309250146,-0.200346095,-0.248763863,-0.252850988,-0.272054746,7.074063833,-0.122472281,-0.257479334,-0.277207522,-0.341668675,5.657272421,-0.118288178,-0.179892288,-0.217607418,-0.484190513,5.54767948,-0.332583141,-0.261402911,-0.265547488,-0.088429708,5.552770726,-0.170770003,-0.280089575,-0.175131347,-0.367386147,6.566686284,-0.293892955,-0.241454925,-0.238195507,-0.254238723,4.603797745
-0.302569477,-0.219898019,-0.272094498,-0.181060104,4.481079297,-0.244360027,-0.272342114,-0.192168637,-0.275840317,5.239745055,-0.359560332,-0.169065293,-0.247892634,-0.264418015,4.498069815,-0.406340724,-0.304646282,-0.29144475,-0.046427648,4.2350641,-0.289567649,-0.269112419,-0.302311042,-0.142960329,4.869306526,-0.146194973,-0.245233342,-0.160507948,-0.466985332,4.306970045,-0.308764731,-0.196386515,-0.299580404,-0.198736198,4.525319549,-0.245162921,-0.252213699,-0.200427836,-0.281856332,5.054560118,-0.301946861,-0.143608867,-0.207542057,-0.380246517,4.180175526,-0.43484811,-0.303343045,-0.309641382,0.008963381,4.333187204,-0.310511084,-0.292566869,-0.314449852,-0.086158092,5.043295002,-0.094880002,-0.209704768,-0.131074353,-0.593442209,3.975872011
-0.140698775,-0.20388379,-0.213421193,-0.434230145,5.467512754,-0.170633652,-0.204344616,-0.246998434,-0.338128859,7.41438559,-0.285327367,-0.209549335,-0.29337169,-0.343909129,3.49922386,-0.148346015,-0.259110711,-0.204190362,-0.366136397,5.829596976,-0.359411014,-0.312638466,-0.275659353,-0.103195732,4.794967408,-0.203206188,-0.24065567,-0.203428897,-0.438228248,4.259914715,-0.178064167,-0.214410403,-0.23872302,-0.359173628,5.767076483,-0.156760474,-0.186901392,-0.244479675,-0.377893458,7.432456765,-0.188208274,-0.1846212,-0.225506837,-0.546663694,3.098350895,-0.162449267,-0.276057773,-0.208176317,-0.339760724,5.966994751,-0.348320493,-0.305323287,-0.293729246,-0.10267398,4.803584727,-0.145682404,-0.213299592,-0.176430983,-0.558275002,4.017188998
-0.175290114,-0.19275598,-0.248248899,-0.430244566,4.061489704,-0.171395081,-0.187704645,-0.283563401,-0.462074435,4.570029715,-0.23524895,-0.20966254,-0.277250274,-0.287131147,6.139410703,-0.146151939,-0.204462593,-0.247376132,-0.312991142,5.48267452,-0.356276849,-0.258727102,-0.25684407,-0.077882484,5.177923993,-0.182051572,-0.213301416,-0.225725503,-0.353444992,4.390304954,-0.155729307,-0.200034372,-0.211451913,-0.4849417,3.831697144,-0.17757925,-0.189526722,-0.259244322,-0.480272449,4.381147924,-0.183448646,-0.172348664,-0.253451157,-0.432559674,5.420571025,-0.139548449,-0.183495393,-0.251128455,-0.343058336,5.29634561,-0.367536787,-0.253308122,-0.246583291,-0.074475575,5.112428276,-0.128799126,-0.168411066,-0.197169893,-0.475368416,4.010793222
-0.12074749,-0.237777111,-0.223023972,-0.374219101,7.841830482,-0.266207926,-0.222434052,-0.279616809,-0.285634031,4.44434013,-0.126018855,-0.230842883,-0.190286147,-0.44973475,6.763611779,-0.241484217,-0.26426329,-0.23874309,-0.321901919,4.998098263,-0.194922461,-0.237272633,-0.231348559,-0.394875642,4.703113662,-0.148336787,-0.187841462,-0.184279477,-0.477196483,4.948626311,-0.129665117,-0.260974011,-0.203865529,-0.376615159,7.836890644,-0.249639813,-0.20164868,-0.288491093,-0.315499264,4.198136165,-0.070209692,-0.207991066,-0.16759113,-0.557578685,6.696904907,-0.236314432,-0.264065213,-0.238155801,-0.343294862,4.743468397,-0.203480924,-0.237143242,-0.245239975,-0.390535989,4.85772947,-0.102961713,-0.160326757,-0.162178801,-0.581934932,4.655838038
-0.332602141,-0.303566709,-0.345353066,0.028453074,6.457554977,-0.084409741,-0.212776977,-0.211466951,-0.412975103,6.632830448,-0.17418986,-0.236131685,-0.254321586,-0.304040792,5.379599673,-0.262908606,-0.241108252,-0.255902389,-0.212972714,5.539347939,-0.250976005,-0.219562873,-0.219412896,-0.319407073,4.186520015,-0.31455817,-0.256146715,-0.227602762,-0.215058712,5.326039874,-0.27202204,-0.300588318,-0.328223754,-0.029768491,6.261263311,-0.100767353,-0.209708484,-0.234873509,-0.377024937,6.450877815,-0.115909796,-0.221100631,-0.214117777,-0.427766879,4.768179733,-0.267370215,-0.239525593,-0.263204499,-0.197426885,5.538785008,-0.238658677,-0.210424481,-0.210210059,-0.350157395,4.026189017,-0.262840001,-0.218539203,-0.207463585,-0.332043697,4.816235519
-0.330227838,-0.300072647,-0.259157662,-0.126665776,4.466510247,-0.195792844,-0.27207461,-0.280216689,-0.254116486,6.048215245,-0.459192475,-0.262712545,-0.267295444,-0.136156036,3.255395787,-0.142660347,-0.242519175,-0.189957638,-0.445711008,4.78971469,-0.329301604,-0.268176288,-0.289399614,-0.11330082,5.174240025,-0.312855151,-0.258208709,-0.300839131,-0.100819437,4.698532644,-0.300918776,-0.312909568,-0.245933394,-0.187752229,4.495520743,-0.18561778,-0.268335136,-0.293463262,-0.244654607,6.314576225,-0.461383963,-0.246134081,-0.244697216,-0.184574198,3.011342109,-0.129470739,-0.225618784,-0.181755216,-0.494098895,4.495606688,-0.337689657,-0.262299559,-0.289703884,-0.112125307,5.210190816,-0.263920152,-0.218044494,-0.276937307,-0.210942463,4.161776224
-0.196351278,-0.210547828,-0.187741171,-0.492334939,4.725527749,-0.118978666,-0.151164195,-0.225183962,-0.456612902,5.704659315,-0.16085213,-0.187314081,-0.304543493,-0.403755197,4.514129268,-0.29348981,-0.237283426,-0.295622436,-0.115066593,6.048375338,-0.214573518,-0.244318897,-0.265584337,-0.291141547,6.322768061,-0.185303609,-0.20104008,-0.226865543,-0.380553767,5.001176074,-0.202232919,-0.216941545,-0.195577677,-0.474254116,4.70675358,-0.163249973,-0.185504438,-0.224431313,-0.38170433,5.6565494,-0.113028335,-0.182754912,-0.257337138,-0.511216117,4.256883777,-0.312646688,-0.243961286,-0.312596148,-0.064741456,6.578904746,-0.213946066,-0.235686518,-0.288383468,-0.277781052,6.349742518,-0.132178757,-0.156534236,-0.197957533,-0.51872805,4.45625409
-0.190433692,-0.234274802,-0.204784184,-0.415854702,4.625056225,-0.142698905,-0.237763062,-0.223582247,-0.321318967,6.790274409,-0.435305808,-0.282045708,-0.290095316,0.08397113,4.831638475,-0.26121797,-0.252994444,-0.264802034,-0.198273746,6.065659944,-0.27685742,-0.295400926,-0.231155138,-0.195338923,4.922387978,-0.163002124,-0.212444751,-0.230987443,-0.440137766,4.226619735,-0.181472246,-0.247088333,-0.200021322,-0.408924998,4.84915788,-0.12221745,-0.2306881,-0.200484255,-0.373237981,6.384243958,-0.419273873,-0.247573107,-0.274293389,0.01441754,4.438329939,-0.237145452,-0.247700743,-0.251923292,-0.250574243,5.836252022,-0.262456711,-0.290206505,-0.245457574,-0.196201596,4.99463389,-0.103944447,-0.185877597,-0.184947603,-0.596766281,3.764703788
-0.268327175,-0.264468241,-0.298497906,-0.172486346,6.719224128,-0.231976964,-0.236797775,-0.189530424,-0.342256632,5.266535734,-0.251336096,-0.169884595,-0.292682246,-0.35058271,3.870591513,-0.304857474,-0.315776618,-0.254436754,-0.177560615,5.550677817,-0.283224508,-0.253894345,-0.239514002,-0.302965544,4.612689919,-0.301255342,-0.242725383,-0.248975469,-0.274882414,4.059957548,-0.258046898,-0.273960329,-0.281559956,-0.178430481,6.747448611,-0.235817507,-0.24628344,-0.183606657,-0.320732024,5.497648076,-0.189187569,-0.140179854,-0.243117659,-0.506682602,3.55824736,-0.316803482,-0.331252188,-0.269022393,-0.130656928,6.092564947,-0.274498465,-0.259560619,-0.238502684,-0.308380279,4.704060026,-0.251511015,-0.213850892,-0.211520874,-0.396716187,3.651771543
-0.500435737,-0.266931277,-0.365394261,0.210582501,6.836893582,-0.278488938,-0.261644654,-0.296953994,-0.054232751,5.487287649,-0.266682214,-0.250254224,-0.19981217,-0.273124406,3.81548745,-0.278812008,-0.271152248,-0.282847052,-0.166388333,5.857441664,-0.135564275,-0.197654178,-0.19982162,-0.485850826,4.93065762,-0.270738384,-0.257966079,-0.233912194,-0.279462223,5.35985162,-0.493404582,-0.231356127,-0.354954353,0.17802034,6.070869316,-0.255872412,-0.249520998,-0.286320528,-0.104857591,5.105375767,-0.183333354,-0.205950677,-0.140363872,-0.484269357,3.377427511,-0.298301228,-0.280381228,-0.28861351,-0.108125114,6.138888608,-0.127523665,-0.187556458,-0.197029542,-0.517746734,4.81465737,-0.203011979,-0.211103141,-0.210633128,-0.423928312,4.729394792
-0.34239132,-0.227447148,-0.320916729,-0.06640182,4.754314419,-0.287519402,-0.289605126,-0.283535958,-0.028399124,5.24844221,-0.12890075,-0.14720199,-0.248427647,-0.471498084,4.764039903,-0.230096806,-0.256883332,-0.240921757,-0.284414052,5.57407757,-0.298847121,-0.24132921,-0.33015934,-0.051942324,5.335868296,-0.285965889,-0.250026508,-0.226021204,-0.204299104,5.007624251,-0.405290591,-0.238264567,-0.365557501,0.094240027,5.329495853,-0.314258497,-0.29835279,-0.287658434,-0.01371304,4.988357541,-0.08778506,-0.124515929,-0.217375901,-0.57134219,4.368063619,-0.241399098,-0.258075073,-0.254245045,-0.260870854,5.7017324,-0.340712381,-0.243233985,-0.355513317,0.035543806,5.655964763,-0.239068344,-0.216434365,-0.20297572,-0.323681337,4.654108219
-0.165308148,-0.226214349,-0.19812834,-0.414138692,4.538892883,-0.208841405,-0.24534295,-0.279880556,-0.228319501,5.943335399,-0.172404427,-0.234350226,-0.192084753,-0.35301591,6.073456162,-0.169946654,-0.222935808,-0.226436889,-0.329845447,5.276564068,-0.271349326,-0.313998639,-0.279675863,-0.112671635,6.699174112,-0.213820845,-0.271923946,-0.248831753,-0.337219658,4.521861263,-0.149064609,-0.25865074,-0.178993996,-0.428831762,4.71565952,-0.231706645,-0.242505817,-0.323355958,-0.155452251,6.34635579,-0.114318352,-0.205476159,-0.166067708,-0.475583463,5.636933677,-0.153386178,-0.211072129,-0.213286306,-0.371218075,5.024625975,-0.293970691,-0.31325647,-0.296065411,-0.088359815,6.907400134,-0.148448371,-0.244275146,-0.209150608,-0.487749351,4.143025117
-0.350389802,-0.266535451,-0.293703607,-0.083079382,4.793143904,-0.077208496,-0.249204972,-0.190085263,-0.440609368,7.217445506,-0.213816294,-0.247299337,-0.225169866,-0.423734808,5.011118895,-0.254701784,-0.242772262,-0.282247607,-0.195959323,5.741792784,-0.280085369,-0.231551007,-0.244366872,-0.279050223,4.28349264,-0.259252728,-0.273167438,-0.294120894,-0.177149885,5.224505702,-0.446317167,-0.316082848,-0.309743367,0.075180664,4.734538345,-0.078302523,-0.241212292,-0.193413632,-0.432460925,7.269113884,-0.169298266,-0.214948628,-0.20144662,-0.546751776,4.455881899,-0.247780024,-0.23028294,-0.283027716,-0.220038256,5.724861795,-0.283918491,-0.221552023,-0.262852087,-0.26891504,4.239980182,-0.197440909,-0.238827879,-0.263300344,-0.30993229,4.547504022
-0.308906565,-0.263761878,-0.267979265,-0.204805141,4.574001874,-0.211177493,-0.242694052,-0.350477801,-0.246953496,5.17083038,-0.354790328,-0.303227079,-0.256525637,-0.107270299,4.1606831,-0.237832928,-0.284822088,-0.243545029,-0.165403445,5.801516591,-0.143605277,-0.283823208,-0.227828935,-0.324202933,5.302119135,-0.277783196,-0.238112991,-0.258933215,-0.236478847,6.463770223,-0.305804728,-0.257230315,-0.270300954,-0.20668531,4.411713067,-0.153949442,-0.237098777,-0.319694794,-0.353465068,4.897212783,-0.286834488,-0.268729491,-0.221006037,-0.253774708,3.710764186,-0.261764075,-0.315852056,-0.253530236,-0.065298856,6.455718667,-0.1333629,-0.269202068,-0.217307371,-0.367202111,4.898348536,-0.225070572,-0.203795978,-0.225440689,-0.383874337,5.681149337
-0.290022588,-0.219581855,-0.248928964,-0.255787347,4.752623474,-0.202684369,-0.192659506,-0.171092099,-0.502463178,5.562731719,-0.101267414,-0.227041219,-0.190098144,-0.409119963,4.989136002,-0.272545284,-0.259038732,-0.28183525,-0.213723579,4.937331213,-0.224802411,-0.266359158,-0.23799992,-0.266331723,6.341465857,-0.339071466,-0.224171699,-0.260424541,-0.152905975,3.848980145,-0.283032202,-0.212604565,-0.257099971,-0.278255472,4.630276601,-0.235338857,-0.208596582,-0.176729335,-0.424501784,5.769699557,-0.034435753,-0.183068807,-0.161468338,-0.554455922,4.40716665,-0.262422834,-0.255747966,-0.276347572,-0.238726942,4.739442433,-0.240318828,-0.296171608,-0.230635113,-0.240049986,6.574524187,-0.283442313,-0.189592202,-0.228356316,-0.284527322,3.598126374
-0.259652775,-0.233145915,-0.269350337,-0.203746073,6.482951807,-0.208426059,-0.286630468,-0.216674884,-0.208595582,5.308663437,-0.164910735,-0.266683624,-0.209186376,-0.392383678,3.633374366,-0.102275446,-0.220255286,-0.19732657,-0.537475408,4.645904402,-0.185845836,-0.235121069,-0.251248592,-0.335576774,5.39905823,-0.225172517,-0.191595931,-0.277761652,-0.299719298,4.277399556,-0.300685304,-0.238797914,-0.296684686,-0.122799007,7.175703451,-0.247448213,-0.307538367,-0.227442616,-0.129173182,5.572373487,-0.09268221,-0.231653351,-0.160940654,-0.574508468,3.399863641,-0.086737376,-0.2232801,-0.178077126,-0.570185438,4.53672499,-0.20659975,-0.234989238,-0.266377536,-0.291486824,5.396368093,-0.183963925,-0.170372523,-0.245270337,-0.389994455,4.029523131
-0.244509137,-0.267321968,-0.198676105,-0.19439775,6.700388357,-0.202704744,-0.271179579,-0.250933029,-0.358546433,6.504413865,-0.245671403,-0.210840822,-0.278745232,-0.238825366,4.712091024,-0.32220516,-0.256603636,-0.272092781,-0.075717303,5.06554888,-0.072898128,-0.248275356,-0.204174309,-0.445626485,5.931370605,-0.19285341,-0.219825246,-0.275457986,-0.304410348,4.603155934,-0.226173942,-0.247769497,-0.208635027,-0.223306869,6.537691842,-0.151484071,-0.264181996,-0.242042781,-0.44158629,6.511608279,-0.139901797,-0.1570416,-0.214232847,-0.483955833,3.822548203,-0.309423088,-0.25109134,-0.249131464,-0.111949309,4.814337368,-0.085240992,-0.260416896,-0.206043803,-0.427309098,6.088791132,-0.124953668,-0.175027672,-0.243150235,-0.465118258,4.140711555
-0.263882193,-0.212348706,-0.306324868,-0.097147016,5.226811109,-0.045838093,-0.215620842,-0.221568564,-0.552060409,4.50627289,-0.151313168,-0.233070596,-0.227298067,-0.33997057,5.429560106,-0.358901102,-0.281360045,-0.251211152,-0.098393033,4.751613009,-0.240282287,-0.235859918,-0.214254534,-0.298784207,4.609139105,-0.180386402,-0.204033909,-0.213320006,-0.497073829,4.319461585,-0.294720417,-0.213205852,-0.30809009,-0.055447225,5.476140866,-0.029020565,-0.207544108,-0.20367684,-0.612523044,4.272152255,-0.067317742,-0.185001948,-0.183879137,-0.523362145,4.646520154,-0.384681996,-0.323538894,-0.253209929,-0.019755092,5.118541067,-0.240998221,-0.238069948,-0.208339738,-0.311883945,4.479547478,-0.110943214,-0.160755192,-0.176906512,-0.661475659,3.834502798
-0.402991227,-0.283364704,-0.299168541,0.003421347,4.720605381,-0.236545412,-0.228018844,-0.238038976,-0.183204972,6.773548163,-0.18998055,-0.238919361,-0.203397931,-0.2697106,4.781639218,-0.216144655,-0.241386956,-0.223500621,-0.329885602,5.716627637,-0.331802063,-0.266128113,-0.271233931,-0.139795584,5.723229281,-0.274461873,-0.256276093,-0.240936206,-0.284816855,5.282360324,-0.47837068,-0.341474274,-0.329094539,0.216673706,5.407016581,-0.224000281,-0.234424517,-0.228156257,-0.184522528,7.248079759,-0.124832678,-0.21046182,-0.159623647,-0.41940409,4.231967988,-0.219941483,-0.234577569,-0.221144994,-0.336902519,5.400643088,-0.363578627,-0.284598002,-0.283679854,-0.089312665,6.132585241,-0.208284168,-0.213625634,-0.202243945,-0.450093262,4.643953998
-0.085166569,-0.205393803,-0.247054259,-0.394954798,5.624699724,-0.309454772,-0.290261198,-0.246696158,-0.106891021,5.481020306,-0.345565979,-0.298299746,-0.286231301,-0.04702577,5.238847912,-0.26018393,-0.269945443,-0.198064503,-0.335045725,4.763915533,-0.340354325,-0.295410204,-0.271479321,-0.012139033,6.100514637,-0.26295937,-0.225282006,-0.258315542,-0.226716585,5.013997049,-0.110881306,-0.209817999,-0.255359806,-0.349961306,5.324885251,-0.316454021,-0.308455189,-0.225381876,-0.116459855,5.254636115,-0.283261178,-0.26474328,-0.243239567,-0.188567199,4.507001082,-0.247584419,-0.253532586,-0.187958883,-0.393456223,4.3531786,-0.36991832,-0.306607111,-0.295358858,0.045696294,6.328837225,-0.182387108,-0.188544436,-0.219993057,-0.40150254,4.427085239
-0.233598004,-0.265918693,-0.239111832,-0.233757444,4.861185622,-0.123325058,-0.238875064,-0.170334258,-0.545413696,5.242659526,-0.281041844,-0.242667227,-0.291294859,-0.255444128,4.82820723,-0.261838635,-0.278689424,-0.174872073,-0.264827812,4.883501576,-0.276092529,-0.215138467,-0.319657859,-0.21643389,4.713839181,-0.126470164,-0.177431625,-0.227505196,-0.409777586,4.655197352,-0.287722931,-0.275599305,-0.266494573,-0.130559264,5.12554799,-0.148398243,-0.264395219,-0.177190117,-0.486396506,5.342258194,-0.225845629,-0.214181157,-0.269220878,-0.375125924,4.525556193,-0.247570363,-0.280886793,-0.154529535,-0.288374669,4.851962457,-0.270174377,-0.210397017,-0.32465268,-0.21886357,4.69605471,-0.070068057,-0.153764839,-0.183351824,-0.522746752,4.309717639
-0.215857809,-0.244658056,-0.212736844,-0.346431888,4.281020476,-0.284764055,-0.203872264,-0.225978633,-0.40426333,3.871238893,-0.15338278,-0.284708951,-0.229710657,-0.219481526,6.698566811,-0.14487221,-0.217864347,-0.221395509,-0.466618281,6.543610847,-0.294447519,-0.271921712,-0.258715217,-0.141490373,5.942906417,-0.236798182,-0.251054954,-0.201782409,-0.373112404,4.263821629,-0.214454677,-0.252915458,-0.194887644,-0.347037323,4.190517113,-0.26550606,-0.185162155,-0.239317303,-0.44213386,3.924947759,-0.053351176,-0.241561041,-0.158682333,-0.451994836,5.056042256,-0.153622965,-0.224127018,-0.212340588,-0.459637635,6.917799531,-0.28127859,-0.258723297,-0.255160389,-0.175567471,5.87696724,-0.160893808,-0.206171081,-0.170840953,-0.533219916,3.906810093
-0.251984481,-0.237083621,-0.226991399,-0.311203015,5.025103649,-0.176892574,-0.222902292,-0.24645216,-0.339360449,6.521065952,-0.242545335,-0.228611086,-0.292860593,-0.268480138,4.836414501,-0.141464027,-0.191729269,-0.245319865,-0.457951623,4.745756621,-0.219094875,-0.231813231,-0.256930778,-0.295118843,6.310462451,-0.291295559,-0.240047941,-0.281917381,-0.20542022,4.0892079,-0.243554425,-0.207542145,-0.227559845,-0.327324487,4.731526626,-0.163502937,-0.221729504,-0.242077844,-0.378935312,6.544701876,-0.164395815,-0.187993921,-0.226048873,-0.451363927,4.057927462,-0.087654454,-0.173117726,-0.223272399,-0.560259512,4.492081172,-0.219570643,-0.231243406,-0.260397825,-0.288117468,6.324546816,-0.212502803,-0.203854134,-0.230661678,-0.390259028,3.56374596
-0.230063742,-0.160436049,-0.249805505,-0.445181003,5.780327513,-0.360560773,-0.278187418,-0.234540646,-0.308466903,2.965176054,-0.309677869,-0.252755491,-0.178958968,-0.199131185,4.322068007,-0.266830281,-0.276944712,-0.311204484,-0.13101076,6.212294583,-0.161405289,-0.231982063,-0.23044186,-0.356426258,4.445338555,-0.061545031,-0.231257681,-0.171392316,-0.497178427,5.075790355,-0.24471889,-0.156270611,-0.253495819,-0.417873497,5.584722399,-0.375729817,-0.271693032,-0.223296135,-0.347765138,2.79506075,-0.247828814,-0.212464833,-0.148788479,-0.323073956,4.022371588,-0.31413158,-0.294868711,-0.332104606,-0.032850634,6.327639895,-0.168883259,-0.226901932,-0.229068332,-0.350024816,4.370145706,0.009559444,-0.199666049,-0.132124871,-0.649488729,4.640450398
-0.11749897,-0.2128269,-0.206787207,-0.443410987,6.336680079,-0.218738773,-0.263586876,-0.248711674,-0.157370227,5.050727872,-0.190194445,-0.346434144,-0.23698478,-0.203589452,5.523822004,-0.142672988,-0.239497049,-0.224353395,-0.377155385,6.078044124,-0.334902828,-0.295912164,-0.230599495,-0.188078129,4.588486091,-0.209718092,-0.198591294,-0.261729194,-0.306532878,4.966261882,-0.131509598,-0.205941381,-0.221074495,-0.420754727,6.289929991,-0.24671366,-0.276796582,-0.250028374,-0.095421476,4.999209555,-0.120308902,-0.313430954,-0.192945615,-0.361135916,4.425129342,-0.133235781,-0.224497199,-0.216107858,-0.421883187,5.612735016,-0.329485002,-0.285625554,-0.212069964,-0.217828261,4.19937497,-0.171929636,-0.179906869,-0.234395858,-0.388604995,4.668598418
-0.19599372,-0.224036191,-0.283569976,-0.271325293,5.111230763,-0.355773838,-0.289784743,-0.284353776,-0.010816963,5.986077994,-0.015889117,-0.219693586,-0.16729122,-0.582476571,8.118510601,-0.18717981,-0.26354436,-0.210790008,-0.329746796,4.432172406,-0.235835871,-0.242288406,-0.228901051,-0.281102877,4.510339374,-0.152506268,-0.250729748,-0.239999881,-0.312129702,5.451192732,-0.21100006,-0.238895522,-0.284466008,-0.218932299,5.340270727,-0.341073205,-0.289362975,-0.268460525,-0.051736682,5.990215592,0.017243434,-0.20424541,-0.148194156,-0.645984377,7.671233783,-0.192769472,-0.28450423,-0.199070022,-0.309639498,4.49479509,-0.252923163,-0.267617483,-0.208889539,-0.258105415,4.459108429,-0.099089884,-0.213948869,-0.208534124,-0.441624544,4.878247811
-0.303735065,-0.252931197,-0.259358599,-0.056185402,5.455237288,-0.358487797,-0.276953249,-0.343264598,-0.062731026,4.944534304,-0.317676944,-0.242513158,-0.323321428,-0.175088877,4.354346715,-0.154589465,-0.278301847,-0.210418716,-0.309643225,6.111948616,-0.400808941,-0.320452191,-0.271503246,-0.074616736,4.714737935,-0.148801447,-0.19801948,-0.249450965,-0.366910616,5.050519227,-0.32307271,-0.27166277,-0.259220919,-0.024974998,6.079849186,-0.40174436,-0.297086989,-0.364876024,0.017259863,4.968695174,-0.182797067,-0.189540649,-0.235416552,-0.451735308,3.62361791,-0.16153685,-0.285024233,-0.20540955,-0.290703349,6.20434001,-0.457388575,-0.355545518,-0.254851129,0.01820408,4.818536153,-0.104350572,-0.173941423,-0.223965585,-0.462765125,4.789319015
-0.256863576,-0.235185805,-0.244212577,-0.280333075,4.902852393,-0.320488047,-0.333640898,-0.230091104,-0.199951608,4.309274887,0.012251508,-0.217818262,-0.208560227,-0.547114529,5.775859299,-0.278322733,-0.230689935,-0.215652685,-0.244258318,4.586133536,-0.314962188,-0.230708602,-0.272727217,-0.171759287,4.205607493,-0.096251589,-0.158879814,-0.21318578,-0.509193163,5.224320223,-0.250642546,-0.202179723,-0.256151722,-0.304990714,4.60724861,-0.287450216,-0.360304649,-0.19485245,-0.214824326,4.583849808,0.059704741,-0.192777554,-0.161300089,-0.688466965,5.063334171,-0.253262004,-0.223368966,-0.197716915,-0.290340434,4.260729028,-0.311665813,-0.232336014,-0.259658574,-0.193432875,4.19562428,-0.04024192,-0.12710051,-0.180650622,-0.634435955,4.887492363
-0.239106669,-0.311137982,-0.217392739,-0.273401669,6.536727866,-0.266002581,-0.240156449,-0.266348535,-0.374708114,5.556649894,-0.211521703,-0.183459955,-0.186360491,-0.510886256,4.587719643,-0.291809749,-0.284415295,-0.266543813,-0.17464952,4.984608519,-0.240397662,-0.231330164,-0.283741508,-0.236721248,5.58970317,-0.142780133,-0.244919034,-0.208737937,-0.374887503,4.497768847,-0.282080516,-0.347732645,-0.228782852,-0.195263108,6.89608501,-0.249435129,-0.226785578,-0.265263822,-0.429941927,5.292289522,-0.153635756,-0.144670269,-0.148258484,-0.6524774,4.158391868,-0.31188847,-0.304818778,-0.252884644,-0.153226539,5.136532298,-0.252329242,-0.23293235,-0.286720311,-0.221568487,5.897499991,-0.064873473,-0.196330413,-0.176907006,-0.53588674,3.987207717
-0.327553252,-0.255481857,-0.242730453,-0.112945499,5.567259744,-0.102174276,-0.221997611,-0.249829273,-0.474769825,4.565628041,-0.136420856,-0.206241618,-0.190363096,-0.428873002,5.387872193,-0.249202556,-0.249040993,-0.232684324,-0.208758459,6.1637329,-0.310516087,-0.270588488,-0.264568244,-0.130764423,6.003918424,-0.262141883,-0.264922586,-0.233317976,-0.233984868,5.139925838,-0.318101511,-0.275462133,-0.228582076,-0.094247773,5.91941899,-0.111235946,-0.21847301,-0.27728086,-0.446207224,4.640242412,-0.098167081,-0.156678277,-0.177449968,-0.530442933,5.00261482,-0.226579829,-0.252559141,-0.224965534,-0.217626509,6.211546119,-0.343222875,-0.290471791,-0.269966715,-0.056400538,6.350650132,-0.206612064,-0.222963449,-0.205121737,-0.362198667,4.512015652
-0.223050827,-0.185694621,-0.271917901,-0.273957042,5.497586353,-0.332631391,-0.248357893,-0.287781753,-0.143931329,5.620283387,-0.187879885,-0.273991654,-0.200096757,-0.353227453,4.710989535,-0.276824557,-0.314163005,-0.272160675,-0.106827412,5.906374006,-0.181908695,-0.22911596,-0.270834185,-0.329424166,5.183852505,-0.207479528,-0.267367566,-0.172643059,-0.281691969,6.248210764,-0.217026933,-0.171963667,-0.284223471,-0.273309366,5.751783319,-0.339497794,-0.244577719,-0.302557382,-0.132502127,5.855700909,-0.112568121,-0.227121365,-0.148361169,-0.523354725,4.136505996,-0.24743508,-0.297622647,-0.281805691,-0.142351962,6.316650273,-0.215982803,-0.249656742,-0.276273977,-0.26307804,5.594052288,-0.173956448,-0.2310077,-0.153111343,-0.391183144,5.416094521
-0.110392045,-0.172086067,-0.241956651,-0.579303811,5.549202901,-0.19789371,-0.269790228,-0.218218478,-0.274982541,6.362947245,-0.073029024,-0.166826305,-0.259157982,-0.474540971,5.883722843,-0.158408392,-0.208234662,-0.222896594,-0.378448736,6.340312506,-0.341850732,-0.296281538,-0.252898405,-0.129214007,5.32321504,-0.161271892,-0.253939283,-0.211441758,-0.372744416,4.563256109,-0.104382657,-0.169394822,-0.234079358,-0.589668598,5.579805878,-0.229938299,-0.307972816,-0.205070648,-0.247646303,6.862243521,-0.019759178,-0.148184989,-0.216684487,-0.579877142,5.350575753,-0.144009639,-0.207433427,-0.228644685,-0.388786759,6.449099566,-0.358254081,-0.301576063,-0.254253233,-0.110653929,5.495142921,-0.093334185,-0.213453243,-0.163623599,-0.539469908,3.876812308
-0.171622124,-0.235530789,-0.238406708,-0.354327381,6.655343015,-0.355836461,-0.26027684,-0.316456159,-0.146758324,4.621264641,-0.266963376,-0.297833846,-0.273429603,-0.211853688,4.429822551,-0.236950964,-0.28596277,-0.242172301,-0.234655013,6.062096588,-0.224901189,-0.246937736,-0.242497203,-0.222611018,5.617843965,-0.140555177,-0.216934644,-0.187191152,-0.451016449,5.131847677,-0.163525468,-0.258510565,-0.215565003,-0.352759797,7.054607164,-0.335241806,-0.217860956,-0.347934623,-0.189953637,4.6917631,-0.190211672,-0.25091731,-0.228530988,-0.380148376,3.620969468,-0.2328996,-0.278699964,-0.240175863,-0.252926821,6.066165572,-0.223947761,-0.238155881,-0.253569218,-0.215681137,5.653746594,-0.091233732,-0.188235189,-0.152310391,-0.576703011,4.638152511
-0.445220082,-0.315071166,-0.305605078,0.060267869,4.659026234,-0.342661343,-0.294994849,-0.235235277,-0.233171881,3.677204357,-0.173744316,-0.276945364,-0.210629835,-0.299322466,4.83766519,-0.318536877,-0.226676926,-0.320271986,-0.119603298,5.021252049,-0.254785872,-0.243759076,-0.251462848,-0.211574869,4.670778215,-0.241183089,-0.177847155,-0.247669463,-0.371886133,4.254922996,-0.427323554,-0.301185979,-0.309587888,0.065328792,4.623915085,-0.313992618,-0.291649081,-0.187989997,-0.329925751,3.388324478,-0.102330615,-0.243199641,-0.162499811,-0.438542627,4.361325182,-0.312801765,-0.204570608,-0.330624771,-0.138662417,5.230629642,-0.268838704,-0.256632141,-0.250761605,-0.185406654,4.679935906,-0.198386229,-0.146775564,-0.223837431,-0.465373284,3.998366219
-0.275857094,-0.342540372,-0.236766113,-0.115538385,7.196131105,-0.118163539,-0.225777436,-0.21059458,-0.466569007,6.78336686,-0.203293299,-0.252153816,-0.209814872,-0.252062418,5.418368327,-0.294816006,-0.257087704,-0.230117575,-0.230298246,4.085078148,-0.174572292,-0.230586218,-0.237565852,-0.361635265,4.395171051,-0.204865571,-0.251463042,-0.238511936,-0.236614618,5.814335097,-0.296037521,-0.362346179,-0.202848997,-0.095784053,7.104640475,-0.124826837,-0.245664874,-0.223322711,-0.427182956,7.142047488,-0.137979447,-0.213800779,-0.173329392,-0.407188481,4.664052304,-0.322137778,-0.255522595,-0.252547618,-0.173367328,4.116793797,-0.178794147,-0.250930417,-0.219421034,-0.356856792,4.347819466,-0.127218503,-0.216534077,-0.206906984,-0.375407324,5.396286489
-0.344231112,-0.332026066,-0.212329898,-0.180985389,4.512362359,-0.23423251,-0.265079941,-0.251664532,-0.190265811,6.182341656,-0.212111784,-0.181876346,-0.27423503,-0.317593688,4.628110793,-0.356373768,-0.281598583,-0.252252589,-0.198242006,4.507450996,-0.227300194,-0.260128099,-0.238930563,-0.313694389,5.34995908,-0.216617577,-0.255060958,-0.231161692,-0.358035294,4.859064312,-0.338944302,-0.322313124,-0.228517083,-0.18941627,4.312335853,-0.256496773,-0.281979492,-0.258266973,-0.129025169,6.454249695,-0.143046869,-0.130054109,-0.240918957,-0.477357816,4.221904958,-0.381137034,-0.294275094,-0.262514241,-0.138091685,4.822579178,-0.196125304,-0.262334966,-0.214002494,-0.369641143,5.277960119,-0.156201821,-0.211896045,-0.198161997,-0.515584048,4.084111876
-0.402233758,-0.225893118,-0.33434652,0.020283103,4.792403451,-0.26395421,-0.315215329,-0.258688307,-0.112037763,4.950607317,-0.109151131,-0.20214391,-0.221814942,-0.448733756,5.029032036,-0.106759248,-0.217695943,-0.23837602,-0.433721031,5.647525127,-0.363384202,-0.21260524,-0.358050384,-0.138180541,4.828890664,-0.17406372,-0.25089642,-0.243650364,-0.340779191,5.955031841,-0.40312707,-0.237619492,-0.332844919,0.052703012,5.331737744,-0.272959364,-0.330166603,-0.246794346,-0.11045882,5.139363919,-0.065297111,-0.185409825,-0.193729906,-0.522508177,4.849123902,-0.076581355,-0.200492649,-0.220832608,-0.503339649,5.344977829,-0.370328244,-0.230342075,-0.371428886,-0.101832324,5.216306984,-0.121328307,-0.22339361,-0.209681745,-0.46245985,5.227081801
-0.439224697,-0.333844279,-0.287705421,-0.060661746,5.43734399,-0.23061957,-0.330593202,-0.287713728,-0.13325893,5.656904831,-0.14185394,-0.242256547,-0.239397923,-0.392245741,3.863183809,-0.311691016,-0.260382924,-0.27972183,-0.195482287,4.728845121,-0.197757656,-0.235655874,-0.206576307,-0.442498257,3.801390853,-0.113157741,-0.151477646,-0.24605357,-0.50501477,4.551420018,-0.478674558,-0.361474471,-0.306964668,0.011827997,5.80570247,-0.235821779,-0.389627656,-0.280905702,-0.059414778,6.250556699,-0.078569137,-0.2154876,-0.20428962,-0.524026946,3.455339863,-0.310557746,-0.274480159,-0.269942374,-0.187365917,4.688148384,-0.203508147,-0.2180786,-0.211893438,-0.451115503,3.712348125,-0.060721675,-0.117780967,-0.220574534,-0.614748255,4.31037334
-0.247098624,-0.244483899,-0.233451967,-0.345294109,5.261855969,-0.248167008,-0.294687311,-0.20435099,-0.241655555,3.895047311,-0.32759099,-0.279655434,-0.24039501,-0.071057012,5.563772767,-0.328005168,-0.273794802,-0.253490041,-0.208019233,3.957888159,-0.293218656,-0.249618929,-0.240336562,-0.262023951,5.164802014,-0.252521753,-0.277820427,-0.213361569,-0.271743173,4.681935244,-0.280644669,-0.310783051,-0.257284619,-0.198574201,5.711177402,-0.252611579,-0.298244374,-0.207063745,-0.209001424,3.89655949,-0.265793666,-0.240216238,-0.209857782,-0.223299223,4.90639518,-0.307710312,-0.253069764,-0.248840286,-0.260004155,3.922463645,-0.301731017,-0.256462585,-0.235979378,-0.247398091,5.127192024,-0.197424333,-0.245127904,-0.175701198,-0.411489599,4.146839632
-0.187484741,-0.188493704,-0.325911451,-0.272780755,7.952856185,-0.249887152,-0.20518708,-0.279322328,-0.248056851,5.846772748,-0.27243752,-0.204710794,-0.218220239,-0.371335758,5.049757637,-0.278409279,-0.274519611,-0.238579069,-0.173004344,5.274805528,-0.304902348,-0.285177258,-0.291110294,-0.113218224,5.022521678,-0.277568824,-0.186741986,-0.23622434,-0.42079586,4.561000983,-0.127067388,-0.141214673,-0.330323419,-0.406956431,7.525905217,-0.228998155,-0.187882242,-0.280894732,-0.30672237,5.75098404,-0.222025872,-0.179975333,-0.178267812,-0.487058372,4.695867,-0.296095349,-0.28855536,-0.241285944,-0.129177082,5.486728421,-0.316242777,-0.283107208,-0.296961585,-0.109130462,4.903457937,-0.225382187,-0.15589761,-0.189520911,-0.549522901,4.229904305
-0.343736355,-0.21757482,-0.343746518,-0.113958222,4.713109456,-0.313792263,-0.245395565,-0.269222029,-0.121019754,6.054590138,-0.235387619,-0.247899442,-0.21396917,-0.316420986,5.037369252,-0.309253481,-0.250613555,-0.295633708,-0.142226916,4.272270235,-0.273981257,-0.265788162,-0.241379192,-0.228479894,5.456099733,-0.358409774,-0.296788639,-0.235191396,-0.077620169,4.591625927,-0.333817458,-0.186444354,-0.355029438,-0.168689964,4.413501244,-0.35369146,-0.294247677,-0.245951575,-0.03904281,6.168552684,-0.186925094,-0.200616121,-0.187406338,-0.452810823,4.265416147,-0.32667202,-0.266391802,-0.305495916,-0.098225306,4.201093234,-0.295034295,-0.273469694,-0.243951587,-0.198017761,5.409380115,-0.300140518,-0.246812322,-0.210816331,-0.228978128,4.084341139
-0.432683588,-0.335985036,-0.290604958,0.063371409,4.843582798,-0.222326504,-0.237020576,-0.241840728,-0.302856917,5.310575068,-0.248671533,-0.248287509,-0.189348765,-0.376460272,5.546236854,-0.348252123,-0.30162053,-0.292866954,-0.05224275,4.587998572,-0.314915055,-0.262488832,-0.325138643,-0.036880065,4.766782784,-0.135041408,-0.218535317,-0.225154435,-0.480413901,4.809939874,-0.472358238,-0.32890126,-0.322662733,0.114742437,5.18470628,-0.20637621,-0.223001549,-0.237289975,-0.337602666,5.320904173,-0.214349174,-0.21677432,-0.168902003,-0.477102486,5.153671273,-0.353855465,-0.286836402,-0.303598491,-0.030085491,4.420161279,-0.317148888,-0.260018204,-0.338650292,-0.026563365,4.658674163,-0.093541566,-0.195381344,-0.197292117,-0.586373606,4.370041806
-0.359251097,-0.235024149,-0.279666214,-0.100015924,5.571966588,-0.234764979,-0.264308328,-0.229054463,-0.257607086,4.921185475,-0.254526869,-0.215330867,-0.315283795,-0.197586659,3.784715606,-0.188291211,-0.240907042,-0.210277735,-0.406236074,5.207997497,-0.172712591,-0.23365819,-0.234879443,-0.406631595,5.494337356,-0.129202272,-0.198018545,-0.241963036,-0.494410333,4.915447641,-0.356461344,-0.251247036,-0.272395276,-0.104731924,5.96579447,-0.245003368,-0.245417357,-0.258463807,-0.267794842,4.885943292,-0.181905523,-0.156619577,-0.278843184,-0.378554973,3.27670923,-0.185430062,-0.231544832,-0.219948799,-0.41482908,5.252087963,-0.149672261,-0.21703962,-0.242738291,-0.438857018,5.302348826,-0.084586643,-0.172889722,-0.214428861,-0.601463949,4.560970826
-0.219092003,-0.195808118,-0.27476324,-0.314151813,5.437627096,-0.416509792,-0.219844886,-0.305468221,-0.08637764,3.8748632,-0.127276314,-0.211124907,-0.265234014,-0.455079391,7.635960068,-0.298675493,-0.25837661,-0.274521281,-0.02563944,6.317231457,-0.28577778,-0.223760355,-0.224272027,-0.198550555,6.012285634,-0.147243691,-0.201045326,-0.208807993,-0.467875235,4.844059246,-0.241565007,-0.214398564,-0.286995455,-0.271980116,5.930387774,-0.431928092,-0.215134338,-0.300605196,-0.072885375,3.785079584,-0.074832326,-0.19247295,-0.232441045,-0.582517847,6.730388874,-0.328919931,-0.258225968,-0.290067282,0.019145245,6.299570948,-0.281626764,-0.223785676,-0.226155596,-0.194084953,5.935305245,-0.10229853,-0.171744669,-0.190654736,-0.555716177,4.605259185
-0.251229636,-0.265051507,-0.187357221,-0.370577221,4.617160999,-0.330613787,-0.370883667,-0.242449018,-0.031207773,7.773029974,-0.312965754,-0.300159624,-0.28447655,-0.162336881,4.818468363,-0.243164051,-0.207670923,-0.271957413,-0.26784224,5.078384535,-0.19220648,-0.223491855,-0.258640763,-0.355301869,6.418603347,-0.252170529,-0.238908817,-0.26683893,-0.241889545,4.586539293,-0.277290379,-0.293738269,-0.180804821,-0.335651424,4.566325457,-0.34747361,-0.408841775,-0.241555299,0.010094363,8.944039314,-0.250689586,-0.254087437,-0.262784309,-0.302965604,4.370926445,-0.233208517,-0.192165966,-0.283140818,-0.270494243,5.273938751,-0.177892806,-0.200898792,-0.264529105,-0.382969096,6.42631111,-0.18766102,-0.197900857,-0.227009049,-0.398002339,3.939322221
-0.107665652,-0.205577842,-0.269954589,-0.311279743,7.043769701,-0.171047674,-0.232462141,-0.213068218,-0.365011206,6.77453511,-0.239099507,-0.207191735,-0.236166251,-0.377687261,3.625450403,-0.309025394,-0.320871038,-0.26976312,-0.129208692,5.717920516,-0.194264796,-0.288642402,-0.24674776,-0.239283262,4.272323913,-0.246628704,-0.204755949,-0.218525459,-0.341411553,3.763825307,-0.083353693,-0.196834075,-0.277786475,-0.348567698,7.187716204,-0.128803337,-0.220671301,-0.200629187,-0.446912886,6.21842294,-0.178512448,-0.176422748,-0.204574423,-0.524782917,3.332571758,-0.317013955,-0.326607662,-0.261840805,-0.122370172,5.866393552,-0.198163402,-0.300352961,-0.256505321,-0.200799869,4.425053002,-0.161332265,-0.145873256,-0.17621282,-0.540715133,3.36522316
-0.166989997,-0.130458028,-0.278704875,-0.527762006,4.166947098,-0.378099817,-0.33174197,-0.24457463,-0.035157678,4.875141512,-0.269067346,-0.243836475,-0.243864134,-0.155368649,4.429404464,-0.316437033,-0.266189844,-0.235552878,-0.193372679,5.540551418,-0.243946591,-0.20216595,-0.302569664,-0.242249813,5.88773516,-0.160159079,-0.236217636,-0.162526748,-0.438080287,4.556236863,-0.214728121,-0.12838799,-0.337121178,-0.427987649,4.484494162,-0.399327422,-0.326355487,-0.253791216,-0.01575784,4.729754185,-0.192842765,-0.209486797,-0.192234263,-0.324742778,3.893274452,-0.299826555,-0.251936843,-0.228579966,-0.235779979,5.20937636,-0.234686304,-0.202304194,-0.311938987,-0.228489728,6.272825147,-0.087767189,-0.194311134,-0.124701101,-0.610749946,4.070886577
-0.325331866,-0.276008906,-0.249816179,-0.197151396,4.482212519,-0.309932774,-0.292877732,-0.18347227,-0.144996708,4.900509663,-0.359431463,-0.240519719,-0.288078437,-0.123214847,5.501710327,-0.228820191,-0.228018952,-0.20307275,-0.335486691,4.465499963,-0.273128446,-0.218987342,-0.257753612,-0.253585322,5.624405008,-0.149180386,-0.183733852,-0.245006573,-0.390270722,5.478095594,-0.350902221,-0.271669869,-0.269962053,-0.138851073,4.413425774,-0.335236853,-0.306298701,-0.19331786,-0.09957793,4.986360812,-0.330095619,-0.215916176,-0.253421905,-0.201098963,4.76990381,-0.241130059,-0.246157691,-0.192711918,-0.310625925,4.522112052,-0.292555226,-0.23689868,-0.266898547,-0.182476125,6.042856606,-0.090916251,-0.154480184,-0.2221669,-0.505149506,5.159600261
-0.306280437,-0.242814991,-0.284040148,-0.118682275,5.359575409,-0.285361893,-0.241805264,-0.26405922,-0.253938884,4.791670867,-0.350607272,-0.252482277,-0.323190752,-0.17534062,4.139310468,-0.202639583,-0.239100746,-0.27842042,-0.254396284,4.784797242,-0.180700246,-0.219120282,-0.255582862,-0.375913803,4.707651376,-0.215846257,-0.2377592,-0.203693922,-0.386881876,6.304904132,-0.307652878,-0.249446751,-0.301862164,-0.101030094,5.753270589,-0.279137536,-0.230803488,-0.261701477,-0.2701388,4.889932277,-0.286673384,-0.213938935,-0.264758616,-0.323472918,3.546256717,-0.218583873,-0.247875145,-0.277969464,-0.225279942,4.781432725,-0.161638755,-0.201385042,-0.261995651,-0.403772704,4.6373257,-0.148479576,-0.196627774,-0.171238372,-0.550495673,5.612314397
-0.268152999,-0.275222801,-0.266485006,-0.246373752,5.556720573,-0.259357899,-0.211135071,-0.292759392,-0.259143946,4.986540012,-0.128270691,-0.248026576,-0.162433782,-0.539497536,4.450352217,-0.304277398,-0.235989691,-0.306666451,-0.132643248,4.858125557,-0.229956194,-0.18891311,-0.259036385,-0.36770897,5.223046531,-0.215230761,-0.231363179,-0.18657098,-0.406575405,3.79085887,-0.255960125,-0.304880729,-0.229433275,-0.240452794,5.914737724,-0.23548632,-0.204322941,-0.292745085,-0.302760952,5.151915639,-0.053805698,-0.199775778,-0.115564087,-0.714997291,3.887683194,-0.27493236,-0.233325928,-0.297808304,-0.180317944,4.567952126,-0.229482577,-0.18767721,-0.263598215,-0.370442342,5.340283325,-0.170982439,-0.203886642,-0.155406618,-0.517503911,3.551331582
-0.218492982,-0.273934384,-0.230663663,-0.176683791,6.711579569,-0.193522176,-0.256745533,-0.238902771,-0.311816579,6.267659404,-0.130891362,-0.198934623,-0.237032785,-0.374296224,6.233103186,-0.101345219,-0.18049982,-0.222350904,-0.476257519,5.45359701,-0.187067475,-0.20018902,-0.220637927,-0.378742598,4.919898854,-0.264713139,-0.210711157,-0.250480828,-0.270874516,4.397986743,-0.24320914,-0.275964595,-0.241674252,-0.132367,7.147582735,-0.165779572,-0.227533379,-0.23669822,-0.374392183,5.943098711,-0.0989326,-0.165466536,-0.215012823,-0.445435207,5.890612237,-0.111330049,-0.174298048,-0.234004553,-0.453196533,5.692949419,-0.155515658,-0.163499109,-0.213786281,-0.462339983,4.606493748,-0.206215765,-0.175850663,-0.210453408,-0.407524733,3.977171534
-0.415344952,-0.25563901,-0.312508004,-0.019130302,4.647128015,-0.320064629,-0.305880896,-0.259255108,-0.129507024,5.026484333,-0.300987733,-0.290198321,-0.286849888,-0.181309433,4.89315477,-0.218145191,-0.290734795,-0.194676697,-0.268851206,5.734724967,-0.185096483,-0.263598313,-0.213547961,-0.386425769,5.242128624,-0.240078277,-0.229864667,-0.239401746,-0.244376586,5.790893667,-0.437866907,-0.251339926,-0.30668446,-0.032570051,4.349719302,-0.334328865,-0.29891792,-0.263920952,-0.109744148,4.645187023,-0.249735863,-0.247781235,-0.260645431,-0.332207261,4.501591002,-0.204846294,-0.291319874,-0.172151173,-0.300063877,5.657439113,-0.150325446,-0.251218427,-0.180974915,-0.470464174,4.728537281,-0.196368449,-0.203427322,-0.205387375,-0.354676548,5.279239693
-0.194168732,-0.153188796,-0.331560969,-0.427205768,4.21468748,-0.166320061,-0.170217215,-0.238772041,-0.401173913,4.863808964,-0.179638995,-0.198019327,-0.340724251,-0.226592744,6.409118799,-0.296559331,-0.29038873,-0.260971185,-0.102113574,5.461314424,-0.228821128,-0.287621533,-0.243558021,-0.228370658,5.537435663,-0.108248537,-0.149432868,-0.247437234,-0.437068642,5.7495212,-0.130453859,-0.102422554,-0.335792807,-0.548422642,4.063775902,-0.170854899,-0.167839306,-0.250159788,-0.386473236,4.905945995,-0.114387072,-0.166824993,-0.303346916,-0.35064236,5.391506678,-0.305888592,-0.272060408,-0.270333399,-0.082783234,5.326068128,-0.222681137,-0.290008155,-0.238984086,-0.230061354,5.552317128,-0.060426263,-0.132725825,-0.211804619,-0.547314149,5.359801932
-0.198587262,-0.247762492,-0.220358964,-0.271078479,5.624172748,-0.39314369,-0.283074112,-0.280677126,-0.136517045,4.770952963,-0.242956105,-0.210961255,-0.25767675,-0.299827593,5.386204104,-0.196159176,-0.199428408,-0.255721191,-0.348840103,4.241427704,-0.213972044,-0.268313181,-0.268793625,-0.274313028,4.820932127,-0.249570408,-0.212152363,-0.240288434,-0.391661216,4.155334741,-0.193991572,-0.223888158,-0.229467037,-0.298825227,5.521112904,-0.414634962,-0.287023986,-0.285940386,-0.114954544,4.945690449,-0.210525611,-0.181640804,-0.238590495,-0.402060369,4.917503734,-0.219890205,-0.215928136,-0.262509617,-0.307402292,4.259759809,-0.260351987,-0.290478553,-0.321488308,-0.141889045,5.683506747,-0.195835424,-0.17664479,-0.211030573,-0.519326095,3.914044432
-0.175696182,-0.245621443,-0.207798488,-0.274911298,7.646421464,-0.188564548,-0.228301231,-0.22277446,-0.366912728,4.20619728,-0.254275287,-0.225907798,-0.288786555,-0.181901744,5.992939002,-0.286243031,-0.266829896,-0.260465284,-0.137143334,4.859365274,-0.204407998,-0.246078062,-0.259863161,-0.322506703,5.203841959,-0.230656542,-0.263393728,-0.231661425,-0.208247607,5.751011589,-0.151451982,-0.235669845,-0.204104652,-0.303291861,7.991460656,-0.182418225,-0.220478638,-0.221430324,-0.374116435,4.412964698,-0.196382667,-0.208919489,-0.23884731,-0.347443319,5.041716545,-0.263915419,-0.271534379,-0.238505856,-0.156539144,4.948131141,-0.223365498,-0.241379617,-0.294479858,-0.275072062,5.376940437,-0.154670197,-0.21615017,-0.195734223,-0.387637807,5.01005993
-0.244441679,-0.255940028,-0.290886341,-0.181330951,9.113636502,-0.272578688,-0.29921544,-0.258353723,-0.141777281,4.106255417,-0.223172144,-0.231819353,-0.239427378,-0.143742869,6.329271245,-0.207110598,-0.254502746,-0.217671478,-0.301453164,6.890853664,-0.315380114,-0.303226007,-0.290875694,-0.061420635,6.099370562,-0.34774252,-0.21305467,-0.262239892,-0.194555827,5.171088068,-0.270266785,-0.264877733,-0.306592442,-0.150817245,8.594939596,-0.262072391,-0.291591592,-0.255468653,-0.17071673,3.952508117,-0.199500367,-0.225845053,-0.219240091,-0.205420575,5.96304704,-0.224694416,-0.267357723,-0.217877409,-0.259449244,7.367235057,-0.348732327,-0.335343085,-0.281073176,-0.005460954,6.469803762,-0.271280991,-0.165983484,-0.216863667,-0.369851645,4.42184271
-0.298596047,-0.258810818,-0.265443509,-0.172649272,4.618960866,-0.258770572,-0.261411334,-0.281095636,-0.190849859,6.636662585,-0.11970807,-0.238624952,-0.181929757,-0.343462829,5.549339618,-0.284231392,-0.256831057,-0.273608497,-0.154382145,4.854968523,-0.220113491,-0.234762322,-0.179243458,-0.360219519,4.748994101,-0.203901377,-0.269369001,-0.223882362,-0.345915277,5.784127607,-0.248735333,-0.245273634,-0.253075766,-0.256561873,4.447606615,-0.250191311,-0.261105983,-0.268242676,-0.199974373,6.149525258,-0.050944163,-0.208120693,-0.13762341,-0.492067462,4.983002605,-0.280194092,-0.254966887,-0.285721516,-0.137999863,4.799642176,-0.208963385,-0.254069901,-0.160130722,-0.360161073,4.776811281,-0.157950049,-0.223408932,-0.196480389,-0.476955887,4.957638211
-0.130537455,-0.217334533,-0.149462035,-0.508450225,6.196288289,-0.205802018,-0.243431953,-0.24298487,-0.317999379,4.694236805,-0.232751012,-0.260530514,-0.242070916,-0.215022628,6.974195384,-0.254076011,-0.291966267,-0.228905296,-0.161951901,5.251335801,-0.193598957,-0.229739778,-0.23885052,-0.337122815,6.313939354,-0.267017956,-0.242894696,-0.235302018,-0.258283259,5.781970581,-0.134653305,-0.222279199,-0.143499909,-0.513490635,6.133697373,-0.191680221,-0.257694451,-0.215443632,-0.334849332,4.817178002,-0.180126312,-0.223776988,-0.22374431,-0.342510622,6.566426211,-0.259495813,-0.307389112,-0.234335872,-0.130878495,5.277955991,-0.187616374,-0.219564249,-0.23309572,-0.382485539,6.025921272,-0.217311962,-0.202992581,-0.208292176,-0.377025035,5.303656448
-0.224357475,-0.178802333,-0.290805541,-0.144055533,5.741283002,-0.345385911,-0.267243747,-0.296523611,-0.096235596,4.795693206,-0.190924944,-0.165391686,-0.289895062,-0.227603462,5.280142254,-0.293445824,-0.237388324,-0.270906929,-0.266205717,3.987394646,-0.219190529,-0.221306009,-0.296899384,-0.182709859,5.472625024,-0.133048002,-0.195462611,-0.203682254,-0.448317051,5.73283083,-0.204946518,-0.16742599,-0.28380203,-0.161329819,5.622821971,-0.328691475,-0.277214641,-0.25714263,-0.164571491,4.534180992,-0.117619763,-0.129077143,-0.256337378,-0.357969908,5.001641493,-0.297048212,-0.237565445,-0.284369723,-0.266943914,3.91843595,-0.212439062,-0.218924163,-0.303113861,-0.206607934,5.72658889,-0.058342511,-0.151857876,-0.175191743,-0.603359305,5.191246472
-0.437356437,-0.296210538,-0.270782409,-0.072971266,4.002481284,-0.34499275,-0.286193593,-0.270043182,-0.077644557,4.627276571,-0.11936815,-0.186996744,-0.223851867,-0.490108617,5.167792975,-0.158448181,-0.213487889,-0.24192911,-0.335641738,4.817689953,-0.359548057,-0.256640073,-0.373236895,-0.019859548,5.164957198,-0.317959263,-0.246397808,-0.287308954,-0.233320009,4.476077982,-0.454776271,-0.306890714,-0.286342747,-0.042557224,3.982560991,-0.383835157,-0.305422182,-0.274412074,-0.013174727,5.061195664,-0.057594252,-0.151857082,-0.182976365,-0.642440885,4.813599552,-0.157053283,-0.216087729,-0.26909739,-0.299559178,5.192013191,-0.406718448,-0.27658876,-0.392809069,0.078991701,5.58243614,-0.244277109,-0.213934679,-0.237948809,-0.416121069,4.015901962
-0.205444261,-0.247629655,-0.173212509,-0.327290269,5.264435193,-0.326175707,-0.227587344,-0.299528488,-0.137492855,4.826879881,-0.196608426,-0.210892202,-0.254152661,-0.329983512,4.191307283,-0.157306718,-0.247759074,-0.197509453,-0.436023788,6.221803843,-0.290248597,-0.276811927,-0.221006267,-0.202780586,5.004886447,-0.290820966,-0.26274277,-0.244939733,-0.220054729,4.482794711,-0.172435766,-0.217867538,-0.181039303,-0.378138998,4.982509283,-0.332009839,-0.238568921,-0.283955733,-0.164442439,4.756097611,-0.097196706,-0.177774853,-0.197906912,-0.50403137,3.666682815,-0.174249083,-0.267206406,-0.196190082,-0.387731149,6.706071915,-0.29197141,-0.278965018,-0.215450428,-0.194396004,5.121448731,-0.233100739,-0.230310882,-0.203315033,-0.355843997,4.02438704
-0.208647569,-0.22390305,-0.244980965,-0.360250499,4.712937056,-0.132186591,-0.239340076,-0.193474026,-0.351003708,5.536017429,-0.260388337,-0.247792871,-0.277705296,-0.17898154,5.113281813,-0.170791239,-0.238823377,-0.190873307,-0.422785772,4.075458846,-0.264835157,-0.284802048,-0.258746638,-0.168154887,5.618396391,-0.228606757,-0.244589545,-0.243802401,-0.265721899,5.494729938,-0.225887876,-0.228850548,-0.285237293,-0.306107685,5.066551737,-0.120091464,-0.227123499,-0.187012576,-0.36561817,5.215099776,-0.198079137,-0.200097908,-0.227125678,-0.372204925,4.064510325,-0.150216505,-0.245400171,-0.181857738,-0.443138311,4.118170308,-0.268938149,-0.286551839,-0.266748906,-0.149632037,5.751585985,-0.134118507,-0.190578347,-0.199030472,-0.472867434,4.673993834
-0.247977296,-0.199960612,-0.275685391,-0.233428625,6.25969788,-0.205306743,-0.22156281,-0.289998336,-0.392683375,6.109699783,-0.31991547,-0.221760376,-0.288767896,-0.110956805,6.051667618,-0.365682131,-0.254536317,-0.30959445,-0.111155164,4.577382214,-0.248436248,-0.262699639,-0.256797801,-0.207575008,5.991856465,-0.178688562,-0.255619661,-0.225146853,-0.325807019,5.325973273,-0.250116623,-0.200123461,-0.289699876,-0.214470584,6.80758002,-0.177305442,-0.221485467,-0.272775506,-0.451758607,5.865128314,-0.269555835,-0.189281028,-0.250975037,-0.24029896,5.186185941,-0.346470259,-0.245581672,-0.314548002,-0.136650002,4.804363387,-0.252497503,-0.268227773,-0.254698924,-0.215890199,5.993808182,-0.112662894,-0.212904009,-0.183905609,-0.495353014,4.546729027
-0.297563145,-0.257390293,-0.179289743,-0.294662233,4.263091374,-0.236752883,-0.241384307,-0.192797024,-0.243252619,5.498627187,-0.149971463,-0.24392464,-0.223633244,-0.320965263,5.479613214,-0.244494715,-0.194688546,-0.281233632,-0.297311271,4.805760984,-0.355628304,-0.322205381,-0.276327862,0.007423122,5.242344788,-0.304422091,-0.288909357,-0.22519691,-0.104458051,5.330026446,-0.291910039,-0.253093311,-0.178063716,-0.295008626,4.187801092,-0.255788444,-0.229868953,-0.200063101,-0.222391847,5.171642367,-0.074170179,-0.195453465,-0.187996681,-0.503798638,4.756970725,-0.233289557,-0.186675361,-0.273731752,-0.328525076,4.643542551,-0.376290123,-0.32961211,-0.283374906,0.064349411,5.168190577,-0.264274823,-0.243149163,-0.209730542,-0.224314515,4.841025611
-0.31067374,-0.230024289,-0.299039057,-0.187015447,5.121557512,-0.377308382,-0.308247942,-0.228631387,0.083199337,6.852907807,-0.200996214,-0.21299981,-0.235756275,-0.426305909,4.69476969,-0.228889053,-0.251890443,-0.263998804,-0.184475483,6.466770326,-0.204783761,-0.249270997,-0.208600722,-0.327179858,4.911726311,-0.233529291,-0.263681153,-0.206818136,-0.291707955,4.820232974,-0.379335547,-0.242178953,-0.34906707,-0.059610443,5.662199613,-0.444181203,-0.379512918,-0.232226781,0.213762398,8.790985489,-0.143896002,-0.169344539,-0.200081193,-0.565540438,4.257948865,-0.245950634,-0.265451964,-0.277074311,-0.142012656,6.68013532,-0.220925653,-0.263044399,-0.22186575,-0.283321126,5.085440888,-0.181460024,-0.230207087,-0.181303848,-0.409657922,4.37867704
-0.2537649,-0.263360444,-0.2810868,-0.262911205,5.969674307,-0.205471094,-0.200674378,-0.290935677,-0.187254833,6.457368746,-0.181904013,-0.154182928,-0.249584619,-0.495688629,5.074707005,-0.296939623,-0.243430503,-0.317004923,-0.133783273,7.290110217,-0.203261198,-0.189983367,-0.271097383,-0.358936014,4.931956594,-0.263322777,-0.193949274,-0.284852547,-0.204851823,5.284707822,-0.311327796,-0.272431243,-0.303225787,-0.177287333,6.316028743,-0.206148587,-0.198938879,-0.276769299,-0.199562264,6.334656533,-0.123009201,-0.123891239,-0.207191287,-0.634524388,4.593126503,-0.309651246,-0.255598567,-0.317694482,-0.101502092,7.848959694,-0.176868289,-0.168661261,-0.26136261,-0.425417971,4.626642844,-0.221150565,-0.169530232,-0.245773893,-0.304235852,4.671137419
-0.500225144,-0.272543196,-0.374988614,0.144920498,4.146368433,-0.045581232,-0.237650971,-0.205545282,-0.513352507,5.376570958,-0.211471903,-0.247080625,-0.240283193,-0.310496354,6.078977266,-0.293494483,-0.302489049,-0.175808336,-0.234136657,4.404012371,-0.268451569,-0.269485156,-0.311464023,-0.084583193,5.471858599,-0.220559469,-0.237343793,-0.241102139,-0.318326497,5.232988711,-0.510324438,-0.286324105,-0.371111388,0.200552407,4.190303913,-0.043953334,-0.24950012,-0.205230534,-0.478486405,5.448169131,-0.162893324,-0.21699131,-0.212576093,-0.421019209,5.523955261,-0.253620962,-0.291921758,-0.136387824,-0.334941086,4.111240707,-0.276480867,-0.274383757,-0.326872516,-0.049903251,5.763973832,-0.176409373,-0.197646184,-0.21079113,-0.432340838,4.642112398
-0.14642035,-0.25275187,-0.198263225,-0.40600407,4.270798129,-0.245888511,-0.265793196,-0.271983282,-0.171480473,6.53228986,-0.117262507,-0.247132837,-0.160477298,-0.489996737,4.381410709,-0.317064633,-0.259336899,-0.250613512,-0.15088906,6.563261525,-0.143178551,-0.224144639,-0.223513216,-0.405370645,5.612198425,-0.238491521,-0.229099069,-0.245941036,-0.188643781,5.817028995,-0.10393045,-0.25804806,-0.163503641,-0.485300833,4.054284704,-0.274015599,-0.282235494,-0.301129233,-0.056493284,7.413979506,-0.056380438,-0.21278633,-0.135174992,-0.625825037,4.040218291,-0.337497264,-0.269755551,-0.262823099,-0.112246979,7.166244055,-0.129678332,-0.232502032,-0.214857964,-0.404380822,5.647366033,-0.18731387,-0.195926982,-0.215958614,-0.308579772,5.218332079
-0.146234766,-0.200544364,-0.21292608,-0.37129137,6.220597635,-0.196230879,-0.251800884,-0.234194576,-0.370173137,4.868764836,-0.213136081,-0.221429002,-0.24818995,-0.324789616,4.720825011,-0.462354144,-0.317854034,-0.339248172,0.075304236,5.016383906,-0.374371447,-0.274865815,-0.251195078,-0.085661099,5.209788446,-0.124578443,-0.173388837,-0.253747677,-0.486975801,4.815468703,-0.121824967,-0.192272342,-0.201305652,-0.418730211,6.184842998,-0.229188352,-0.260868855,-0.256844157,-0.320053345,4.708013967,-0.174999417,-0.188507936,-0.210333894,-0.45237197,4.327642155,-0.484391217,-0.326405543,-0.3586169,0.125627306,5.631988956,-0.367290672,-0.293634942,-0.228028306,-0.109560515,5.027637791,-0.032162371,-0.128177801,-0.20084072,-0.689759021,4.209638055
-0.20371005,-0.172142186,-0.273491166,-0.380610491,5.099825747,-0.261939663,-0.209677263,-0.284828732,-0.236364895,5.713003666,-0.164985613,-0.287726108,-0.168308157,-0.285691206,6.433478269,-0.157952586,-0.26242204,-0.225555154,-0.361748309,6.488289527,-0.193055137,-0.231366205,-0.230547316,-0.366382238,4.609387598,-0.226385831,-0.218439067,-0.246923056,-0.364692576,4.45426937,-0.146676176,-0.137624673,-0.266386695,-0.496724549,4.836475522,-0.285767823,-0.221833005,-0.300303539,-0.158774384,6.395586798,-0.089039549,-0.246575121,-0.130397822,-0.450574951,6.056902369,-0.193422716,-0.277877097,-0.237906439,-0.320301049,6.69438055,-0.176605687,-0.236970677,-0.219675673,-0.373002165,4.617833256,-0.156206658,-0.188216274,-0.204422684,-0.506163106,4.032966739
-0.32557866,-0.261471998,-0.267525939,-0.09591749,4.274838711,-0.206455849,-0.226492676,-0.270496839,-0.328635058,6.651093845,-0.315266893,-0.178696497,-0.227046877,-0.281288836,5.225130038,-0.280282515,-0.217975019,-0.287916254,-0.273588026,4.567249461,-0.217199486,-0.246619507,-0.261970379,-0.311632482,4.813385493,-0.14158493,-0.182283586,-0.211843004,-0.446504653,4.451157984,-0.354162849,-0.291406716,-0.26197841,-0.05006826,4.552300263,-0.177462181,-0.209604081,-0.277993496,-0.358240487,6.39384859,-0.249405832,-0.131288953,-0.198855947,-0.424198402,4.734057166,-0.254585979,-0.204655718,-0.257075298,-0.334808054,4.35416487,-0.221961548,-0.251219748,-0.26287645,-0.317202806,4.655015784,-0.059842316,-0.133469546,-0.164977982,-0.635036888,3.971064318
-0.38045196,-0.253352131,-0.340445495,0.008584682,5.069468013,-0.502457823,-0.38495129,-0.280580666,0.072578551,4.551575781,-0.300356962,-0.198049594,-0.268592681,-0.295020594,4.226760745,-0.219132765,-0.197182588,-0.269732542,-0.27735684,5.221965766,-0.235179375,-0.217893425,-0.274425828,-0.268441923,4.626243863,-0.1470042,-0.200871971,-0.226570612,-0.385623913,5.753901794,-0.447201478,-0.288164062,-0.384472275,0.13612834,5.50378371,-0.562053958,-0.410533627,-0.307323768,0.160551054,5.111651895,-0.261841916,-0.177642749,-0.238134618,-0.407327136,3.845378381,-0.214432028,-0.177711519,-0.278449632,-0.297397081,5.14278537,-0.213984249,-0.212471214,-0.24981273,-0.32758334,4.431245296,-0.088169818,-0.163725435,-0.195573516,-0.529184939,5.174084452
-0.185763078,-0.239672999,-0.267015844,-0.328469544,7.026235362,-0.450872595,-0.292960493,-0.23385516,-0.185736623,4.57635278,-0.210712965,-0.338283162,-0.172058444,-0.356619626,4.993770859,-0.378784872,-0.318029012,-0.301256868,-0.017711134,5.488763811,-0.274304109,-0.282822819,-0.214841329,-0.199931551,5.958919635,-0.174960402,-0.230466128,-0.236950987,-0.380297541,6.562991301,-0.157724313,-0.217553645,-0.269918536,-0.380652296,7.298746679,-0.461121398,-0.277135232,-0.261361341,-0.175931744,4.50686132,-0.155707572,-0.297463136,-0.134883993,-0.499687478,4.292725426,-0.386269759,-0.334985564,-0.297897918,-0.006524167,5.726933384,-0.280962151,-0.298639667,-0.213480372,-0.173762119,6.26705326,-0.128106894,-0.200621633,-0.217841168,-0.483913896,6.090343796
-0.173149485,-0.214206138,-0.228494225,-0.412365986,4.459667549,-0.304260259,-0.281841653,-0.279950931,-0.073889024,8.193828963,-0.217514799,-0.146095984,-0.280468923,-0.339553485,4.131721289,-0.22996642,-0.282854065,-0.228026874,-0.314134883,5.193882333,-0.285088661,-0.285845577,-0.226477278,-0.20604735,4.84619935,-0.162808713,-0.204746509,-0.270225253,-0.408528888,4.931876197,-0.163149255,-0.204024614,-0.227346137,-0.433322963,4.556566643,-0.308006864,-0.275212588,-0.29701864,-0.027410683,8.99204809,-0.134593648,-0.105876516,-0.243060309,-0.507656684,3.868466567,-0.220489565,-0.282538356,-0.234791006,-0.330818155,5.105840158,-0.266734832,-0.27837969,-0.210560713,-0.239811008,4.565200544,-0.116498212,-0.178442057,-0.238858592,-0.526314935,4.520156642
-0.004305171,-0.218378596,-0.200419504,-0.590059763,5.018844506,-0.114883721,-0.166447771,-0.289777739,-0.276661901,6.934464517,-0.183357274,-0.203299631,-0.207527916,-0.418948575,5.134829674,-0.26947748,-0.247473896,-0.251680782,-0.244760091,4.821033632,-0.275373139,-0.277630865,-0.257453725,-0.178100926,5.965442755,-0.128393878,-0.230071262,-0.228773934,-0.383417214,5.082301455,0.037567331,-0.20665677,-0.175093183,-0.679655244,4.767207101,-0.146466518,-0.157044684,-0.325949483,-0.211605778,7.373275335,-0.137787,-0.181490499,-0.176104152,-0.536907934,4.664253191,-0.28603285,-0.262690808,-0.266872138,-0.189610241,5.038571411,-0.289757117,-0.308566116,-0.260079504,-0.106834721,6.340364063,-0.056652513,-0.187818794,-0.199317789,-0.550365686,4.586549049
-0.255435294,-0.224344511,-0.204418907,-0.402117857,5.161756081,-0.191028743,-0.244000671,-0.272069954,-0.154750402,5.373826889,-0.153879353,-0.270699405,-0.252290603,-0.302421947,5.778296877,-0.280991895,-0.237405519,-0.298254507,-0.221552002,6.115581754,-0.407740156,-0.290665452,-0.287520282,-0.100353193,5.181917028,-0.143109486,-0.253880029,-0.256965542,-0.344642647,6.141405801,-0.224922971,-0.199197803,-0.196800391,-0.483047906,4.731579791,-0.176617735,-0.233197947,-0.267371899,-0.186740877,5.248037808,-0.106670438,-0.246348615,-0.220060481,-0.414114882,5.140368783,-0.289000453,-0.244110346,-0.301944118,-0.200540558,6.179900691,-0.411849436,-0.291755363,-0.302206418,-0.078987104,5.720641622,-0.081081269,-0.209236362,-0.228727491,-0.486510751,5.388662968
-0.308256396,-0.221684318,-0.333257146,-0.182194771,5.426443494,-0.362753766,-0.249947309,-0.319136079,-0.031719734,6.056045636,-0.31505702,-0.210845784,-0.259806804,-0.269132725,3.666061463,-0.303760991,-0.226178017,-0.225904305,-0.215702126,4.750841665,-0.288831769,-0.276197597,-0.268643387,-0.111213199,4.952716793,-0.289076048,-0.22738625,-0.259669449,-0.22864287,4.74803808,-0.333077787,-0.220625758,-0.38149826,-0.106750023,5.784393223,-0.406384257,-0.272948937,-0.312324857,0.064691381,5.965814426,-0.26930479,-0.168916976,-0.21559908,-0.413000757,3.130911877,-0.322526504,-0.24558603,-0.217244905,-0.193199293,4.776774883,-0.298821776,-0.300540208,-0.266489993,-0.092003071,5.194770971,-0.236471731,-0.199956682,-0.229997734,-0.349291704,4.410338689
-0.349508669,-0.294224406,-0.312328752,0.034532772,6.455179334,-0.204903015,-0.172354612,-0.252822504,-0.320098624,6.452203241,-0.286668696,-0.307377113,-0.201668495,-0.145645389,4.9733674,-0.207266386,-0.239494375,-0.248613122,-0.261710378,4.90269601,-0.316553301,-0.266392582,-0.230232595,-0.191980017,5.05892079,-0.21594125,-0.2326417,-0.171984799,-0.386375931,5.764240154,-0.376089809,-0.336713702,-0.356761701,0.181538539,7.813776751,-0.254997616,-0.163819395,-0.300003038,-0.22688484,6.460705186,-0.238311123,-0.278442955,-0.166684072,-0.271051759,4.353105074,-0.18444508,-0.245517384,-0.220506824,-0.324530619,4.557919785,-0.330819527,-0.281342527,-0.222973177,-0.142138162,5.181053492,-0.164845858,-0.210877657,-0.138320389,-0.499969417,5.340549126
-0.19418246,-0.250697179,-0.196034217,-0.281792913,6.019356982,-0.086989928,-0.246380133,-0.220948657,-0.35334263,6.730003197,-0.266869146,-0.191817841,-0.221127056,-0.453133871,3.993153057,-0.276892727,-0.235519662,-0.238503586,-0.217859088,4.463079565,-0.339945171,-0.236544343,-0.283033428,-0.147082239,4.755884922,-0.337202723,-0.251429964,-0.301012219,-0.219634475,4.685143932,-0.186720746,-0.246871912,-0.187910904,-0.293521621,6.008674497,-0.061861665,-0.242780171,-0.223670947,-0.373132213,6.80839397,-0.200066839,-0.157007616,-0.188843603,-0.605679674,3.565406993,-0.252442655,-0.230308386,-0.229010644,-0.251545354,4.385606826,-0.336294553,-0.225353994,-0.288313032,-0.164388169,4.680573998,-0.300087452,-0.221492623,-0.274079189,-0.32167577,4.190571525
-0.275589804,-0.220583513,-0.279405478,-0.338925353,4.608996178,-0.155263669,-0.192386596,-0.281510391,-0.325975637,6.700445677,-0.225102947,-0.298158519,-0.225036692,-0.379564174,4.476410403,-0.18875924,-0.204014755,-0.231940796,-0.389111337,4.495502711,-0.274666062,-0.261578511,-0.232043861,-0.270534497,4.249692509,-0.252300159,-0.216163033,-0.297515546,-0.271066681,4.640901553,-0.283716252,-0.202418293,-0.296668739,-0.346183253,4.466975834,-0.19901989,-0.203828842,-0.300097677,-0.215270131,7.170100312,-0.158787343,-0.26242848,-0.204922029,-0.510901924,4.089419157,-0.203429677,-0.20379759,-0.252246801,-0.356986691,4.559927381,-0.261205552,-0.260809654,-0.216248894,-0.29703443,4.284703427,-0.218151106,-0.183961234,-0.25236768,-0.388074825,4.04611475
-0.098342733,-0.151238024,-0.220396154,-0.387178139,5.900808904,-0.107276645,-0.238362736,-0.243535461,-0.451375471,6.85493785,-0.098975382,-0.188773209,-0.170267412,-0.530120638,5.41813456,-0.355385853,-0.245022785,-0.318074935,-0.136248488,4.651845025,-0.364403096,-0.253571286,-0.302374279,-0.123169752,4.522610628,-0.214778148,-0.244451246,-0.192922015,-0.342087438,4.566139785,-0.065381539,-0.127835477,-0.220398201,-0.447160682,5.639656393,-0.093921657,-0.239811256,-0.242397777,-0.458054885,7.103016661,-0.062485914,-0.176387639,-0.142793875,-0.614894579,5.288088068,-0.376340931,-0.232447822,-0.352948956,-0.09717701,4.980396319,-0.384510114,-0.24233445,-0.305958753,-0.10434223,4.546275653,-0.144118279,-0.199849098,-0.148886658,-0.502705221,4.100254175
-0.071935337,-0.244737228,-0.235732128,-0.3835292,7.104109541,-0.426644358,-0.341272256,-0.262677644,0.112381858,5.715139638,-0.1570837,-0.22299128,-0.243846007,-0.32886486,6.422241975,-0.256878199,-0.269586507,-0.239362227,-0.276092185,5.14259376,-0.289464302,-0.28470841,-0.248686313,-0.192575057,4.712232063,-0.168913814,-0.243626421,-0.241540434,-0.389741491,5.352602902,-0.073965283,-0.229781831,-0.232520732,-0.404687402,6.892448339,-0.511768801,-0.389950466,-0.318711241,0.294663501,6.708181704,-0.11396248,-0.190220134,-0.209383931,-0.448985152,5.680010675,-0.257886192,-0.267699336,-0.228515508,-0.279779365,4.905977435,-0.284939819,-0.294425811,-0.246471697,-0.18825357,4.759276948,-0.091254564,-0.190645152,-0.2004781,-0.582344806,4.553518367
-0.361935519,-0.244250297,-0.322913271,-0.245008807,3.748131595,-0.325254832,-0.240731963,-0.303750768,-0.207332164,3.550810453,-0.197643293,-0.216232895,-0.28085963,-0.325209738,4.326004001,-0.238192651,-0.234261341,-0.275012803,-0.164204447,6.172728767,-0.239117452,-0.285834672,-0.254441176,-0.198635881,5.516382926,-0.208882945,-0.240011598,-0.211014284,-0.289629649,4.727288674,-0.406538167,-0.260729827,-0.347034205,-0.179927529,3.89291982,-0.302483792,-0.25434007,-0.288204865,-0.247333285,3.444459633,-0.136347756,-0.167260342,-0.241847073,-0.508171116,3.713156696,-0.258339836,-0.248745224,-0.27388404,-0.125004212,6.541527495,-0.273640922,-0.296259164,-0.265922615,-0.144391312,5.802749025,-0.14675194,-0.203735828,-0.174730846,-0.437392196,4.205563566
-0.214795678,-0.242155288,-0.251153728,-0.28113187,4.571830728,-0.270957426,-0.308542782,-0.199368193,-0.2861409,4.792724192,-0.265296296,-0.192470179,-0.247984627,-0.231340761,4.879190134,-0.287707991,-0.300609347,-0.204316214,-0.264833747,4.972618409,-0.158367776,-0.243056202,-0.226406283,-0.439802884,4.89964498,-0.264473279,-0.261407313,-0.246244868,-0.273490275,4.039867545,-0.179842109,-0.213200142,-0.258988162,-0.354755337,4.510092261,-0.303588228,-0.303398085,-0.204444168,-0.269606549,4.770168894,-0.189966351,-0.158682748,-0.196759515,-0.398112237,4.312398845,-0.291476982,-0.288813139,-0.206936005,-0.25440929,4.7037723,-0.167555764,-0.248296266,-0.237129017,-0.424615777,5.076224834,-0.209502509,-0.22312933,-0.214188174,-0.413963414,3.539667313
-0.233918804,-0.240718443,-0.300622844,-0.24009829,6.306232339,-0.432615365,-0.240920152,-0.327293658,0.095233239,5.728689329,-0.066619839,-0.158041984,-0.272261448,-0.504658752,6.04629482,-0.189948135,-0.252869775,-0.241145888,-0.3200234,6.847828156,-0.214231736,-0.288710202,-0.24074699,-0.260061848,6.642590472,-0.217222103,-0.210181214,-0.209875928,-0.302862796,4.989369007,-0.234414462,-0.250329051,-0.310318258,-0.201947946,6.430040938,-0.444475542,-0.24259137,-0.330075175,0.128825582,6.076545676,-0.001171589,-0.136863215,-0.222751975,-0.638629576,5.221430805,-0.182356662,-0.268215183,-0.231221298,-0.319608428,7.462698054,-0.233023175,-0.299412386,-0.23765297,-0.227266602,6.818679253,-0.173367549,-0.179800119,-0.185308958,-0.408975439,4.590329414
-0.135931355,-0.244082189,-0.297649806,-0.265838427,5.589308401,-0.312076302,-0.290445663,-0.213584868,-0.148754825,6.179012164,-0.360322847,-0.236495339,-0.276013887,-0.198176803,3.891949343,-0.165183272,-0.242060965,-0.247164092,-0.333241943,6.556406322,-0.28107936,-0.288730638,-0.247299182,-0.201669847,5.513046592,-0.094252576,-0.168946701,-0.232668201,-0.546775814,5.337868257,-0.091450588,-0.217331428,-0.297771249,-0.338630571,5.599829547,-0.283306861,-0.267891625,-0.198294737,-0.215484979,5.753924306,-0.324464408,-0.197189987,-0.24284075,-0.335846284,3.381823703,-0.15526454,-0.235471383,-0.239910434,-0.363657667,6.546745025,-0.310517939,-0.298909585,-0.275970039,-0.125973171,6.17925744,-0.045992408,-0.138685744,-0.203288738,-0.67293641,4.832740438
-0.311827562,-0.317356067,-0.266174884,-0.089217782,5.1677041,-0.192799736,-0.227006091,-0.267323793,-0.332107891,4.358623239,-0.159540869,-0.163241618,-0.233532826,-0.450488584,6.12865305,-0.272788979,-0.260441606,-0.26963683,-0.224239624,4.717416591,-0.351896854,-0.313386125,-0.265540954,-0.122153702,5.342615706,-0.155590358,-0.192979088,-0.260666299,-0.401297781,4.611410524,-0.424074505,-0.369408926,-0.312445139,0.106437052,5.69662948,-0.184650529,-0.215226911,-0.274114644,-0.357557836,4.457211531,-0.11488894,-0.145425985,-0.192399113,-0.561214801,5.615313926,-0.311082626,-0.265742135,-0.293007821,-0.1496833,4.841057651,-0.342794066,-0.322636971,-0.261748297,-0.136897322,5.4313833,-0.078778505,-0.148205444,-0.223252468,-0.57067461,4.193339249
-0.262001769,-0.268516262,-0.315039829,-0.093893793,5.834962508,-0.27983538,-0.327822939,-0.253513742,-0.102159911,5.519986665,-0.197219983,-0.201024751,-0.327812118,-0.224028892,6.302518028,-0.233039669,-0.210986758,-0.237285578,-0.37054464,3.938373575,-0.210071278,-0.248918003,-0.251059921,-0.319070071,3.954804678,-0.309469859,-0.251270048,-0.249911422,-0.230622086,4.24509221,-0.251887422,-0.2692544,-0.314991812,-0.139780456,5.62459503,-0.307187523,-0.36476028,-0.258035422,-0.047186339,5.970196008,-0.152024924,-0.174255993,-0.285067814,-0.341530913,5.383776288,-0.224604413,-0.190283454,-0.236432381,-0.401273477,3.778958943,-0.202726217,-0.257805165,-0.247341694,-0.315349347,3.965735142,-0.273468114,-0.232466704,-0.222443871,-0.320463614,3.891140972
-0.236961217,-0.24071056,-0.189714491,-0.300171201,4.897967187,-0.1601014,-0.248827866,-0.240258948,-0.42982176,4.427624891,-0.133696985,-0.234556419,-0.25619902,-0.345886314,5.548513411,-0.285156539,-0.290923833,-0.202450145,-0.308433694,4.504734573,-0.231332818,-0.214415924,-0.277750175,-0.303227012,5.588296296,-0.054925158,-0.216607927,-0.211591482,-0.53645377,4.741562869,-0.235102836,-0.234683176,-0.179546419,-0.330451261,4.717377659,-0.136164134,-0.244178074,-0.24371588,-0.440967445,4.427976744,-0.078893755,-0.190309029,-0.229598631,-0.488985915,4.891200278,-0.279530444,-0.310740387,-0.185697414,-0.331798562,4.74664469,-0.203209072,-0.190394102,-0.271080162,-0.357980676,5.382052106,0.002838935,-0.191670829,-0.17272716,-0.665627789,4.3556691
-0.184858845,-0.224321214,-0.227133809,-0.317337134,4.754161326,-0.277662729,-0.259359914,-0.23009251,-0.171156139,5.370640403,-0.423748552,-0.318136121,-0.340170262,0.149148315,4.977067017,-0.323243265,-0.222013293,-0.24580917,-0.219791525,4.241771752,-0.234174152,-0.207115994,-0.245473957,-0.361188265,4.458358652,-0.191348498,-0.183843375,-0.262331792,-0.348084236,4.696100552,-0.155063522,-0.19992514,-0.22381354,-0.370417034,4.422834165,-0.299789171,-0.268319381,-0.242579562,-0.111613186,5.623121315,-0.361761768,-0.263061134,-0.312813709,0.020618089,4.24845895,-0.320068728,-0.228097293,-0.230936324,-0.229579087,4.150416732,-0.229906862,-0.185180096,-0.252870166,-0.365304067,4.380244797,-0.117879271,-0.146746196,-0.215733746,-0.534426868,4.129244302
-0.052540225,-0.206883036,-0.216439759,-0.551710348,6.564672454,-0.315711702,-0.27623185,-0.26125366,-0.040313814,6.856073531,-0.102697156,-0.163639156,-0.236160252,-0.4068079,5.938008049,-0.142215365,-0.201761941,-0.255518863,-0.391480931,5.88554904,-0.222455904,-0.275153273,-0.269543303,-0.150501881,6.418496466,-0.240290338,-0.18816791,-0.235804847,-0.404364023,4.920117442,0.009816001,-0.184281612,-0.175410665,-0.694102077,5.800640011,-0.3271703,-0.294024571,-0.228491253,-0.054655736,6.438861478,-0.041349453,-0.139884255,-0.198002616,-0.521722785,5.353216248,-0.115936191,-0.184628148,-0.256937059,-0.44582384,5.875095618,-0.222160791,-0.282857372,-0.267837258,-0.122336073,6.580254938,-0.158628582,-0.156325426,-0.187013727,-0.586385081,4.317249815
-0.311804434,-0.260694561,-0.254699304,-0.197317337,3.79869609,-0.197503654,-0.26719595,-0.267422618,-0.305659088,4.837849187,-0.269016555,-0.247407579,-0.202242746,-0.236599344,3.793208843,-0.305673688,-0.30267404,-0.202516199,-0.063281198,5.458095874,-0.242247327,-0.254365389,-0.270082005,-0.207186721,6.541073723,-0.246639894,-0.273259674,-0.166937067,-0.34037987,3.931884196,-0.24388508,-0.235453716,-0.225353861,-0.336492956,3.460492351,-0.238459776,-0.289640487,-0.304215241,-0.199333965,5.428119266,-0.227906479,-0.212861408,-0.166138361,-0.321497465,3.408524707,-0.303943172,-0.315745899,-0.181739391,-0.073999274,5.217330501,-0.235442281,-0.246945625,-0.283212458,-0.187906779,6.627657448,-0.214852739,-0.255767016,-0.139916912,-0.427735164,3.721860183
-0.078031399,-0.134460674,-0.30953452,-0.380152214,5.151687032,-0.175244542,-0.211631272,-0.254426135,-0.350826715,5.552620588,-0.047991078,-0.241061133,-0.199076706,-0.506717165,6.11611941,-0.28322419,-0.257587078,-0.1870413,-0.356094603,4.59466124,-0.140245212,-0.217642287,-0.210112386,-0.402263228,5.873592496,-0.227470826,-0.246877798,-0.235163833,-0.267159652,4.302844787,-0.043219378,-0.108111653,-0.305120096,-0.45046651,4.903653934,-0.14272298,-0.217867151,-0.236964324,-0.398281894,5.374416988,0.014814095,-0.207484491,-0.169327514,-0.631768886,5.560032218,-0.281235865,-0.260848976,-0.199215449,-0.332059975,4.768271552,-0.131230945,-0.218904357,-0.197202428,-0.409782383,5.693921797,-0.184814159,-0.214508021,-0.198230307,-0.40492484,3.761441732
-0.24948186,-0.249094925,-0.220178832,-0.264866395,5.630698831,-0.243344509,-0.234423046,-0.273902765,-0.234066576,5.112727601,-0.184028661,-0.248798374,-0.172475525,-0.32184381,5.7596616,-0.369014107,-0.272747704,-0.294068063,-0.019718207,4.736548268,-0.245126522,-0.183764414,-0.260583521,-0.254950205,4.841232725,-0.232183566,-0.259651212,-0.185094014,-0.296889889,4.926855498,-0.25870409,-0.254149682,-0.222455332,-0.239685687,5.840490761,-0.250853097,-0.221916243,-0.292312668,-0.232816867,5.322989216,-0.110002985,-0.21841907,-0.135193255,-0.468100823,5.290330698,-0.3954003,-0.265773743,-0.311933239,0.015594855,4.688603012,-0.266647868,-0.19485566,-0.276004127,-0.195954676,5.236230106,-0.196795048,-0.234255237,-0.157586379,-0.391050289,4.52469888
-0.223131421,-0.232918222,-0.2448211,-0.284830802,5.114377956,-0.287215872,-0.213322571,-0.251031735,-0.240800506,5.271122872,-0.283608782,-0.209738916,-0.276815059,-0.183006366,5.396049556,-0.272403805,-0.26070779,-0.250249828,-0.174277865,5.56371307,-0.323299244,-0.258618795,-0.233852033,-0.222713531,3.955300296,-0.221181681,-0.266481453,-0.193020582,-0.327454619,5.222405835,-0.262534046,-0.219482925,-0.280606942,-0.224045748,5.279462495,-0.279652774,-0.19276635,-0.238452585,-0.279713555,4.76526807,-0.22289249,-0.176790041,-0.237209695,-0.339149153,4.698718059,-0.26868554,-0.25594441,-0.228776014,-0.209044916,5.3145741,-0.359196436,-0.263854586,-0.244725053,-0.160747279,3.999904616,-0.175079786,-0.236917826,-0.168403506,-0.445569024,4.789050553
-0.214816265,-0.197301115,-0.307557387,-0.190574416,6.17312872,-0.34866114,-0.223554472,-0.252865765,-0.063542334,5.955765739,-0.121448785,-0.212242445,-0.194565013,-0.417415625,6.7440732,-0.203027035,-0.238362844,-0.263289015,-0.224061545,5.378725361,-0.315474228,-0.301060518,-0.277742583,-0.156315239,5.344441655,-0.344662559,-0.295576732,-0.266783197,-0.069322381,4.802217304,-0.187815156,-0.174037371,-0.300095284,-0.253571264,6.089166807,-0.345219834,-0.218235538,-0.253506475,-0.086318876,6.00631517,-0.064954235,-0.185162018,-0.170918419,-0.532557914,6.5067849,-0.201686311,-0.24321161,-0.262069207,-0.207320833,5.478764168,-0.291952719,-0.30517829,-0.27574393,-0.194760202,5.724001293,-0.30668776,-0.25713485,-0.226017334,-0.210328876,4.03870506
-0.357818485,-0.265666926,-0.312229384,-0.099530594,4.771801475,-0.187168013,-0.243746944,-0.212602415,-0.392240612,6.42310411,-0.149321455,-0.20905914,-0.214947643,-0.574034013,4.293340426,-0.320098299,-0.270689402,-0.202925499,-0.265238832,3.876775328,-0.164666548,-0.258997927,-0.2247557,-0.308332192,5.07372487,-0.075781357,-0.225870499,-0.160977404,-0.507227745,5.057627543,-0.354993572,-0.269390852,-0.311683834,-0.085879968,4.651382635,-0.164370578,-0.249024382,-0.207454929,-0.400814002,6.558793214,-0.091574899,-0.183170147,-0.188370195,-0.692067618,4.01507037,-0.304523864,-0.255740413,-0.193834099,-0.300146096,3.691764059,-0.18590277,-0.269568874,-0.238490553,-0.263860181,5.396595191,-0.027534344,-0.190665543,-0.134468976,-0.621792731,4.680128687
-0.19600225,-0.163568001,-0.256120015,-0.405580003,4.027559406,-0.305306499,-0.332046023,-0.292260875,-0.166649292,5.320868707,-0.126930779,-0.224789841,-0.173265031,-0.389871377,4.945196131,-0.197739943,-0.230325839,-0.246543173,-0.457173952,4.23694772,-0.172029435,-0.239741183,-0.211178418,-0.3940325,5.018077888,-0.158046276,-0.176265546,-0.243721646,-0.455330583,5.105931656,-0.140262659,-0.120217168,-0.249380123,-0.544225338,3.615281665,-0.34554478,-0.334407855,-0.333592075,-0.061839563,5.457753241,-0.07109599,-0.194639802,-0.123936675,-0.537306341,4.390760449,-0.20284878,-0.232658241,-0.251531141,-0.446880682,4.315964796,-0.163265201,-0.255230155,-0.201918577,-0.398461499,4.989470967,-0.097800937,-0.13358124,-0.212279886,-0.580287316,4.690142665
-0.134835363,-0.175975674,-0.181907061,-0.413327563,5.494010897,-0.290600566,-0.234238149,-0.294540383,-0.226627879,5.361064488,-0.190770708,-0.237239643,-0.266625258,-0.286568597,5.712630704,-0.270710077,-0.258863208,-0.275864179,-0.215437678,5.229844435,-0.224108583,-0.223559253,-0.241887093,-0.321904178,4.729776021,-0.169688706,-0.230303825,-0.240798032,-0.329802869,5.623345131,-0.125282819,-0.151910123,-0.178875478,-0.45585292,5.26517355,-0.277276635,-0.210227098,-0.28878007,-0.284817991,4.979086227,-0.116467259,-0.202498633,-0.225075723,-0.456384391,4.89652895,-0.305857909,-0.261167219,-0.300537309,-0.153606133,5.15969451,-0.223582578,-0.216239245,-0.242126998,-0.336225934,4.68894697,-0.115476673,-0.202205591,-0.212185563,-0.444907445,5.324748289
-0.174796157,-0.311748174,-0.217137337,-0.296619903,5.943866856,-0.286991301,-0.24448556,-0.200421751,-0.302598893,4.651343156,-0.163603426,-0.227089172,-0.196876208,-0.471240387,5.127045757,-0.270455293,-0.272783429,-0.254642397,-0.157937151,4.740330272,-0.115142537,-0.240680855,-0.233172164,-0.450036687,5.834889254,-0.225157446,-0.242473854,-0.261054934,-0.291578649,5.039192296,-0.146423741,-0.282184487,-0.220360149,-0.345868862,5.412612606,-0.281070595,-0.243493882,-0.188786988,-0.305517583,4.478397759,-0.10410356,-0.171602801,-0.173220091,-0.635215285,4.499620063,-0.276540093,-0.271083572,-0.260790412,-0.146242972,4.523217581,-0.134758145,-0.272968314,-0.243385162,-0.384221918,6.056446344,-0.155025536,-0.20808879,-0.222388133,-0.436612255,4.598685261
-0.244042314,-0.306340193,-0.332824397,-0.164789865,5.312538485,-0.190058913,-0.28732266,-0.267102762,-0.267575412,6.92214014,-0.268553524,-0.287732525,-0.289143697,-0.146576715,5.732856231,-0.183520948,-0.19417182,-0.2648074,-0.315062553,5.357485505,-0.220174465,-0.224675098,-0.194174206,-0.366198068,5.203208429,-0.17068232,-0.240750234,-0.201702474,-0.376448464,4.912296752,-0.329203421,-0.350608934,-0.371531072,-0.008478334,5.647283929,-0.201071404,-0.292102844,-0.288622319,-0.241609649,7.357065726,-0.218080709,-0.241734683,-0.262202967,-0.293610288,5.134404191,-0.191614975,-0.206114846,-0.268485248,-0.28288133,5.551278243,-0.2150238,-0.236218909,-0.18069652,-0.375843327,5.318361116,-0.104221937,-0.201028548,-0.152618135,-0.54466658,4.328260385
-0.340287358,-0.231887092,-0.260892262,-0.20396337,5.595720223,-0.169347061,-0.179911788,-0.304829168,-0.381450767,4.996299463,-0.306044881,-0.246763707,-0.278767316,-0.185584829,5.000022995,-0.132849163,-0.297741974,-0.20057498,-0.330326749,4.698524527,-0.153864582,-0.177503004,-0.243675055,-0.435240782,5.599447551,-0.244394044,-0.255834062,-0.215236197,-0.302289039,4.58612379,-0.304890496,-0.198174483,-0.255674706,-0.283304084,5.221986376,-0.187201352,-0.18909861,-0.321897135,-0.339248334,5.440042566,-0.261012511,-0.230875991,-0.234707801,-0.302471168,4.512666168,-0.142536423,-0.307932142,-0.193988654,-0.326602398,4.490105969,-0.151207741,-0.18046944,-0.248630833,-0.429609667,5.620335292,-0.203651068,-0.230826061,-0.185911154,-0.413039816,4.114126036
-0.252311949,-0.233099136,-0.334831244,-0.198517293,5.539865983,-0.443999788,-0.288329953,-0.295594188,0.12324561,5.659639564,-0.121740565,-0.213739944,-0.195950612,-0.521156385,4.854148808,-0.215166307,-0.205696704,-0.25196976,-0.359664472,5.998834869,-0.27407641,-0.251080225,-0.236143496,-0.25958061,5.478607159,-0.2137937,-0.259641946,-0.223495016,-0.274956019,5.488604217,-0.264363366,-0.214062905,-0.363161977,-0.184892516,5.817794518,-0.455203673,-0.287158962,-0.31792015,0.141533046,6.12015337,-0.081633018,-0.185229105,-0.158568649,-0.636708839,4.385203269,-0.203588301,-0.205453174,-0.254860706,-0.373027583,6.27981457,-0.28888529,-0.270026733,-0.217621407,-0.254366579,5.609022135,-0.177202415,-0.243698766,-0.195602366,-0.385255514,5.171753298
-0.347941449,-0.265638222,-0.332609392,-0.182003548,5.215441316,-0.234076571,-0.260459101,-0.260346113,-0.257254766,6.125259111,-0.210311364,-0.278766952,-0.181406158,-0.303839109,5.116390159,-0.243390778,-0.245994574,-0.241965528,-0.172186678,5.164833635,-0.370410417,-0.214447838,-0.344093067,-0.031074364,5.341078712,-0.23200807,-0.20756046,-0.249493699,-0.357477111,4.498446814,-0.375300973,-0.281704245,-0.34139521,-0.137957035,5.376934289,-0.222580966,-0.260796774,-0.286717818,-0.235483765,6.704446147,-0.134153383,-0.2496332,-0.134001969,-0.471279925,4.546740627,-0.24064267,-0.240059624,-0.248067752,-0.166539147,4.970447578,-0.396406269,-0.187962825,-0.367451604,0.011611978,5.201495273,-0.166932331,-0.179454233,-0.200382019,-0.522317115,3.957797433
-0.157447017,-0.194647144,-0.223607018,-0.392698368,3.898073526,-0.237909388,-0.232537367,-0.208819553,-0.234621618,4.653367428,-0.194066129,-0.219854058,-0.167289433,-0.398394194,5.782293998,-0.253256114,-0.237895274,-0.241672424,-0.264748129,4.187229386,-0.296833164,-0.266052053,-0.273533967,-0.162157653,4.696543474,-0.266196974,-0.211973556,-0.273147394,-0.271029864,4.894971241,-0.129118349,-0.189607078,-0.213627489,-0.433441035,3.974036492,-0.258312337,-0.248532499,-0.203816013,-0.217521184,4.806361159,-0.119062902,-0.197305839,-0.129630986,-0.543836983,5.35695331,-0.225762708,-0.217103013,-0.219373204,-0.349906409,3.898117687,-0.333364251,-0.280741224,-0.289626658,-0.079455574,4.805839779,-0.216113538,-0.185068831,-0.232110112,-0.411867459,4.373461756
-0.201791554,-0.227674674,-0.214301798,-0.219023262,6.768152306,-0.09765968,-0.217400851,-0.261643191,-0.420156031,6.554238876,-0.262064239,-0.238343489,-0.280366176,-0.184766781,3.904405452,-0.152816044,-0.219234201,-0.231468407,-0.368749587,5.825839246,-0.238938504,-0.242857789,-0.239762607,-0.244304165,4.5364895,-0.078146384,-0.166401292,-0.211704221,-0.544058691,5.686140251,-0.195841579,-0.247222241,-0.189932735,-0.228749474,7.069753103,-0.125695128,-0.237476885,-0.270146346,-0.341130072,6.588665825,-0.213184267,-0.213604781,-0.250897828,-0.308506787,3.559687144,-0.132948332,-0.209860244,-0.227293432,-0.404692132,5.607294313,-0.238020219,-0.253567747,-0.213112029,-0.256046032,4.30010698,-0.004348899,-0.141337188,-0.162210996,-0.696686098,5.108545498
-0.136572293,-0.261351322,-0.232093548,-0.325294099,6.950856419,-0.315112776,-0.194019713,-0.280341152,-0.17186802,5.391341007,-0.306542462,-0.2820122,-0.258520542,-0.080182336,5.910509766,-0.227552419,-0.243534651,-0.242174291,-0.334438136,5.739875353,-0.191447058,-0.258830753,-0.264835094,-0.41323999,5.173677338,-0.26836071,-0.280867437,-0.219461142,-0.244096221,4.386234668,-0.134250199,-0.262037865,-0.233313475,-0.317223493,7.193741076,-0.361534225,-0.194765843,-0.307993554,-0.09272176,5.680859216,-0.23581812,-0.242555515,-0.220586331,-0.238787452,5.353470625,-0.230125577,-0.230186163,-0.254782637,-0.325023727,5.8603768,-0.19441003,-0.269361726,-0.261052724,-0.41635352,5.197450111,-0.20726478,-0.237687708,-0.17765636,-0.400692504,3.867368553
-0.312673305,-0.292176713,-0.255412288,-0.143657876,5.53309723,-0.217984929,-0.312500131,-0.163077446,-0.263876966,4.402673759,-0.39881137,-0.223133655,-0.345351009,-0.041705077,6.875533125,-0.283673422,-0.256243406,-0.226100473,-0.248798681,5.127944005,-0.306436932,-0.232544565,-0.314074658,-0.148255485,4.991329332,-0.245167185,-0.180232498,-0.280461509,-0.307685689,5.071349488,-0.346096005,-0.294465082,-0.28016905,-0.104108787,5.908665746,-0.192507557,-0.29968236,-0.144739777,-0.335735789,4.005094861,-0.382147517,-0.200393536,-0.331649704,-0.111270132,6.678487062,-0.287988676,-0.263276183,-0.214154464,-0.253072802,5.26518389,-0.308508165,-0.251310798,-0.300509495,-0.154899756,5.079175398,-0.185630493,-0.139780739,-0.245856492,-0.460672072,4.491780951
-0.207539105,-0.254154903,-0.219245949,-0.255395893,5.270925628,-0.200096745,-0.262525277,-0.21380588,-0.37145025,4.784456295,-0.234257458,-0.250853467,-0.231894769,-0.285292964,5.22485951,-0.252674309,-0.241132071,-0.282142214,-0.196549558,5.928092696,-0.268021468,-0.233866326,-0.286987059,-0.215695665,4.73813719,-0.273722868,-0.272792565,-0.256812984,-0.231065675,5.443451527,-0.215902482,-0.250134937,-0.215247915,-0.267114188,5.105891189,-0.230954609,-0.272840038,-0.217202277,-0.354772793,4.663577421,-0.197652954,-0.237550409,-0.198027857,-0.383223792,4.723482766,-0.248778643,-0.241850479,-0.278685466,-0.216998666,6.079477898,-0.273401981,-0.229173676,-0.303431856,-0.203734028,4.787460668,-0.203356358,-0.239502166,-0.218494113,-0.384981783,4.896997854
-0.244994307,-0.306188456,-0.208169435,-0.306114021,5.503536187,-0.141006249,-0.257896723,-0.232009827,-0.442007239,6.414552635,-0.257783381,-0.281687016,-0.190648665,-0.34492156,4.791370331,-0.264103341,-0.293266827,-0.19378082,-0.194637997,5.096430596,-0.315174294,-0.254292979,-0.246073865,-0.155179799,4.537343087,-0.212169837,-0.216370098,-0.25942165,-0.274547309,5.197508799,-0.24448448,-0.309727714,-0.229624828,-0.294582687,5.898295944,-0.172198287,-0.266125139,-0.266837678,-0.401064594,6.609118279,-0.205184017,-0.242362069,-0.168276721,-0.471470389,4.243032944,-0.257124464,-0.290715284,-0.189261897,-0.203282751,5.173572418,-0.294815161,-0.25205739,-0.228840577,-0.188252209,4.342478967,-0.142655371,-0.17759057,-0.210144057,-0.450065827,4.552989284
-0.231908795,-0.271575776,-0.278893968,-0.222030132,5.379339444,-0.317296457,-0.315754043,-0.260633498,-0.112551203,3.928765988,-0.291668775,-0.219295656,-0.231834908,-0.171749807,4.589713885,-0.234721179,-0.249604428,-0.259498512,-0.197622026,4.874852772,-0.264910686,-0.25569545,-0.31518846,-0.174853922,5.540910149,-0.300101902,-0.225707161,-0.296051929,-0.155284255,5.30955234,-0.239520697,-0.277123236,-0.292145434,-0.181250007,5.751676928,-0.340364096,-0.31741822,-0.275591973,-0.053143506,3.935350448,-0.251481591,-0.18990446,-0.20973386,-0.252719608,4.295790295,-0.233414888,-0.2469421,-0.274346106,-0.181264878,4.783730773,-0.268084879,-0.266523413,-0.295826411,-0.180469167,5.563652752,-0.233399179,-0.191614211,-0.248873599,-0.31843697,4.740654245
-0.396693503,-0.25975722,-0.280180295,0.033180523,5.640555627,-0.316165914,-0.301047327,-0.220664676,-0.188134803,5.7535649,-0.199324731,-0.191263052,-0.218699105,-0.418650625,6.378008101,-0.179364391,-0.181953141,-0.26093536,-0.339822518,5.156766789,-0.30634483,-0.239740163,-0.246910461,-0.266357266,3.757835311,-0.299280074,-0.248178191,-0.222334686,-0.240259887,4.595039433,-0.380646314,-0.237116574,-0.266570804,-0.005560868,5.666840102,-0.338850671,-0.314537116,-0.22616822,-0.156742802,5.919312858,-0.174706932,-0.170871378,-0.19746212,-0.501013505,5.702728012,-0.190796837,-0.177648609,-0.273769022,-0.323048981,5.316591873,-0.30439131,-0.252761128,-0.232158982,-0.278355015,3.645495418,-0.240540659,-0.206513944,-0.190986645,-0.376241529,4.221301445
-0.292858695,-0.189017648,-0.284676687,-0.363574715,5.43865286,-0.124273716,-0.181911861,-0.238940152,-0.393041093,5.757609566,-0.217480428,-0.261889424,-0.21039683,-0.257046476,5.410594223,-0.264771922,-0.249135899,-0.250975821,-0.247091904,4.626843912,-0.213243089,-0.293787907,-0.235163318,-0.196655143,6.563923213,-0.138267781,-0.23953631,-0.2136481,-0.367343977,5.104561035,-0.321274967,-0.181470022,-0.335983773,-0.278145323,5.841034807,-0.166307669,-0.205652165,-0.244994546,-0.304242489,5.968312825,-0.147517524,-0.222430057,-0.185678717,-0.414356792,4.994155552,-0.250418751,-0.250136995,-0.246385047,-0.265884631,4.815358621,-0.243278462,-0.300517861,-0.262658363,-0.1415304,6.795607765,-0.077017727,-0.20814849,-0.179425976,-0.490500817,4.591924844
-0.234066805,-0.192782498,-0.307121282,-0.282106363,5.77872981,-0.323697551,-0.349411121,-0.288409037,-0.026603324,5.856502495,-0.243658532,-0.223566938,-0.274015319,-0.377902165,4.652362377,-0.465674389,-0.289813486,-0.299074852,0.114520434,5.177855475,-0.403984074,-0.307574552,-0.279405868,-0.038755107,4.381203,-0.232449923,-0.220099096,-0.242593112,-0.349239317,5.078761107,-0.168197698,-0.149937918,-0.292888527,-0.431132352,5.577147975,-0.350316065,-0.377200525,-0.314475097,0.04794491,5.763984429,-0.139592884,-0.182769935,-0.214356087,-0.601889908,4.08814132,-0.455600805,-0.282446896,-0.288554245,0.07943247,4.746507301,-0.401749762,-0.307414745,-0.272991969,-0.052275258,4.292575266,-0.158343706,-0.186801467,-0.195462208,-0.506967229,4.562682442
-0.123234563,-0.253382146,-0.241171922,-0.478589104,3.969496598,-0.124874741,-0.187278948,-0.228463598,-0.56835728,3.550160295,-0.223567439,-0.250926155,-0.235982644,-0.190537668,5.320874647,-0.295612485,-0.274488776,-0.287550741,-0.136650535,4.916625581,-0.245673251,-0.290679622,-0.245148539,-0.193722418,5.569228517,-0.295606699,-0.260726658,-0.196757107,-0.232994103,4.993749111,-0.123787826,-0.247423959,-0.248318083,-0.461047583,3.914719338,-0.130490655,-0.179047103,-0.233475512,-0.586621128,3.358064006,-0.169869732,-0.213484836,-0.213086369,-0.323252884,4.730407173,-0.31013496,-0.312870316,-0.288822959,-0.051335824,5.310776126,-0.218716709,-0.28566839,-0.231862932,-0.252473108,5.390837183,-0.246409358,-0.22588515,-0.15074976,-0.391077978,4.364381683
-0.275081116,-0.316130889,-0.29035155,-0.178349913,5.710968862,-0.227246921,-0.176140818,-0.309270576,-0.364050363,5.817275706,-0.232208326,-0.16834324,-0.224359058,-0.420330921,4.059447682,-0.282010825,-0.232278878,-0.267349538,-0.222749358,4.657722947,-0.2988236,-0.29288986,-0.243527061,-0.106096495,5.308397164,-0.24690822,-0.236378687,-0.263404965,-0.186223121,4.522741913,-0.309983828,-0.359623054,-0.290968864,-0.124159271,5.896378657,-0.297519196,-0.179350081,-0.364652974,-0.23145417,6.216684698,-0.153494021,-0.124083101,-0.184149619,-0.584931818,3.701942766,-0.28239383,-0.23779412,-0.269826503,-0.205453973,4.733158199,-0.319994292,-0.316801908,-0.238382492,-0.058907915,5.773243883,-0.202554578,-0.204494389,-0.225418918,-0.307871153,4.00591167
-0.144923574,-0.238687574,-0.235357509,-0.296220148,5.984907927,-0.358517205,-0.285898361,-0.325816967,0.129011675,4.916845474,-0.240222993,-0.276922408,-0.257049241,-0.316500302,5.264620798,-0.196558182,-0.215577362,-0.227833935,-0.322397097,4.714206056,-0.221516398,-0.244054603,-0.214596646,-0.276352972,5.248291897,-0.24437564,-0.250036251,-0.20791972,-0.396598913,4.077615214,-0.16955315,-0.255745615,-0.257000561,-0.240050174,6.590669292,-0.378448249,-0.299988131,-0.339234067,0.220498743,5.007488013,-0.172721745,-0.229842324,-0.219003108,-0.519099592,4.553333167,-0.186338488,-0.198303117,-0.234598858,-0.338940226,4.480578126,-0.222216649,-0.252578228,-0.207297515,-0.268730309,5.280927768,-0.183888957,-0.209948307,-0.166920341,-0.552227621,3.567544325
-0.139281325,-0.184310441,-0.21580273,-0.535266199,4.684488984,-0.517556847,-0.323175535,-0.236367059,0.077361747,4.849968033,-0.185846743,-0.254786145,-0.222270761,-0.295961021,4.629101571,-0.243894906,-0.267987127,-0.235672809,-0.207236763,5.266307859,-0.158952191,-0.240962071,-0.209560619,-0.396032257,5.119006076,-0.146757229,-0.159759212,-0.217909561,-0.430151088,4.53289018,-0.09867727,-0.148508294,-0.218472449,-0.603136798,4.394598477,-0.524693049,-0.323394519,-0.254308333,0.090938245,5.220141406,-0.107256223,-0.233518649,-0.1644187,-0.456149501,4.285869624,-0.239506356,-0.271832722,-0.223947952,-0.229396103,5.277896884,-0.170315055,-0.251750279,-0.218312255,-0.367760804,5.291819151,-0.092025064,-0.123933722,-0.183094477,-0.574990542,4.143659164
-0.143996964,-0.301120734,-0.178278621,-0.367785136,7.54151291,-0.40859722,-0.362673628,-0.244893036,0.081022439,5.525942527,-0.236121304,-0.217764669,-0.199253992,-0.470912668,5.179491339,-0.327793936,-0.306565131,-0.229877863,-0.123448601,5.059299895,-0.212121267,-0.242410278,-0.241365499,-0.282208527,4.713206304,-0.202784061,-0.25562933,-0.214468387,-0.321589633,4.871614319,-0.143094032,-0.334446589,-0.151184916,-0.372894675,8.367958857,-0.456378672,-0.39250752,-0.251135165,0.163086094,5.880720719,-0.195231316,-0.18203671,-0.177470403,-0.582306855,4.689789999,-0.340592607,-0.319177329,-0.231021424,-0.099015001,5.1425233,-0.204851177,-0.245027032,-0.244196036,-0.276519733,4.87327144,-0.138762441,-0.217385443,-0.178145134,-0.471400748,4.424963197
-0.215300123,-0.226077566,-0.312786617,-0.132339532,5.104300546,-0.29354437,-0.288698491,-0.208031106,-0.207173643,6.161832304,-0.319933025,-0.208263647,-0.292511924,-0.123433928,6.284350452,-0.253251151,-0.23504648,-0.229316842,-0.382498031,4.132913239,-0.302804559,-0.237832295,-0.251647659,-0.162163003,4.302713478,-0.175972858,-0.215016856,-0.216337412,-0.45571624,4.446746385,-0.21691976,-0.224095525,-0.333004947,-0.104751,5.203459631,-0.290055164,-0.278157812,-0.19393456,-0.245434405,5.637503129,-0.243621629,-0.169870204,-0.252280827,-0.302038044,5.417423526,-0.251113714,-0.249825116,-0.215456412,-0.38540872,4.117749302,-0.284401121,-0.217616644,-0.23485955,-0.213247651,4.117883302,-0.111970431,-0.193906053,-0.176188917,-0.597668929,4.119375868
-0.267301349,-0.209031156,-0.258023756,-0.340201776,4.144742894,-0.197421722,-0.215185476,-0.225368769,-0.386158355,5.256422326,-0.298626504,-0.232725973,-0.277248975,-0.260300717,5.308480559,-0.298269847,-0.247455754,-0.279969659,-0.165859965,5.935096295,-0.333062765,-0.23836904,-0.245083252,-0.335217252,3.809532831,-0.380862825,-0.333190347,-0.256019283,-0.04328469,4.51237181,-0.27680232,-0.192629311,-0.26562665,-0.356725116,4.156660998,-0.200378944,-0.224573669,-0.22404561,-0.387578463,5.368388126,-0.184415198,-0.177847072,-0.212930488,-0.517148103,4.410410281,-0.300600839,-0.246487396,-0.293250635,-0.152230849,6.273630992,-0.350156161,-0.24234486,-0.267412008,-0.29127712,3.927356162,-0.333185869,-0.308410959,-0.232147199,-0.154161159,4.09861799
-0.100088722,-0.189561915,-0.166436677,-0.441438331,5.62144297,-0.337499007,-0.268471269,-0.272187923,-0.233769164,4.520211274,-0.25168118,-0.237672695,-0.266760767,-0.198679648,5.077900902,-0.17541565,-0.274586914,-0.178507193,-0.407945238,4.025995695,-0.261131195,-0.255314419,-0.275828761,-0.271589711,5.796279299,-0.18166053,-0.179929324,-0.269855603,-0.332160647,5.812431711,-0.056369479,-0.171873599,-0.149778306,-0.512470782,5.431193791,-0.346972276,-0.254094416,-0.287446633,-0.217455073,4.571798172,-0.206616694,-0.218156352,-0.230092809,-0.316475814,4.690700922,-0.157900478,-0.271269861,-0.161546038,-0.456109348,3.756752393,-0.285579738,-0.260229343,-0.283249954,-0.234851559,5.805882742,-0.122814437,-0.151305325,-0.225881755,-0.481336516,5.149068246
-0.274466,-0.307949238,-0.278192463,-0.174527276,5.503890141,-0.280021375,-0.257092042,-0.246742551,-0.159798232,5.148884759,-0.282653139,-0.230219605,-0.239685029,-0.298989947,4.252869055,-0.290859052,-0.279964091,-0.278615163,-0.170988509,5.094419655,-0.228645361,-0.254298536,-0.208063957,-0.283129971,5.112222781,-0.229400206,-0.178410318,-0.247469363,-0.361559369,5.916824581,-0.277333212,-0.323546163,-0.270553311,-0.173308048,5.8916053,-0.26272582,-0.24578383,-0.252412136,-0.163252494,5.247883534,-0.245990571,-0.204812004,-0.223477625,-0.377585351,4.035604396,-0.331978221,-0.294129556,-0.292285786,-0.095755339,5.369840771,-0.242242031,-0.265670398,-0.214818513,-0.253910563,5.21834807,-0.182044673,-0.1534107,-0.216498455,-0.467258097,5.567494291
-0.151448358,-0.240460586,-0.247054709,-0.36504546,4.566641083,-0.256054291,-0.229116637,-0.290746847,-0.230521812,6.305029931,-0.224643927,-0.233592309,-0.238339663,-0.360913841,5.759369445,-0.29890413,-0.288498807,-0.260460607,-0.145505226,5.518070047,-0.221675823,-0.237265497,-0.266687342,-0.293681393,5.245009021,-0.307099782,-0.308243099,-0.230355933,-0.1781086,5.064830422,-0.168431358,-0.232333627,-0.270151328,-0.313536352,4.59210299,-0.280048486,-0.236297082,-0.287550127,-0.215059315,6.129191947,-0.184526666,-0.196427525,-0.210210355,-0.459865062,5.049124007,-0.289018186,-0.292913183,-0.249873997,-0.162843806,5.489604463,-0.234284571,-0.227989385,-0.275655518,-0.260776803,5.047536759,-0.252525422,-0.270418465,-0.197629521,-0.32288029,4.347048377
-0.345961732,-0.300362385,-0.243359493,-0.091204141,8.318102913,-0.256591712,-0.292799487,-0.278902553,-0.063663899,7.601442918,-0.16233641,-0.204732843,-0.205178982,-0.430401735,4.043584983,-0.234031096,-0.244171954,-0.2803792,-0.24793236,5.375055609,-0.355635269,-0.319975028,-0.274528211,-0.07057804,4.33783211,-0.18290516,-0.242796923,-0.18047527,-0.385653269,4.237603762,-0.357266583,-0.31689983,-0.263100987,-0.030259968,10.0741881,-0.261529119,-0.28262022,-0.286921971,-0.074371659,7.422321654,-0.083249259,-0.147340545,-0.187592804,-0.595817918,3.693147252,-0.229089274,-0.235012581,-0.29839677,-0.24644343,5.180338626,-0.369189344,-0.333818753,-0.284149904,-0.033631756,4.422827836,-0.113585178,-0.182785534,-0.140860804,-0.572338038,3.705461478
-0.268410711,-0.35507063,-0.295051872,-0.025766718,5.968577951,-0.176160435,-0.216031225,-0.288361227,-0.211863461,6.325444919,-0.070735449,-0.171687769,-0.186753586,-0.62492042,4.741051999,-0.315988908,-0.238431905,-0.299109608,-0.165712339,5.679218162,-0.280754335,-0.267080308,-0.214867993,-0.208513956,5.869145886,-0.200522805,-0.224294646,-0.210910534,-0.440867966,3.785741127,-0.263966504,-0.361859131,-0.301343801,-0.050455407,5.652696146,-0.185450842,-0.218336058,-0.307665411,-0.177521316,6.729569799,0.005585637,-0.119630531,-0.153350031,-0.809916577,4.272383077,-0.320050177,-0.239478546,-0.311195945,-0.144475442,5.720354066,-0.269896975,-0.259468174,-0.199371087,-0.240421994,5.816803093,-0.130494556,-0.175743761,-0.178626417,-0.597011709,3.440256093
-0.263240038,-0.208624392,-0.207188327,-0.252990962,5.336039969,-0.184291394,-0.212337833,-0.230313394,-0.28030776,5.580216127,-0.269056218,-0.309284779,-0.245919889,-0.198801075,5.05520079,-0.274597808,-0.225200439,-0.228655894,-0.336690159,4.14878803,-0.271312808,-0.25350582,-0.272349754,-0.206524554,6.04536919,-0.270708772,-0.238139122,-0.270755368,-0.203638143,4.867536434,-0.282401074,-0.20131051,-0.216083349,-0.221943581,5.343897596,-0.232305508,-0.220169105,-0.283284975,-0.142081847,5.934141499,-0.199177972,-0.276693829,-0.204762084,-0.359140372,4.304780742,-0.288650008,-0.214195225,-0.230779608,-0.32335271,4.166582533,-0.265945089,-0.244205734,-0.262763996,-0.223706453,5.729976306,-0.207609598,-0.198155216,-0.229533448,-0.369528815,4.143948888
-0.196141451,-0.219303843,-0.256897302,-0.321953838,6.122958801,-0.393541182,-0.286202271,-0.34723578,-0.032260401,6.578263514,-0.039857826,-0.214368434,-0.242013126,-0.483528336,5.489254513,-0.250252236,-0.208509179,-0.212701525,-0.326355899,4.404034975,-0.196738305,-0.259158826,-0.230941199,-0.31778781,5.431117325,-0.147386644,-0.224175095,-0.226169582,-0.356204325,4.970806526,-0.188186274,-0.202425772,-0.279048188,-0.325585197,6.616922351,-0.468037687,-0.308430877,-0.379233286,0.086087942,7.475209266,0.04603985,-0.173546768,-0.208993506,-0.649949274,5.197995082,-0.227499338,-0.186537207,-0.200182097,-0.388508082,4.087396067,-0.187253757,-0.252373851,-0.216439925,-0.354525996,5.370015451,-0.061887404,-0.187401775,-0.190439374,-0.534865758,4.325210537
-0.245307733,-0.205520015,-0.222705585,-0.413135542,4.995987284,-0.185575985,-0.175575924,-0.292232742,-0.377618904,5.613252844,-0.376847074,-0.321982028,-0.256117207,0.011699227,4.465428186,-0.235680213,-0.268317408,-0.253232804,-0.142251692,5.115166672,-0.231768219,-0.303546456,-0.21419106,-0.164108425,4.968235956,-0.32309431,-0.270827627,-0.28562189,-0.189253652,4.695846007,-0.280328984,-0.217204117,-0.230316988,-0.370570627,5.131937991,-0.160421638,-0.148754624,-0.302427065,-0.405174868,5.605078405,-0.353058214,-0.307271438,-0.221486591,-0.050522023,4.224439414,-0.238917211,-0.295887856,-0.243800089,-0.119016249,5.264243183,-0.212216581,-0.292015424,-0.202021152,-0.217471674,4.718069289,-0.239257364,-0.239115716,-0.233823683,-0.367194354,4.020732385
-0.220614593,-0.231220589,-0.219200383,-0.257009449,5.207924875,-0.253956164,-0.303081586,-0.237106918,-0.144420099,5.560930609,-0.185772876,-0.209606947,-0.198733601,-0.421187864,3.920767086,-0.173350182,-0.204261125,-0.231926152,-0.404859249,5.892275627,-0.187197048,-0.255360079,-0.247611941,-0.296014029,4.913533436,-0.287148031,-0.258674591,-0.301761036,-0.178465272,5.275726661,-0.225898201,-0.242232184,-0.225701688,-0.220235976,5.223548095,-0.321508252,-0.324920246,-0.25352842,-0.023428699,5.849032782,-0.113629729,-0.152618825,-0.172662346,-0.576479833,3.627292063,-0.191582879,-0.211925653,-0.237401998,-0.376825251,5.91514472,-0.179644121,-0.257480721,-0.250070837,-0.309591248,5.107732722,-0.209839959,-0.218552947,-0.259067197,-0.353925561,4.41608613
-0.290063844,-0.240849326,-0.257902003,-0.287426913,6.672214582,-0.35500172,-0.324978399,-0.274981655,-0.077334677,4.000501629,0.033086398,-0.199473949,-0.155796551,-0.637324806,5.616235734,-0.190037188,-0.211393154,-0.229028962,-0.367628221,5.665402466,-0.31310744,-0.240564752,-0.28215639,-0.156608349,5.018889044,-0.229786693,-0.248909108,-0.20522239,-0.321112376,6.333453941,-0.323281788,-0.2670946,-0.278373441,-0.199912464,7.130709215,-0.351142042,-0.342102923,-0.252535357,-0.086575536,3.850722436,0.119940551,-0.150622351,-0.112780676,-0.821682869,4.886460959,-0.161339733,-0.199466323,-0.204785832,-0.443127052,5.203885572,-0.313784322,-0.228590042,-0.282327616,-0.178278201,4.944643613,-0.182990759,-0.2120335,-0.18026729,-0.444017261,5.716553163
-0.135181623,-0.285901129,-0.222350565,-0.316873064,6.012382653,-0.230749607,-0.326631755,-0.230636073,-0.219994755,4.948689062,-0.171974951,-0.200415434,-0.252797766,-0.349794413,6.038147975,-0.285319481,-0.246252871,-0.222945317,-0.237193653,5.246343472,-0.296982419,-0.207133862,-0.238527854,-0.281780208,4.514913088,-0.293364134,-0.284742753,-0.266312881,-0.090637082,5.230236319,-0.141860852,-0.291307173,-0.229413529,-0.263238956,6.177830719,-0.202378033,-0.316689077,-0.219749108,-0.26894461,5.069754427,-0.128687135,-0.167137759,-0.22077121,-0.46748922,5.443990411,-0.293439861,-0.241781836,-0.239079699,-0.217452918,5.378811645,-0.28019009,-0.18714334,-0.231270795,-0.331906356,4.299973033,-0.220885917,-0.235294562,-0.219885047,-0.274628972,4.37955235
-0.248758161,-0.286609386,-0.233880011,-0.222848314,5.049582917,-0.215281639,-0.178436295,-0.224541958,-0.502076534,6.211286517,-0.212744533,-0.238196887,-0.273860135,-0.200543657,6.108948516,-0.25733898,-0.253958617,-0.248780959,-0.243139845,4.896902708,-0.320795475,-0.29014737,-0.293184821,-0.123351726,5.161759739,-0.180465398,-0.215335894,-0.265871545,-0.299233974,5.626811188,-0.257837358,-0.294657886,-0.247991152,-0.188762045,5.429951515,-0.22954015,-0.17358916,-0.244509307,-0.473607008,6.437240609,-0.134179974,-0.207505925,-0.215322777,-0.387800972,5.047055941,-0.274976294,-0.262839327,-0.258829788,-0.205718453,4.940289281,-0.337248588,-0.2908178,-0.307004036,-0.087052762,5.231411956,-0.12919904,-0.193911119,-0.228563588,-0.400916167,5.20224836
-0.204055167,-0.27110441,-0.19422209,-0.37806598,4.990342846,-0.284840598,-0.254847182,-0.313459945,-0.118994693,6.070183372,-0.34787843,-0.227429427,-0.316832258,-0.159298581,4.067027788,-0.257555005,-0.25186158,-0.241930133,-0.25043421,5.338034171,-0.270710419,-0.257894269,-0.259876416,-0.19796985,4.841066594,-0.173392122,-0.227217814,-0.210177554,-0.443776698,4.743564456,-0.18802576,-0.28610307,-0.193999956,-0.392643082,5.040597615,-0.282744819,-0.262903198,-0.314179878,-0.123875682,6.009648515,-0.25854258,-0.192675318,-0.274683188,-0.343426553,3.565067268,-0.265219974,-0.251425466,-0.246307832,-0.253595951,5.190488441,-0.255360903,-0.256650677,-0.24394837,-0.237587815,4.624198831,-0.09824932,-0.196935833,-0.167365221,-0.586640719,4.342426516
-0.200065008,-0.243956631,-0.299530006,-0.20761355,6.83019006,-0.217337665,-0.23653213,-0.240476357,-0.324709713,5.757882136,-0.379065095,-0.249457977,-0.222473645,-0.168864179,4.825752889,-0.323191898,-0.23112945,-0.285879741,-0.257497134,4.366086061,-0.314379528,-0.245421747,-0.201748603,-0.32541314,3.555349991,-0.27812046,-0.255180831,-0.197511824,-0.307147496,5.519099209,-0.239895275,-0.264799481,-0.297344663,-0.154284702,6.485877646,-0.170737639,-0.205205204,-0.217544022,-0.453136234,5.114609529,-0.356420337,-0.237532748,-0.186040048,-0.240778575,4.379105923,-0.327971032,-0.230872192,-0.292444103,-0.239955189,4.272498299,-0.316967128,-0.251136242,-0.190058107,-0.330511347,3.507157681,-0.227357229,-0.233108425,-0.160189725,-0.434403238,5.12282472
-0.250432013,-0.245214596,-0.3068572,-0.112986942,6.566019254,-0.342230495,-0.339272064,-0.256041751,-0.079693448,5.024372647,-0.170466638,-0.230386065,-0.219188918,-0.34899966,5.59263066,-0.327534016,-0.263125427,-0.261561661,-0.148392809,4.69488735,-0.277520894,-0.274408331,-0.244153816,-0.194497915,6.468187444,-0.284729725,-0.257093983,-0.27525855,-0.202265888,5.004785332,-0.258224245,-0.230210671,-0.339367639,-0.05807548,6.672461042,-0.314177208,-0.354322058,-0.237888266,-0.098368532,4.991166903,-0.129169204,-0.210186268,-0.178928575,-0.458923339,4.952922559,-0.32087524,-0.272457992,-0.26435938,-0.151762806,4.653562166,-0.265908278,-0.276100678,-0.229575886,-0.223290829,6.527153969,-0.203790499,-0.217143303,-0.228342264,-0.357469371,4.316398163
-0.109010735,-0.150397781,-0.22268913,-0.539990904,4.971360187,-0.212877245,-0.306155753,-0.168393515,-0.276794861,4.918969948,-0.141695971,-0.255860738,-0.174386735,-0.375839555,5.939432375,-0.192542615,-0.277798782,-0.1996138,-0.371118699,4.414696548,-0.285297808,-0.290454042,-0.239895095,-0.160158482,5.51276817,-0.108978779,-0.216127183,-0.171175687,-0.472497716,6.444675699,-0.089988354,-0.122126404,-0.213584492,-0.579780506,4.922043902,-0.214357718,-0.286874018,-0.198677301,-0.264758868,4.963674519,-0.084945712,-0.20861724,-0.159082199,-0.507195978,5.078337274,-0.181138581,-0.264287892,-0.200126676,-0.398259452,4.353159328,-0.27734188,-0.280686241,-0.248040147,-0.145195035,5.44807067,-0.064504562,-0.179901919,-0.147183992,-0.593616212,5.847765863
-0.345510446,-0.277654167,-0.271310437,-0.114019811,6.748696809,-0.274771811,-0.249894925,-0.33075102,-0.124475753,7.043021934,-0.369188506,-0.293288184,-0.297675384,-0.016005584,5.640548635,-0.297107954,-0.261944498,-0.261829596,-0.193563323,4.357102759,-0.192321851,-0.180929851,-0.215027299,-0.460234973,4.941617322,-0.268421648,-0.223539765,-0.255219091,-0.265149292,5.500271877,-0.372151258,-0.285532146,-0.257429258,-0.089193768,6.519062481,-0.270997369,-0.241257881,-0.347740756,-0.07852292,7.653475456,-0.325614666,-0.259338918,-0.271672722,-0.132147013,5.077842459,-0.292364784,-0.260774486,-0.26573535,-0.198136564,4.254944164,-0.176455529,-0.17009114,-0.208520151,-0.493151268,4.856422012,-0.236123474,-0.201735143,-0.213179256,-0.367993187,5.035526651
-0.187477337,-0.214751362,-0.220020921,-0.384447285,5.7744041,0.004903547,-0.19078063,-0.208522729,-0.585663993,6.910238462,-0.144310005,-0.238469418,-0.208539813,-0.398493258,6.720802096,-0.261460355,-0.239735232,-0.235011311,-0.231355268,4.392282225,-0.204773589,-0.230048633,-0.242400072,-0.31500463,5.310656955,-0.228076213,-0.264702296,-0.231756011,-0.199866265,6.576866534,-0.178628358,-0.200905885,-0.233029271,-0.387859009,6.028629924,0.003039998,-0.178549856,-0.202960484,-0.614010242,6.390496393,-0.098130848,-0.20858096,-0.180694608,-0.526129785,6.135990083,-0.279663336,-0.254582541,-0.229514502,-0.200452928,4.46514938,-0.237563001,-0.259424037,-0.237077002,-0.245097575,5.736735067,-0.154300358,-0.224787393,-0.198518789,-0.357956504,5.552094239
-0.264261112,-0.268913103,-0.285588589,-0.227913712,4.958591112,-0.151647326,-0.118835075,-0.330761194,-0.279855441,5.756274599,-0.013954648,-0.135650428,-0.213469911,-0.615452594,5.194491894,-0.318716681,-0.283452845,-0.245205998,-0.137053476,5.023569811,-0.275211619,-0.234854913,-0.260110601,-0.299563806,5.063399436,-0.25928311,-0.244749922,-0.299822318,-0.229712034,4.699602661,-0.272299309,-0.263822812,-0.285875596,-0.229351862,4.786482581,-0.141608177,-0.093846929,-0.367933019,-0.282127353,5.993043368,0.061169909,-0.102405137,-0.174283713,-0.76874236,4.562333075,-0.312095909,-0.292759692,-0.234445529,-0.146874968,5.025477592,-0.248219909,-0.233087102,-0.238620576,-0.351029949,4.828121403,-0.199613933,-0.201712337,-0.272114441,-0.373286787,4.064817219
-0.233589331,-0.277605498,-0.250749047,-0.19311503,6.910259712,-0.267592148,-0.249572579,-0.289236765,-0.141443244,4.685938376,-0.312461287,-0.267558371,-0.286578385,-0.163223921,5.459520502,-0.154941268,-0.2304435,-0.20894602,-0.441190239,4.955428996,-0.317815661,-0.258536466,-0.24678848,-0.19700638,4.950878513,-0.226136448,-0.194848308,-0.256003671,-0.314126313,4.935131719,-0.295651478,-0.323834504,-0.274402193,-0.038401641,7.675664916,-0.268534375,-0.230500509,-0.297303873,-0.17646008,4.690224065,-0.271386257,-0.249248106,-0.264515394,-0.250980507,4.864021334,-0.144590304,-0.204966153,-0.209669827,-0.496139005,4.627928046,-0.326508158,-0.272947725,-0.25768769,-0.1773507,5.1420951,-0.178330856,-0.170943754,-0.214825135,-0.440878475,4.224338394
-0.174730184,-0.225285356,-0.25156083,-0.37779849,5.033783312,-0.253023503,-0.333569648,-0.269125535,-0.140663672,5.294226052,-0.1762408,-0.266569542,-0.240348493,-0.298448333,6.146005402,-0.203752515,-0.230430732,-0.215612346,-0.312812358,4.728093589,-0.198849849,-0.175969178,-0.270183905,-0.38840459,4.519732477,-0.206247078,-0.223308965,-0.220435178,-0.26997412,5.631840548,-0.150752232,-0.221513602,-0.238857162,-0.416619639,4.816130659,-0.292977022,-0.351453263,-0.271503721,-0.068118347,5.251967749,-0.123996404,-0.241983684,-0.193702628,-0.444090091,5.238588013,-0.193583473,-0.237445229,-0.204610906,-0.338317533,4.681513829,-0.178155465,-0.154358637,-0.268410019,-0.435212081,4.334488433,-0.14400796,-0.184751149,-0.186919557,-0.418884853,5.049368731
-0.341436617,-0.300076847,-0.236654028,-0.17332584,4.864740374,-0.317334696,-0.300599935,-0.265430926,-0.164122145,4.944418355,-0.237060933,-0.232583896,-0.287802787,-0.228428062,6.012740752,-0.283165645,-0.289097914,-0.250855834,-0.224302715,5.689910141,-0.25107983,-0.273803853,-0.188783268,-0.277431932,4.994290666,-0.193002271,-0.207112479,-0.230858135,-0.288140329,5.174883034,-0.349983831,-0.292406351,-0.246162425,-0.169674607,4.859852175,-0.36379233,-0.305609786,-0.278461255,-0.082561778,5.389498135,-0.153242814,-0.19713819,-0.233930116,-0.401591356,5.102128338,-0.302702949,-0.304791002,-0.254460587,-0.183734221,5.958463432,-0.244419043,-0.278332769,-0.183257438,-0.287819873,5.090365083,-0.141691243,-0.170699003,-0.20411022,-0.420108284,4.638927271
-0.245911866,-0.247832004,-0.239511097,-0.265828504,5.586161883,-0.247201881,-0.272356045,-0.237651444,-0.298571575,5.184588548,-0.233856178,-0.23635269,-0.217897536,-0.457115227,5.633566926,-0.327491755,-0.281289559,-0.268294949,-0.141457851,5.060852707,-0.176552909,-0.263315019,-0.263666184,-0.269957866,4.549276314,-0.247773348,-0.223425651,-0.264959171,-0.256094266,4.829906794,-0.270991295,-0.261945595,-0.256014616,-0.193212177,5.740467866,-0.239779859,-0.284310047,-0.250257205,-0.298224927,5.531393517,-0.185116121,-0.209370939,-0.188930855,-0.586189034,5.070367027,-0.310113434,-0.275065829,-0.276069472,-0.166062765,5.329009344,-0.161929741,-0.247518927,-0.265019911,-0.303818131,4.368194085,-0.171108935,-0.17403237,-0.223663803,-0.451419633,4.175281923
-0.138537606,-0.29919954,-0.17540945,-0.289589434,7.132881235,-0.413830191,-0.282227721,-0.249698468,-0.07481588,4.350361691,-0.211130495,-0.287465148,-0.219033725,-0.273992184,5.204314203,-0.315059663,-0.293821254,-0.306670765,-0.001342013,5.899343297,-0.216301217,-0.213146915,-0.284415336,-0.277824297,7.324649804,-0.143251881,-0.213082762,-0.222508612,-0.454350122,5.284298915,-0.114700498,-0.304171377,-0.174907016,-0.314251552,7.390288559,-0.408509629,-0.275647309,-0.236566601,-0.109687634,4.271488366,-0.153608728,-0.237172072,-0.183157349,-0.439307341,4.206831776,-0.288316533,-0.289483385,-0.302338937,-0.015849119,6.019196832,-0.232872361,-0.233070241,-0.279501024,-0.25669431,7.732579509,-0.068401365,-0.177126376,-0.186963539,-0.595608363,4.855662317
-0.132647337,-0.181144828,-0.230693246,-0.593167384,4.648230417,-0.260467821,-0.232086039,-0.253133006,-0.342508076,4.377273642,-0.311571878,-0.219437497,-0.31158639,-0.139082245,4.494483016,-0.373751393,-0.260269546,-0.289621609,-0.118345714,4.575295353,-0.248818301,-0.207424596,-0.262290219,-0.257676855,5.689617548,-0.12256795,-0.200493482,-0.213460158,-0.415052063,4.569412917,-0.130472149,-0.185684486,-0.235638514,-0.604458336,4.459250631,-0.251115607,-0.219579603,-0.268347331,-0.341082569,4.622676577,-0.26505365,-0.18789306,-0.284354301,-0.25530093,3.937879308,-0.376125686,-0.259481135,-0.282927468,-0.124762255,4.5651615,-0.2359021,-0.203259292,-0.255264314,-0.30244875,5.585308952,-0.053758729,-0.161309869,-0.183243519,-0.560551737,4.217375277
-0.367136596,-0.207274973,-0.308840105,-0.193296053,4.763814883,-0.080954456,-0.212255933,-0.202978946,-0.59023013,6.709510764,-0.270621414,-0.256565768,-0.291444548,-0.238195222,4.600356958,-0.303775865,-0.250749026,-0.257353237,-0.167242749,5.092828759,-0.251540931,-0.23702689,-0.230467785,-0.312445118,4.48966847,-0.072258534,-0.220531558,-0.177954284,-0.525543229,4.670867084,-0.405095763,-0.229322208,-0.313179333,-0.129202044,4.918960995,-0.097238758,-0.228905872,-0.208892201,-0.550089079,6.873760807,-0.23689975,-0.237640884,-0.268511754,-0.310424293,4.530786605,-0.284457766,-0.240265811,-0.257342677,-0.201825036,4.870618973,-0.243268619,-0.216668106,-0.234465378,-0.354500595,4.467352542,-0.009700725,-0.177490881,-0.144154929,-0.673329812,4.112906041
-0.245611443,-0.192655219,-0.290582712,-0.257673747,4.958586315,-0.310221543,-0.233040177,-0.262729156,-0.054333041,5.750587238,-0.173594246,-0.185118058,-0.233716911,-0.453676718,4.386115604,-0.236195114,-0.319841934,-0.202399165,-0.145290778,6.576492215,-0.244717567,-0.211550006,-0.225738559,-0.336188762,4.565665387,-0.318206991,-0.254811511,-0.236390601,-0.236783767,3.61938948,-0.264337527,-0.201142016,-0.288250654,-0.238458819,5.024573515,-0.326434886,-0.244087897,-0.258883291,-0.018398479,5.723565048,-0.109987568,-0.160955455,-0.183369235,-0.597243102,3.941906915,-0.253352615,-0.325098568,-0.207119928,-0.11605308,6.65272663,-0.244730901,-0.212136225,-0.214595225,-0.359705521,4.489517354,-0.253644874,-0.230127534,-0.180893578,-0.40571245,3.259877781
-0.252535263,-0.224911849,-0.32001588,-0.178666709,4.921896553,-0.405184354,-0.288556902,-0.248987619,-0.020506186,4.42691509,-0.135810883,-0.195845359,-0.199779506,-0.54442517,4.143277034,-0.287331805,-0.271284005,-0.212119991,-0.333058358,4.452945452,-0.180008374,-0.259546906,-0.204378764,-0.414009398,5.265568494,-0.149562864,-0.252441744,-0.197491114,-0.352662665,5.899193051,-0.280174484,-0.232109451,-0.333549096,-0.104829038,4.969898546,-0.430709874,-0.318334517,-0.26665463,0.050151148,4.407297594,-0.096139268,-0.174329506,-0.163238234,-0.638925896,3.874287253,-0.258539613,-0.261826463,-0.20163997,-0.387825377,4.226243844,-0.151559401,-0.253092702,-0.182989108,-0.473401774,5.120254057,-0.077851401,-0.208788203,-0.162149801,-0.510289944,5.019595371
-0.208026434,-0.228222111,-0.222006952,-0.377083865,5.415748762,-0.36669816,-0.256174834,-0.306524777,0.008533433,7.145008911,-0.194605015,-0.197371049,-0.232133775,-0.372238987,6.549277742,-0.205912537,-0.200149547,-0.291896775,-0.329412334,5.573974409,-0.307056562,-0.254712468,-0.276695319,-0.22888954,4.96152067,-0.289369393,-0.197494296,-0.292998411,-0.283114653,4.435643854,-0.202295499,-0.208111984,-0.213585298,-0.426098561,4.977830421,-0.39665625,-0.249691525,-0.343310396,0.096504858,7.85312549,-0.140366419,-0.163647892,-0.216813307,-0.493272635,5.942613087,-0.174761089,-0.193498937,-0.284377501,-0.376036539,5.425135226,-0.301591142,-0.231068082,-0.281226371,-0.268279298,4.849610649,-0.221327463,-0.162423108,-0.237291336,-0.44890703,3.844976612
-0.443380482,-0.353673029,-0.255750877,0.069707093,5.236682978,-0.16941512,-0.258290876,-0.258967739,-0.27962662,6.037138797,-0.323344074,-0.271223668,-0.295157886,-0.058140253,4.483170368,-0.234743239,-0.230646636,-0.228327269,-0.37106845,4.532894884,-0.288951316,-0.262918363,-0.27943049,-0.169201118,4.958167286,-0.277481033,-0.238427819,-0.29454305,-0.165461989,4.956850535,-0.477028581,-0.392629531,-0.245419014,0.106140652,5.678105992,-0.179182521,-0.272714879,-0.24635002,-0.263952601,6.252179255,-0.302008675,-0.260530262,-0.240229815,-0.149384055,3.992792323,-0.214879652,-0.221996853,-0.218505473,-0.410075122,4.312959934,-0.313081076,-0.260379909,-0.289184531,-0.149235595,4.834306824,-0.212289132,-0.215184265,-0.245306199,-0.31457783,4.297510523
-0.14734003,-0.242876657,-0.186568916,-0.519210124,5.143321736,-0.289123672,-0.289966463,-0.278584632,-0.201874566,4.818120306,-0.196291374,-0.267506445,-0.230105606,-0.308513844,5.132727668,-0.184653008,-0.215211042,-0.240801127,-0.385327827,5.69887941,-0.149703786,-0.210116558,-0.279970575,-0.330059946,5.378990318,-0.241117862,-0.197388345,-0.281165826,-0.277871516,4.976369827,-0.116252705,-0.2213357,-0.184901698,-0.584573423,4.947098906,-0.321179336,-0.320898873,-0.259598383,-0.170677772,4.947688204,-0.171548751,-0.250648677,-0.206177528,-0.380611971,5.007935666,-0.199531096,-0.224283592,-0.242316872,-0.351885141,5.972600579,-0.131425253,-0.195154371,-0.271914854,-0.375113192,5.194673279,-0.186987512,-0.174520188,-0.231466598,-0.409280197,4.235391011
-0.154916656,-0.179176412,-0.230781114,-0.501172208,5.600295508,-0.171091263,-0.251950368,-0.226742102,-0.365470226,5.58761423,-0.242229851,-0.25990559,-0.21684937,-0.332502694,4.081215891,-0.248628488,-0.252724677,-0.249365111,-0.207352807,7.259238336,-0.244797872,-0.252270635,-0.256501648,-0.176502207,4.945351155,-0.213292873,-0.284554031,-0.20123594,-0.327421622,4.732315123,-0.165327251,-0.190481326,-0.227999283,-0.477181283,5.569915364,-0.179832537,-0.248541224,-0.243265349,-0.353197733,5.621815042,-0.184366382,-0.231916209,-0.188488922,-0.464793405,3.758216384,-0.255889828,-0.247925627,-0.261983524,-0.18368748,7.757429596,-0.277019168,-0.266646966,-0.263058009,-0.121954407,5.319725527,-0.16024615,-0.245738393,-0.159804778,-0.465419607,4.112412639
-0.292102552,-0.282369168,-0.213263604,-0.179172014,5.505325611,-0.383980718,-0.344966897,-0.218920018,-0.018286046,6.02911208,-0.200918381,-0.230711083,-0.212221921,-0.267610531,4.778061282,-0.190837028,-0.257377264,-0.240932465,-0.366424553,4.757527827,-0.240298303,-0.23379122,-0.239790893,-0.388357348,4.845947704,-0.293510301,-0.254505027,-0.259015808,-0.121188006,5.561897778,-0.262532262,-0.26498878,-0.194272989,-0.248162749,5.161036471,-0.446042184,-0.406420704,-0.21078015,0.091338835,6.451273069,-0.143648894,-0.203053764,-0.178451441,-0.416437142,4.275903048,-0.168413456,-0.23690436,-0.23967397,-0.411720027,4.768833232,-0.249754966,-0.232966241,-0.246178796,-0.368540609,5.001510728,-0.233325923,-0.218665726,-0.225556205,-0.259119798,5.03612192
-0.233837203,-0.31362653,-0.226902436,-0.205114976,4.752763634,-0.413488364,-0.303875636,-0.29715665,0.123234255,5.398664941,-0.247242509,-0.336163385,-0.252878408,-0.072721594,6.322240561,-0.307964584,-0.322745091,-0.260649235,-0.065921157,5.753676603,-0.277850502,-0.22665925,-0.252510367,-0.222422068,5.428923264,-0.243663402,-0.25150917,-0.247519579,-0.240170569,5.397476904,-0.210868608,-0.306077661,-0.198980144,-0.259864576,4.611096721,-0.426587224,-0.290289498,-0.314175286,0.121071406,5.143019474,-0.185222725,-0.276540102,-0.219547323,-0.247955317,5.314547117,-0.316780236,-0.320736347,-0.274099712,-0.043699631,5.932840522,-0.289153474,-0.225773161,-0.26014635,-0.191430603,5.365239478,-0.20147415,-0.235038219,-0.209101977,-0.329756588,4.946199356
-0.276903303,-0.224165561,-0.267856089,-0.226235024,7.145660171,-0.249572682,-0.301255784,-0.248309228,-0.217645504,6.129362585,-0.221507286,-0.24045122,-0.204810378,-0.389593276,4.403432012,-0.19053403,-0.2886005,-0.176291827,-0.378376031,5.055983918,-0.215689003,-0.245484294,-0.262316471,-0.325781735,4.872696773,-0.327721004,-0.300884485,-0.24484314,-0.098318352,5.165309511,-0.318356257,-0.250273773,-0.286861309,-0.124950145,7.809575128,-0.232570194,-0.296174341,-0.230236058,-0.23384499,6.291514442,-0.132419075,-0.184601529,-0.15995142,-0.604956514,3.918500809,-0.195516436,-0.290184314,-0.174764405,-0.367887231,5.169829216,-0.225709497,-0.251394642,-0.26281645,-0.319615113,5.205595553,-0.251593103,-0.26406705,-0.199154,-0.254297939,4.569072913
-0.203959421,-0.180560144,-0.305500426,-0.276680824,5.726016438,-0.163142046,-0.234224901,-0.22633562,-0.436138891,4.000190835,-0.102448085,-0.220417539,-0.225086523,-0.435489516,5.092499928,-0.245706148,-0.228575335,-0.276330825,-0.271276678,4.907820771,-0.175768532,-0.175398962,-0.279268422,-0.359113716,5.197293114,-0.148161304,-0.242136741,-0.208784453,-0.397026939,4.676544709,-0.192450976,-0.182565696,-0.316173319,-0.246233858,5.798802736,-0.128208864,-0.224641997,-0.211627182,-0.498919636,3.92142285,-0.051846913,-0.199076914,-0.186523965,-0.555962636,4.572549159,-0.244732063,-0.219831815,-0.291738925,-0.269862081,5.040037749,-0.160390974,-0.163889517,-0.282034395,-0.383913057,5.150248082,-0.084761354,-0.208442329,-0.175127091,-0.54812778,4.224347593
-0.199507739,-0.203209394,-0.28020576,-0.277029858,6.658580729,-0.252783839,-0.168880255,-0.237426584,-0.437362587,3.994396647,-0.25895165,-0.253632136,-0.221584085,-0.491005428,3.766442796,-0.127427746,-0.259237891,-0.221887017,-0.339002325,7.307551988,-0.230071543,-0.223737384,-0.261605205,-0.175514147,5.981302824,-0.216599825,-0.257097751,-0.196366545,-0.283129791,5.502514012,-0.224496873,-0.214178459,-0.306620162,-0.20375166,7.478982089,-0.258612759,-0.188173959,-0.248993309,-0.384795486,4.365769351,-0.197275199,-0.220415817,-0.189298914,-0.659113947,3.520994593,-0.127372057,-0.259043599,-0.233385765,-0.321811011,7.448573376,-0.263493305,-0.256942547,-0.266537987,-0.104534313,6.44662471,-0.1503708,-0.232521419,-0.157833599,-0.422235659,4.978534621
-0.378021137,-0.331539862,-0.291749665,0.067895328,6.24257764,-0.309399992,-0.284431971,-0.299439301,-0.157308445,5.431646671,-0.219966351,-0.227623489,-0.237727904,-0.275218026,5.666524628,-0.267893346,-0.203706631,-0.277758978,-0.190868722,4.774879463,-0.304151857,-0.203898211,-0.298965938,-0.196405645,4.64762145,-0.112267193,-0.230174985,-0.202355703,-0.458919681,4.717836553,-0.481920361,-0.427610507,-0.301881544,0.280969004,7.443328889,-0.345524373,-0.317178483,-0.326365249,-0.074418204,5.949918082,-0.185757151,-0.190584032,-0.208548816,-0.378309512,4.901255283,-0.26796698,-0.193455754,-0.282773441,-0.175765435,4.573902952,-0.337582654,-0.225733375,-0.311501152,-0.129304066,4.813208153,-0.053178707,-0.187161908,-0.165140014,-0.612437539,4.199480411
-0.189297613,-0.220264595,-0.238634949,-0.299317446,5.350566152,-0.258007351,-0.219435065,-0.300921854,-0.20371892,5.59942522,-0.030258468,-0.185897043,-0.233405793,-0.518105578,6.220564499,-0.25489925,-0.297614417,-0.263595207,-0.230803383,5.449138715,-0.30720565,-0.324367978,-0.249323267,-0.121240543,5.13941482,-0.304634868,-0.229828841,-0.283617471,-0.181746572,5.190138445,-0.184467649,-0.2196127,-0.241477741,-0.284116732,5.650150988,-0.264490012,-0.215755435,-0.300347263,-0.199410856,5.391345721,0.067819289,-0.160254285,-0.179842372,-0.710013507,5.510164734,-0.262397556,-0.295799555,-0.264940425,-0.2406277,5.483868135,-0.336426096,-0.352474019,-0.240271918,-0.071514242,5.208189051,-0.246257203,-0.192343404,-0.249494692,-0.31401551,4.66443734
-0.23533862,-0.289451738,-0.263103454,-0.290224172,4.460014401,-0.294375632,-0.279750178,-0.272821451,-0.132412388,6.010305437,-0.240101453,-0.211224789,-0.281727916,-0.382792063,4.720105444,-0.32423395,-0.271925386,-0.238130433,-0.239933479,5.536057104,-0.204107304,-0.270161357,-0.262608169,-0.282582946,6.415570078,-0.261564082,-0.203653107,-0.238410328,-0.349864609,5.604679567,-0.217172296,-0.280727876,-0.242922524,-0.347520366,4.139488577,-0.305954217,-0.278038078,-0.292680223,-0.090626942,6.783284076,-0.195072033,-0.189864806,-0.258454152,-0.454259305,4.322171872,-0.343396558,-0.270791756,-0.24821491,-0.220110898,5.828422594,-0.222403964,-0.286350315,-0.278471855,-0.231383776,6.831076768,-0.227593601,-0.170869055,-0.213394102,-0.440137118,5.165684315
-0.245782064,-0.277294652,-0.263072512,-0.159296041,6.352203047,-0.240390097,-0.182359005,-0.323954206,-0.379753802,4.714007473,-0.162089476,-0.173912137,-0.208672939,-0.59753145,5.231445103,-0.172034912,-0.274117431,-0.196910578,-0.359574792,4.424769897,-0.204548172,-0.253906851,-0.272212147,-0.334295699,5.087072823,-0.219292658,-0.241042279,-0.262290341,-0.261684408,5.883291765,-0.302310941,-0.28722543,-0.281054842,-0.101844998,6.348082947,-0.228795365,-0.16702678,-0.329969616,-0.433562093,4.771700841,-0.105987171,-0.144833447,-0.17641529,-0.735181671,4.856951273,-0.159363168,-0.250805138,-0.199078356,-0.40536456,4.197149806,-0.199300846,-0.2444688,-0.282013472,-0.348734741,4.986942086,-0.151852756,-0.202225823,-0.230616446,-0.410139677,5.300495197
-0.175321442,-0.260409108,-0.263642094,-0.354648436,6.059316481,-0.265295664,-0.280321282,-0.254542875,-0.149243685,4.881967061,-0.363317029,-0.200621949,-0.294117669,-0.094226786,5.090812453,-0.251796706,-0.238049315,-0.24970075,-0.272313242,5.466893669,-0.296990653,-0.274110378,-0.234170162,-0.193741314,3.900737608,-0.178761629,-0.196533692,-0.203110074,-0.457114562,4.369383387,-0.158433066,-0.241015153,-0.277270523,-0.379726569,5.994112746,-0.303630188,-0.302323037,-0.277007034,-0.04058996,5.186364638,-0.300250924,-0.158522976,-0.262944593,-0.239198837,4.436630503,-0.246931679,-0.230517109,-0.249636357,-0.302529333,5.160329466,-0.273634313,-0.264752482,-0.218283412,-0.247304079,3.69359513,-0.109424355,-0.162412282,-0.176193052,-0.595535896,4.016997324
-0.269105867,-0.306632735,-0.195521359,-0.264403227,5.278493685,-0.127034915,-0.185816717,-0.231352305,-0.44032518,5.941158982,-0.133109296,-0.263550592,-0.197634119,-0.352928441,5.028754659,-0.272780084,-0.247416274,-0.331116638,-0.06631011,5.482413308,-0.388862589,-0.292481315,-0.294187948,-0.032090141,4.760308243,-0.225031203,-0.224742668,-0.235240547,-0.365378882,4.506189019,-0.332442481,-0.323217718,-0.215894528,-0.129995493,5.473733648,-0.138711428,-0.195737463,-0.235005413,-0.402211008,6.392215521,-0.096172519,-0.243289961,-0.177817618,-0.442263874,4.841887477,-0.275600413,-0.257464905,-0.329869194,-0.039909978,5.481574534,-0.429825378,-0.310937854,-0.309640255,0.037961181,4.97159853,-0.165185435,-0.18361161,-0.194494752,-0.515467862,3.911647499
-0.112150798,-0.216049619,-0.243529611,-0.431404487,4.956500589,-0.247391183,-0.188534155,-0.247898488,-0.424583109,4.163360276,-0.222424676,-0.226952856,-0.242365832,-0.359714777,4.046118371,-0.089994698,-0.203760349,-0.241156397,-0.41417089,5.702892904,-0.283076863,-0.287836917,-0.238785823,-0.082856796,5.414414031,-0.397570813,-0.312988852,-0.275657921,0.004968494,4.855697245,-0.135398023,-0.227073077,-0.270603408,-0.362966123,5.103049558,-0.254530637,-0.186001292,-0.263646052,-0.403639764,4.178294702,-0.151127131,-0.173461306,-0.208095711,-0.528281921,3.585026292,-0.066878927,-0.199780377,-0.230557625,-0.43705741,5.587834037,-0.309402606,-0.294579878,-0.252722948,-0.018708746,5.607156551,-0.323441957,-0.274553945,-0.234881323,-0.173510001,4.247528767
-0.328278534,-0.256232695,-0.226967322,-0.133965688,4.642920074,-0.232064395,-0.285931967,-0.190102374,-0.268569655,4.238759535,-0.180270029,-0.286788573,-0.14243404,-0.421330697,5.276092325,-0.245942492,-0.272077172,-0.221647751,-0.223035223,5.175718159,-0.288170242,-0.264568778,-0.224857285,-0.282795283,4.971957032,-0.181196443,-0.253639255,-0.195933495,-0.339787999,4.35020238,-0.335081391,-0.252284943,-0.226308284,-0.123547354,4.402545975,-0.19723004,-0.255798702,-0.168760245,-0.357910786,3.84536126,-0.127791119,-0.254477877,-0.105595908,-0.544002605,4.703051987,-0.225764692,-0.267845292,-0.202722107,-0.275692471,5.125520236,-0.284319187,-0.275317566,-0.215167247,-0.283872334,5.0514393,-0.114024691,-0.212898274,-0.162606703,-0.495952969,3.923894438
-0.300086467,-0.29804597,-0.266829944,-0.115092287,4.375827998,-0.16507249,-0.226785218,-0.216394724,-0.341396405,4.704591028,-0.09028424,-0.231225254,-0.251316566,-0.337298408,6.091289893,-0.237431107,-0.270012383,-0.219753827,-0.264832544,5.275115354,-0.161112296,-0.236357508,-0.190930271,-0.387706757,5.187180792,-0.049335104,-0.18575635,-0.15593712,-0.628843353,5.153274605,-0.321947391,-0.323589802,-0.285802785,-0.014572596,4.673349727,-0.130922304,-0.213708228,-0.207266293,-0.401939582,4.430022395,-0.044638231,-0.199531292,-0.231424883,-0.450106513,5.583917757,-0.214214233,-0.265945408,-0.216511629,-0.282460679,5.382588416,-0.174097393,-0.249852266,-0.191648986,-0.356720231,5.338006975,0.010940264,-0.156982307,-0.124340573,-0.763978082,4.808433037
-0.316043761,-0.309089826,-0.251608335,-0.146798365,5.279599228,-0.300824796,-0.255152755,-0.317095896,-0.17269909,5.085294994,-0.186981665,-0.257853169,-0.290045431,-0.303667812,5.245956717,-0.221826883,-0.206087322,-0.28712578,-0.266310072,5.034012186,-0.303271612,-0.254405177,-0.232125236,-0.245259336,5.569619101,-0.128060523,-0.209775795,-0.237064595,-0.378124567,5.685721553,-0.344632272,-0.317402828,-0.269181583,-0.092296209,5.527725757,-0.319932852,-0.261478016,-0.33505707,-0.108717336,5.130561623,-0.133937356,-0.225755632,-0.263398839,-0.429368631,4.81633137,-0.187105191,-0.185479035,-0.275518041,-0.332978702,4.75614864,-0.32325907,-0.24289197,-0.261915567,-0.220918932,5.470760693,-0.074493891,-0.177845771,-0.209552766,-0.498433856,4.994320341
-0.144335415,-0.256211166,-0.223212562,-0.302870215,5.766897417,-0.336076278,-0.284958291,-0.293965664,-0.088062801,4.339971542,-0.109025072,-0.223908842,-0.222871543,-0.44212588,4.979637592,-0.367856604,-0.316959778,-0.261746384,0.007443347,5.614158452,-0.22215029,-0.252211424,-0.256472968,-0.207412139,5.006740987,-0.33055307,-0.316374753,-0.253293115,-0.168475302,3.953078023,-0.159213309,-0.283229006,-0.229734534,-0.226384744,5.943232062,-0.340087497,-0.27529985,-0.290606351,-0.064002258,4.364617111,-0.066115595,-0.200748305,-0.197067348,-0.540584246,4.672427276,-0.373479355,-0.331775449,-0.25924123,0.039355332,6.142361937,-0.217518876,-0.252702837,-0.270916317,-0.199199918,5.2219419,-0.23413119,-0.269491536,-0.213233065,-0.37393386,3.432870595
-0.347166526,-0.291584059,-0.246908042,-0.095267316,4.727448023,-0.153245616,-0.262253976,-0.124624537,-0.395245587,5.055253847,-0.197658792,-0.193317317,-0.274365909,-0.37993789,4.680263454,-0.181691958,-0.232387788,-0.2402031,-0.407580292,4.592512608,-0.304541298,-0.291034935,-0.268900398,-0.174829417,5.198605356,-0.279739552,-0.286671228,-0.212005638,-0.290328179,4.745700047,-0.369046977,-0.318778211,-0.231895537,-0.040390779,4.630489336,-0.180203869,-0.249461321,-0.137792002,-0.385685387,5.088241437,-0.128511196,-0.155925862,-0.233902687,-0.527844313,4.203595258,-0.19451013,-0.245335179,-0.245460868,-0.378141416,4.849581993,-0.317582274,-0.313042145,-0.266969761,-0.145646197,5.421568338,-0.24248642,-0.252020862,-0.192173438,-0.402467092,4.367339637
-0.336035398,-0.239490812,-0.290574727,-0.156812084,4.979018255,-0.13699425,-0.201052705,-0.320135058,-0.31036962,5.999462415,-0.309438238,-0.248826585,-0.284241587,-0.283033888,4.1459285,-0.295078936,-0.289026999,-0.254157305,-0.107977077,5.634076201,-0.270438713,-0.260580325,-0.264188987,-0.138751564,5.449688099,-0.252952859,-0.268702114,-0.268093417,-0.246688616,4.139940818,-0.378995024,-0.251847186,-0.327522439,-0.094306293,5.47632422,-0.152148864,-0.197088895,-0.3312695,-0.289029595,6.055145083,-0.267560894,-0.236727733,-0.23770518,-0.412386682,3.866113926,-0.290928983,-0.295059997,-0.256166042,-0.111231936,6.117386513,-0.258452526,-0.26215413,-0.249000964,-0.161096617,5.488702646,-0.165360905,-0.221755855,-0.209048733,-0.46749824,3.400393105
-0.208997649,-0.256427602,-0.293222055,-0.164178391,6.203013235,-0.166703079,-0.276006524,-0.2276455,-0.246486705,5.1332518,-0.110804924,-0.190359176,-0.243403732,-0.396562417,6.789074214,-0.191116117,-0.259937603,-0.227503948,-0.326188396,5.806641455,-0.256107499,-0.2540989,-0.235830229,-0.205271275,5.698558871,-0.197947876,-0.216957722,-0.269942647,-0.277380682,6.366506459,-0.204527927,-0.257116474,-0.282485722,-0.199470788,6.201830631,-0.17062466,-0.291521669,-0.223229734,-0.212581792,5.279291765,-0.085682013,-0.172761023,-0.224607203,-0.476950469,6.065907467,-0.213035005,-0.273420541,-0.250278174,-0.26376891,6.163613044,-0.222749913,-0.244594231,-0.225007028,-0.256380561,5.702368746,-0.149983787,-0.198077337,-0.24053832,-0.386683275,5.752838945
-0.324674466,-0.287266805,-0.212334044,-0.213263648,3.767297463,0.040548388,-0.159414196,-0.160787526,-0.674339642,6.073170071,-0.357048843,-0.234593215,-0.315262354,-0.099285893,4.658236976,-0.198981267,-0.269209285,-0.218647978,-0.280251505,5.21582252,-0.175929839,-0.235376811,-0.213095744,-0.394513164,4.400874513,-0.11752316,-0.207260758,-0.213237461,-0.534949834,4.302780965,-0.359034245,-0.306822682,-0.200917172,-0.155077005,3.857454808,0.043289327,-0.170391319,-0.152733752,-0.672538559,5.968721921,-0.252027814,-0.17649591,-0.263058188,-0.333961472,3.867671067,-0.182790519,-0.263929216,-0.204089881,-0.319631606,4.951997214,-0.158112799,-0.221149584,-0.220572758,-0.420077726,4.36956981,-0.062099973,-0.177055155,-0.177935796,-0.650856368,3.971257145
-0.224364199,-0.260968035,-0.230274416,-0.35949712,5.984955178,-0.139196584,-0.217705455,-0.23359314,-0.423502247,5.758795794,-0.31022186,-0.343718918,-0.182408911,-0.116547555,5.145239578,-0.221718472,-0.254304359,-0.202614134,-0.279514463,5.461861952,-0.40140426,-0.256332382,-0.287936327,-0.04119718,4.932748721,-0.222795445,-0.22180422,-0.194946796,-0.402468585,4.539096812,-0.194356776,-0.244608403,-0.217715176,-0.427405487,5.800682952,-0.150459999,-0.221953597,-0.229498893,-0.419796202,5.604102669,-0.254024434,-0.295076062,-0.151171998,-0.286834597,4.235966437,-0.237731928,-0.266896384,-0.208563331,-0.231132178,5.799422827,-0.407815257,-0.259339026,-0.29176586,-0.04482282,5.054218082,-0.154817524,-0.177765096,-0.15626368,-0.573942589,4.123991027
-0.205408083,-0.253152556,-0.18394826,-0.383917403,6.029632367,-0.25226408,-0.19094621,-0.307061188,-0.120653023,6.172455709,-0.235186759,-0.198497085,-0.283327961,-0.252725321,5.747241544,-0.220162685,-0.227745118,-0.206325157,-0.352762413,5.120775803,-0.187821638,-0.232863172,-0.256183671,-0.259677323,5.825271979,-0.172362466,-0.197047378,-0.228061787,-0.334020564,4.021614445,-0.208969328,-0.250139825,-0.182865508,-0.404563727,5.827832084,-0.229817001,-0.169363851,-0.313888423,-0.138987837,6.271509279,-0.198201065,-0.178136554,-0.257427088,-0.335594892,5.674018499,-0.235199279,-0.229470017,-0.219252343,-0.321413429,5.274357602,-0.188016369,-0.232165203,-0.251615108,-0.25889082,5.817878106,-0.11663812,-0.158884611,-0.194256538,-0.480954103,3.590583455
-0.182825035,-0.253494539,-0.219681476,-0.213799024,6.340584344,-0.228797227,-0.288162596,-0.219524796,-0.184263837,5.226080238,-0.158499085,-0.212200268,-0.219606696,-0.473977366,6.131116176,-0.12783984,-0.235941973,-0.203852603,-0.398855163,4.549140646,-0.241769212,-0.260541794,-0.231162334,-0.216349042,4.49534682,-0.285558577,-0.226427531,-0.276692235,-0.250348408,4.42968726,-0.184831883,-0.263054873,-0.216082841,-0.192992709,6.290237634,-0.213964319,-0.281761718,-0.224993259,-0.20082925,5.402749981,-0.109268328,-0.199080081,-0.172695737,-0.596879183,5.544937196,-0.114941912,-0.240556226,-0.18613579,-0.41620145,4.407982712,-0.22600685,-0.250604206,-0.220963144,-0.260467706,4.227111721,-0.196569871,-0.194389527,-0.217894636,-0.44398789,3.79422401
-0.112765792,-0.239934824,-0.249619729,-0.470157213,7.200356965,-0.224099255,-0.298454637,-0.249158604,-0.14092896,4.916845818,-0.319803612,-0.246964418,-0.277751754,-0.115434014,5.345553115,-0.187520796,-0.208900089,-0.241110313,-0.372715089,4.749862465,-0.276858474,-0.276866309,-0.233900738,-0.213260456,4.982416945,-0.090799945,-0.204745527,-0.235259669,-0.508764156,5.702835796,-0.126581877,-0.25542733,-0.254712766,-0.441389948,7.526973758,-0.180822811,-0.27658508,-0.240830169,-0.218608392,4.550704443,-0.274643944,-0.246368371,-0.226444542,-0.225493938,4.950223078,-0.20246467,-0.222322815,-0.242344769,-0.34321749,4.703613408,-0.278609155,-0.278178448,-0.228125935,-0.212822935,4.983131622,-0.045108137,-0.185519323,-0.205916776,-0.597302131,5.325225393
-0.243358929,-0.224570879,-0.223769321,-0.3845347,4.138193172,-0.181655482,-0.208066667,-0.258645895,-0.397083159,5.289361045,-0.130823438,-0.297573469,-0.172316218,-0.388068257,4.418813769,-0.252453959,-0.300697734,-0.256400599,-0.152693547,5.777763573,-0.310016475,-0.275098962,-0.26073001,-0.240244936,4.704666618,-0.195688498,-0.227108675,-0.261321966,-0.30913815,5.638287926,-0.24595964,-0.217439904,-0.221695942,-0.380104325,3.975863858,-0.166805811,-0.205546714,-0.23797784,-0.436725014,5.00734628,-0.058172469,-0.252972325,-0.119563437,-0.551155423,3.820501956,-0.250676127,-0.301106225,-0.278079092,-0.136265608,6.132421884,-0.318414192,-0.278844263,-0.281077561,-0.224859285,4.802756124,-0.129950577,-0.177563483,-0.219762767,-0.495232991,4.860333882
-0.30478238,-0.238297192,-0.275415775,-0.205014322,4.788367299,-0.505098639,-0.275241856,-0.345019071,0.114945224,4.913869657,-0.270633397,-0.226787468,-0.241586816,-0.258850674,3.925947875,-0.219468988,-0.246603145,-0.222751533,-0.344849064,4.110314256,-0.238894072,-0.329448491,-0.223556809,-0.108216394,6.449820298,-0.258427089,-0.259336271,-0.168814463,-0.274239702,4.55256645,-0.29609466,-0.234620946,-0.27713503,-0.21214014,4.863285566,-0.530588589,-0.28759212,-0.339656483,0.168546821,5.11722865,-0.21286027,-0.173328997,-0.216505171,-0.428241026,3.48579429,-0.209765286,-0.258792661,-0.205278443,-0.350161336,4.300971114,-0.223538858,-0.343483227,-0.205281678,-0.126068203,6.559242167,-0.18154506,-0.21795887,-0.13414341,-0.437849148,4.127456041
-0.168458922,-0.255994542,-0.156982242,-0.504925407,4.395303681,-0.268660614,-0.271252283,-0.232756359,-0.173988064,5.04397719,-0.314768603,-0.1859693,-0.209530023,-0.195155363,4.699210783,-0.317934073,-0.284192312,-0.266870346,-0.206677967,5.210142732,-0.303289456,-0.259902997,-0.279995929,-0.148713942,4.944181619,-0.11281787,-0.212670293,-0.190579914,-0.476722914,4.77278755,-0.199484945,-0.249588935,-0.172611998,-0.453179235,4.561971137,-0.27468125,-0.274288565,-0.229376409,-0.168438802,5.150460038,-0.272335233,-0.162578034,-0.17770515,-0.285128967,4.44808126,-0.298819104,-0.27346333,-0.262649442,-0.245779427,5.047062744,-0.287647804,-0.251722743,-0.282535173,-0.142868343,5.051404765,-0.068436177,-0.184257969,-0.150959747,-0.599233094,4.261610429
-0.011054692,-0.152120263,-0.135172182,-0.688658073,6.692810117,-0.331453429,-0.216812738,-0.266447326,-0.25095112,4.451614501,-0.253243893,-0.189215077,-0.235346426,-0.282488193,4.450789193,-0.251778083,-0.236487748,-0.272490325,-0.239137727,5.034158878,-0.169656564,-0.208062555,-0.268089181,-0.341678865,5.036133751,-0.234758842,-0.210225849,-0.252980179,-0.350843275,4.034529698,-0.011068041,-0.164490542,-0.119988874,-0.700407453,6.684547618,-0.341089438,-0.218384605,-0.256270088,-0.260996638,4.087796223,-0.198876999,-0.154347974,-0.204190729,-0.403960473,4.037127191,-0.237335225,-0.22837771,-0.273501437,-0.262187531,4.909729635,-0.18364678,-0.198039705,-0.288516594,-0.309313403,5.028019788,-0.199087296,-0.178660021,-0.218113478,-0.459592447,3.601656033
-0.217361602,-0.216178697,-0.248806602,-0.181609123,4.659243169,-0.126743577,-0.196816022,-0.281902184,-0.416588519,4.777641766,-0.302385431,-0.264757956,-0.252814939,-0.092512858,7.248015024,-0.201784109,-0.241616197,-0.195022323,-0.335815795,5.283914857,-0.300952856,-0.253769273,-0.227049972,-0.198766771,4.658069929,-0.26069475,-0.233352761,-0.266972027,-0.259199521,4.725487662,-0.186070353,-0.189627535,-0.251556206,-0.23431159,4.628795841,-0.165431472,-0.208466853,-0.298610281,-0.357282071,5.144881784,-0.202608972,-0.226733806,-0.204011517,-0.293098523,6.221701738,-0.209097534,-0.245074794,-0.204242144,-0.315882203,5.338409692,-0.284435988,-0.241452815,-0.217473168,-0.232574029,4.569534242,-0.190698676,-0.206046062,-0.224047641,-0.401062696,4.33137157
0.013524471,-0.169879536,-0.153411175,-0.634598722,5.459611873,-0.147289854,-0.206045485,-0.237666135,-0.35645962,6.574682333,-0.174805585,-0.237199815,-0.219353555,-0.345128341,4.877695039,-0.252722185,-0.241221789,-0.21686166,-0.196945723,4.914268244,-0.271892573,-0.267742088,-0.238648694,-0.237159859,4.934621224,-0.161644055,-0.217667443,-0.221913915,-0.421645003,4.976603723,0.031196146,-0.147493078,-0.148720913,-0.687724244,5.297828951,-0.12508434,-0.178371385,-0.240568095,-0.417711993,6.355297847,-0.102755269,-0.191524123,-0.174892035,-0.501032467,4.254095929,-0.254593648,-0.229060785,-0.218996362,-0.193083665,4.859291511,-0.2769615,-0.262529174,-0.249577503,-0.227144573,4.942773182,-0.104673616,-0.187115605,-0.189058095,-0.564013343,4.525028936
-0.255649088,-0.242144951,-0.270242421,-0.195947141,4.310985274,-0.089591901,-0.240521502,-0.180149502,-0.649655532,3.825182915,-0.227965629,-0.225559324,-0.214040472,-0.328991996,4.974156571,-0.297722285,-0.220866086,-0.23848357,-0.242382104,4.415464549,-0.218018799,-0.267667567,-0.271341225,-0.212865524,5.644264702,-0.354358223,-0.242694504,-0.288011413,-0.117716511,4.47551123,-0.227042587,-0.239339824,-0.24017744,-0.290132677,3.906499321,-0.042930698,-0.236224976,-0.150471668,-0.733912267,3.58643397,-0.184379969,-0.200502721,-0.171488341,-0.449651401,4.405541086,-0.271392836,-0.208386179,-0.22714365,-0.296428965,4.237379464,-0.246981056,-0.277934347,-0.281671983,-0.140422188,5.973827489,-0.282275439,-0.20767373,-0.242925082,-0.273597317,3.934699214
-0.378391759,-0.300233038,-0.283734793,-0.185445973,4.262058685,-0.267709403,-0.285616804,-0.206972575,-0.351300576,5.498771865,-0.151117945,-0.256258818,-0.223144231,-0.335927622,5.314419926,-0.337941326,-0.337913792,-0.234624676,-0.038574828,4.843062176,-0.332643913,-0.298702372,-0.258745766,-0.105443243,5.534969492,-0.26136708,-0.225979536,-0.205526435,-0.310381795,4.022947218,-0.419107565,-0.320570241,-0.329289938,-0.054163257,4.773714971,-0.325540051,-0.327975982,-0.220948159,-0.245865596,5.747136496,-0.078796138,-0.214431658,-0.185533827,-0.501877514,4.648194012,-0.342600781,-0.352929912,-0.220766712,-0.03686032,4.715099701,-0.334684147,-0.295666849,-0.262523613,-0.104119236,5.736053924,-0.188639748,-0.179535956,-0.164234501,-0.478474262,3.603685228
-0.348845199,-0.270377905,-0.282987384,-0.11165281,6.82941292,-0.215090747,-0.176877064,-0.3017161,-0.31454335,6.444169262,-0.257954247,-0.25160224,-0.24544296,-0.212746002,5.07634404,-0.360796,-0.293332055,-0.266884755,-0.037464495,4.951081562,-0.363921416,-0.296183743,-0.278554512,-0.126633024,5.156819222,-0.233828131,-0.234769687,-0.27948274,-0.191421868,4.761082333,-0.384147041,-0.300783616,-0.300655122,-0.038958178,7.882674974,-0.202560804,-0.176962763,-0.306797451,-0.336850221,6.788151718,-0.200917541,-0.220814263,-0.206360077,-0.352145273,4.453016396,-0.339088119,-0.284344547,-0.274553675,-0.055821368,4.8942434,-0.365295457,-0.294578182,-0.285278832,-0.13177535,5.188169695,-0.168924859,-0.192075006,-0.23776852,-0.347707286,4.170748148
-0.247201191,-0.27042846,-0.23655129,-0.102944635,5.426690114,-0.192482332,-0.246521709,-0.167444115,-0.3815831,5.36987153,-0.273782001,-0.249843181,-0.260094346,-0.237787528,4.285944551,-0.202965457,-0.249359245,-0.234102499,-0.36836409,4.343470502,-0.148006071,-0.215840327,-0.189859753,-0.486803242,4.734411491,-0.231979007,-0.27014333,-0.209876492,-0.276481401,5.408229484,-0.230223602,-0.240716962,-0.231966316,-0.144811401,4.966330641,-0.249546901,-0.274886901,-0.173951717,-0.288995352,5.513190876,-0.208904929,-0.173976315,-0.237412027,-0.394268127,3.565102363,-0.196255577,-0.232554493,-0.22811217,-0.395845724,4.068443859,-0.14675938,-0.213942923,-0.178247478,-0.513267606,4.521428902,-0.145627543,-0.223905599,-0.170149429,-0.468343084,4.707848457
-0.094565275,-0.210497459,-0.234672814,-0.480502511,4.756589995,-0.206747392,-0.236346476,-0.183876075,-0.370518012,5.140085836,-0.242968984,-0.175757295,-0.209054214,-0.548438174,3.479527721,-0.161331747,-0.223659849,-0.236717105,-0.329964374,4.855872875,-0.223942522,-0.230486303,-0.244619971,-0.248226849,5.649282645,-0.175777441,-0.292953503,-0.194525312,-0.345142878,6.103243767,-0.089801152,-0.193324411,-0.25495022,-0.483884991,4.931738488,-0.162936638,-0.230952357,-0.154330349,-0.446498129,4.985734817,-0.188568223,-0.135316455,-0.19264298,-0.668931053,3.339712028,-0.157248768,-0.209040888,-0.239757048,-0.343132138,4.630264141,-0.212757781,-0.221368855,-0.238005762,-0.279680569,5.540939637,-0.133012066,-0.261048997,-0.161159173,-0.455919536,5.538526418
-0.282918,-0.282210245,-0.306732366,0.046223621,4.943288851,-0.394110242,-0.352528118,-0.283003473,0.015322118,6.292809656,-0.229502032,-0.258655184,-0.200670234,-0.299080157,5.227406219,-0.32021846,-0.279841732,-0.314987408,-0.092796446,5.180664249,-0.306399104,-0.254461036,-0.28898872,-0.160943113,4.606992388,-0.092347765,-0.178160978,-0.198941533,-0.493230965,5.292169983,-0.295360096,-0.276711994,-0.335886618,0.085577616,4.936640655,-0.418844021,-0.375902961,-0.296757236,0.07150912,6.958548045,-0.153673208,-0.20297507,-0.153524874,-0.487754704,4.410528918,-0.329161429,-0.282088273,-0.335864506,-0.068344433,5.567253104,-0.288962116,-0.247549264,-0.28265108,-0.193222247,4.3458138,-0.038690524,-0.153952632,-0.16321272,-0.616716402,4.844739987
-0.432517151,-0.255378034,-0.272160961,-0.031031553,4.960804725,-0.358022036,-0.349757522,-0.181824918,-0.050577187,5.951513035,-0.111146689,-0.214191016,-0.142546233,-0.476244815,4.951111965,-0.167022552,-0.201279496,-0.238294387,-0.393551844,5.340744228,-0.243218648,-0.264570372,-0.191478283,-0.288157572,5.743828462,-0.187834768,-0.223438907,-0.260841044,-0.235323107,5.349714854,-0.493203825,-0.298700632,-0.300891241,0.133181133,5.729818904,-0.423393724,-0.401739423,-0.201009309,0.100013479,6.590942799,-0.070290658,-0.196138601,-0.098021853,-0.587712462,4.697440604,-0.152836912,-0.177096658,-0.237772843,-0.442378237,5.058157439,-0.24421983,-0.273415149,-0.185844575,-0.28743246,5.825626673,-0.132946152,-0.19249724,-0.215399486,-0.366657266,4.871313256
-0.190680918,-0.216613435,-0.218843638,-0.452580186,3.737310114,-0.243396917,-0.285827999,-0.197008888,-0.275244858,5.610881764,-0.151035436,-0.211053436,-0.255614822,-0.481612994,4.685517815,-0.253865043,-0.251552672,-0.2714049,-0.165156113,4.849868491,-0.190401385,-0.169220306,-0.25173593,-0.301449418,4.342036578,-0.115128806,-0.225763476,-0.209008081,-0.462447107,4.181061037,-0.183903031,-0.19323887,-0.232536013,-0.493767711,3.585520173,-0.226549736,-0.266272881,-0.186683704,-0.321010116,5.198196578,-0.090103553,-0.166684207,-0.209872058,-0.667028203,4.058379651,-0.264424833,-0.253230602,-0.269179022,-0.162085883,4.69195252,-0.189166972,-0.13230913,-0.277504048,-0.307196994,4.431073297,-0.060360395,-0.188796968,-0.174799545,-0.606420557,3.828927963
-0.337316152,-0.310591369,-0.193648953,-0.220796917,4.958928935,-0.128823408,-0.216323092,-0.233768769,-0.453324734,5.089192852,-0.086104041,-0.285311239,-0.25294587,-0.380522973,5.870291565,-0.281724708,-0.219664352,-0.271974641,-0.214954927,4.882518143,-0.192614556,-0.23248099,-0.258877469,-0.384756297,4.530054829,-0.161461434,-0.246671958,-0.197310015,-0.390302586,4.773346026,-0.368253974,-0.343769992,-0.19798063,-0.170825148,5.493223011,-0.143197338,-0.200355072,-0.246398386,-0.438970946,4.978448407,-0.024056396,-0.251212339,-0.232065662,-0.519874583,5.250851409,-0.268438727,-0.223627851,-0.2635266,-0.228090133,4.788232057,-0.181577305,-0.215873408,-0.264604399,-0.411854238,4.479828996,-0.09587098,-0.212940594,-0.163328208,-0.531883212,4.308563681
-0.205022798,-0.160630616,-0.300654179,-0.306780247,5.151041029,-0.248966433,-0.254249547,-0.243127698,-0.226889924,7.475465236,-0.172009996,-0.227366786,-0.153392083,-0.410318143,5.066680219,-0.273591657,-0.234752336,-0.263804004,-0.240641592,4.035199136,-0.287062577,-0.245165664,-0.238995947,-0.202215266,5.906334832,-0.335747818,-0.267178425,-0.218947897,-0.172944153,4.756123567,-0.193062386,-0.122019409,-0.343656589,-0.335463191,5.304039406,-0.325555353,-0.313027483,-0.286859923,-0.028716529,10.23026487,-0.120691603,-0.18462881,-0.136480327,-0.540955835,4.699155494,-0.268147712,-0.2298493,-0.259483692,-0.270786597,3.906838216,-0.273287608,-0.24878376,-0.227082357,-0.2163724,5.920910452,-0.263895324,-0.239827092,-0.178384104,-0.316599067,4.287426485
-0.292979952,-0.255592487,-0.269569111,-0.250378517,6.118182878,-0.374897941,-0.289908433,-0.314883987,-0.003770987,5.944374558,-0.343440946,-0.297564341,-0.232907851,-0.104180952,4.285265863,-0.249478407,-0.236929612,-0.233316186,-0.241861079,5.163286296,-0.25643377,-0.266027394,-0.232900431,-0.257201743,5.315613655,-0.209433275,-0.178176921,-0.257686508,-0.368437132,4.127108123,-0.289771954,-0.260101079,-0.266702659,-0.260617696,6.494349569,-0.382235564,-0.270599737,-0.326543005,-0.007310302,6.209470314,-0.283486542,-0.258167118,-0.188071743,-0.279136524,3.531900261,-0.24351226,-0.235235531,-0.229450694,-0.248237091,5.086759327,-0.273491797,-0.293913632,-0.242711228,-0.206402353,5.792236269,-0.157204465,-0.132526958,-0.234081514,-0.504830472,3.777530349
-0.370436406,-0.270635295,-0.249061744,-0.159789885,5.766274816,-0.161635606,-0.197116133,-0.226179864,-0.482512438,4.357830351,-0.106271119,-0.200121197,-0.172863866,-0.528708789,5.097572891,-0.233505952,-0.22198033,-0.284269919,-0.302965224,5.317140327,-0.198315306,-0.214868257,-0.231012715,-0.38026909,4.177984539,-0.303691479,-0.244869459,-0.273611893,-0.176228346,4.278783647,-0.398016628,-0.295119379,-0.241091037,-0.14099675,5.976199695,-0.152491353,-0.181951393,-0.230357112,-0.506447581,4.132410958,-0.034658893,-0.143806668,-0.141524574,-0.692498522,4.536895501,-0.22606346,-0.227007574,-0.282535534,-0.294494817,5.598291016,-0.196845552,-0.214470159,-0.234105174,-0.373544656,4.260713323,-0.217886225,-0.2044218,-0.223384989,-0.380747508,3.808069904
-0.081445699,-0.145338942,-0.266953556,-0.509147909,5.086737109,-0.368541723,-0.281751237,-0.335130748,-0.028859723,6.953730267,-0.07212749,-0.233353107,-0.166477798,-0.513291479,6.179846226,-0.356096995,-0.219141166,-0.288094456,-0.106115406,5.094092999,-0.313956999,-0.268842396,-0.240606498,-0.174925747,5.37939498,-0.242973394,-0.197296598,-0.279886583,-0.270581459,5.06738144,-0.030694903,-0.118822399,-0.252123654,-0.614714528,4.801177864,-0.407467406,-0.268098653,-0.356676671,-0.010062277,7.033586065,-0.009471139,-0.216193527,-0.122863451,-0.639556695,5.581034385,-0.371468638,-0.24416566,-0.292572756,-0.060245062,5.36848099,-0.334946336,-0.281731425,-0.25963006,-0.0965858,5.663263932,-0.188978887,-0.16921643,-0.2404618,-0.410383309,4.469307594
-0.236678393,-0.221842067,-0.272575649,-0.251280484,4.038447064,-0.327498473,-0.34269686,-0.241162522,-0.172113948,5.340552391,-0.209246938,-0.219046867,-0.238800659,-0.3533904,4.844009804,-0.225265315,-0.248726059,-0.231121908,-0.327699907,6.619170581,-0.187665915,-0.207022915,-0.271078122,-0.379248395,5.447625378,-0.26956825,-0.214813251,-0.221090623,-0.31307037,4.623526398,-0.227746482,-0.217442503,-0.261810046,-0.283749327,3.972206869,-0.324881998,-0.303795543,-0.239243116,-0.232817656,4.775355858,-0.190458407,-0.21025455,-0.22438511,-0.406233203,4.887591331,-0.249485224,-0.252998266,-0.246487682,-0.275301337,6.934370496,-0.177439244,-0.198925516,-0.271548464,-0.403248111,5.268302503,-0.236206387,-0.19626203,-0.193417046,-0.398232692,4.318766792
-0.323474831,-0.317553582,-0.263605351,-0.13143099,5.159643619,-0.395813724,-0.239329389,-0.291764501,-0.083641032,4.414548283,-0.213724333,-0.245029057,-0.225731644,-0.269225867,4.784656948,-0.200090582,-0.275916963,-0.216275118,-0.212005882,6.448877421,-0.217325222,-0.262976559,-0.228100191,-0.294854355,6.022591922,-0.179421138,-0.226527597,-0.240344278,-0.392811429,4.377664361,-0.292668179,-0.316483628,-0.264766745,-0.168786485,5.185036227,-0.405354255,-0.233825097,-0.305657604,-0.047847842,4.609481526,-0.120805502,-0.189469149,-0.171597725,-0.463203348,4.117638116,-0.220119235,-0.285781962,-0.216957863,-0.170714219,6.49617077,-0.228486914,-0.267480464,-0.238024649,-0.277203481,5.977535764,-0.135807569,-0.202589521,-0.211898396,-0.494127611,4.007626744
-0.308226641,-0.30786427,-0.283830805,-0.031662349,7.171257102,-0.328918556,-0.324176266,-0.208231236,-0.269314069,5.51360549,-0.173166643,-0.19799448,-0.242340736,-0.333679793,5.548246509,-0.228571019,-0.213444845,-0.266755483,-0.269354615,4.717875951,-0.200796486,-0.228514853,-0.283847741,-0.287642865,5.176222459,-0.239944191,-0.25081052,-0.213177632,-0.355724057,4.662412559,-0.311391747,-0.310303132,-0.300925713,0.000596632,8.242877266,-0.363072581,-0.379466997,-0.22915977,-0.184648124,6.735256981,-0.134318547,-0.176901198,-0.21703605,-0.423783005,5.137133837,-0.23049691,-0.220695224,-0.252913588,-0.262014914,4.675031984,-0.215254446,-0.21459762,-0.305771618,-0.267741606,5.25698593,-0.155155497,-0.200757809,-0.183535507,-0.51969033,4.26288387
-0.157098594,-0.24823708,-0.224495594,-0.433383138,6.467796472,-0.167162203,-0.231756761,-0.276455065,-0.41804145,5.705433332,-0.152150266,-0.256813597,-0.146883528,-0.502912512,5.65549108,-0.193300964,-0.191177949,-0.278357133,-0.312287783,5.460199799,-0.186384781,-0.254064813,-0.214639979,-0.324409404,5.017628749,-0.195702793,-0.243589021,-0.231378706,-0.298733328,4.416077313,-0.115157086,-0.248182687,-0.200587759,-0.523110912,6.375375019,-0.157596503,-0.232503178,-0.291891478,-0.398735909,6.290983566,-0.092559016,-0.234998621,-0.122610452,-0.606474636,5.434119189,-0.171049663,-0.170527837,-0.285949095,-0.339722238,5.459447595,-0.189741047,-0.255071556,-0.243586778,-0.288429462,5.349597855,-0.146667618,-0.213537211,-0.205246421,-0.417590691,3.999361113
-0.387683273,-0.295638237,-0.336018663,-0.118232828,4.641830854,-0.336397902,-0.262106869,-0.276290857,-0.024800808,5.655798765,-0.128922918,-0.219981099,-0.199204572,-0.345345611,5.383015605,-0.303092067,-0.186779924,-0.286317685,-0.265750307,4.329274122,-0.346672888,-0.307911669,-0.272058612,-0.045925378,5.073479298,-0.149621441,-0.210181445,-0.222175672,-0.480995461,4.898580043,-0.401973502,-0.323191596,-0.37875925,-0.038058505,5.277538569,-0.38753334,-0.287481534,-0.319826884,0.146172504,6.821018108,-0.085650975,-0.184454973,-0.187992745,-0.4346331,5.020146086,-0.296012848,-0.183625465,-0.288147305,-0.247864208,4.352203242,-0.386120098,-0.350645982,-0.265476884,0.040944898,5.522835982,-0.088014605,-0.17918215,-0.187917829,-0.614658616,4.674504272
-0.301119475,-0.243652515,-0.214961084,-0.130392282,5.982655884,-0.272821041,-0.242271092,-0.300592947,-0.230210069,5.123569934,-0.170838032,-0.225958713,-0.21452743,-0.357023054,6.375409082,-0.273999085,-0.23646934,-0.296038555,-0.143739436,5.179514288,-0.150558123,-0.222893739,-0.194569082,-0.415643821,6.098175516,-0.228904538,-0.239072504,-0.262620998,-0.292131571,3.957484172,-0.272007842,-0.231519335,-0.209175677,-0.169970942,5.861425237,-0.276430169,-0.239603661,-0.302108664,-0.242145047,5.194854485,-0.111052832,-0.194782105,-0.196228502,-0.485338034,5.767630597,-0.275118123,-0.240478617,-0.297251773,-0.134850954,5.218729958,-0.179336734,-0.230863678,-0.212284595,-0.343967749,6.266483575,-0.168696759,-0.197008394,-0.230159353,-0.440571079,3.4170707
-0.287560958,-0.2080709,-0.246661022,-0.234094456,4.306572799,-0.255159698,-0.256228464,-0.235670472,-0.228164329,4.50440328,-0.227995559,-0.244804031,-0.198346932,-0.325241156,5.107870172,-0.230807637,-0.227451365,-0.235595651,-0.326930482,5.210115856,-0.164429288,-0.2169737,-0.266785532,-0.357973389,5.088335119,-0.231839241,-0.236528316,-0.219524426,-0.313378175,4.623908568,-0.27759105,-0.202306416,-0.236197786,-0.24249824,4.070509309,-0.259342689,-0.26948007,-0.23715802,-0.198666007,4.625513871,-0.170784082,-0.202651084,-0.170400964,-0.466674978,4.441288577,-0.221404506,-0.229492638,-0.214126695,-0.373969193,5.032545196,-0.134840228,-0.208621892,-0.251975685,-0.417504097,5.062621784,-0.179869685,-0.215023181,-0.184842539,-0.43247636,4.176091032
-0.202307882,-0.258966429,-0.271406412,-0.187796895,6.573447499,-0.10219118,-0.202221915,-0.262236717,-0.50107368,4.079153894,-0.211848732,-0.222291614,-0.197724095,-0.345978665,5.411264471,-0.158810548,-0.21313465,-0.264629667,-0.333872721,6.076278287,-0.233057655,-0.219086546,-0.26498152,-0.288976444,5.057911399,-0.216498944,-0.235737273,-0.234659284,-0.270230958,5.585457329,-0.220006762,-0.273117726,-0.289364695,-0.137585967,8.311024921,-0.068218338,-0.166136696,-0.292093563,-0.524274976,3.899421982,-0.17581886,-0.192116592,-0.155657919,-0.444015607,4.897544081,-0.153628151,-0.204533413,-0.253054654,-0.358041592,5.686660127,-0.253091478,-0.211859795,-0.293087045,-0.256645663,5.307457561,-0.150438182,-0.196729719,-0.19458388,-0.433197617,4.948987258
-0.317308578,-0.33308023,-0.149866056,-0.290811066,3.88264486,-0.289410547,-0.2492361,-0.292348446,-0.26358028,4.001042025,0.030904332,-0.228215347,-0.176945786,-0.499976883,10.23050567,-0.229919042,-0.256987542,-0.208067255,-0.401659605,4.437198447,-0.337922932,-0.295838654,-0.244482982,-0.101242804,4.45889584,-0.192489644,-0.253189962,-0.221640433,-0.238744481,5.518189925,-0.301153322,-0.317301813,-0.14965175,-0.3520839,3.646463192,-0.286369679,-0.266826327,-0.291142667,-0.265164915,3.981751381,0.095062135,-0.187776229,-0.150369507,-0.63636781,8.776456401,-0.241174623,-0.290379868,-0.198385215,-0.377952683,4.728898764,-0.322901735,-0.272852058,-0.247581223,-0.1295988,4.155801501,-0.148965005,-0.218295738,-0.202720754,-0.340010925,4.919837278
-0.272874099,-0.202837272,-0.277780202,-0.190985906,5.525269484,-0.162715706,-0.253224516,-0.186252734,-0.449817674,5.215006317,-0.214130132,-0.224677384,-0.299645837,-0.2735194,5.573222399,-0.146042896,-0.287641117,-0.246162962,-0.292058172,7.144145066,-0.282249369,-0.236958055,-0.283128231,-0.187956386,5.614504225,-0.192808254,-0.214504288,-0.278989958,-0.326149319,5.318748943,-0.263464086,-0.186087617,-0.277191138,-0.213221184,5.304873101,-0.152431005,-0.276608149,-0.18882128,-0.430351902,5.504236561,-0.165622809,-0.195871674,-0.25453441,-0.416163738,4.853040078,-0.151676731,-0.310487985,-0.239820715,-0.268670016,7.45372955,-0.303781163,-0.252062335,-0.30425558,-0.128417095,6.163422745,-0.132982866,-0.170602072,-0.228519689,-0.511180607,4.406101624
-0.349888441,-0.275590824,-0.22983891,-0.129766427,6.51113444,-0.11780991,-0.194440574,-0.255512698,-0.371255566,7.52218155,-0.27890674,-0.3106614,-0.260890628,-0.141197184,6.31896838,-0.260674682,-0.261353704,-0.292677594,-0.173743326,5.387515348,-0.23046821,-0.243350769,-0.196764609,-0.298194262,4.624350827,-0.088628507,-0.218472166,-0.24150722,-0.396049432,6.056150752,-0.379712999,-0.302484407,-0.238650986,-0.060106234,6.57439668,-0.103865825,-0.17391347,-0.253483958,-0.402111116,7.19067766,-0.215700223,-0.253041662,-0.238905362,-0.305066114,5.163566032,-0.271772241,-0.272635721,-0.293405168,-0.149130644,5.292396024,-0.262648165,-0.250669842,-0.220499228,-0.228464819,4.74173697,-0.028765172,-0.190161951,-0.210589228,-0.520658027,5.500765199
-0.27430028,-0.245446676,-0.284711503,-0.265912458,4.165864237,-0.24645899,-0.253597931,-0.268818978,-0.203693602,5.519870419,-0.177155053,-0.245731344,-0.1853137,-0.460910529,5.364315731,-0.2470327,-0.273593708,-0.261102761,-0.176255011,6.385246188,-0.368833028,-0.292116413,-0.257763553,-0.140868035,4.18118765,-0.167238904,-0.253909402,-0.183486888,-0.448187996,4.750999102,-0.281876253,-0.247834463,-0.270778932,-0.264803575,3.701024487,-0.255346299,-0.235819123,-0.307950454,-0.179258215,5.759473379,-0.119534745,-0.207061873,-0.150215281,-0.614844739,4.837095197,-0.242442475,-0.279659032,-0.255514259,-0.179642886,6.273631408,-0.375437059,-0.286945694,-0.258459035,-0.133812001,3.950913998,-0.118844169,-0.221954051,-0.147235898,-0.569332501,4.258154992
-0.352542766,-0.247415299,-0.313486279,-0.074266829,4.25027007,-0.2824149,-0.283877859,-0.252436506,-0.154082468,5.895352387,-0.212134566,-0.188950788,-0.283885687,-0.349682652,4.057703772,-0.203415896,-0.20667431,-0.253063672,-0.33864821,5.436891081,-0.354169294,-0.269900697,-0.301346316,-0.046490001,5.331939912,-0.162050717,-0.206933124,-0.195581558,-0.400657213,5.502727533,-0.366472387,-0.232833838,-0.348869213,-0.03223403,4.535056697,-0.314351907,-0.290096099,-0.272216284,-0.105567527,5.921477924,-0.112262159,-0.134413653,-0.259620337,-0.568227155,3.743774643,-0.177380737,-0.190463499,-0.243121317,-0.401054183,5.297468157,-0.40611026,-0.28433505,-0.329916364,0.043237726,5.484828053,-0.112049379,-0.169539027,-0.168151323,-0.531710447,4.9504696
-0.140528836,-0.196049791,-0.222999914,-0.441025509,5.487536252,-0.316157031,-0.324130865,-0.178985842,-0.21126923,5.270480211,-0.177013806,-0.226364783,-0.25546931,-0.276479753,6.900762636,-0.301364671,-0.264382473,-0.259304883,-0.234724768,4.832559178,-0.261437993,-0.270518097,-0.229976158,-0.193777918,5.508819496,-0.146450012,-0.231561257,-0.23687432,-0.35452646,5.718986678,-0.160886321,-0.229721562,-0.217126202,-0.408654225,5.401316661,-0.286136016,-0.329465472,-0.142993232,-0.31528036,4.976196386,-0.135316354,-0.195067845,-0.216461044,-0.407639937,5.999763374,-0.318980296,-0.27091388,-0.266628015,-0.213217299,4.875109561,-0.274353947,-0.274928938,-0.223672134,-0.191244936,5.497236269,-0.086238569,-0.189306763,-0.211518344,-0.483796378,5.168283122
-0.236869831,-0.263458462,-0.238528329,-0.26584445,4.610980199,-0.286347678,-0.237175676,-0.329170241,-0.134382383,4.704012226,-0.270185351,-0.237652865,-0.242663197,-0.341316994,4.171433075,-0.243514375,-0.223103261,-0.244852915,-0.276712307,5.671753791,-0.176984564,-0.246529128,-0.26619487,-0.371038045,4.887713627,-0.161622914,-0.18333627,-0.237397326,-0.405475365,6.009292281,-0.269712629,-0.275122914,-0.255130756,-0.196897354,4.765925585,-0.250935198,-0.23388817,-0.343921153,-0.163064655,4.871213009,-0.163570216,-0.175069235,-0.204811756,-0.56047219,3.614002048,-0.21214814,-0.210505839,-0.237188633,-0.335305353,5.741189492,-0.159135662,-0.238840839,-0.255257106,-0.41461821,4.861393243,-0.103003461,-0.158442287,-0.197322062,-0.535520553,5.590163023
-0.196567481,-0.248471174,-0.19832628,-0.362952726,4.762428953,-0.319586424,-0.280946651,-0.27289334,-0.123764501,5.084872553,-0.188381401,-0.287760896,-0.226460322,-0.190988746,5.959378383,-0.21557098,-0.289008482,-0.275676984,-0.198643598,5.278215208,-0.316202615,-0.322516474,-0.252468784,-0.023300448,5.950667049,-0.275048686,-0.258862275,-0.24858177,-0.179674251,5.199477386,-0.216263657,-0.254864538,-0.198752026,-0.350588758,4.856753937,-0.312439773,-0.253203567,-0.319498297,-0.111987947,5.424570711,-0.106506312,-0.263854854,-0.181486073,-0.358021772,5.424668774,-0.217631845,-0.27969351,-0.279776202,-0.177026528,4.993299514,-0.344654113,-0.34449692,-0.235492698,-0.007106408,5.95846124,-0.212534499,-0.21113867,-0.214322373,-0.333751034,4.504435708
-0.420773718,-0.324178811,-0.275785741,0.106440034,5.103018747,-0.236372118,-0.314513608,-0.177792761,-0.155387382,4.287008887,-0.216733594,-0.260892318,-0.243123447,-0.227094968,5.808888747,-0.19920456,-0.274162507,-0.236021463,-0.246251083,4.966346034,-0.190025491,-0.263674617,-0.234323404,-0.220159297,5.892621105,-0.229473582,-0.246963702,-0.238604352,-0.256125863,5.450673283,-0.45650196,-0.380986023,-0.258175126,0.181176198,5.771997677,-0.237750482,-0.3175046,-0.162613315,-0.169520451,4.189953019,-0.154477746,-0.222843714,-0.205456254,-0.36057805,5.030263233,-0.173447226,-0.274887472,-0.215924092,-0.287130998,4.87515818,-0.183140404,-0.272719183,-0.245562227,-0.19207242,6.167516451,-0.155150413,-0.213149729,-0.192622702,-0.420692054,4.867480106
-0.233862296,-0.177425983,-0.201158985,-0.415106012,4.355530277,-0.120748085,-0.249311911,-0.283286495,-0.302342905,6.334154976,-0.286521012,-0.189677166,-0.251956188,-0.330575202,4.962569455,-0.190719653,-0.240101528,-0.21515779,-0.361809985,4.944326125,-0.257241189,-0.255884821,-0.25901923,-0.177475597,5.003038538,-0.172159264,-0.191836214,-0.240463708,-0.388197786,4.800045264,-0.224764306,-0.157116153,-0.208568832,-0.444409832,4.248607276,-0.165743123,-0.247892988,-0.33220583,-0.205118105,6.824977961,-0.258878422,-0.178102584,-0.234077076,-0.416534303,4.506387866,-0.2034112,-0.241588965,-0.22621548,-0.333784648,5.050459252,-0.245313493,-0.243511871,-0.258468278,-0.197444031,4.954784178,-0.125403988,-0.168887062,-0.208326344,-0.491276107,4.34875888
-0.256935229,-0.231062286,-0.286690753,-0.242290871,5.609818845,-0.148326516,-0.248822493,-0.217595684,-0.183452266,5.887246048,-0.11905122,-0.179661194,-0.187360506,-0.562206011,4.524384932,-0.186921957,-0.25308591,-0.161316649,-0.430236894,3.960741293,-0.188209154,-0.23368576,-0.231791917,-0.301924561,4.643437704,-0.137899882,-0.240005946,-0.204319733,-0.453035408,4.519348705,-0.26756626,-0.219150947,-0.305595787,-0.221581575,5.793629128,-0.150652422,-0.246503245,-0.207245367,-0.19238856,5.754497962,-0.070338963,-0.145554161,-0.161025192,-0.676283671,4.264742357,-0.176194615,-0.253129776,-0.146079798,-0.453600691,4.0437754,-0.185686391,-0.237974141,-0.218641874,-0.323467813,4.584525561,-0.064833658,-0.198132453,-0.164124023,-0.606728036,4.093620015
-0.27357243,-0.290961938,-0.221659307,-0.285829134,4.140892894,-0.057314151,-0.133107085,-0.223985003,-0.56939499,6.024977676,-0.145491158,-0.20611139,-0.276603747,-0.202791507,6.627773412,-0.200108574,-0.25639314,-0.247856358,-0.286506786,5.301868564,-0.234946131,-0.219568735,-0.252262018,-0.40428265,5.259114107,-0.259789281,-0.248160203,-0.195242191,-0.275308484,5.207523577,-0.274475986,-0.288483714,-0.223559822,-0.288070809,4.183163478,-0.026342501,-0.124381183,-0.214475985,-0.621017086,5.815187962,-0.112285705,-0.178873124,-0.234091663,-0.331839627,5.958213982,-0.220178185,-0.265004764,-0.247480236,-0.256824469,5.419183566,-0.209680837,-0.205234605,-0.245393268,-0.470855972,5.016963426,-0.205016816,-0.211542638,-0.172626408,-0.395443904,4.83255572
-0.294948187,-0.229160985,-0.285191726,-0.241724389,4.862323726,-0.412347345,-0.229377085,-0.30027896,-0.107057987,4.677098652,-0.13198267,-0.168406269,-0.284914188,-0.419949892,6.239868207,-0.366742104,-0.241434215,-0.253268853,-0.082581828,3.926518737,-0.186489957,-0.224365456,-0.293347715,-0.258540409,6.878644341,-0.186337622,-0.244955247,-0.224738284,-0.306137672,5.942293359,-0.311808247,-0.244245219,-0.301691086,-0.201487966,5.239544892,-0.401411166,-0.216900349,-0.313669159,-0.109739254,4.744801681,-0.074800898,-0.14033815,-0.248167033,-0.545646357,5.651943941,-0.358635677,-0.221920178,-0.266847489,-0.097321733,3.963537347,-0.225564818,-0.220794864,-0.336966484,-0.178014341,7.270206364,-0.132505681,-0.207660962,-0.198621669,-0.428945659,5.327128215
-0.261493662,-0.214577948,-0.219899089,-0.289739705,4.0253551,-0.410298094,-0.267605755,-0.284923746,-0.034509282,4.315895452,-0.165694064,-0.247759753,-0.170661713,-0.44867231,5.022415648,-0.281568997,-0.247489207,-0.276869315,-0.261716518,4.44800388,-0.311883553,-0.239776703,-0.287910522,-0.1538992,4.387735827,-0.278929542,-0.1882669,-0.294178749,-0.212017984,5.89305864,-0.255601179,-0.233572167,-0.197409053,-0.293490419,3.976579634,-0.393699423,-0.25421005,-0.272224405,-0.077140718,4.068035868,-0.106669941,-0.237227006,-0.115338136,-0.582507594,4.739571965,-0.266298488,-0.234181755,-0.278657929,-0.291208494,4.33370038,-0.302838927,-0.209703599,-0.29344871,-0.17995464,4.32547078,-0.229857661,-0.15813072,-0.2576545,-0.333584579,5.353703497
-0.180783679,-0.224853743,-0.191378808,-0.333662632,6.447637106,-0.288482767,-0.31241383,-0.197785142,-0.087899436,6.242341482,-0.308147453,-0.241725164,-0.305907643,-0.135490675,5.210272895,-0.241111219,-0.238107989,-0.307964687,-0.27710908,5.210212749,-0.245867515,-0.281306367,-0.236435807,-0.261438988,5.135703738,-0.183083406,-0.210407728,-0.220862049,-0.35409341,4.769367839,-0.165398259,-0.214384287,-0.181544422,-0.35834174,6.370830553,-0.293422083,-0.313129197,-0.184396156,-0.095442753,6.392471056,-0.284446823,-0.213983038,-0.27845364,-0.216019896,4.506655649,-0.2537626,-0.229886328,-0.335153927,-0.245991711,5.229066136,-0.239457389,-0.272020667,-0.22979597,-0.288736016,5.043631024,-0.141971598,-0.177166357,-0.185831869,-0.474522776,4.159377983
-0.297038213,-0.190754636,-0.313496255,-0.268998113,5.136305517,-0.316430157,-0.294576239,-0.261751896,-0.043532469,4.518272465,-0.18409377,-0.221227814,-0.31376951,-0.250821374,7.60672281,-0.330294496,-0.272286328,-0.285628004,-0.11263287,4.397136137,-0.286459167,-0.206818589,-0.285592412,-0.238984214,5.343528812,-0.216010966,-0.249565651,-0.241889756,-0.290113622,5.404666414,-0.279378412,-0.181348717,-0.31396418,-0.292661179,5.322321985,-0.337655221,-0.324710549,-0.279810429,0.040209807,4.715373074,-0.121960663,-0.190846699,-0.277544543,-0.387525178,6.674402694,-0.333639674,-0.280729715,-0.29340419,-0.086761862,4.259879339,-0.321228435,-0.217767122,-0.297006133,-0.177618081,5.465933294,-0.13285569,-0.199501219,-0.202915755,-0.48764337,4.571967603
-0.31530534,-0.325410316,-0.225340727,-0.072334985,5.699465128,-0.33091656,-0.213422814,-0.258413698,-0.10196312,4.415866563,-0.345526482,-0.284913991,-0.227108243,-0.092425913,3.634867807,-0.193106101,-0.244634036,-0.250903411,-0.269888271,4.807135602,-0.128579663,-0.161546165,-0.267469696,-0.359840872,5.805963141,-0.175692024,-0.246541287,-0.231595771,-0.313604376,5.269167586,-0.398203139,-0.374902237,-0.262041588,0.122632835,6.564996004,-0.329288935,-0.235948406,-0.243419238,-0.082946736,4.736122423,-0.28446422,-0.234187043,-0.185753988,-0.251830035,3.163605161,-0.224671685,-0.267594753,-0.265781676,-0.175561211,5.139592674,-0.134220484,-0.153926643,-0.254913534,-0.363870017,5.705673881,-0.129122073,-0.225385028,-0.196455642,-0.428414112,4.909236401
-0.170437821,-0.241429857,-0.210285845,-0.346684093,5.746037315,-0.307942904,-0.260876148,-0.290652319,-0.133542315,5.757214461,-0.151834643,-0.178276415,-0.208982178,-0.483034124,5.18172815,-0.278232133,-0.285751709,-0.257109153,-0.125402779,5.422750677,-0.177468942,-0.183202516,-0.242504057,-0.396911665,4.946090258,-0.217190761,-0.252160254,-0.197197605,-0.236615295,5.438978997,-0.170817388,-0.247833801,-0.211652328,-0.330478242,6.007930935,-0.372843084,-0.289603311,-0.311198669,-0.015714102,6.058629066,-0.064166037,-0.1383458,-0.171817641,-0.653680402,4.622747187,-0.272950226,-0.292509165,-0.242112994,-0.142111932,5.278941952,-0.153279629,-0.179672838,-0.239267646,-0.435483814,4.993481443,-0.151788533,-0.216209159,-0.151905549,-0.38096854,4.876608683
-0.190902168,-0.231652678,-0.280312543,-0.335295763,5.283207304,-0.180731844,-0.283817216,-0.197876151,-0.409826232,5.313308301,-0.128984099,-0.269722625,-0.16015998,-0.496186033,4.920596966,-0.199335838,-0.25464279,-0.209248474,-0.387190429,6.012640067,-0.251521237,-0.267862987,-0.214203596,-0.269044724,5.345324889,-0.214072206,-0.252703808,-0.24046972,-0.341892715,4.907810832,-0.174660515,-0.225001483,-0.282269764,-0.357862972,5.422357816,-0.201028995,-0.299278394,-0.207458126,-0.357498464,5.402652455,-0.048262827,-0.235493054,-0.134040178,-0.641224897,4.388593007,-0.205238889,-0.262497859,-0.205095411,-0.388521197,6.217217013,-0.26889847,-0.274980164,-0.216132573,-0.255701318,5.382591649,-0.178296697,-0.237327994,-0.197977106,-0.448216861,4.509560471
-0.310220931,-0.272373042,-0.262156011,-0.13972004,4.251181143,-0.165505311,-0.17913267,-0.266938591,-0.395522328,6.588583329,-0.155442396,-0.162412911,-0.220263246,-0.392588362,4.88290785,-0.361037633,-0.278330711,-0.253526982,-0.026168277,4.976651242,-0.164665328,-0.219549666,-0.212834335,-0.379569696,5.359521359,-0.156730662,-0.231740095,-0.244261793,-0.359306402,5.129445551,-0.269234248,-0.254420189,-0.233560223,-0.227936306,4.043159088,-0.166515497,-0.176679045,-0.280665045,-0.394538283,6.607371993,-0.092676161,-0.133172026,-0.1951944,-0.515954362,4.658547416,-0.352633865,-0.287804192,-0.24602033,-0.045687861,5.113859606,-0.165088524,-0.219966935,-0.207026529,-0.397723127,5.534097716,-0.121199912,-0.185961332,-0.22164863,-0.468237964,4.53515821
-0.282306372,-0.243357504,-0.30914136,-0.156042529,4.927471703,-0.272936016,-0.186565011,-0.297511871,-0.165657794,5.827457281,-0.19241274,-0.169014885,-0.214737098,-0.355522289,4.566668853,-0.334491557,-0.2873724,-0.309127154,-0.060264565,4.786119922,-0.199230418,-0.212095305,-0.231617493,-0.389800996,5.065789288,-0.300426113,-0.210300202,-0.275810146,-0.250819619,4.481878692,-0.270341531,-0.261796727,-0.313361092,-0.096066849,5.707587293,-0.284391989,-0.183273667,-0.300187332,-0.134460357,5.836210184,-0.133192946,-0.136219059,-0.179286818,-0.488194897,4.144506772,-0.375120015,-0.289988035,-0.336557363,0.024966409,5.245251835,-0.186962699,-0.201041082,-0.223144899,-0.433483951,5.078489491,-0.249542714,-0.186536268,-0.228306745,-0.382278354,3.963486197
-0.217320167,-0.181908562,-0.266530307,-0.346086995,5.607872986,-0.247821425,-0.293849596,-0.217266123,-0.287276724,5.364667045,-0.348261881,-0.260819081,-0.218828464,-0.15125879,4.139023542,-0.315946385,-0.26315727,-0.254183595,-0.158569449,4.93596092,-0.296508051,-0.254614692,-0.273031806,-0.190274553,5.841850599,-0.244233868,-0.236787792,-0.23278616,-0.233169636,4.647002304,-0.275249461,-0.205755529,-0.289758386,-0.249878217,6.116772196,-0.309285048,-0.328519235,-0.216931047,-0.140173648,5.725736886,-0.29588605,-0.225811152,-0.194993681,-0.266863036,3.718175347,-0.369060593,-0.274856519,-0.284267833,-0.068805813,5.188269153,-0.274771916,-0.238633956,-0.261035716,-0.25194875,5.61609931,-0.182035055,-0.202596694,-0.184907592,-0.374687303,4.154808469
-0.100824823,-0.223424233,-0.157804173,-0.5247655,6.323996635,-0.274080455,-0.254899013,-0.247822032,-0.264574075,5.603881833,-0.077679752,-0.152982697,-0.217789751,-0.453411335,4.996504342,-0.260516065,-0.213726048,-0.251850323,-0.293160633,5.441277098,-0.314946801,-0.317688019,-0.256549926,-0.051715758,5.545814057,-0.145973317,-0.208830712,-0.200545174,-0.463715739,4.129809766,-0.091963264,-0.21617163,-0.152316816,-0.544215669,6.135807179,-0.299246474,-0.281075093,-0.256607344,-0.200889786,6.332223278,-0.02390088,-0.138763928,-0.171257085,-0.563968834,4.619295465,-0.283167313,-0.212908654,-0.256402715,-0.261863341,5.485029239,-0.336121064,-0.31903057,-0.270676935,-0.010731162,5.686235217,-0.088971281,-0.182732333,-0.172434149,-0.590860174,3.814531776
-0.27882832,-0.226290008,-0.324151232,-0.149654676,7.271581589,-0.193371713,-0.223300693,-0.261651491,-0.255864239,5.059429033,-0.179411704,-0.211053538,-0.159350164,-0.424717495,4.422541852,-0.262712988,-0.298094126,-0.318150605,-0.089283591,6.651446875,-0.157170937,-0.232073925,-0.224547902,-0.365100213,5.608050792,-0.231617791,-0.215244747,-0.262759553,-0.189597348,5.916008481,-0.268723175,-0.193560039,-0.338135409,-0.199327855,6.926103546,-0.202914011,-0.228516692,-0.306601988,-0.196083122,5.228728324,-0.127834128,-0.17754447,-0.133498334,-0.546255345,4.166539895,-0.252452896,-0.305946015,-0.332963267,-0.049376112,7.651458198,-0.140903754,-0.220121793,-0.228379175,-0.38404755,5.469519366,-0.158997184,-0.178827189,-0.224929079,-0.350405718,5.350882738
-0.358971856,-0.320172338,-0.226876576,-0.082297447,4.658363615,-0.075992771,-0.226291801,-0.220403089,-0.558454624,6.692359139,-0.186746289,-0.254739401,-0.174201501,-0.490533925,4.140364289,-0.299552595,-0.225675563,-0.285484667,-0.252480136,4.936402642,-0.186526427,-0.22079572,-0.251717116,-0.253538706,5.925875012,-0.317270529,-0.274652519,-0.262292292,-0.16872457,4.981297524,-0.402575987,-0.359077061,-0.204986283,0.011346352,4.740331682,-0.091487237,-0.24357517,-0.213139237,-0.545469182,6.561124265,-0.160853752,-0.235893392,-0.151146636,-0.543725347,4.028878287,-0.303282121,-0.249051732,-0.273044564,-0.247573728,4.990190714,-0.173380547,-0.216446706,-0.258037467,-0.247839303,6.009000493,-0.246839279,-0.251632257,-0.214160875,-0.329544444,4.432229451
-0.139899084,-0.261450011,-0.234236843,-0.326708714,4.508992823,-0.193452414,-0.241651341,-0.190566856,-0.356939302,5.170723288,-0.236677654,-0.241895747,-0.273886562,-0.240740118,3.983212431,-0.220086723,-0.264043825,-0.241110035,-0.204809395,5.819966639,-0.290505012,-0.264677664,-0.276819216,-0.2343686,4.976284001,-0.105421172,-0.203928052,-0.212161304,-0.442906911,5.189715857,-0.127107176,-0.252290368,-0.229662248,-0.362478346,4.190477725,-0.197543089,-0.247178572,-0.187467467,-0.348165896,5.151364226,-0.168299769,-0.204115243,-0.233142122,-0.400087761,3.416101681,-0.227429909,-0.271713238,-0.236938845,-0.191903475,5.724215707,-0.315412242,-0.271773597,-0.306938436,-0.153580598,5.101228334,-0.061029833,-0.169876486,-0.188034776,-0.540342862,4.665981888
-0.376363099,-0.277137072,-0.201277239,-0.200152021,4.817136605,-0.147293524,-0.165920177,-0.329104514,-0.169067689,6.430243603,-0.103747819,-0.204940894,-0.189445315,-0.53552917,6.344631648,-0.215991107,-0.260532474,-0.21557125,-0.367696174,4.146880854,-0.274986017,-0.256693118,-0.264056749,-0.222042123,4.954194916,-0.235650068,-0.243891798,-0.207026937,-0.37745772,4.710599588,-0.393376575,-0.26541526,-0.204785853,-0.176140129,5.026527487,-0.18152284,-0.183678668,-0.337592749,-0.101873708,6.906869103,-0.066188108,-0.174143511,-0.160984284,-0.627690603,6.046847468,-0.198147543,-0.255617353,-0.209984656,-0.419580994,4.159228661,-0.26731957,-0.256622392,-0.250923163,-0.243360553,4.735161679,-0.184261415,-0.218614113,-0.173354962,-0.506309333,4.291590995
-0.252405932,-0.21611133,-0.327720071,-0.16809849,6.164799968,-0.489654144,-0.294262243,-0.314116314,0.137645176,4.6201276,-0.220817114,-0.160593076,-0.205046566,-0.480914108,5.080611527,-0.289520645,-0.277634894,-0.242639672,-0.299763748,4.31240802,-0.191875181,-0.295170264,-0.19565048,-0.29769994,5.658815614,-0.29556526,-0.234507854,-0.239417497,-0.220516953,4.981667118,-0.282676135,-0.228585615,-0.351163724,-0.082675072,6.636544036,-0.500409775,-0.302844217,-0.302978336,0.143674189,4.629647163,-0.175677969,-0.136152289,-0.161412217,-0.585372407,4.719657208,-0.277936085,-0.274622666,-0.228846323,-0.348753891,4.144393373,-0.206059313,-0.302338047,-0.193862433,-0.280162639,5.514869888,-0.233192154,-0.195741495,-0.191052103,-0.372651568,4.328704904
-0.159028308,-0.245093491,-0.202868518,-0.358101866,4.382791678,-0.344972071,-0.216789075,-0.285647655,-0.156241279,4.652342338,-0.316393911,-0.194778071,-0.308045214,-0.178767779,5.190672253,-0.202753065,-0.292554422,-0.19906288,-0.288572496,6.073409757,-0.311070421,-0.254254274,-0.251223346,-0.296679256,4.365885102,-0.169071988,-0.228951922,-0.213574526,-0.360822844,4.361249619,-0.157694191,-0.252397234,-0.189382132,-0.367854044,4.216028269,-0.325977295,-0.204560341,-0.27906495,-0.181272121,4.563348049,-0.252713425,-0.169179031,-0.253703146,-0.349354083,4.298540249,-0.188578624,-0.292023385,-0.191038336,-0.319985628,5.7537732,-0.28685503,-0.231691855,-0.252987024,-0.352343,4.23761264,-0.072708024,-0.190222876,-0.160836102,-0.56903675,3.887389397
-0.111859053,-0.218356231,-0.209014495,-0.459690334,7.03436729,-0.266741056,-0.267867123,-0.29853119,-0.053609752,5.718353242,-0.291875364,-0.213642826,-0.284279319,-0.239302641,4.435887065,-0.161786972,-0.21414691,-0.261059394,-0.323921326,4.809291367,-0.200175408,-0.270715701,-0.248920701,-0.34718276,5.09815913,-0.245965275,-0.272511621,-0.192596388,-0.307790325,4.004578291,-0.114036971,-0.218781786,-0.215019547,-0.453235216,7.474522479,-0.291474069,-0.279049482,-0.323500321,0.015517683,5.827635388,-0.2354526,-0.183296189,-0.238812749,-0.381415047,3.951155609,-0.141262132,-0.214471012,-0.235727342,-0.376512238,4.697675146,-0.165836859,-0.258335719,-0.233994798,-0.418474789,4.959778494,-0.16363172,-0.225869648,-0.14850449,-0.474092836,3.471101967
-0.245644555,-0.271428473,-0.257685156,-0.222290018,6.415847809,-0.395994641,-0.235980243,-0.288618798,-0.042224695,5.053366658,-0.257673454,-0.246534142,-0.303669872,-0.176563542,4.619702152,-0.161390771,-0.203680131,-0.226760879,-0.404288796,5.286734443,-0.252606297,-0.201874477,-0.257190878,-0.247885571,5.442298004,-0.162492981,-0.244789597,-0.207162263,-0.418541598,5.947127745,-0.177651436,-0.262721171,-0.238396289,-0.319124862,6.305845475,-0.42349029,-0.232235234,-0.321074011,0.047235615,5.46693978,-0.199756438,-0.215731474,-0.264773458,-0.313866082,3.989626438,-0.203174937,-0.217190992,-0.259076624,-0.306202009,5.803034888,-0.282991656,-0.21729713,-0.262505856,-0.195934096,5.690640227,-0.102670387,-0.217241192,-0.169907137,-0.545488738,5.394995604
-0.214007609,-0.214066506,-0.325519504,-0.200874253,5.510390772,-0.252633033,-0.313137776,-0.246946631,-0.248511508,4.429371978,-0.213162376,-0.26046657,-0.199252818,-0.292831859,4.845152541,-0.193054018,-0.219668904,-0.193986494,-0.476593054,4.927295682,-0.355415549,-0.251058735,-0.263831507,-0.130756134,4.353555656,-0.19167704,-0.196610452,-0.249413293,-0.299499525,5.07042841,-0.219310208,-0.199563954,-0.353074781,-0.167180888,5.697851013,-0.250264041,-0.315516909,-0.258568851,-0.230088327,4.527945192,-0.175244039,-0.229804448,-0.169723766,-0.404094438,4.225856012,-0.159401194,-0.197163144,-0.181486212,-0.555866647,4.681940982,-0.39586394,-0.276702566,-0.275153345,-0.046534296,4.440442947,-0.143587803,-0.166891793,-0.214510443,-0.408555782,4.494945262
-0.282119817,-0.20745859,-0.221260477,-0.289495109,5.482717663,-0.218747796,-0.295042835,-0.295281914,-0.20758161,4.936290802,-0.395532944,-0.307392167,-0.323559689,0.004889748,5.848976748,-0.340925392,-0.29362695,-0.269102973,-0.056818933,5.000062251,-0.201072278,-0.251677546,-0.236722121,-0.362084054,5.363166426,-0.183813952,-0.258492067,-0.23871411,-0.362131837,5.752268832,-0.279788749,-0.203836537,-0.225380242,-0.289017519,5.510315345,-0.265961493,-0.340461795,-0.306179948,-0.137679341,5.042648574,-0.357976859,-0.292000326,-0.275840578,-0.099855572,4.701723269,-0.368667237,-0.302586637,-0.286256608,0.014454647,5.341048106,-0.209572292,-0.253923023,-0.249529458,-0.349327718,5.637546477,-0.116743851,-0.22264146,-0.198659161,-0.519708435,4.763700021
-0.117802028,-0.190419516,-0.294677012,-0.40144987,5.110060192,-0.093644342,-0.123157854,-0.160146653,-0.693019784,4.33210834,-0.329142944,-0.273604786,-0.248298843,-0.237817312,4.947656514,-0.22387554,-0.220358113,-0.228598508,-0.325885847,5.096573415,-0.288266826,-0.270112256,-0.253972332,-0.190193689,5.512332319,-0.22363988,-0.302079364,-0.200952891,-0.320043352,5.161731388,-0.131613504,-0.195100979,-0.300254694,-0.380651754,5.018797142,-0.085362732,-0.124821943,-0.135206605,-0.711859653,4.195022726,-0.24216657,-0.232406513,-0.204100717,-0.420910429,4.490553508,-0.270737807,-0.225415615,-0.255112682,-0.229211882,5.271747018,-0.314994743,-0.293867405,-0.247704547,-0.159024207,5.629117078,-0.152399822,-0.260009717,-0.1582511,-0.480871637,4.552845828
-0.276944642,-0.315579242,-0.248712781,-0.238475293,4.987660206,-0.285322628,-0.263022549,-0.244014732,-0.269069026,5.019120427,-0.261158431,-0.248546676,-0.164702956,-0.499755524,3.639158455,-0.231535062,-0.206344454,-0.235473031,-0.309466818,5.501362578,-0.225569053,-0.22360158,-0.239870906,-0.338333127,5.355163261,-0.245160838,-0.264272258,-0.258559646,-0.209040812,4.793434164,-0.284486922,-0.327526049,-0.242803905,-0.236504239,5.070569599,-0.288852325,-0.258024887,-0.25851986,-0.282127412,5.069563877,-0.192462051,-0.203619043,-0.130837597,-0.650452175,3.393201513,-0.222162239,-0.197265024,-0.244385416,-0.323416049,5.316977888,-0.224841615,-0.220739663,-0.234800618,-0.36073659,5.155805714,-0.177230493,-0.231451616,-0.220192148,-0.357228587,4.259203538
-0.093189766,-0.241030595,-0.192653104,-0.454714467,6.56413472,-0.202660691,-0.235472146,-0.201105446,-0.386830523,3.871692746,-0.210562213,-0.201665147,-0.247342747,-0.298138836,5.035795317,-0.240155541,-0.270142612,-0.253080955,-0.272846595,4.379376495,-0.310163415,-0.293552737,-0.242357097,-0.082546604,4.93204076,-0.223838922,-0.267583678,-0.210382964,-0.240254053,5.962952498,-0.105125932,-0.27931754,-0.180319367,-0.412906141,7.259059886,-0.200157079,-0.254990914,-0.164705556,-0.425454232,3.710281678,-0.155731292,-0.168362931,-0.209564306,-0.437473319,4.490266313,-0.270922521,-0.276416953,-0.268605119,-0.215445293,4.486280849,-0.280177459,-0.278609912,-0.21899929,-0.157820598,4.397218866,-0.162192326,-0.232682297,-0.177781369,-0.376962043,5.371006984
-0.32628533,-0.272461486,-0.299891148,-0.082913443,5.748679454,-0.280338698,-0.296176447,-0.221387507,-0.157953574,4.305645729,-0.138118882,-0.177308656,-0.252230902,-0.333879862,5.570332652,-0.186752044,-0.206740659,-0.260128608,-0.366975792,4.238953826,-0.247049648,-0.261173225,-0.273924913,-0.148448881,4.885446517,-0.304674328,-0.257345842,-0.274155605,-0.112097908,4.865860249,-0.415259156,-0.291612857,-0.383031422,0.110883214,7.302118217,-0.252244753,-0.301805838,-0.20466278,-0.200130414,4.48622809,-0.061329325,-0.153532123,-0.2016984,-0.533648188,4.849000389,-0.16900334,-0.205221254,-0.250241496,-0.389436428,4.118617149,-0.239620906,-0.256038293,-0.266352734,-0.162106928,4.630156042,-0.225781778,-0.227077401,-0.23905754,-0.270499262,4.351613548
-0.185402017,-0.234850077,-0.253580109,-0.381013832,6.333881469,-0.225374124,-0.280227886,-0.199438162,-0.133248869,7.273508748,-0.116770728,-0.158764067,-0.164053452,-0.571357065,5.788683675,-0.257475655,-0.192265338,-0.244307125,-0.298205475,5.360112963,-0.281119781,-0.233926044,-0.223794298,-0.343461774,4.849966246,-0.271599753,-0.283923125,-0.210883035,-0.278046013,4.411655284,-0.191362574,-0.236162951,-0.267768567,-0.3605227,6.464867404,-0.198479545,-0.283205539,-0.164242671,-0.199870978,6.755120742,-0.051202708,-0.128832235,-0.133265626,-0.705668547,5.428426116,-0.25391205,-0.194464714,-0.242041005,-0.302735257,5.438423408,-0.293544598,-0.237278121,-0.2368028,-0.30606747,5.031084438,-0.21055251,-0.238791185,-0.166956954,-0.434894172,3.858810298
-0.054594469,-0.124907002,-0.235123546,-0.596573229,5.80535583,-0.339770129,-0.328909857,-0.299328157,-0.041540031,5.226290463,-0.223012194,-0.202220735,-0.236745382,-0.357072361,5.315625882,-0.254495286,-0.203532588,-0.238922495,-0.30617658,4.987458667,-0.212396005,-0.264522112,-0.279501666,-0.223529093,5.823931291,-0.194430346,-0.280067092,-0.189059062,-0.336307418,4.894571017,-0.043118941,-0.111058117,-0.234115673,-0.626976424,5.677674868,-0.368789758,-0.355231693,-0.298798684,0.008258575,5.069620182,-0.180233667,-0.18198246,-0.211308518,-0.450259727,4.959941605,-0.24919299,-0.203756728,-0.231210939,-0.307633923,5.000183567,-0.217081602,-0.291300549,-0.284556966,-0.176326442,6.164023699,-0.140564222,-0.258510368,-0.151253326,-0.461232395,4.4177452
-0.305837465,-0.255118694,-0.28215604,-0.120193171,6.994670217,-0.144441528,-0.220406519,-0.233941034,-0.296932515,6.204074986,-0.147735706,-0.230084816,-0.173149053,-0.493808125,6.22340581,-0.267729524,-0.248131301,-0.312927864,-0.172474878,5.493676247,-0.121173572,-0.18445948,-0.229179563,-0.449499841,6.385283144,-0.254178525,-0.270385764,-0.226807786,-0.334003463,4.683880432,-0.296401851,-0.247221137,-0.291300688,-0.126043983,7.422202847,-0.168722036,-0.252872203,-0.233764157,-0.242611295,6.545134185,-0.092754209,-0.201891893,-0.157746775,-0.614252635,5.944045504,-0.276646582,-0.244399993,-0.310411752,-0.152274459,5.274441016,-0.113921342,-0.169241705,-0.237407485,-0.471287488,6.296305681,-0.187611569,-0.238781496,-0.191426267,-0.496301243,4.206655416
-0.093011605,-0.195147561,-0.264044905,-0.405859887,6.491898174,-0.192023957,-0.223592568,-0.233809748,-0.317900775,5.403454054,-0.234743312,-0.236118358,-0.222085333,-0.209888736,7.146968195,-0.230137869,-0.223127765,-0.277468379,-0.237945922,4.921438102,-0.358043712,-0.257766241,-0.287675196,-0.11690636,4.661557692,-0.18608406,-0.258645223,-0.236148906,-0.34091374,4.602977205,-0.1043854,-0.197841021,-0.293704227,-0.363048789,6.712060525,-0.25113893,-0.242128163,-0.253098434,-0.214837032,5.930360522,-0.166435724,-0.192722571,-0.208586943,-0.333918185,6.274802012,-0.239936359,-0.219030127,-0.295682924,-0.21167701,5.10881815,-0.383877331,-0.266926209,-0.299906224,-0.05948231,4.738632349,-0.119271497,-0.222939602,-0.209172639,-0.47036181,4.343388888
-0.270635766,-0.292903725,-0.265126906,-0.056335862,6.371366279,-0.23823806,-0.221910238,-0.202426485,-0.386657484,5.786913875,-0.356949268,-0.330219145,-0.207655382,-0.108530767,4.556650786,-0.125648894,-0.241748949,-0.181096846,-0.445080289,6.002289511,-0.183550819,-0.233664272,-0.229127189,-0.369128609,4.206236276,-0.177393823,-0.223205912,-0.215464849,-0.36267166,4.708706908,-0.280531132,-0.303347877,-0.278180551,-0.004247029,6.415320885,-0.227944789,-0.198419712,-0.208157965,-0.421265261,5.428143005,-0.305559199,-0.282327797,-0.189586665,-0.232066648,4.017384509,-0.116973784,-0.234934348,-0.180017977,-0.461602025,6.096292841,-0.192725809,-0.245225852,-0.229040432,-0.3667294,4.182653441,-0.122540633,-0.180544831,-0.17882393,-0.497865369,4.17371019
-0.267744271,-0.256494615,-0.270128589,-0.220872733,5.219922104,-0.145238941,-0.252220851,-0.187911373,-0.428124572,6.459085569,-0.318686547,-0.246079278,-0.224724799,-0.194791709,4.25655802,-0.34469364,-0.267162279,-0.264871385,-0.085638147,5.042466987,-0.293354045,-0.228733305,-0.309794662,-0.21113438,4.565390239,-0.256040717,-0.26722931,-0.226311574,-0.257142907,5.850177888,-0.280743138,-0.273397292,-0.262025295,-0.216312698,5.089229246,-0.138581921,-0.252548191,-0.193100998,-0.444447271,6.620180076,-0.254546223,-0.224908571,-0.171295543,-0.352778401,3.926713568,-0.341613422,-0.275700798,-0.25325098,-0.079282678,4.974867943,-0.293613795,-0.206830409,-0.322547413,-0.232658454,4.440597618,-0.189209782,-0.212897981,-0.195869368,-0.408622192,4.944588727
-0.150916355,-0.256047038,-0.229493017,-0.330505352,5.694537452,-0.275307313,-0.249308412,-0.268584341,-0.222578515,5.371835098,-0.229951323,-0.299887323,-0.229997201,-0.273767714,5.989373879,-0.268293648,-0.286594308,-0.276405799,-0.226137825,4.670743887,-0.199938706,-0.236662272,-0.239409776,-0.297085294,5.392648779,-0.226692818,-0.228430121,-0.240700187,-0.303062266,4.605789065,-0.194896555,-0.289720956,-0.242806575,-0.232373396,6.398808389,-0.255599499,-0.246227854,-0.255442581,-0.245861671,5.511886148,-0.153769353,-0.276448641,-0.189500278,-0.429061901,5.039666585,-0.27639139,-0.29341844,-0.282756994,-0.208196775,4.533021814,-0.222314232,-0.263915758,-0.249813508,-0.230701311,5.610933398,-0.180414278,-0.206160577,-0.211027304,-0.406899638,4.260985791
-0.366692826,-0.214534213,-0.266674095,-0.103135787,4.182953621,-0.348651233,-0.274559053,-0.281396508,-0.046352844,4.986751934,-0.204855455,-0.257140074,-0.182533,-0.397960148,4.69324358,-0.355069371,-0.258605711,-0.276300029,-0.119371926,5.531617003,-0.223663139,-0.276155531,-0.220247486,-0.228838228,5.294279302,-0.307444994,-0.212662785,-0.274968465,-0.164690273,4.926847714,-0.331144912,-0.205243827,-0.246252284,-0.175207576,3.822697746,-0.358511335,-0.262051336,-0.303978277,-0.003375817,5.302928975,-0.126971834,-0.221456679,-0.149148207,-0.552821819,4.304048986,-0.384205419,-0.260073786,-0.298919298,-0.060653112,5.733323996,-0.198497848,-0.265781836,-0.197196136,-0.278769578,5.049942929,-0.254921598,-0.184127684,-0.218444121,-0.31582468,4.317775956
-0.200223276,-0.279073553,-0.190338966,-0.290492785,4.661228285,-0.1834009,-0.298995906,-0.161881772,-0.388719852,6.711861873,-0.138716858,-0.220890193,-0.227645559,-0.393518733,5.183217464,-0.279712704,-0.261842158,-0.232077171,-0.268887292,5.434079855,-0.225047661,-0.269555413,-0.226682371,-0.226880749,5.370612434,-0.173785786,-0.245649013,-0.22897555,-0.431493789,4.685996858,-0.171157254,-0.29420205,-0.148241643,-0.30458913,4.54394047,-0.151811319,-0.290952782,-0.151112805,-0.452127342,7.004156497,-0.063684541,-0.188742119,-0.188587391,-0.552907783,4.751878774,-0.272445457,-0.252373039,-0.235327808,-0.278591563,5.523844869,-0.223276294,-0.281487664,-0.223768445,-0.227389128,5.494443114,-0.12196703,-0.220513561,-0.188975629,-0.572112338,4.194225413
-0.203215224,-0.306839941,-0.197420815,-0.190646365,4.983580296,-0.19218089,-0.249938724,-0.246289792,-0.300388893,4.965142179,-0.454036939,-0.276963766,-0.309096203,-0.005331955,3.703925078,-0.216112527,-0.311039405,-0.205051399,-0.328051734,5.268200986,-0.164924643,-0.19708218,-0.248573778,-0.431672798,4.795255148,-0.241852721,-0.252614125,-0.213167567,-0.287708972,5.072589198,-0.207500571,-0.314249923,-0.192328362,-0.196085109,4.92202497,-0.20882555,-0.247985022,-0.254632069,-0.281354226,5.154773723,-0.359849862,-0.212995919,-0.256468525,-0.245627533,3.024932082,-0.229296527,-0.308405904,-0.202333977,-0.32079412,5.289995777,-0.159039286,-0.189869608,-0.244103632,-0.462766221,4.609159695,-0.188285741,-0.218612322,-0.178671709,-0.412738175,4.675135016
-0.354177779,-0.226713873,-0.325247321,-0.053779705,5.293469881,-0.248548357,-0.220298857,-0.262484365,-0.301153762,5.278094083,-0.133405133,-0.212115549,-0.187764881,-0.359109838,5.012439782,-0.283740257,-0.250102209,-0.242551369,-0.316691781,6.430294423,-0.256345585,-0.258814507,-0.240852217,-0.262760639,4.683418154,-0.165514993,-0.203957282,-0.246469752,-0.356904124,5.397510143,-0.354540543,-0.193614146,-0.346099392,-0.032428611,5.349943936,-0.249967116,-0.209259519,-0.26200666,-0.318117831,5.140408254,-0.083439631,-0.161872095,-0.158565461,-0.493982235,4.559015154,-0.266486564,-0.235783342,-0.235111861,-0.346893137,6.188428526,-0.272819801,-0.280229292,-0.233411321,-0.239229316,4.749263414,-0.121719023,-0.179119489,-0.216051698,-0.465148248,5.063187878
-0.243633899,-0.210575069,-0.27107192,-0.340902717,5.261157001,-0.295965092,-0.311355005,-0.30093922,-0.035773168,5.464370429,-0.03697565,-0.18358299,-0.194937962,-0.58457649,6.000201144,-0.262928151,-0.254663963,-0.296073665,-0.151671796,5.222071979,-0.084845656,-0.259557495,-0.221017391,-0.426483379,5.438071891,-0.208466785,-0.230045064,-0.244831869,-0.319546264,5.037243337,-0.235854548,-0.23614974,-0.253949061,-0.344853195,5.076000492,-0.304535392,-0.325192372,-0.333562474,0.049233416,6.041613664,0.006481867,-0.156126147,-0.168951001,-0.681462637,5.505018378,-0.249809514,-0.253691763,-0.304292428,-0.141869924,5.397874731,-0.084979854,-0.266115743,-0.218117899,-0.422112549,5.485414486,-0.164747137,-0.209381485,-0.213736474,-0.426402312,4.67457465
-0.31480907,-0.300710421,-0.314680058,-0.011161254,4.693005028,-0.35289014,-0.203855933,-0.313194793,-0.148850036,4.572379895,-0.233152114,-0.293527726,-0.262319892,-0.252185763,6.033610845,-0.298327638,-0.259297791,-0.214345165,-0.214511154,4.389742403,-0.183447576,-0.243171544,-0.261687306,-0.311110026,6.02939827,-0.193920551,-0.22973131,-0.239147484,-0.363624078,5.094738291,-0.372573353,-0.306702277,-0.398451709,0.15399771,5.024548521,-0.31604487,-0.182048763,-0.298694441,-0.240356427,4.312078998,-0.167490421,-0.250906611,-0.225725937,-0.420379553,5.049665533,-0.306945454,-0.255519908,-0.209771398,-0.221365406,4.250053322,-0.205209255,-0.274023012,-0.257632414,-0.276093976,6.249553058,-0.116277268,-0.200337148,-0.194145266,-0.534181594,4.679179778
-0.341154903,-0.316990362,-0.275291484,-0.170301371,5.094461422,-0.332314833,-0.310958956,-0.248574165,-0.223669119,3.66526088,-0.301882534,-0.26461356,-0.322562782,-0.009607263,7.243404337,-0.264173784,-0.26270601,-0.29700642,-0.102634732,5.269757188,-0.235354073,-0.232530109,-0.230635418,-0.323935779,3.673306832,-0.298986833,-0.223750141,-0.256504651,-0.231294371,5.322232704,-0.332584017,-0.31769538,-0.275538809,-0.191661528,4.876795882,-0.330394215,-0.290545078,-0.234988827,-0.254331468,3.264107624,-0.22585611,-0.237452692,-0.282222929,-0.1483496,6.578634734,-0.326946106,-0.289744233,-0.327001261,0.051897847,5.819887106,-0.245069776,-0.226528498,-0.236386956,-0.313370416,3.585764635,-0.244679618,-0.188580041,-0.229401173,-0.367398441,4.785406642
-0.182386187,-0.201295228,-0.216885047,-0.456230804,4.294383062,-0.407701261,-0.409961524,-0.21415322,0.106387612,5.32352586,-0.180990203,-0.205378039,-0.218517536,-0.468925695,4.271671803,-0.247832314,-0.240430719,-0.244946264,-0.284529199,6.631949,-0.192761535,-0.212751365,-0.194686342,-0.435420345,4.698638204,-0.253006741,-0.268900949,-0.245520833,-0.277474495,4.707701279,-0.177684159,-0.19583618,-0.202302986,-0.462739567,4.28959965,-0.431895201,-0.449015945,-0.216660563,0.208289978,6.018475026,-0.121861393,-0.154931116,-0.180610219,-0.654092139,3.747385263,-0.240360877,-0.237674207,-0.250957381,-0.287739834,6.747364225,-0.17863794,-0.210009165,-0.191476957,-0.457362929,4.69582061,-0.192687024,-0.241925097,-0.200563657,-0.427768755,4.271269725
-0.165544829,-0.198433272,-0.206998155,-0.387960148,5.020657275,-0.238587923,-0.278053469,-0.295157983,-0.165441336,4.429386556,-0.098847916,-0.201127472,-0.269502808,-0.346056448,6.281289509,-0.257924668,-0.242786899,-0.238417256,-0.249897752,4.493209833,-0.229070017,-0.216669822,-0.244561334,-0.332539297,4.727055335,-0.189100644,-0.233408749,-0.263880181,-0.29316454,5.806305764,-0.150542739,-0.184955787,-0.202929946,-0.415603468,4.933054477,-0.248061682,-0.284486629,-0.304922983,-0.148256847,4.47650323,-0.024542591,-0.156807865,-0.254975116,-0.505947779,5.46255614,-0.27593067,-0.23217393,-0.258336016,-0.215647684,4.266988638,-0.223882277,-0.216679596,-0.262058959,-0.295270668,4.957736709,-0.124347142,-0.198612298,-0.226593709,-0.43475724,5.050116817
-0.384661184,-0.344549437,-0.216980564,-0.079521577,4.848251688,-0.282386952,-0.291851293,-0.229315054,-0.158604479,5.292055325,-0.155865711,-0.14361434,-0.215559491,-0.544394515,4.373073888,-0.324245454,-0.261458381,-0.251312598,-0.190563792,4.683045886,-0.160352433,-0.243990615,-0.225054174,-0.414369588,4.974625701,-0.201429794,-0.23482917,-0.197291004,-0.360326112,4.875998031,-0.405720616,-0.371143839,-0.232463097,-0.021654468,5.075378182,-0.28234534,-0.28646386,-0.236038509,-0.169325791,5.200311519,-0.09232139,-0.101992066,-0.184253844,-0.687211232,4.05104314,-0.321908027,-0.238530791,-0.267843836,-0.20028782,4.683618838,-0.15229271,-0.232735505,-0.212369093,-0.465400679,4.863215715,-0.15895667,-0.207130619,-0.171264311,-0.472957423,4.520269697
-0.136486358,-0.236186831,-0.191614397,-0.414644257,4.83486951,-0.330929389,-0.26870698,-0.258987978,-0.187784981,6.362490422,-0.376942586,-0.28444083,-0.27331158,-0.075556116,5.029309756,-0.359452853,-0.330456542,-0.260361581,-0.060802682,5.581152743,-0.165016215,-0.216180737,-0.206640924,-0.396590239,5.777751058,-0.285958773,-0.265042724,-0.261320068,-0.148125625,4.957797774,-0.137842125,-0.23759773,-0.194836482,-0.388960315,4.810449248,-0.362501871,-0.262115321,-0.27691982,-0.149910587,6.235122692,-0.329419893,-0.254630165,-0.238459181,-0.204776172,4.42328272,-0.349545765,-0.337379857,-0.249004529,-0.066328744,5.438815675,-0.166480646,-0.231167766,-0.197555606,-0.388257025,5.81131985,-0.219797922,-0.232401676,-0.217453406,-0.303579512,4.339014057
-0.171582832,-0.227602473,-0.224095974,-0.490604583,5.100015297,-0.291682589,-0.290902472,-0.209046556,-0.174822597,4.830964008,-0.301164945,-0.268792484,-0.267694526,-0.196010706,5.245804791,-0.27453593,-0.222861739,-0.276702342,-0.234704314,4.742054714,-0.20321258,-0.247037327,-0.246564487,-0.273687848,5.392879325,-0.252176947,-0.232183809,-0.27699412,-0.271426257,3.872395887,-0.202119273,-0.232791571,-0.238778577,-0.447870476,5.104333058,-0.29340418,-0.287871301,-0.214478245,-0.177059055,4.893040591,-0.229732184,-0.228357287,-0.235726199,-0.357584085,4.424173134,-0.272093753,-0.199377223,-0.283111593,-0.246004376,4.734101006,-0.187890166,-0.253857195,-0.224966236,-0.309126051,5.189785673,-0.176113645,-0.186633635,-0.245760791,-0.450807764,3.531657934
-0.199747695,-0.230306697,-0.261765633,-0.276107433,4.345021449,-0.180052055,-0.200943484,-0.263981618,-0.436771402,5.209624162,-0.118070433,-0.165786333,-0.255723133,-0.374101736,4.937023457,-0.141229813,-0.269581732,-0.191855045,-0.353984067,6.224204263,-0.18735576,-0.263169123,-0.225798681,-0.280229881,5.239244829,-0.168344179,-0.25071708,-0.239400105,-0.246409842,5.934548426,-0.182986341,-0.197634688,-0.267581891,-0.318557422,4.308783704,-0.211870068,-0.202270784,-0.291040159,-0.3512738,5.926549339,-0.059001417,-0.131708413,-0.222108681,-0.520000978,4.244770301,-0.125859136,-0.267378258,-0.182905706,-0.383100098,6.119123954,-0.170998953,-0.24592709,-0.228767783,-0.311885802,5.089004226,-0.11365764,-0.217418895,-0.208282933,-0.378959191,5.370064901
-0.349498629,-0.296343764,-0.274216883,-0.098095627,5.112420359,-0.162008525,-0.187891392,-0.263238032,-0.345723214,4.504870598,-0.163892063,-0.19724764,-0.227387278,-0.465544994,5.363854275,-0.231960123,-0.24642998,-0.222734926,-0.348617679,4.403623078,-0.276571744,-0.21321146,-0.251000495,-0.317478033,3.877752508,-0.182233718,-0.222002037,-0.24054972,-0.415453444,4.726481205,-0.37161655,-0.307155375,-0.280866537,-0.056518565,5.059115882,-0.140201208,-0.171288563,-0.250722671,-0.393170677,4.270483395,-0.116267964,-0.183228645,-0.189334383,-0.583815247,4.836381609,-0.239986061,-0.247158151,-0.23304257,-0.336529342,4.348168666,-0.282170593,-0.201946478,-0.272798092,-0.316885196,3.830976993,-0.132382571,-0.193121458,-0.213463318,-0.548253575,4.270265747
-0.309666423,-0.270457341,-0.278197116,-0.163957616,5.459421191,-0.342928326,-0.275683995,-0.24912086,-0.055365526,5.576188825,-0.176945793,-0.250941216,-0.148027962,-0.472624663,4.781012804,-0.151374017,-0.22678387,-0.222782837,-0.366563047,4.904319237,-0.257502072,-0.299007383,-0.182783929,-0.280506955,4.29354724,-0.289960274,-0.262654982,-0.25420103,-0.172141747,4.451029711,-0.282766118,-0.253748807,-0.282231031,-0.228014195,5.505519126,-0.365372443,-0.287679297,-0.263214993,0.00040678,5.751906185,-0.114047792,-0.2108702,-0.115683658,-0.625827772,4.328859012,-0.162876406,-0.21289625,-0.221852244,-0.360212439,4.724468092,-0.263488703,-0.301282766,-0.160554025,-0.291560603,4.177649556,-0.198791671,-0.217041089,-0.209258852,-0.372800885,4.00191103
-0.045146773,-0.181165744,-0.177276272,-0.61714451,5.727489517,-0.143243802,-0.278659392,-0.285362382,-0.311291538,5.796855421,-0.164386149,-0.252201266,-0.208984159,-0.379819976,5.886939175,-0.197860372,-0.235841653,-0.228489628,-0.311869318,4.31982661,-0.227621328,-0.196909532,-0.268033151,-0.276936989,5.380173657,-0.160347885,-0.210817499,-0.187861179,-0.389206516,5.217992934,-0.03648234,-0.18522379,-0.162041053,-0.642766881,5.644350661,-0.17660839,-0.297901839,-0.31816825,-0.216037677,5.760197799,-0.12878018,-0.232050926,-0.19453351,-0.440743063,5.670279247,-0.202383458,-0.240380358,-0.229675066,-0.304441965,4.288614523,-0.251598366,-0.204460027,-0.284157298,-0.218850068,5.557652476,-0.096023884,-0.185514196,-0.147178007,-0.529240531,4.85356285
-0.330541769,-0.293830859,-0.288724809,-0.133674641,4.534649494,-0.206863305,-0.246752844,-0.226818579,-0.319783653,7.167170329,-0.337701238,-0.268614096,-0.248189742,-0.208002981,4.560616793,-0.207697543,-0.259711819,-0.232540756,-0.268129938,6.657919003,-0.315017004,-0.26462714,-0.257264504,-0.178009233,5.072407563,-0.219462936,-0.263733004,-0.188997355,-0.275205854,5.174201579,-0.330620579,-0.311776859,-0.261070361,-0.137527563,4.275726928,-0.205951349,-0.250023438,-0.22598264,-0.30931604,7.070289706,-0.271549036,-0.243623419,-0.186043373,-0.367348092,4.062439243,-0.226355103,-0.279246475,-0.220576901,-0.238572559,6.922069646,-0.291545663,-0.245692272,-0.247971298,-0.233408451,4.84719354,-0.160356547,-0.227465599,-0.153467168,-0.420260708,4.686558176
-0.233865146,-0.25474064,-0.211134652,-0.335832167,5.403228145,-0.004245698,-0.186047458,-0.246294159,-0.651724941,5.017492434,-0.280089264,-0.223025018,-0.236484517,-0.198274932,3.751245196,-0.19765094,-0.240912356,-0.261921335,-0.315735625,5.902676102,-0.191183495,-0.27564222,-0.217766183,-0.338013616,5.894717525,-0.235143569,-0.202642884,-0.222938769,-0.342403429,4.366978118,-0.249225948,-0.275016558,-0.198052348,-0.327399671,5.685784334,0.027232675,-0.172144753,-0.25275897,-0.678187657,4.90032706,-0.209610578,-0.195999173,-0.181813025,-0.370664245,3.384822039,-0.202608624,-0.250984758,-0.269318782,-0.294170505,6.043849185,-0.220699397,-0.306809573,-0.219254246,-0.28825662,6.404374064,-0.17744598,-0.177268448,-0.173408844,-0.495788088,3.851285401
-0.247658834,-0.260761156,-0.201751171,-0.205218451,5.980187966,0.001698077,-0.094360144,-0.232678103,-0.644444423,5.940585039,-0.305358098,-0.244590841,-0.265011219,-0.188926264,5.243806858,-0.217734868,-0.22054965,-0.246574841,-0.235055851,5.084840407,-0.294488965,-0.267285845,-0.295293072,-0.152889588,4.992609797,-0.251263761,-0.222852571,-0.273073179,-0.256186653,4.205872794,-0.255146779,-0.260545953,-0.189781568,-0.222708863,5.82872959,0.05266067,-0.070321659,-0.226182112,-0.738684032,5.842694852,-0.246531392,-0.202777032,-0.235174421,-0.346158818,4.669440361,-0.217910428,-0.21350186,-0.247755657,-0.238309684,5.046096276,-0.307405644,-0.260534725,-0.321002006,-0.122561769,5.124509794,-0.203204092,-0.198088494,-0.241741216,-0.357453338,3.908084034
-0.21055124,-0.240029034,-0.260945283,-0.240595292,5.540119539,-0.423019854,-0.293773866,-0.327182047,0.038460159,4.777356775,-0.326183189,-0.241353777,-0.243417849,-0.300591303,4.827346911,-0.244838233,-0.220113817,-0.272439095,-0.259900592,5.004520537,-0.239696202,-0.240755668,-0.240341115,-0.251158751,5.280765626,-0.206348045,-0.203783804,-0.221384118,-0.412137376,4.941462714,-0.217718355,-0.242086497,-0.266810988,-0.222555796,5.622376922,-0.40475042,-0.29131641,-0.315862034,0.010919372,4.206068335,-0.248561638,-0.211495475,-0.200121234,-0.460061626,4.422106479,-0.254108896,-0.248162824,-0.26619155,-0.225765182,5.088654797,-0.243651729,-0.241274161,-0.240455088,-0.240389524,5.338169466,-0.153347649,-0.170529546,-0.186885982,-0.548219205,4.418033274
-0.462613575,-0.234099103,-0.314349974,-0.00847233,4.878479292,-0.179112753,-0.179985251,-0.259156163,-0.429210789,6.031317485,-0.138778903,-0.276858451,-0.258174048,-0.300823,5.888321105,-0.244027536,-0.279868473,-0.242968915,-0.316194507,4.928978349,-0.252516857,-0.272243564,-0.248016292,-0.113048197,5.951017015,-0.169532987,-0.227018412,-0.231769849,-0.326323309,6.054885987,-0.490654297,-0.245703416,-0.331898431,0.053122072,4.652920142,-0.199739919,-0.196627778,-0.29359719,-0.333588282,6.921968469,-0.048250972,-0.244014597,-0.21736008,-0.45792106,5.284741038,-0.222419947,-0.269902447,-0.232721188,-0.35344704,4.910728151,-0.250302961,-0.268135876,-0.263349992,-0.089338627,6.250117646,-0.104972891,-0.197861573,-0.196976416,-0.449654576,5.414259999
-0.317130867,-0.301566514,-0.265509339,-0.176394447,5.537587359,-0.209904396,-0.250155151,-0.296907416,-0.214775603,5.156274204,-0.273902849,-0.229109145,-0.274320969,-0.301693876,4.320226596,-0.107046104,-0.207843777,-0.207321839,-0.48495677,5.233949237,-0.317026576,-0.266207398,-0.221433829,-0.197906928,4.796469852,-0.193506956,-0.256297402,-0.18864481,-0.325873623,5.272524544,-0.324626809,-0.312221371,-0.29164074,-0.139352328,6.127379826,-0.211646797,-0.25782744,-0.268917166,-0.261677451,4.821695601,-0.199102201,-0.192540431,-0.24522878,-0.476246547,3.860092887,-0.096620611,-0.215395797,-0.192298613,-0.503715895,5.225524405,-0.313383025,-0.247985365,-0.222519263,-0.22955468,4.546915967,-0.145097043,-0.219239777,-0.163530731,-0.448419247,4.74992765
-0.560515021,-0.293035107,-0.31437218,0.122793618,4.531993933,-0.195024856,-0.227855871,-0.276285071,-0.32748236,4.695353979,-0.180045751,-0.253786307,-0.192451456,-0.391541843,4.958458948,-0.251435608,-0.282370551,-0.143184102,-0.331233209,4.632750831,-0.272900281,-0.288049997,-0.261812479,-0.13899237,4.897893539,-0.162667849,-0.219547797,-0.226591477,-0.36756068,4.630523665,-0.633944294,-0.34793612,-0.308846478,0.260316166,4.613342385,-0.198943386,-0.214296124,-0.289627038,-0.321391327,4.60416663,-0.135062002,-0.219639039,-0.151750219,-0.499252504,4.35693125,-0.249327338,-0.283486598,-0.144398,-0.335778073,4.54496991,-0.281830515,-0.311316053,-0.262880582,-0.092753774,5.271846052,-0.094988663,-0.179847101,-0.194902677,-0.525746573,4.162658102
-0.115321205,-0.176463464,-0.183545913,-0.537444321,5.834019566,-0.405211188,-0.298514238,-0.32444068,0.061549476,4.822281497,-0.164654513,-0.27186188,-0.190426787,-0.48382407,6.085194587,-0.397672909,-0.262463958,-0.269089162,0.017683531,4.939538157,-0.257094562,-0.227611176,-0.23760076,-0.249289599,4.702525181,-0.213047283,-0.253357773,-0.270719733,-0.168678719,5.16609308,-0.083941592,-0.161710844,-0.180259212,-0.601332816,5.619615178,-0.389767914,-0.297244102,-0.321035742,0.049711965,5.094764632,-0.109402841,-0.23328672,-0.164825168,-0.607908816,5.352786459,-0.380353315,-0.263527835,-0.242307981,-0.013165188,4.898917866,-0.240536647,-0.21214745,-0.240674003,-0.262487892,4.677346772,-0.157807214,-0.222320457,-0.239409316,-0.286925444,4.738292385
-0.335229762,-0.279649421,-0.30997006,-0.11291092,6.188964083,-0.315910473,-0.299845751,-0.276643317,-0.246806118,6.908447088,-0.185575078,-0.174423572,-0.245127008,-0.384423959,4.751815172,-0.295390973,-0.269919994,-0.249422335,-0.150568641,5.413880109,-0.305669624,-0.281931028,-0.232223878,-0.183001861,4.83585732,-0.301991487,-0.255039976,-0.229986863,-0.222597998,4.347941397,-0.36451333,-0.266481672,-0.339665439,-0.10555463,6.003273681,-0.345515496,-0.324264594,-0.291809218,-0.190727628,7.774072447,-0.094495025,-0.119146786,-0.21077479,-0.588616153,4.172299398,-0.301400434,-0.276585415,-0.243384326,-0.144317576,5.62002609,-0.298426197,-0.268852256,-0.227249086,-0.203974038,4.77403313,-0.244096455,-0.218989199,-0.18360619,-0.372071213,3.776018101
-0.246425473,-0.355064818,-0.170195587,-0.157202094,6.086783797,-0.39390589,-0.247791767,-0.300945409,0.01526845,4.931471978,-0.217208843,-0.235330313,-0.225520428,-0.271578749,7.037302333,-0.237094597,-0.27278831,-0.2641818,-0.215708325,6.545925317,-0.258631195,-0.226651856,-0.257601221,-0.28719716,4.629923803,-0.254753302,-0.245309559,-0.235715219,-0.276644882,4.921827812,-0.257744024,-0.357242899,-0.175194926,-0.10704563,6.486703873,-0.425162358,-0.261155593,-0.314066691,0.101049747,5.273230145,-0.149012322,-0.190482892,-0.192091197,-0.40409094,6.182135409,-0.271014555,-0.285238559,-0.290002316,-0.153143333,7.225583622,-0.267645089,-0.220620176,-0.263718231,-0.274308166,4.675709832,-0.180348749,-0.21216418,-0.186059388,-0.457072247,4.363632476
-0.064329404,-0.245228334,-0.199301709,-0.516807364,5.374835827,-0.279174552,-0.250022772,-0.277208993,-0.121440651,5.252947421,-0.18288614,-0.259987468,-0.185269936,-0.380920293,4.841515734,-0.225504212,-0.276775791,-0.24766185,-0.182464648,5.40603377,-0.435872115,-0.309684328,-0.351506956,0.114666084,5.71046971,-0.216264685,-0.198304051,-0.261191509,-0.282335344,4.630240804,-0.060007375,-0.272230275,-0.196775922,-0.472361976,5.744551723,-0.253441972,-0.234306941,-0.264087914,-0.175402816,4.897975343,-0.142471087,-0.234444178,-0.154962918,-0.454537985,4.399303888,-0.233379522,-0.289050342,-0.245281398,-0.162007308,5.453841077,-0.478378524,-0.330701943,-0.371219332,0.208216113,6.10400953,-0.157295633,-0.170269976,-0.217850615,-0.423508107,3.977340819
-0.230829163,-0.222353112,-0.292572014,-0.223103534,5.136404363,-0.175022149,-0.241770517,-0.202662794,-0.480518664,4.547407037,-0.213938154,-0.23475096,-0.237211519,-0.280303257,4.653316456,-0.084723548,-0.197713584,-0.283978225,-0.299749314,6.940239255,-0.373994809,-0.267741527,-0.324852918,0.048246671,5.650397159,-0.296695272,-0.20935919,-0.262517067,-0.374909019,3.710481472,-0.212153966,-0.203626852,-0.30257904,-0.263901613,4.882907084,-0.159668709,-0.234985935,-0.190862968,-0.53241794,4.339091503,-0.154185086,-0.192039464,-0.206143205,-0.426851247,4.079110467,-0.068846372,-0.186092523,-0.278184205,-0.313267607,7.07713882,-0.417015113,-0.26805577,-0.346943031,0.15021887,5.868188387,-0.23796989,-0.183237872,-0.220053755,-0.529209084,3.216798244
-0.31169626,-0.271729385,-0.203549709,-0.251255566,6.605224618,-0.177724693,-0.238407836,-0.23480656,-0.427323873,4.766698783,-0.272213934,-0.224384619,-0.322362509,-0.124492149,4.565121966,-0.334435181,-0.266959834,-0.292024906,-0.027671705,4.768231281,-0.34094333,-0.302116093,-0.257550804,-0.125932513,5.423968184,-0.181849845,-0.204715325,-0.241001071,-0.341627097,6.526495186,-0.31716716,-0.283215091,-0.193472238,-0.252249252,7.202911147,-0.170777399,-0.247569365,-0.219455502,-0.449419389,4.592267196,-0.182115423,-0.189436408,-0.245149248,-0.342298365,3.76822134,-0.353221533,-0.273423184,-0.302877444,0.012236496,5.007016584,-0.338403137,-0.29050206,-0.253425814,-0.13641405,5.230022793,-0.130502113,-0.173446396,-0.216025807,-0.462476123,6.018894444
-0.211262488,-0.311268323,-0.289676241,-0.256890449,5.160625279,-0.237675386,-0.190918638,-0.303207609,-0.294708041,4.688505324,-0.040740835,-0.217824321,-0.173873309,-0.553760439,4.095511568,-0.24419691,-0.220539787,-0.260405516,-0.260228617,4.910476991,-0.28481124,-0.29918477,-0.261880217,-0.160389761,4.760751882,-0.276929458,-0.238490572,-0.277679501,-0.261483046,4.489079663,-0.207644721,-0.321213692,-0.27862231,-0.268511143,5.148281635,-0.213586545,-0.177415551,-0.279063588,-0.362313546,4.364316048,-0.004070844,-0.19942726,-0.127153103,-0.650662069,3.753654572,-0.204359069,-0.197434936,-0.244638272,-0.344458757,4.461365128,-0.268216334,-0.317392274,-0.249713276,-0.18567322,4.740395499,-0.223684793,-0.201653763,-0.244928708,-0.390676727,3.947087412
-0.264211444,-0.247788814,-0.280183643,-0.229193134,6.050723346,-0.042796492,-0.233587239,-0.205826198,-0.47585951,7.493388979,-0.187945497,-0.265708487,-0.230917962,-0.293067388,5.12494607,-0.28072517,-0.246376529,-0.251979678,-0.177011944,4.570657893,-0.229500428,-0.244468284,-0.243004548,-0.259031199,4.894793048,-0.139098894,-0.184756684,-0.282400307,-0.356008848,5.379281424,-0.288823583,-0.248593714,-0.31601277,-0.166887435,6.259786286,-0.025161998,-0.223679132,-0.190829253,-0.517402243,7.500387012,-0.144236867,-0.253027407,-0.202272041,-0.379426065,4.945588222,-0.274009224,-0.244682477,-0.250114478,-0.18645044,4.433647809,-0.228292701,-0.233232235,-0.24078386,-0.263334545,4.733551585,-0.100272753,-0.163506156,-0.241099095,-0.460006638,4.796327838
-0.0635444,-0.251560707,-0.180933509,-0.343490292,7.455920872,-0.361968338,-0.246445748,-0.303624449,-0.01668489,4.626994881,-0.294030641,-0.204241538,-0.294999237,-0.241587168,4.779539322,-0.196031376,-0.27517082,-0.241111503,-0.212403431,5.110231108,-0.183562127,-0.20698079,-0.234516089,-0.34400867,5.522699628,-0.191773561,-0.257450003,-0.205217554,-0.341818614,5.249974572,-0.02583931,-0.237999583,-0.155886103,-0.408598582,7.074862477,-0.3767065,-0.244828423,-0.306068971,-0.002872303,4.706105164,-0.212994642,-0.154527388,-0.265909407,-0.401903927,4.058552342,-0.207618005,-0.288657307,-0.239360842,-0.185463274,5.187685114,-0.196482178,-0.208610404,-0.253460059,-0.299759334,5.956105357,-0.147504922,-0.233007451,-0.173995648,-0.455980961,4.752903519
-0.473210303,-0.31181127,-0.274284369,0.026014357,4.353890029,-0.391208041,-0.211643418,-0.304567193,-0.076908853,4.495410294,-0.305653701,-0.276271461,-0.231978234,-0.326651204,4.092787262,-0.302405834,-0.245956496,-0.275002588,-0.151050783,4.634240556,-0.085747535,-0.218937056,-0.21289119,-0.468541899,5.132462299,-0.25362361,-0.240157047,-0.196657495,-0.261594987,4.238854079,-0.448397653,-0.30405684,-0.24824162,-0.01990613,4.260882209,-0.378562273,-0.238447123,-0.280986012,-0.072321858,4.405430236,-0.268198471,-0.266313971,-0.20631814,-0.397284717,4.066538541,-0.294692376,-0.228038269,-0.28373201,-0.170959344,4.56521906,-0.073222929,-0.223778371,-0.197619427,-0.48422592,5.079025582,-0.19046843,-0.195882766,-0.163440935,-0.414222502,3.774767127
-0.256953952,-0.212642429,-0.253562959,-0.299786923,4.35927776,-0.432377835,-0.33586328,-0.329796617,0.126415415,5.180666233,-0.356593141,-0.260611704,-0.285472295,-0.193611855,4.157737979,-0.182772639,-0.244126504,-0.29312251,-0.348230266,4.840052828,-0.221434008,-0.260265865,-0.255402344,-0.303764504,5.914636305,-0.179541673,-0.213221226,-0.236775081,-0.3385709,5.107516896,-0.259395401,-0.208022594,-0.259708318,-0.286779157,4.385731582,-0.437171145,-0.322366649,-0.333641759,0.114519195,4.912713757,-0.293760759,-0.226214875,-0.260711329,-0.318331063,3.831444583,-0.226103039,-0.267958334,-0.298724679,-0.268858751,4.796923626,-0.229019934,-0.267089039,-0.252596028,-0.300822979,5.954524811,-0.128897588,-0.191417329,-0.200129042,-0.462178602,4.574403242
-0.207046724,-0.268630043,-0.248531166,-0.19950737,6.148796996,-0.204170417,-0.224027912,-0.23562371,-0.255841877,4.887057666,-0.24307863,-0.245554614,-0.278873855,-0.276540304,4.585246548,-0.139793271,-0.220464198,-0.166561702,-0.51405,5.021723797,-0.265303162,-0.22709903,-0.307113766,-0.17257328,5.466794661,-0.178713125,-0.271593305,-0.182088385,-0.354820982,4.118097988,-0.223425102,-0.288500414,-0.252981317,-0.151669862,7.085349589,-0.18544838,-0.20311014,-0.236901586,-0.2823876,5.01367605,-0.16759177,-0.196258852,-0.263002138,-0.428046558,4.182863523,-0.13532309,-0.232288122,-0.152997558,-0.511472518,4.914916875,-0.292712161,-0.2448451,-0.307806547,-0.125580794,5.600355386,-0.11106036,-0.218249605,-0.157893899,-0.501232312,3.745175665
-0.16752045,-0.252477934,-0.230079484,-0.245533085,5.98651489,-0.173515718,-0.190020551,-0.297852723,-0.258384875,5.045894218,-0.177337587,-0.179488131,-0.224603428,-0.387285728,6.444546538,-0.249803468,-0.238741328,-0.263982435,-0.215904434,5.879822419,-0.256111422,-0.239588817,-0.2231201,-0.315016543,5.487782904,-0.296554539,-0.252861629,-0.242344721,-0.180460418,4.554194808,-0.180769193,-0.260142527,-0.243388455,-0.218372139,6.071697287,-0.174137004,-0.16451173,-0.317737143,-0.268410487,5.038732303,-0.136206562,-0.150336008,-0.188934057,-0.488838004,5.528010419,-0.269552896,-0.249326091,-0.282507557,-0.170854975,6.098483183,-0.2995818,-0.252629015,-0.251905605,-0.237277842,5.888648657,-0.244890864,-0.223971854,-0.207729277,-0.307159613,4.137332341
-0.351072761,-0.26110628,-0.299839555,-0.05892765,4.6535145,-0.287268937,-0.314453527,-0.203473485,-0.213335166,3.876159682,-0.256491544,-0.242160243,-0.28981987,-0.182435658,4.749821208,-0.33282647,-0.253726727,-0.309261777,-0.106157221,5.637155406,-0.170481833,-0.227750573,-0.249470244,-0.340665388,5.479611724,-0.204053962,-0.217504012,-0.247609333,-0.332782547,5.713524039,-0.346460066,-0.251640514,-0.290767382,-0.077561829,4.55192858,-0.290341869,-0.326465452,-0.188429304,-0.217467285,3.962733543,-0.212755453,-0.196033449,-0.258684747,-0.319279023,4.135302487,-0.360879912,-0.276697992,-0.307050589,-0.070672446,5.720280105,-0.194789992,-0.236098067,-0.253767874,-0.311114462,5.6489214,-0.153295078,-0.169545873,-0.214741892,-0.468730784,5.002434499
-0.275654614,-0.203382892,-0.260356472,-0.323234531,4.978316175,-0.064488444,-0.148372739,-0.156415776,-0.605148008,5.324692678,-0.296260081,-0.227138003,-0.320593992,-0.167535247,5.29290123,-0.246174924,-0.273549233,-0.205731174,-0.134261854,4.744147409,-0.130571744,-0.184920688,-0.239341382,-0.39886256,6.672042738,-0.301162226,-0.244774475,-0.239098184,-0.251046661,4.436872134,-0.306955297,-0.240357314,-0.265161683,-0.247352544,4.995221421,-0.049234668,-0.144987658,-0.14220437,-0.637033302,5.1112876,-0.225310046,-0.196093211,-0.280221774,-0.315637384,4.834279984,-0.225713225,-0.273759875,-0.181932842,-0.160242926,4.661152654,-0.131797763,-0.184021506,-0.237274732,-0.415961161,6.873009827,-0.2440257,-0.211665088,-0.190666496,-0.416897827,3.875767817
-0.262172962,-0.368372591,-0.207068166,-0.398526328,4.208577103,-0.187548407,-0.254630051,-0.277041349,-0.24023043,6.12220233,-0.079117057,-0.171331891,-0.213422152,-0.494172591,4.500554773,-0.21198184,-0.215356497,-0.216076409,-0.348697484,4.880598477,-0.400375865,-0.286882664,-0.311414309,-0.083919655,4.490998026,-0.234971745,-0.197159691,-0.221366199,-0.334259474,5.440924501,-0.289285289,-0.397838154,-0.245875139,-0.298663262,4.835604105,-0.230150654,-0.280572831,-0.295629013,-0.142027689,6.788970206,-0.008856632,-0.124735374,-0.188555033,-0.63806124,4.195941859,-0.227107355,-0.216208011,-0.230142308,-0.331610356,4.968789078,-0.396453815,-0.268090791,-0.30394687,-0.105251095,4.044619302,-0.178821272,-0.161318351,-0.195767223,-0.459055683,5.041461054
-0.2462343,-0.185067111,-0.257392591,-0.236656987,5.625561572,-0.320365977,-0.24344884,-0.334144449,-0.058515986,4.365331608,-0.267089564,-0.218286074,-0.211712121,-0.264472503,4.574897782,-0.312746766,-0.275082709,-0.232170443,-0.249869902,4.153044102,-0.1011578,-0.228767195,-0.205505527,-0.434540256,5.392080554,-0.204740862,-0.26627574,-0.217887532,-0.262394656,6.718848442,-0.238211553,-0.185572416,-0.239222805,-0.264119678,5.48808333,-0.289848424,-0.261701255,-0.311103361,-0.1187862,4.409021607,-0.214633335,-0.188596439,-0.183685052,-0.376414564,4.307818382,-0.333966532,-0.265486598,-0.257996157,-0.216560812,4.119508412,-0.107242649,-0.230473927,-0.197729535,-0.440906923,5.299507376,-0.131949736,-0.223892967,-0.19267251,-0.41685485,5.819299377
-0.310362312,-0.295809952,-0.296382214,-0.034136328,8.422069535,-0.122366007,-0.205716143,-0.271277344,-0.421412377,4.628902907,-0.311493549,-0.23519447,-0.234700049,-0.320443629,3.618774094,-0.223015117,-0.290850545,-0.207412844,-0.28622888,5.900078448,-0.203315024,-0.227016235,-0.260896909,-0.233876624,6.174592219,-0.271047502,-0.255933369,-0.252141935,-0.248000142,4.535937677,-0.321823876,-0.306119124,-0.309945194,0.02070195,9.953530686,-0.143191608,-0.18824759,-0.309347081,-0.388193395,4.991823315,-0.267925685,-0.189736223,-0.201595861,-0.446945156,3.291157023,-0.188593901,-0.281595515,-0.177797672,-0.382611843,5.628534821,-0.225705446,-0.230596232,-0.273626884,-0.191579782,6.087425382,-0.215315226,-0.224535739,-0.214839414,-0.386722722,4.088536914
-0.215502657,-0.234470031,-0.249417802,-0.34917436,7.858636961,-0.24649844,-0.24095108,-0.225657214,-0.400083186,4.803167637,-0.147777711,-0.25616989,-0.236506,-0.235025187,6.329889356,-0.157161495,-0.207017871,-0.223265611,-0.390838557,5.591315683,-0.252808285,-0.283609752,-0.237775387,-0.113649992,7.214788448,-0.272587875,-0.272306458,-0.250671084,-0.171268852,4.77041748,-0.221018564,-0.241416334,-0.26411525,-0.337927355,8.710357435,-0.24970299,-0.259843307,-0.226951135,-0.39378073,4.767549027,-0.117284221,-0.239858493,-0.215150537,-0.307771911,5.678716709,-0.16467141,-0.209427402,-0.231645377,-0.356211467,5.881098007,-0.265842809,-0.313691848,-0.241044856,-0.055004115,8.456328494,-0.199835827,-0.241988369,-0.199885309,-0.333819259,4.081442964
-0.228708889,-0.30362623,-0.276575677,-0.114350752,5.414581461,-0.221126396,-0.176035723,-0.181336856,-0.358461265,5.677670026,-0.174646447,-0.216555418,-0.157315111,-0.447667084,4.356158938,-0.258445888,-0.276507618,-0.26103229,-0.163694828,4.981131867,-0.236018078,-0.271362389,-0.235879631,-0.290473765,5.434953242,-0.174497585,-0.236115593,-0.232947461,-0.353829786,4.79079033,-0.235286871,-0.316330304,-0.284661832,-0.106767553,5.197153978,-0.222626125,-0.175914882,-0.149285227,-0.397370118,5.37491939,-0.131275761,-0.186237918,-0.133495002,-0.538649281,4.240747388,-0.260016629,-0.30638703,-0.249106598,-0.125579942,5.176670253,-0.23553977,-0.275383952,-0.231159114,-0.283282712,5.610739159,-0.14261332,-0.216848662,-0.196997807,-0.452211057,4.40402745
-0.144758588,-0.256052003,-0.223143838,-0.165077402,7.72189287,-0.255891333,-0.213766331,-0.277261993,-0.200040566,4.947683086,-0.134610324,-0.250688289,-0.240827936,-0.353232609,5.074197244,-0.37556919,-0.317170503,-0.270514816,-0.064309747,5.708808561,-0.28545371,-0.281293519,-0.264805993,-0.183433819,4.85040166,-0.160274894,-0.20135677,-0.272715704,-0.360444837,6.190837525,-0.148108117,-0.245058505,-0.226151377,-0.167347514,7.664009762,-0.28697932,-0.251221182,-0.264469329,-0.159966159,5.113986759,-0.081726213,-0.214014964,-0.201965221,-0.499532592,4.421277423,-0.404195174,-0.337020836,-0.292629204,0.003988183,6.334565742,-0.26464702,-0.275612022,-0.241810111,-0.230417157,4.760793991,-0.105177405,-0.176060293,-0.232171135,-0.491766982,5.594269061
-0.161073859,-0.281202325,-0.17868291,-0.23979044,7.543237337,-0.342227913,-0.317906622,-0.308247338,-0.100898397,6.201623832,-0.292046361,-0.147730287,-0.263812314,-0.350439404,3.282830586,-0.234839968,-0.16989922,-0.28144317,-0.298014786,6.019660246,-0.352164795,-0.270751191,-0.266377351,-0.164539838,5.007883924,-0.169912036,-0.24529354,-0.26281703,-0.372286014,5.34469478,-0.151089373,-0.286558578,-0.18181431,-0.231439193,8.045148685,-0.468446165,-0.389385346,-0.340631598,0.12082766,6.89399011,-0.261820864,-0.124081831,-0.233018373,-0.45308668,3.049961486,-0.223143205,-0.156532919,-0.279497764,-0.322358006,5.725055246,-0.404923067,-0.296026973,-0.311312133,-0.065583889,5.317359007,-0.119453946,-0.214872725,-0.232884138,-0.504385676,4.921838356
-0.473738856,-0.316864442,-0.249151307,-0.073727875,5.174375805,-0.358916198,-0.239430211,-0.284681048,-0.083439674,5.409791236,-0.091635897,-0.220698443,-0.202130677,-0.416935182,5.622455154,-0.161477715,-0.2672138,-0.218223119,-0.345911955,4.95113031,-0.305997106,-0.337619184,-0.218400064,-0.160387754,5.677066697,-0.260632582,-0.239480703,-0.250932871,-0.291898811,4.788013397,-0.488980533,-0.327062237,-0.243641373,-0.034956782,5.827002196,-0.322588765,-0.211707769,-0.309907337,-0.140194705,5.418246962,-0.009863296,-0.184561889,-0.156499557,-0.591617288,5.089250716,-0.156774397,-0.267712417,-0.228980385,-0.342192156,5.414096674,-0.313043655,-0.334616891,-0.225960859,-0.148316864,5.788375418,-0.192856693,-0.20177356,-0.200374505,-0.469020501,4.127286366
-0.329081729,-0.253252012,-0.28946194,-0.17367326,5.522009462,-0.237592992,-0.195665711,-0.339983054,-0.152195038,7.848063174,-0.353658098,-0.276944897,-0.251931531,-0.185345945,3.527685489,-0.328447713,-0.263684056,-0.278080856,-0.106197222,4.832756837,-0.226852358,-0.224746722,-0.253301945,-0.2773562,4.840490352,-0.295048584,-0.247800031,-0.272482744,-0.165924065,3.954777081,-0.31729298,-0.263526221,-0.285426745,-0.183470351,5.785575184,-0.265577356,-0.211068137,-0.360757348,-0.107755669,8.260122632,-0.309073255,-0.259740377,-0.214840966,-0.292399754,3.241387884,-0.32284023,-0.247804732,-0.291320994,-0.100653296,5.150866762,-0.23792703,-0.223905154,-0.255995539,-0.272118005,4.82467298,-0.228941032,-0.215843654,-0.22569739,-0.324125201,3.558977999
-0.20404239,-0.261744005,-0.271149186,-0.288102673,6.269622745,-0.128345218,-0.197471323,-0.206103372,-0.419192156,5.76336953,-0.138574244,-0.230579318,-0.204784251,-0.500580224,4.47843728,-0.261321543,-0.206091434,-0.290705308,-0.326469137,4.112051414,-0.297172988,-0.223961526,-0.251257454,-0.258782674,4.700461143,-0.318403701,-0.235927993,-0.250870643,-0.297432251,4.695262691,-0.201855324,-0.267356717,-0.287467988,-0.261990694,6.589215931,-0.143300716,-0.207866724,-0.215783219,-0.377335119,6.271932479,-0.090598558,-0.20509064,-0.171843047,-0.605964719,4.185651096,-0.249468879,-0.190907261,-0.277766931,-0.377091465,3.744960852,-0.302406287,-0.237257218,-0.252285677,-0.25336642,4.699456093,-0.246035295,-0.209886923,-0.201769505,-0.447941335,4.059649317
-0.265562811,-0.198828894,-0.269024113,-0.267763735,4.71655492,-0.303648476,-0.237389183,-0.328942184,-0.224247897,4.237688854,-0.057172315,-0.152604809,-0.214827014,-0.6237021,6.00949757,-0.240488301,-0.256925438,-0.211338828,-0.310587523,4.42500642,-0.234572088,-0.212792662,-0.278898162,-0.189672846,4.99175337,-0.252925805,-0.207313178,-0.264385187,-0.212140794,5.092897836,-0.298681563,-0.231731048,-0.26191567,-0.194035675,5.079631071,-0.302013424,-0.245148853,-0.325297731,-0.255758595,4.027657877,-0.012780553,-0.133850682,-0.192082978,-0.71605046,5.588486617,-0.216781684,-0.235400122,-0.211039826,-0.365406251,4.312704304,-0.208516646,-0.205656286,-0.26182647,-0.236622393,4.640828765,-0.191050408,-0.15671607,-0.226769792,-0.378627424,4.461659225
-0.23234864,-0.20987782,-0.263274186,-0.420848488,4.507390795,-0.272879893,-0.234742516,-0.310075495,-0.09383159,5.554024581,-0.199040864,-0.239346718,-0.23225521,-0.302465726,5.578888764,-0.299334745,-0.234784037,-0.269566594,-0.19194749,4.416514641,-0.356381913,-0.279547745,-0.288128019,-0.058946696,6.081042113,-0.152784413,-0.197880292,-0.204856184,-0.346745383,5.629533982,-0.255129266,-0.242311002,-0.258432412,-0.36164222,4.689312579,-0.267447239,-0.234657165,-0.332924787,-0.053700809,5.579165112,-0.150497623,-0.225861183,-0.193321087,-0.41607647,5.148990658,-0.296434039,-0.231165876,-0.259084847,-0.207871471,4.192142608,-0.360779398,-0.284584419,-0.298560288,-0.045010984,6.295486706,-0.087415973,-0.161662245,-0.167606215,-0.488686025,5.022761502
-0.261190986,-0.245035434,-0.27989376,-0.255891818,6.785096371,-0.429426502,-0.277439445,-0.420920442,0.167137384,5.811035261,-0.256604896,-0.246369194,-0.245199569,-0.314298761,6.468948543,-0.296441782,-0.278578965,-0.263427291,-0.128884189,4.817693509,-0.232083613,-0.216322877,-0.269741666,-0.280485695,4.545710551,-0.145577704,-0.215213124,-0.216514978,-0.481912002,4.097590651,-0.238524512,-0.23240893,-0.265785585,-0.299005539,6.295729181,-0.46807169,-0.272470205,-0.447406614,0.260591949,6.018202368,-0.181788181,-0.200686466,-0.21785226,-0.469967513,5.765279925,-0.320775866,-0.284648666,-0.28095566,-0.083805101,4.978847994,-0.229842568,-0.202399616,-0.263322158,-0.302052326,4.421578066,-0.089843799,-0.198643674,-0.184029906,-0.591424861,3.877072575
-0.240852656,-0.2486229,-0.25064063,-0.293501026,4.785219015,-0.216884156,-0.147043158,-0.274827834,-0.313803831,4.554316028,-0.222626387,-0.238653331,-0.160116395,-0.265843043,4.349512731,-0.247513909,-0.277772457,-0.263587096,-0.220024091,5.342561056,-0.312240159,-0.282415891,-0.241355665,-0.176528664,4.555791006,-0.179170247,-0.145838559,-0.223289147,-0.54024198,4.369050728,-0.238926419,-0.264636617,-0.258362517,-0.289850407,4.854562861,-0.207624081,-0.133534635,-0.290994379,-0.297866523,4.600857304,-0.158858313,-0.192151452,-0.119863401,-0.424445065,3.766381158,-0.246819136,-0.300539655,-0.24135076,-0.215899297,5.659630542,-0.293612509,-0.276052005,-0.220035657,-0.233464557,4.430158279,-0.11337788,-0.10847887,-0.186877057,-0.699006185,4.04157906
-0.289625071,-0.29800956,-0.224805961,-0.158140826,4.849811457,-0.242797285,-0.216838593,-0.316870065,-0.133746629,4.731723413,-0.29025012,-0.227464329,-0.215390182,-0.176427721,4.928852093,-0.212012894,-0.261512357,-0.210740972,-0.27114227,4.942950457,-0.338905893,-0.304428907,-0.243541534,-0.084236174,4.810842061,-0.178290871,-0.211647483,-0.22142528,-0.379781145,5.277507453,-0.309005417,-0.311705892,-0.18900572,-0.171609105,4.672791373,-0.260654981,-0.214099215,-0.322480254,-0.092675104,4.697635803,-0.240435083,-0.207690185,-0.181231708,-0.294282456,4.568874794,-0.184567092,-0.25252306,-0.196576376,-0.314649391,4.771014966,-0.354449852,-0.32056151,-0.240794788,-0.061748228,4.826803263,-0.133006226,-0.188205516,-0.183382768,-0.499237766,4.847310086
-0.168025943,-0.191556137,-0.330599469,-0.316048088,5.935195601,-0.222532747,-0.230000303,-0.278021708,-0.339728583,4.666470305,-0.301449411,-0.205066297,-0.261472383,-0.250751529,4.26886991,-0.369031952,-0.270344758,-0.268896352,-0.123857822,4.344363214,-0.248578983,-0.23462031,-0.240506536,-0.247078446,5.832120796,-0.26320474,-0.27085424,-0.258681205,-0.19929198,4.551162288,-0.142614254,-0.178828702,-0.322719396,-0.385601813,5.513737049,-0.195845977,-0.201859322,-0.288867209,-0.395397524,4.455278271,-0.254723587,-0.186911952,-0.218421678,-0.381847977,3.842840985,-0.332943384,-0.231697259,-0.253949081,-0.213289315,3.943515827,-0.274022453,-0.234305755,-0.277236425,-0.180163982,6.209245037,-0.19792873,-0.22731689,-0.218870509,-0.36648997,4.053544781
-0.339170508,-0.243950915,-0.261950674,-0.240265045,4.318895541,-0.197306738,-0.199094791,-0.295561581,-0.361924112,5.193473248,-0.255067813,-0.225673563,-0.24263615,-0.401711544,4.893851346,-0.30025518,-0.265875813,-0.226601804,-0.262999486,4.390710025,-0.285642968,-0.230169046,-0.26592881,-0.218524315,5.299068023,-0.186990256,-0.254265726,-0.26169598,-0.252292441,5.2432487,-0.316417589,-0.222224991,-0.249462241,-0.306480167,3.899108984,-0.240166458,-0.239567602,-0.313566659,-0.286037925,5.725166352,-0.20999262,-0.191767316,-0.214153209,-0.530007252,4.321611542,-0.284488498,-0.269085317,-0.209794481,-0.310034921,4.275895274,-0.30616746,-0.223657237,-0.278942439,-0.207149886,5.279018436,-0.097702647,-0.207612321,-0.214907527,-0.45781495,4.495553467
-0.20492723,-0.23379952,-0.248704944,-0.325090665,5.078595393,-0.244045653,-0.188833422,-0.183139129,-0.373764422,4.925013464,-0.102080844,-0.220975689,-0.189395504,-0.384135138,5.931912239,-0.327107524,-0.264262021,-0.257888531,-0.188141019,5.339697222,-0.156483151,-0.240729236,-0.217850605,-0.398483202,4.812716371,-0.305575215,-0.233212532,-0.285355112,-0.272539689,4.169653159,-0.19869834,-0.215256039,-0.257205254,-0.334777277,4.963853227,-0.222163469,-0.174845028,-0.179035953,-0.429715978,4.776004889,-0.073955119,-0.194017787,-0.189232544,-0.422398221,5.616600098,-0.310063794,-0.26897271,-0.242790667,-0.238638824,5.106158121,-0.155840604,-0.252457251,-0.204337538,-0.388474588,4.689770261,-0.24527115,-0.203551064,-0.252572392,-0.413250605,3.7827314
-0.178364203,-0.242215745,-0.213323808,-0.448776826,4.757120413,-0.357614001,-0.329946599,-0.297119185,-0.065758461,4.432905898,-0.325758214,-0.274244325,-0.261228214,-0.17502213,5.039965442,-0.179000086,-0.233819153,-0.226339758,-0.35326909,5.872780294,-0.136985762,-0.209606143,-0.235746576,-0.373964991,5.621338635,-0.316224395,-0.248815277,-0.237697534,-0.261991348,4.335123134,-0.190837656,-0.260608432,-0.212614504,-0.432850129,5.084252187,-0.372087778,-0.354889017,-0.271359424,-0.043284774,4.211256228,-0.253826546,-0.232145134,-0.229970281,-0.327821821,4.62255986,-0.180898764,-0.251715985,-0.213973078,-0.356817436,5.939234298,-0.129602939,-0.21149972,-0.220737451,-0.392425228,5.539449864,-0.286970693,-0.219491057,-0.211470316,-0.354031442,3.992456025
-0.22788245,-0.196481465,-0.259587792,-0.399217275,4.062909984,-0.250262852,-0.26061475,-0.278571712,-0.115665014,5.284032876,-0.189300579,-0.22213782,-0.222373085,-0.283555221,4.755783215,-0.22268499,-0.207135409,-0.272863514,-0.28846167,5.474713831,-0.23907145,-0.228452453,-0.255860197,-0.303781352,5.60031822,-0.187352156,-0.205172505,-0.265488451,-0.286565954,6.089937444,-0.201672849,-0.167614973,-0.253385872,-0.456248972,3.835827939,-0.215030122,-0.272368822,-0.241596019,-0.195548278,5.323289111,-0.151263471,-0.197644573,-0.193941006,-0.357811952,4.330025857,-0.21709219,-0.204085015,-0.279873466,-0.2930191,5.654388862,-0.252341261,-0.230276478,-0.276049998,-0.264179918,5.9213867,-0.131757326,-0.186051757,-0.224002495,-0.401157321,5.568281114
-0.299756814,-0.254280432,-0.221826533,-0.191387331,5.310642028,-0.395992375,-0.236735046,-0.204085495,-0.246161678,4.415449132,-0.253280172,-0.200912409,-0.237955148,-0.376166209,3.767939195,-0.280749293,-0.277948691,-0.241139953,-0.18337932,4.873110106,-0.23929939,-0.267114502,-0.25999656,-0.171043647,6.624257747,-0.172398564,-0.229867106,-0.253284132,-0.421276439,5.235359078,-0.358267465,-0.277959778,-0.243967862,-0.093879899,5.404945364,-0.36486535,-0.237389965,-0.180564374,-0.309425645,4.499365406,-0.187433696,-0.155863267,-0.205080911,-0.546677942,3.402931933,-0.289187352,-0.28256477,-0.252001483,-0.160934371,4.923939233,-0.233462903,-0.263045617,-0.253744817,-0.184186763,6.251511252,-0.13142929,-0.211179429,-0.235709487,-0.512780941,5.00299176
-0.35327947,-0.275708024,-0.240811785,-0.067467931,5.313573346,-0.226407134,-0.217527209,-0.199750726,-0.47280751,3.863780308,-0.292217515,-0.288849628,-0.26605001,-0.120299027,4.383978097,-0.247944797,-0.288889856,-0.198830428,-0.285789376,4.757083565,-0.25693364,-0.22092767,-0.257035944,-0.327072185,4.624207826,-0.229630543,-0.273340123,-0.241649616,-0.246399915,5.92528722,-0.339856841,-0.267730972,-0.203444286,-0.126991133,4.844324658,-0.204708276,-0.216242969,-0.181819839,-0.534093847,3.691823657,-0.18208224,-0.237000663,-0.202055754,-0.363243456,3.535005949,-0.256428892,-0.298137443,-0.190151745,-0.291110415,4.724423376,-0.28467455,-0.222783311,-0.263404694,-0.28770266,4.817405847,-0.159410385,-0.224016912,-0.204269831,-0.432666005,5.073109089
-0.31604366,-0.32387349,-0.239507932,-0.075695679,5.275797363,-0.188686224,-0.250921637,-0.27460899,-0.302005138,4.903519597,-0.277034559,-0.249500629,-0.261485451,-0.276971449,4.845726451,-0.397682974,-0.286836002,-0.309510644,-0.048942484,5.69922771,-0.17334338,-0.198078086,-0.224268383,-0.368708371,6.040722818,-0.14619914,-0.2028886,-0.164650718,-0.48901692,5.079038919,-0.298065536,-0.321436323,-0.226057853,-0.09285242,5.253321555,-0.222146176,-0.266663042,-0.300430233,-0.212074711,5.149478264,-0.196600937,-0.219562394,-0.216379368,-0.459458495,4.284882303,-0.419317473,-0.306511932,-0.318197221,0.016038554,6.409628866,-0.175418841,-0.19741927,-0.229636557,-0.363609467,6.375038208,-0.106787616,-0.18369517,-0.145357445,-0.58080572,4.77586478
-0.246466343,-0.201237184,-0.222437944,-0.375994056,4.370659329,-0.321667503,-0.258165101,-0.24850062,-0.117954564,5.345475965,-0.312733795,-0.245031871,-0.330681774,-0.141767857,4.664457431,-0.258523262,-0.222541534,-0.262568155,-0.252965273,4.844153968,-0.413138181,-0.347765071,-0.291661201,0.01727168,4.802470828,-0.250279549,-0.259185183,-0.262786294,-0.17406153,4.896827561,-0.241245032,-0.191866217,-0.205361318,-0.426016604,3.970448246,-0.353221899,-0.280867089,-0.267459282,-0.059490066,5.528954675,-0.263977473,-0.194512761,-0.296107582,-0.289788001,4.222244094,-0.235365644,-0.204750148,-0.258007961,-0.320251262,4.579977746,-0.434136002,-0.382309104,-0.299127216,0.068213213,4.881930676,-0.197513631,-0.223060522,-0.241223825,-0.28785522,4.257055746
-0.422838499,-0.326853987,-0.225537065,0.070418263,4.211506936,-0.182274177,-0.281792227,-0.280988808,-0.224201764,9.650271397,-0.12174492,-0.239269924,-0.271663115,-0.379649081,6.823682092,-0.181799403,-0.250016544,-0.233806257,-0.334381174,6.0617553,-0.251224618,-0.279879514,-0.243556287,-0.214755897,6.897373548,-0.265348562,-0.248108908,-0.253283984,-0.298647803,4.377525649,-0.388341508,-0.326074286,-0.176559898,-0.025184588,3.842796435,-0.250615472,-0.309573715,-0.326711831,-0.062345092,12.58561392,-0.079500312,-0.214926795,-0.226720299,-0.520933096,5.874376706,-0.18439217,-0.251597944,-0.218253036,-0.332277873,5.997729554,-0.288097143,-0.306146446,-0.254133457,-0.137828293,7.944068567,-0.219621695,-0.222529668,-0.225792852,-0.426147726,4.225744007
-0.283383423,-0.218198427,-0.25561794,-0.196926523,5.433683006,-0.141669062,-0.263187921,-0.210474166,-0.428362076,5.609329999,-0.001555592,-0.192855305,-0.210074762,-0.580377872,5.292755282,-0.21262689,-0.248959508,-0.226105929,-0.213522585,5.417069697,-0.277542228,-0.255819521,-0.265210911,-0.209755585,6.027426119,-0.208779338,-0.198708277,-0.232690263,-0.469458441,4.535995995,-0.280922321,-0.226975879,-0.246322359,-0.202841944,5.018552737,-0.15377376,-0.259283984,-0.207107244,-0.446896441,5.428578045,0.071939041,-0.151243692,-0.165739694,-0.750507363,4.66716424,-0.196031304,-0.217834269,-0.229896145,-0.258924672,5.17235295,-0.293042514,-0.271583546,-0.269985173,-0.176911907,5.954873005,-0.161078383,-0.168931394,-0.21365648,-0.580616232,4.414919139
-0.300958099,-0.200301336,-0.285153622,-0.207405325,5.166401524,-0.2470304,-0.26928621,-0.225097297,-0.269509664,4.769293765,-0.235290247,-0.299793579,-0.224970197,-0.138310718,5.295751691,-0.282018801,-0.20221035,-0.293376856,-0.169936075,5.56774707,-0.206017265,-0.219625538,-0.228396569,-0.368937391,5.798052937,-0.263246579,-0.184499361,-0.238278431,-0.293260941,4.33695844,-0.329780671,-0.204009382,-0.304234502,-0.154967119,5.467498055,-0.269610108,-0.303431901,-0.235476788,-0.215320067,5.07998703,-0.193401375,-0.260549092,-0.193256991,-0.264778489,4.719182716,-0.253780447,-0.188969103,-0.291516984,-0.216480456,5.411575306,-0.229305887,-0.229072922,-0.226840193,-0.332443989,5.86857573,-0.202071406,-0.138661979,-0.227972692,-0.418676209,3.9975012
-0.057657786,-0.252539938,-0.200372867,-0.436291556,6.288419134,-0.230586758,-0.201132756,-0.243387169,-0.278413341,6.028429154,-0.185620227,-0.232401373,-0.212189483,-0.338534069,4.782594174,-0.24101381,-0.27250642,-0.267666449,-0.185653215,5.497906269,-0.284886796,-0.295654058,-0.254247681,-0.167825214,5.61027388,-0.336173458,-0.215545289,-0.298516226,-0.185367821,3.918568013,-0.046855309,-0.237587732,-0.202796436,-0.462467129,6.253078089,-0.267789646,-0.215293886,-0.282166134,-0.206496107,6.239933521,-0.160785559,-0.211740326,-0.183403934,-0.408839429,4.478237086,-0.259943612,-0.300944103,-0.282761401,-0.104975434,5.780616039,-0.308226183,-0.308889955,-0.26779786,-0.11704622,6.051801404,-0.284309675,-0.189949049,-0.246948383,-0.326888111,3.523060199
-0.244769572,-0.161997941,-0.233849266,-0.335455704,5.245215076,-0.297295408,-0.338964708,-0.307684046,-0.122974188,4.817971457,-0.192649409,-0.204624992,-0.306894554,-0.217876574,6.367550924,-0.263959822,-0.276634421,-0.203276443,-0.269756012,5.692717084,-0.216519032,-0.239225593,-0.272948183,-0.182273845,6.139005244,-0.228890417,-0.205589617,-0.198319646,-0.327778805,4.735965256,-0.236079085,-0.17541341,-0.226165689,-0.352842948,5.136784245,-0.380506647,-0.429209865,-0.333795196,0.109857635,5.76211436,-0.134817011,-0.17427117,-0.268251453,-0.346821261,5.644521302,-0.240425174,-0.2781337,-0.190572382,-0.307550575,5.600820394,-0.206643015,-0.235333342,-0.279899309,-0.177820943,6.531990603,-0.192880772,-0.173725481,-0.168721585,-0.435142658,4.204295425
-0.501334876,-0.27863839,-0.347739282,0.251504855,5.205796042,-0.100182908,-0.212536065,-0.103034149,-0.615814899,5.364808838,-0.430745178,-0.250264464,-0.245308272,-0.08653206,4.893950236,-0.222268553,-0.203583719,-0.316090544,-0.264364271,5.328747096,-0.24858309,-0.222008616,-0.265163471,-0.274393497,5.584956187,-0.187525348,-0.244313388,-0.228028373,-0.382326573,5.34006135,-0.505214169,-0.282867854,-0.334375893,0.242159999,5.012611199,-0.084194124,-0.201374187,-0.078117791,-0.680713592,5.096486807,-0.363229708,-0.207986072,-0.203283265,-0.259548475,4.311760633,-0.217500051,-0.201818993,-0.325814397,-0.28058439,5.31546678,-0.260936015,-0.223037927,-0.285765121,-0.247422279,5.810546033,-0.126688438,-0.211767835,-0.192435108,-0.535682016,4.914712697
-0.167296744,-0.26331865,-0.220186947,-0.324073341,5.894352478,-0.175374245,-0.133974465,-0.233694855,-0.352385753,6.337540327,-0.242428111,-0.217241874,-0.260331045,-0.250067411,5.572712543,-0.25430661,-0.293725011,-0.259109907,-0.223747655,5.695098722,-0.197446207,-0.194789739,-0.235512026,-0.359738407,5.98121583,-0.244718252,-0.219430009,-0.232365964,-0.343288828,4.720167829,-0.165410356,-0.25673073,-0.220013923,-0.314706375,6.059952461,-0.190272337,-0.129436017,-0.25199752,-0.322431858,6.766870399,-0.190668248,-0.184944152,-0.229285568,-0.379372233,5.101243268,-0.284886801,-0.320552855,-0.279622906,-0.152845243,6.585179897,-0.230485812,-0.220908453,-0.238148946,-0.287883213,6.489042551,-0.183157728,-0.185830177,-0.204418207,-0.483528213,4.38229155
-0.300318725,-0.252085084,-0.213664597,-0.260473914,5.200713665,-0.179731562,-0.241445012,-0.217419539,-0.45978049,4.948890674,-0.035662993,-0.200199934,-0.237780166,-0.536596234,5.393209737,-0.225155624,-0.239614389,-0.254665997,-0.199128348,6.633427063,-0.338488278,-0.210213945,-0.315284262,-0.055061123,5.596800899,-0.237572352,-0.241399518,-0.241973794,-0.261101259,4.395942175,-0.282700625,-0.245924617,-0.217427725,-0.265994116,5.05043881,-0.183080411,-0.257666548,-0.210239196,-0.458822405,5.073426935,0.018305679,-0.177219261,-0.224665924,-0.630030806,5.112429729,-0.220700814,-0.225677939,-0.260848196,-0.20700839,6.680154198,-0.357342648,-0.215685001,-0.315461592,-0.024870057,5.437030974,-0.170417586,-0.206789546,-0.192814013,-0.437175369,3.792886119
-0.141746824,-0.209369818,-0.18306478,-0.537318759,4.59499057,-0.043426506,-0.136671725,-0.254957465,-0.58160307,6.866502259,-0.294147805,-0.292459026,-0.242734328,-0.167332466,5.59825387,-0.254564354,-0.230696168,-0.256971731,-0.244194555,4.213301228,-0.227681746,-0.202831765,-0.253601448,-0.310853738,5.32519477,-0.20907051,-0.224646147,-0.230320595,-0.354541743,4.350104587,-0.143841355,-0.215724173,-0.179896699,-0.557420435,4.560116261,-0.040959343,-0.13608825,-0.285196933,-0.536083906,6.947589144,-0.235587736,-0.233941015,-0.199781107,-0.370096608,4.636348721,-0.243272823,-0.232196654,-0.253299419,-0.26279355,4.320288044,-0.219082162,-0.188075357,-0.269734009,-0.318472777,5.231626325,-0.157383255,-0.193919277,-0.195683221,-0.4937937,3.779336356
-0.220948097,-0.205586689,-0.24882754,-0.263657527,6.923926224,-0.225113213,-0.284926887,-0.199864642,-0.398434054,3.835163717,-0.232453098,-0.2375505,-0.260821402,-0.212276213,4.506521988,-0.246041574,-0.253621671,-0.220837012,-0.302125604,4.832056576,-0.370272183,-0.28548545,-0.245164392,-0.09953609,4.882317988,-0.313934388,-0.259944716,-0.26151598,-0.261991416,4.729446917,-0.232868201,-0.228377924,-0.235643583,-0.247340556,6.903662576,-0.217956668,-0.29032941,-0.194946584,-0.372905502,4.006488955,-0.167692186,-0.195312755,-0.222184351,-0.373574088,3.813490251,-0.261130126,-0.260354905,-0.225903035,-0.287140914,4.842875,-0.41024931,-0.29507338,-0.25531958,-0.029964328,4.994844034,-0.27511569,-0.23948705,-0.224200059,-0.383799581,4.270806111
-0.214024723,-0.168542842,-0.285308386,-0.338140871,7.669500807,-0.274853076,-0.243775612,-0.277157465,-0.0685457,6.696771176,-0.204647671,-0.230438534,-0.216459805,-0.307111873,4.904243128,-0.270158394,-0.277735731,-0.286740956,-0.192482945,5.666681517,-0.280020092,-0.276092834,-0.246864281,-0.147078735,5.288859524,-0.137996475,-0.246860748,-0.209033401,-0.388397595,4.781417012,-0.192679208,-0.159539082,-0.276436788,-0.394660662,7.341126504,-0.319775319,-0.24949436,-0.301215693,0.010118712,7.575342745,-0.159221247,-0.200658303,-0.179529002,-0.422972447,4.455674073,-0.341784775,-0.288758141,-0.366832258,-0.030343064,6.223755698,-0.288432644,-0.283676933,-0.257325512,-0.12569476,5.603568557,-0.092442751,-0.215566832,-0.169655428,-0.519918044,4.137457694
-0.374192601,-0.302638523,-0.237027399,-0.127929499,4.272858831,-0.227709597,-0.215228406,-0.275354236,-0.340565835,4.59097333,-0.202777792,-0.301558403,-0.236609643,-0.225421991,5.870070045,-0.256862479,-0.265421012,-0.232465425,-0.274226751,5.353405495,-0.211914252,-0.278460266,-0.259936187,-0.189291911,6.55826763,-0.245921916,-0.264127211,-0.251594223,-0.198756608,4.083040943,-0.377711964,-0.302187401,-0.241436634,-0.103057584,4.19460857,-0.192033944,-0.200489698,-0.279358623,-0.391473526,4.670468544,-0.14808883,-0.283890142,-0.193764699,-0.324656998,5.362243973,-0.25834546,-0.285970259,-0.225292981,-0.265425587,5.335744712,-0.232053165,-0.288010287,-0.274510423,-0.117541478,7.456779992,-0.170137037,-0.218963265,-0.20057604,-0.375426991,3.481393542
-0.248621492,-0.208554601,-0.241308345,-0.306196222,5.957727984,-0.330239143,-0.379048562,-0.231306131,0.107168098,6.386998519,-0.063592827,-0.21667045,-0.115818087,-0.66419866,5.777529616,-0.329458778,-0.277763427,-0.293775391,-0.178027489,4.178669247,-0.182531146,-0.217484539,-0.236068256,-0.344923345,4.906769432,-0.154562119,-0.234961267,-0.269646344,-0.329093919,5.719404877,-0.259795218,-0.214077789,-0.252320111,-0.27996079,6.223603664,-0.390777509,-0.457013812,-0.25126446,0.347444261,8.938023355,-0.021492021,-0.184955584,-0.083750554,-0.787658008,5.241699619,-0.370804671,-0.28710782,-0.316979135,-0.100760848,4.165751468,-0.175636207,-0.217803627,-0.230205047,-0.340110612,4.920636578,-0.085885287,-0.203735548,-0.22420381,-0.48945472,5.061750526
-0.16170304,-0.179017288,-0.262916997,-0.660188555,4.095173666,-0.308744445,-0.209935432,-0.300351618,-0.18434452,4.570703613,-0.134950091,-0.213040771,-0.210119976,-0.413228059,6.065252518,-0.124289663,-0.218397834,-0.201061469,-0.536781712,5.286686917,-0.206828617,-0.263410746,-0.238553199,-0.306971738,4.761896094,-0.116044559,-0.219735278,-0.155072445,-0.502372304,5.200372438,-0.157771555,-0.164468314,-0.268564809,-0.688560372,3.968184945,-0.285467248,-0.188363662,-0.317002478,-0.239741682,4.569085391,-0.08857324,-0.168980689,-0.180980029,-0.545635949,5.240750417,-0.126344578,-0.224692246,-0.193953556,-0.541016925,5.318514332,-0.233079817,-0.282995387,-0.264112548,-0.219724434,5.242627155,-0.072525077,-0.186839157,-0.127366244,-0.618314342,4.719254297
-0.356954177,-0.306643769,-0.210888809,-0.132730097,7.30045233,-0.214484585,-0.171548604,-0.22353411,-0.43507643,6.658800843,-0.157201728,-0.24848993,-0.194052619,-0.262520242,5.245336801,-0.285560771,-0.26815221,-0.239129725,-0.135514789,5.180396128,-0.189518282,-0.226707042,-0.233777965,-0.254193346,5.063374701,-0.177109555,-0.205166726,-0.25130897,-0.376799668,4.98495355,-0.389745111,-0.322160813,-0.227355018,-0.009114199,8.154341015,-0.248434277,-0.187526607,-0.235122766,-0.374091626,6.987297931,-0.049314447,-0.194526651,-0.151658511,-0.47018809,4.443053148,-0.291087912,-0.269427457,-0.225300332,-0.131951191,5.160594096,-0.185234175,-0.21478836,-0.272295392,-0.231643556,5.340976941,-0.130515387,-0.165777998,-0.217436856,-0.508702747,4.376164335
-0.264521337,-0.297445257,-0.222611722,-0.16434385,6.318464074,-0.285640408,-0.285875278,-0.195959679,-0.206583966,5.437054438,-0.285949161,-0.220072477,-0.273645755,-0.219550685,7.18591649,-0.266219083,-0.223072954,-0.218997908,-0.349006984,5.187956385,-0.32804165,-0.240664315,-0.27535146,-0.154664906,5.228374551,-0.227774754,-0.178416625,-0.211667414,-0.389767555,4.786477447,-0.272736239,-0.318608031,-0.205758824,-0.141745894,6.371342979,-0.270930532,-0.319760783,-0.18595165,-0.190210381,5.555053122,-0.231491573,-0.177174076,-0.241066892,-0.347118068,5.996534704,-0.268469794,-0.225668876,-0.218064792,-0.344639681,5.396742375,-0.345732424,-0.244165872,-0.275822914,-0.124911706,5.272470861,-0.189503655,-0.148065966,-0.179741529,-0.503952821,4.347175874
-0.262094769,-0.257908775,-0.240586974,-0.262170777,3.640924154,-0.287761668,-0.293240231,-0.279990815,-0.161754465,5.346570397,-0.279595675,-0.302316775,-0.20042628,-0.371857528,4.894451469,-0.316664108,-0.265825983,-0.269213462,-0.174298741,5.108316294,-0.340057466,-0.266260149,-0.22885354,-0.189611775,4.516139091,-0.12628505,-0.239996585,-0.228048086,-0.454492401,5.313711849,-0.235747766,-0.240099561,-0.226892796,-0.327255189,3.354939292,-0.335432199,-0.32271481,-0.315427803,-0.058414799,5.634525634,-0.241077959,-0.255792762,-0.165548536,-0.505565244,4.327269706,-0.330839587,-0.263139198,-0.273318841,-0.161271625,5.086226763,-0.328671638,-0.267221835,-0.213107793,-0.212891904,4.297968722,-0.06418279,-0.213838508,-0.196733124,-0.578173851,4.906110479
-0.161169526,-0.228271857,-0.237734442,-0.340926589,6.703621502,-0.378564037,-0.297308811,-0.292068841,-0.079249364,4.51842369,-0.169493951,-0.221738899,-0.27734753,-0.291055433,4.386022249,-0.233611644,-0.227553566,-0.220051034,-0.310134057,5.342725353,-0.195892957,-0.211043575,-0.246814237,-0.337112728,5.833857674,-0.209902808,-0.259700845,-0.213437182,-0.346784167,4.926192231,-0.187070194,-0.241058313,-0.2370322,-0.319347553,6.320368841,-0.412459931,-0.326565671,-0.294562172,-0.019595582,4.625259338,-0.12031374,-0.213331314,-0.247892123,-0.381950943,4.10332805,-0.214304892,-0.210245792,-0.222549602,-0.334282628,5.211800376,-0.187748734,-0.199071338,-0.254141803,-0.355024249,5.988430388,-0.152527329,-0.217631515,-0.182161754,-0.486507414,4.445051711
-0.152243937,-0.247259722,-0.24847529,-0.265249031,6.322549975,-0.255215654,-0.267651193,-0.228716294,-0.279407739,4.283255898,-0.22810124,-0.285177818,-0.236817168,-0.263562772,5.167051254,-0.177454348,-0.191749733,-0.243371805,-0.383947249,5.511434454,-0.209194567,-0.226156328,-0.258335224,-0.356089863,5.406010157,-0.205753273,-0.228488608,-0.209041606,-0.364687844,4.17500173,-0.171260384,-0.285742429,-0.241600555,-0.203932213,6.58885537,-0.273097146,-0.265451168,-0.238708354,-0.262325373,4.21349142,-0.181394583,-0.254292163,-0.200464796,-0.409793663,4.538959725,-0.157971677,-0.181088737,-0.229717131,-0.423055961,5.331863792,-0.206099401,-0.224781231,-0.240746997,-0.381072093,5.127950272,-0.141846886,-0.183750737,-0.168648741,-0.531745744,3.715164927
-0.19725201,-0.207848098,-0.271817279,-0.366220594,5.042648551,-0.26461261,-0.283961173,-0.157977757,-0.327078138,4.001575607,-0.305878732,-0.22135592,-0.295180863,-0.173801935,4.946237224,-0.290740329,-0.25124345,-0.239188247,-0.217947023,5.162578577,-0.140472094,-0.261714985,-0.22670319,-0.403292077,5.56061591,-0.203230428,-0.188283464,-0.257993985,-0.404501224,5.7526551,-0.211861142,-0.207990039,-0.290206083,-0.344117705,5.059523694,-0.245955324,-0.284786481,-0.143689145,-0.370409804,3.86437512,-0.248204672,-0.190098006,-0.240257239,-0.340556967,4.241038205,-0.337137439,-0.269150936,-0.236938866,-0.182335843,5.055940652,-0.208073878,-0.285628823,-0.26243391,-0.263882188,6.179922791,-0.141971663,-0.160558374,-0.216038148,-0.53745174,5.045408408
-0.205754718,-0.19256929,-0.274016798,-0.333826577,5.369738119,-0.149610163,-0.236295931,-0.288803346,-0.460822296,5.307565998,-0.212883463,-0.23591341,-0.237014403,-0.404604015,3.64933274,-0.256884272,-0.321868847,-0.180129743,-0.243987514,5.388506603,-0.226471277,-0.290305669,-0.229709495,-0.273808624,4.311855238,-0.136386638,-0.197766523,-0.228720149,-0.456622678,4.925787542,-0.188765931,-0.165641583,-0.284290965,-0.372648529,5.264803392,-0.14665007,-0.222568477,-0.293423207,-0.480721738,5.406158196,-0.143227126,-0.203871217,-0.191548687,-0.568222307,3.327552518,-0.254454137,-0.338961959,-0.163668253,-0.233693455,5.417490586,-0.235203101,-0.305791279,-0.212857853,-0.2536054,4.270931855,-0.076060576,-0.161004493,-0.199294609,-0.60394364,4.485894862
-0.215241647,-0.225821524,-0.26476479,-0.265845663,4.274828292,-0.164113285,-0.22877661,-0.220419875,-0.352721953,7.013280589,-0.11474057,-0.144290918,-0.273581468,-0.431137795,6.052067227,-0.228055575,-0.322964345,-0.255166064,-0.250775126,4.319992807,-0.173900312,-0.211595587,-0.249506654,-0.337265541,4.636151992,-0.1867047,-0.171460123,-0.17585398,-0.471097922,4.180329421,-0.183364836,-0.205362444,-0.258747895,-0.32642778,4.269484288,-0.197344437,-0.249297766,-0.225101839,-0.295819513,7.359790969,-0.059363912,-0.108599187,-0.253127412,-0.552643509,5.832002415,-0.237229769,-0.327921979,-0.259815458,-0.241779507,4.265383569,-0.150140155,-0.193855409,-0.248110978,-0.385324144,4.465827541,-0.129726646,-0.12952213,-0.145132534,-0.598151539,3.816466099
-0.176559524,-0.199883634,-0.266161157,-0.456318788,6.076995069,-0.343809076,-0.312245246,-0.284431585,-0.104365261,5.846972672,-0.133270853,-0.243057249,-0.20842329,-0.396242413,6.306646615,-0.279229982,-0.300427653,-0.247152739,-0.152334762,4.722993067,-0.330805635,-0.31900899,-0.236044118,-0.138023944,5.342768161,-0.207176438,-0.215972129,-0.285438604,-0.234874314,5.354750499,-0.183384427,-0.185950593,-0.276393478,-0.477386516,6.106623511,-0.373145421,-0.322840665,-0.315863618,-0.004533166,6.408998683,-0.035528066,-0.191901332,-0.170601442,-0.580301142,5.627562695,-0.278740474,-0.297453382,-0.266959724,-0.124123453,4.887473193,-0.327019665,-0.329498248,-0.236753522,-0.15871465,5.283665936,-0.155824643,-0.200175007,-0.26025029,-0.33143512,4.994597232
-0.361178591,-0.292626091,-0.295460394,0.028545335,5.862718608,-0.31029561,-0.244351335,-0.296046577,-0.168799081,4.933143792,-0.328263065,-0.281922578,-0.280751291,-0.051129897,5.196217671,-0.320673098,-0.237492151,-0.281374533,-0.161425905,5.312795989,-0.196797148,-0.216093139,-0.250272886,-0.333330768,5.183882587,-0.297256274,-0.25492201,-0.254787906,-0.203104053,4.978281409,-0.385463359,-0.280293001,-0.31668979,0.062887596,6.09052663,-0.316655317,-0.271501134,-0.29915301,-0.13296636,5.418298609,-0.278617216,-0.251844803,-0.238525494,-0.168607008,4.523616761,-0.346303366,-0.232823278,-0.292242578,-0.124862074,5.362163224,-0.195769548,-0.212419589,-0.254226245,-0.320202387,5.290501247,-0.243170259,-0.228310435,-0.211755489,-0.343062055,4.366002481
-0.22491757,-0.12927348,-0.289293466,-0.307557407,4.273087677,-0.215302924,-0.208954302,-0.255765227,-0.226379551,6.453812319,-0.292702483,-0.230572421,-0.290801002,-0.142665337,5.364278833,-0.251852496,-0.197538034,-0.245357444,-0.412484421,4.452566848,-0.267464926,-0.226772495,-0.294284304,-0.243745831,4.863133167,-0.278817437,-0.270368045,-0.290871096,-0.227492373,4.780057198,-0.210427606,-0.103902085,-0.304603072,-0.326472584,4.281424186,-0.180435326,-0.205684582,-0.251413333,-0.242729753,6.749095329,-0.227396919,-0.195916879,-0.228496508,-0.30300214,4.755437201,-0.253107644,-0.191258059,-0.244312737,-0.420452806,4.280731887,-0.264347429,-0.228614231,-0.291945356,-0.234519609,4.74342348,-0.212963527,-0.23314382,-0.258798172,-0.376960307,4.194472702
-0.152526841,-0.201759406,-0.267344015,-0.307014135,5.455232877,-0.279055412,-0.279037679,-0.248537532,-0.272675422,5.805231133,-0.293173354,-0.290714354,-0.220909953,-0.06671534,6.03841861,-0.263259779,-0.246693407,-0.203324266,-0.265354373,4.664449194,-0.262501985,-0.251723159,-0.27801523,-0.206164366,5.141689202,-0.219242389,-0.168275334,-0.234840559,-0.367759569,4.600938388,-0.168006521,-0.184403964,-0.322783458,-0.219382015,6.031228576,-0.282890521,-0.260924545,-0.24732412,-0.280782329,5.926713382,-0.253948171,-0.236944471,-0.205892791,-0.191779454,5.385051215,-0.280049107,-0.263485874,-0.202559189,-0.226822877,4.681312012,-0.26560289,-0.254772239,-0.288692771,-0.190002737,5.250010051,-0.178103924,-0.140818412,-0.212261939,-0.464150778,4.327930477
-0.301897883,-0.217910323,-0.255433551,-0.19717449,5.10026863,-0.261424073,-0.280167176,-0.314728838,-0.144178815,5.12194128,-0.10479648,-0.172507066,-0.191895734,-0.490196372,6.745257585,-0.291909581,-0.27318927,-0.261690466,-0.159546724,4.888113762,-0.310483249,-0.227140284,-0.27856445,-0.153091053,5.153032415,-0.273076483,-0.278830803,-0.222339574,-0.32030726,4.477361226,-0.280205646,-0.198678915,-0.273893659,-0.22502927,5.088958105,-0.266150245,-0.280312917,-0.328168991,-0.105264409,5.665511858,-0.036404404,-0.137950219,-0.155845678,-0.629022873,6.14903502,-0.343949114,-0.297402697,-0.278599094,-0.054922399,5.160771868,-0.333437667,-0.237427549,-0.280143768,-0.114040838,5.510665883,-0.212389968,-0.241851504,-0.186748997,-0.460134641,4.03198168
-0.248554926,-0.310488315,-0.212272704,-0.199090462,5.21395148,-0.251319231,-0.268904543,-0.240290832,-0.29086584,5.814762931,-0.226234489,-0.261695055,-0.190528998,-0.360461473,3.718528774,-0.329661394,-0.27972887,-0.254422685,-0.127640258,4.853808295,-0.405812393,-0.293839119,-0.287552101,0.061714453,4.7818465,-0.347650293,-0.24984268,-0.284710879,-0.145964173,4.449976446,-0.278264509,-0.338926691,-0.230223489,-0.115492265,5.914475347,-0.220666639,-0.281751806,-0.216169252,-0.332015533,5.911070796,-0.196730635,-0.23323169,-0.162248346,-0.457773094,3.466535422,-0.315935302,-0.272058177,-0.244158518,-0.16279797,4.645887546,-0.408734678,-0.283261757,-0.301965376,0.08491447,4.863238164,-0.279599794,-0.206184774,-0.242252255,-0.312404257,3.936231121
-0.350991568,-0.309082297,-0.269520933,-0.009467829,5.48131834,-0.031805477,-0.1414553,-0.264883623,-0.560951175,5.668372766,-0.276007958,-0.337013586,-0.253328326,-0.085849792,7.510103343,-0.31285064,-0.237101262,-0.252404564,-0.174574127,4.684549965,-0.283655318,-0.272232098,-0.255753077,-0.358281678,5.16454154,-0.214352925,-0.194643715,-0.210746523,-0.435735825,3.89088564,-0.345455002,-0.32356326,-0.259721238,-0.001110323,5.530563051,-0.033539168,-0.133867764,-0.280976104,-0.541845762,5.871835953,-0.227222853,-0.308278761,-0.240549607,-0.186359741,6.94552671,-0.342308195,-0.255256534,-0.256585117,-0.135469869,4.716679729,-0.277903463,-0.277595286,-0.266665044,-0.356523577,5.572041256,-0.167576284,-0.15799529,-0.181100952,-0.560386036,3.572740337
-0.117534669,-0.187738105,-0.197495132,-0.463078477,6.103755201,-0.226428818,-0.261943691,-0.247664912,-0.277822113,5.496563453,-0.29021502,-0.225525355,-0.21894512,-0.287977794,3.94688715,-0.256505993,-0.241717306,-0.268121318,-0.278879872,5.029173651,-0.232801884,-0.297656061,-0.249862255,-0.210357044,6.699526127,-0.21827553,-0.269035676,-0.23894683,-0.412662968,4.179550782,-0.090978393,-0.176231394,-0.170488931,-0.54268017,5.723876718,-0.23579583,-0.289375745,-0.231529104,-0.257835182,5.627235016,-0.262923242,-0.208627296,-0.179154125,-0.37974821,3.610855145,-0.270070576,-0.248439808,-0.273651578,-0.261680415,5.243429774,-0.258228396,-0.299624172,-0.250922827,-0.174156052,6.802316516,-0.135508643,-0.214240521,-0.193124915,-0.617303275,3.559394288
-0.393676433,-0.25137678,-0.338793634,-0.139535232,4.192601738,-0.116670493,-0.264990719,-0.217490814,-0.34850068,5.665969934,-0.235022428,-0.226673792,-0.233713343,-0.202897557,4.653999785,-0.345532739,-0.257510572,-0.322206246,-0.133453343,4.866339492,-0.408780522,-0.264823697,-0.31920426,0.021706365,4.513123246,-0.194776017,-0.243187249,-0.230086242,-0.279848524,5.012313995,-0.432592914,-0.282944302,-0.363022078,-0.040914936,4.381486471,-0.136344266,-0.300421377,-0.217287204,-0.273476069,6.641298263,-0.179269229,-0.204369898,-0.209335315,-0.301724568,4.506088514,-0.352096188,-0.26113557,-0.324917112,-0.132727262,4.720946245,-0.416779356,-0.266217443,-0.329481269,0.034401618,4.54685663,-0.143317104,-0.213629037,-0.193783941,-0.413558426,4.620840008
-0.294428931,-0.237703498,-0.26511137,-0.224009424,5.187255355,-0.166146823,-0.248928891,-0.259772479,-0.215764096,9.017680124,-0.123123964,-0.195103836,-0.176113675,-0.563612535,4.705018623,-0.200419328,-0.236441449,-0.264980461,-0.26104782,5.280209544,-0.230205778,-0.248526881,-0.26949426,-0.224563534,5.17801554,-0.179679185,-0.186161409,-0.221167276,-0.465196988,4.938092531,-0.280970583,-0.231079572,-0.255777626,-0.278922297,5.076398366,-0.225597364,-0.291516172,-0.297092464,-0.072390163,11.66713964,-0.07280456,-0.161209587,-0.133992035,-0.698219212,4.417163598,-0.178049858,-0.221478372,-0.254525918,-0.317118041,5.124906534,-0.235848822,-0.25598617,-0.273891299,-0.206273136,5.372647049,-0.125977183,-0.162446115,-0.190057805,-0.575697939,4.598229866
-0.384028701,-0.274113488,-0.237584088,-0.087550165,4.282667314,-0.270854275,-0.224401682,-0.259374679,-0.319219075,4.81860416,-0.221869801,-0.219353075,-0.218694807,-0.429041544,4.365427702,-0.268527513,-0.223613692,-0.262353616,-0.229078152,4.568051301,-0.308570058,-0.24888902,-0.268047734,-0.1304021,4.20989307,-0.198483498,-0.224724448,-0.234990963,-0.331303937,5.425239505,-0.389117718,-0.297818775,-0.23475066,-0.05250228,4.588176107,-0.296900517,-0.205033173,-0.294726534,-0.264808951,5.023131933,-0.165287269,-0.187094058,-0.172975519,-0.57637339,3.929790508,-0.315672429,-0.26269722,-0.294556746,-0.082976261,5.175286918,-0.32787643,-0.235165448,-0.280521327,-0.109996725,4.084590933,-0.133843543,-0.198933123,-0.19699583,-0.473516436,4.873195202
-0.18843416,-0.268162014,-0.266263815,-0.134645382,6.277226333,-0.415487542,-0.301397857,-0.234609377,-0.119602808,5.036337011,-0.288644502,-0.283832709,-0.185906628,-0.202056373,4.360496007,-0.240459041,-0.207286453,-0.280039505,-0.240168761,5.483650505,-0.25816086,-0.242558088,-0.311498642,-0.133454738,6.002986601,-0.345779544,-0.281304133,-0.24143541,-0.163992861,4.534563989,-0.223042329,-0.307143489,-0.292731772,-0.05095114,7.316250707,-0.402873141,-0.303926498,-0.230741194,-0.129917869,4.984822728,-0.240865466,-0.233099391,-0.172667623,-0.323685608,3.86483574,-0.239999118,-0.195203645,-0.292868474,-0.227917295,5.697886838,-0.2417627,-0.23702638,-0.304919426,-0.178915084,5.86654093,-0.274398802,-0.245713221,-0.201985321,-0.340064786,3.921460971
-0.142833073,-0.278998893,-0.242084627,-0.429516052,5.775075612,-0.231971347,-0.294290123,-0.163552097,-0.323197579,4.111827924,-0.196831993,-0.259795475,-0.199451606,-0.235161681,5.731027781,-0.244415012,-0.229184147,-0.225128786,-0.286448339,5.895389791,-0.29068349,-0.289042663,-0.235712353,-0.214558785,5.003160727,-0.110148047,-0.216189429,-0.218624599,-0.375617781,5.145301842,-0.146924536,-0.305987752,-0.25199828,-0.37774533,6.40278637,-0.220307322,-0.334441974,-0.131851167,-0.328955891,4.22415801,-0.119069508,-0.215376162,-0.160028897,-0.413170008,4.843232803,-0.243258905,-0.213981714,-0.222309025,-0.315701334,5.618759622,-0.247896567,-0.277921241,-0.212865784,-0.300048846,4.864187584,-0.035904487,-0.180657031,-0.174273235,-0.537354452,4.634698697
-0.31490803,-0.277189962,-0.274298777,-0.126464999,5.863496314,-0.275014101,-0.262202705,-0.237657136,-0.166201776,5.396809997,-0.118809764,-0.17577161,-0.234628924,-0.531977413,5.068270751,-0.315001254,-0.275514157,-0.24342248,-0.179098686,4.614928694,-0.212496237,-0.25619506,-0.230719986,-0.30890288,5.45902643,-0.274948695,-0.240944361,-0.266807587,-0.221814379,4.401260434,-0.308653642,-0.290128484,-0.263368069,-0.150178204,5.868120642,-0.28977995,-0.266670914,-0.231191864,-0.162910949,5.137205778,-0.070983401,-0.150917918,-0.199739262,-0.640949381,4.736867092,-0.318874622,-0.270388731,-0.24888221,-0.192873381,4.61325452,-0.178992697,-0.271462256,-0.205612468,-0.357027067,5.627714319,-0.230951645,-0.204550818,-0.236406011,-0.340683898,3.868606449
-0.08319645,-0.224132406,-0.143295902,-0.483221194,5.902513351,-0.318994898,-0.280144187,-0.217664167,-0.129272017,6.940093326,-0.33149766,-0.280230293,-0.260602874,-0.004899664,4.98654128,-0.264911826,-0.276741715,-0.244555365,-0.218591421,5.931396241,-0.139986763,-0.241379623,-0.216986742,-0.399245922,4.38537724,-0.140830436,-0.211195862,-0.182723619,-0.460826126,4.547879917,-0.055042709,-0.229963938,-0.137358729,-0.511925736,6.139944105,-0.331971698,-0.289732697,-0.233427767,-0.076089589,7.721408481,-0.220005472,-0.217922234,-0.217516545,-0.232113957,4.276912377,-0.262076216,-0.272254815,-0.250646854,-0.213936987,6.143939547,-0.122506223,-0.230712897,-0.195902571,-0.455674683,4.077884724,-0.060946851,-0.164568842,-0.139819822,-0.645132993,4.075230195
-0.357043164,-0.295074865,-0.258999179,0.009279216,4.559763122,-0.278268731,-0.280237775,-0.15178638,-0.250939216,4.94327424,-0.223199705,-0.208356702,-0.243172199,-0.253382443,3.861898586,-0.276432008,-0.282413652,-0.205750863,-0.277501295,3.608870368,-0.333969655,-0.306131089,-0.284188678,-0.024036503,5.227625752,-0.163842094,-0.210688213,-0.226405237,-0.449578781,5.036424189,-0.322256958,-0.290109926,-0.226202755,-0.066735727,4.298155753,-0.315341614,-0.315229363,-0.152286828,-0.170339486,5.52433996,-0.140538567,-0.16780649,-0.199625289,-0.432005913,3.471064321,-0.247577121,-0.279228971,-0.181923562,-0.351116595,3.484470598,-0.327293885,-0.304151304,-0.282071353,-0.046004971,5.078740079,-0.106798985,-0.182784448,-0.19044108,-0.570943845,4.574050741
-0.213652804,-0.222113064,-0.228200815,-0.202106186,6.861109942,-0.348786646,-0.252535327,-0.293169258,0.028161601,5.316152165,-0.286271932,-0.25613558,-0.278108952,-0.257069021,5.280099598,-0.194090687,-0.251361842,-0.216855502,-0.299883655,6.124222605,-0.287773755,-0.235339904,-0.271524931,-0.255124455,5.093816156,-0.31257747,-0.246136052,-0.255028626,-0.238549179,4.331207427,-0.233123608,-0.217951081,-0.245131556,-0.184432849,7.031940256,-0.360313718,-0.26561796,-0.297014394,0.043211947,5.259451065,-0.235417307,-0.22069089,-0.23248252,-0.395571773,4.604537006,-0.181643268,-0.244416363,-0.211104155,-0.331578941,6.17701356,-0.274765539,-0.227086123,-0.279437762,-0.259203767,5.33097071,-0.259248919,-0.22374984,-0.21662826,-0.35380287,3.98887358
-0.168697192,-0.176302677,-0.231334401,-0.465126182,5.609978014,-0.354012318,-0.273106054,-0.338347548,-0.080946514,4.964608157,-0.239623138,-0.183467004,-0.295141197,-0.359768342,5.366024627,-0.367596068,-0.187185364,-0.313754116,-0.100959868,5.57103873,-0.365261667,-0.290461344,-0.288202406,-0.058191565,4.022741984,-0.156347213,-0.182995628,-0.249090851,-0.350960698,4.784652268,-0.164612604,-0.186595257,-0.234726745,-0.440025033,5.937567198,-0.345269432,-0.25289422,-0.364705681,-0.081728536,5.171366854,-0.198019446,-0.176877745,-0.250343041,-0.450954714,4.760467037,-0.35101686,-0.140305624,-0.314434193,-0.202692114,4.545873138,-0.346757888,-0.268336236,-0.296986445,-0.110412755,3.777394817,-0.092836501,-0.154262445,-0.212617786,-0.494491104,4.416088357
-0.374830552,-0.268180934,-0.334711429,-0.018831261,6.158351902,-0.269563412,-0.270157435,-0.237343956,-0.280950206,5.332620578,-0.356269607,-0.248646227,-0.242357589,-0.113572559,4.093200569,-0.254192496,-0.240443234,-0.249715149,-0.234811808,4.447279703,-0.29322499,-0.227054305,-0.247849943,-0.218387701,5.317389397,-0.244751989,-0.218442439,-0.259630624,-0.200271947,4.833521347,-0.398340197,-0.297843543,-0.335945663,0.052327021,6.74679839,-0.296801695,-0.265816291,-0.259749264,-0.23287051,5.237218603,-0.278115323,-0.190238741,-0.215489672,-0.278495917,3.802637829,-0.248634808,-0.223418488,-0.248410961,-0.248452293,4.178055438,-0.276476032,-0.211454164,-0.2383106,-0.272842807,5.090796702,-0.187291845,-0.182080825,-0.225885599,-0.337957464,4.22478219
-0.217389572,-0.233184983,-0.193371408,-0.341772754,6.026043789,-0.111962123,-0.219186031,-0.292938099,-0.312389912,7.438685006,-0.205534774,-0.179130851,-0.25307095,-0.268176701,3.73836426,-0.306469699,-0.29017343,-0.295657608,-0.02024581,5.313139067,-0.281754487,-0.255485596,-0.234475936,-0.269764938,4.805520004,-0.160166473,-0.20375806,-0.18087618,-0.446928141,5.25448733,-0.227989203,-0.243655894,-0.184245179,-0.332848291,6.066336064,-0.10605489,-0.202909971,-0.306781933,-0.335001606,7.412640593,-0.148405283,-0.154637781,-0.196322231,-0.415593577,3.226436441,-0.275406031,-0.27229515,-0.289125684,-0.072456687,5.085630865,-0.282666913,-0.249559115,-0.237413191,-0.271420857,4.686577379,-0.127091481,-0.175744971,-0.160372734,-0.549348421,4.830442704
-0.310337128,-0.264511861,-0.278889681,-0.159208989,5.173139858,-0.211917027,-0.195943221,-0.163866031,-0.514169062,3.995744822,-0.24325854,-0.184993996,-0.204928271,-0.411739962,4.442534967,-0.256458049,-0.259820746,-0.230039605,-0.273186002,5.044440869,-0.225347869,-0.214559742,-0.250926272,-0.278544284,5.147781079,-0.204841442,-0.206722396,-0.222466519,-0.374394396,3.943813351,-0.320509724,-0.277207056,-0.281506633,-0.142213343,5.396518126,-0.214267739,-0.22501119,-0.148020209,-0.491502366,4.129533163,-0.186529441,-0.150196773,-0.174534263,-0.539199935,4.284609761,-0.248051652,-0.258178075,-0.229597292,-0.280029162,5.010598902,-0.227756564,-0.210632816,-0.257514029,-0.273098503,5.099475434,-0.14414903,-0.164331744,-0.194084434,-0.507509125,3.652593365
-0.205384592,-0.146047389,-0.27685937,-0.399391325,4.510272969,-0.215370533,-0.299076226,-0.246997924,-0.267015918,4.440455333,-0.216268175,-0.327775689,-0.167643308,-0.356862872,4.529418793,-0.157110076,-0.247255832,-0.233912231,-0.29666687,5.627298916,-0.197033535,-0.26059149,-0.250399704,-0.345602596,5.766288153,-0.200448608,-0.213665198,-0.230539271,-0.397271562,4.273014432,-0.180412306,-0.134169726,-0.261738377,-0.47052623,4.185838353,-0.181093152,-0.30066078,-0.237950834,-0.327019423,4.777937406,-0.196319,-0.302575497,-0.156075746,-0.421498882,4.16826728,-0.149765253,-0.24888826,-0.233205751,-0.300414649,5.582175307,-0.20575426,-0.264123341,-0.256863299,-0.32161738,5.952040869,-0.118553529,-0.162908812,-0.191536473,-0.569282934,3.824135782
-0.202238128,-0.291331749,-0.305374413,-0.158523666,6.176446448,-0.13930309,-0.193019544,-0.259549853,-0.487362379,4.34681261,-0.20531142,-0.228323411,-0.139590641,-0.520781377,4.470378618,-0.218013863,-0.229313898,-0.244507814,-0.263944449,5.178834728,-0.304927951,-0.277233073,-0.288803536,-0.125793986,5.19828341,-0.253343284,-0.258973491,-0.275207418,-0.209584403,5.142545035,-0.200860706,-0.274746328,-0.37179699,-0.094067135,7.386975069,-0.175090331,-0.213175168,-0.285777588,-0.404455913,4.714286989,-0.16910774,-0.205836444,-0.109732328,-0.626031978,4.302658776,-0.20960722,-0.219075996,-0.241186168,-0.290351863,4.991789358,-0.313106809,-0.281798512,-0.297623538,-0.105570674,5.286676093,-0.175321717,-0.219325271,-0.231659029,-0.378421817,4.538208124
-0.152072961,-0.182746072,-0.260154567,-0.403786517,4.742318143,-0.283296771,-0.218570037,-0.238833182,-0.24049548,5.73014063,-0.184070177,-0.260561791,-0.234166085,-0.280174407,4.503226997,-0.250684515,-0.24479105,-0.24280976,-0.257164597,5.044846629,-0.211227275,-0.222582629,-0.233063214,-0.358717504,4.147678314,-0.209384511,-0.230878677,-0.243041869,-0.340835389,4.818134769,-0.092674866,-0.144558481,-0.248764376,-0.531627756,4.569928395,-0.285385755,-0.202219507,-0.266046199,-0.209302986,5.791773759,-0.116943647,-0.245830316,-0.195061494,-0.409838587,4.004590218,-0.284261212,-0.264915751,-0.278994376,-0.178151293,5.815998004,-0.23555797,-0.225346624,-0.248288519,-0.31306382,4.127267709,-0.131864308,-0.196291195,-0.196790581,-0.513824661,4.229586456
-0.172448255,-0.266660393,-0.244777222,-0.415053326,5.098009014,-0.250677389,-0.300440086,-0.306995015,-0.158198108,6.066448305,-0.403669296,-0.284343637,-0.25828129,0.026524861,6.481908439,-0.23446197,-0.273046194,-0.254523663,-0.289177912,5.217541231,-0.218186789,-0.261825547,-0.217296651,-0.35174732,5.297376452,-0.171856402,-0.21887826,-0.243204661,-0.439713334,5.308490041,-0.181441696,-0.259702288,-0.246411037,-0.413069022,4.975762255,-0.303996152,-0.306837732,-0.348532164,-0.041522181,6.284700546,-0.358423866,-0.266316423,-0.228768795,-0.068764065,5.832811332,-0.231951284,-0.277137001,-0.265137179,-0.270780198,5.449815908,-0.21125737,-0.268449402,-0.211975074,-0.353042535,5.508439944,-0.109276695,-0.175508991,-0.213746218,-0.582428564,4.716051174
-0.24270077,-0.284657423,-0.327976531,-0.141158733,4.662871427,-0.270377464,-0.294336748,-0.337994772,-0.127284847,4.437729178,-0.360343716,-0.250026131,-0.255888947,-0.02518402,6.301671332,-0.292659513,-0.297177868,-0.258371677,-0.192901181,4.403497524,-0.243794552,-0.193894536,-0.28148932,-0.271487244,4.999064807,-0.154664362,-0.186162436,-0.255902338,-0.362454258,5.073682467,-0.245070863,-0.248104418,-0.370558728,-0.125662299,4.411330292,-0.25599135,-0.287621793,-0.332222063,-0.170112828,4.088568577,-0.289800775,-0.209879784,-0.200309842,-0.202963464,5.414426682,-0.290234671,-0.30790523,-0.255395931,-0.185887686,4.461154312,-0.24661478,-0.185162024,-0.285195109,-0.272625969,4.964787808,-0.085225441,-0.154433847,-0.216624619,-0.513888566,4.567667952
-0.380685816,-0.30465052,-0.293051246,0.097758153,5.384261979,-0.270375255,-0.222239788,-0.216822204,-0.202913814,4.655287533,-0.264771122,-0.225897131,-0.277306955,-0.200929508,5.234573556,-0.197759201,-0.201656718,-0.25421302,-0.340610315,5.17385268,-0.140022904,-0.225268819,-0.223381921,-0.402696135,5.790930229,-0.211674342,-0.260915015,-0.26103115,-0.203174309,5.452598976,-0.321768178,-0.30985307,-0.264750116,0.01948874,5.415488719,-0.261945131,-0.21528358,-0.214866528,-0.225833914,4.568271661,-0.204448433,-0.180372987,-0.249972789,-0.347309924,4.612294978,-0.191204531,-0.19050724,-0.267771533,-0.347170191,5.285126765,-0.128024667,-0.213486151,-0.209118606,-0.432933281,5.521283121,-0.135015463,-0.227917571,-0.214125755,-0.360260978,4.740374718
-0.355477233,-0.223515298,-0.253104536,-0.276088518,4.117463943,0.031885598,-0.187717265,-0.137103471,-0.693804407,5.903096497,-0.181424933,-0.240085481,-0.182366112,-0.418501296,5.350257582,-0.17286093,-0.224029626,-0.231299893,-0.389741645,5.529819664,-0.27080727,-0.24037571,-0.265169217,-0.191325487,5.208017235,-0.237466404,-0.266351519,-0.220021533,-0.280655511,5.02745453,-0.325108838,-0.187544127,-0.235860153,-0.364970774,3.795204087,0.035911367,-0.193672282,-0.12244351,-0.709832779,5.807452311,-0.144119438,-0.206191465,-0.161607125,-0.520001286,4.960753294,-0.152221481,-0.217511866,-0.227694434,-0.422152003,5.572483211,-0.289483502,-0.243418658,-0.28568581,-0.149975327,5.404205985,-0.179420485,-0.236993796,-0.17849257,-0.43224229,4.36534613
-0.393298325,-0.264964047,-0.248343947,-0.048892013,4.435022869,-0.241182072,-0.280119376,-0.223769127,-0.21353031,7.578480159,-0.095429881,-0.26142713,-0.224676983,-0.272956678,7.740473128,-0.346168487,-0.23292503,-0.291307234,-0.121391876,3.956127676,-0.211240109,-0.315972965,-0.198061041,-0.222472189,5.157678677,-0.15853183,-0.243794045,-0.226711876,-0.302118786,5.076889482,-0.447471742,-0.321339692,-0.254232818,0.083888163,4.719708513,-0.217807673,-0.279231962,-0.206896171,-0.248517176,8.228299257,-0.051709049,-0.210092944,-0.186503077,-0.412893892,6.519149241,-0.329071173,-0.216642167,-0.278114308,-0.18173864,3.635799748,-0.217505521,-0.330281101,-0.193804012,-0.194042666,5.470629427,-0.102356581,-0.214032392,-0.187486545,-0.441122388,4.554776336
-0.240005795,-0.184369279,-0.262225531,-0.360529835,5.693561115,-0.224110026,-0.27628908,-0.242641785,-0.238804452,4.500201909,-0.320368423,-0.274469415,-0.195718557,-0.210610995,4.162800753,-0.253216769,-0.237321607,-0.210342891,-0.347062724,4.925585763,-0.251034373,-0.246320975,-0.261061128,-0.287437823,5.630823599,-0.308522333,-0.231793941,-0.22337237,-0.220387404,4.765229494,-0.235616034,-0.187904149,-0.246647038,-0.379408852,5.645885489,-0.236066681,-0.285331589,-0.245912829,-0.207564317,4.515223379,-0.261641174,-0.237566751,-0.171016978,-0.337347907,3.760946158,-0.259684529,-0.252745496,-0.20033999,-0.331737489,4.971897565,-0.259255544,-0.252329052,-0.271508506,-0.24761405,6.062426793,-0.260083082,-0.195823821,-0.195145747,-0.337880666,4.407132286
-0.289509535,-0.248131196,-0.226414718,-0.314767361,4.403251567,-0.183633763,-0.260087913,-0.262685282,-0.315425413,4.493445676,-0.207363649,-0.220758816,-0.2335088,-0.349447517,5.442384165,-0.17095659,-0.243407039,-0.284662404,-0.30300818,5.23862779,-0.174032651,-0.263614227,-0.212604739,-0.384429162,4.8631733,-0.182718682,-0.202792437,-0.221683219,-0.399379108,3.966724467,-0.320494585,-0.259004661,-0.255656882,-0.254378523,5.041813716,-0.151448525,-0.260475738,-0.250154334,-0.354278787,4.462863963,-0.133031745,-0.201769806,-0.20194616,-0.467596711,5.492747373,-0.174727875,-0.23349339,-0.303060353,-0.293798261,5.332813612,-0.160501684,-0.266155085,-0.2009269,-0.406960857,4.766110247,-0.125011785,-0.167693879,-0.176419353,-0.540430222,3.567617932
-0.35882081,-0.27807342,-0.3005191,-0.156006746,4.764883508,-0.090804239,-0.1937411,-0.23413781,-0.488841754,6.317908263,-0.047410804,-0.187674049,-0.202264816,-0.452103512,6.339118258,-0.356164935,-0.312386785,-0.308341772,-0.105328062,4.139017927,-0.166648513,-0.233685038,-0.187524877,-0.445875774,4.613868357,-0.150081241,-0.221881297,-0.204730648,-0.410108543,4.583055171,-0.364284784,-0.277074822,-0.305902023,-0.164672338,4.570634454,-0.060105908,-0.195112697,-0.224933701,-0.548762952,6.077877861,0.021129367,-0.140562187,-0.158671093,-0.620740982,5.483217366,-0.361966452,-0.308637637,-0.316393005,-0.095111051,4.20270269,-0.144866289,-0.230320641,-0.175191764,-0.491334999,4.617028138,-0.086710351,-0.183508317,-0.170860812,-0.540121543,4.181069255
-0.156775011,-0.223043549,-0.230851004,-0.407497965,5.820413869,-0.222650783,-0.18774073,-0.253210586,-0.314995817,5.70391644,-0.266603159,-0.296109663,-0.216622283,-0.176716561,6.276793606,-0.34657233,-0.236810454,-0.259984296,-0.182915364,4.85438944,-0.345138019,-0.245316145,-0.262749798,-0.175059481,4.441934961,-0.16737011,-0.272029401,-0.253103588,-0.206322808,6.421122105,-0.164004918,-0.211814842,-0.238666038,-0.425759866,5.517781821,-0.250295066,-0.191801598,-0.274557884,-0.256361936,5.845391817,-0.188882945,-0.241828089,-0.172249527,-0.355454065,5.164721088,-0.350199763,-0.229599201,-0.267553813,-0.178667138,4.851376791,-0.373156613,-0.230641505,-0.284741103,-0.1177386,4.822091494,-0.105886961,-0.241534075,-0.227534674,-0.3367552,5.676853066
-0.19489109,-0.225222518,-0.254367913,-0.306425027,4.63480025,-0.197574826,-0.263234051,-0.19412771,-0.363562866,5.088481381,-0.086661662,-0.254484574,-0.242072326,-0.401262544,6.461061872,-0.157374303,-0.258301111,-0.22387297,-0.374531637,4.976865876,-0.245963902,-0.252394509,-0.265573768,-0.298089045,4.391644782,-0.318146628,-0.25897385,-0.319265166,-0.067615721,5.086420601,-0.183820318,-0.218124118,-0.245860801,-0.342533519,4.499556506,-0.193356764,-0.264004904,-0.183586429,-0.372771509,5.008354943,-0.006275435,-0.210877531,-0.207081472,-0.577017915,5.714507895,-0.145932214,-0.259162866,-0.211077161,-0.399185753,5.006531447,-0.235501655,-0.256177404,-0.270301139,-0.293919968,4.6110645,-0.230395658,-0.20344949,-0.276823923,-0.277477006,4.285045447
-0.343200681,-0.274098171,-0.271327134,-0.282396739,4.462166334,-0.383576795,-0.206396172,-0.246492495,-0.191118971,4.149412468,-0.301574776,-0.239779797,-0.251989429,-0.332753327,3.874135485,-0.243963009,-0.23188526,-0.231371993,-0.248069485,5.236414299,-0.292225235,-0.265974115,-0.27547926,-0.179873134,4.704734902,-0.26217082,-0.24740835,-0.266498908,-0.300949467,4.254847982,-0.34390142,-0.264537091,-0.259224771,-0.30019332,4.205291241,-0.404462992,-0.208870464,-0.248819703,-0.158392138,3.993045675,-0.214636895,-0.176325492,-0.215666874,-0.546279343,3.363247842,-0.223900169,-0.222958743,-0.229145075,-0.283423828,5.009512984,-0.304155416,-0.273400061,-0.265403114,-0.185187996,4.664250447,-0.202446081,-0.210461958,-0.233972249,-0.441475181,3.743342363
-0.269238752,-0.264630825,-0.300545898,-0.160714124,4.265202544,-0.206238649,-0.240937036,-0.26105937,-0.302392422,6.876052589,-0.196282143,-0.219507203,-0.217063924,-0.456502666,4.992480771,-0.209459563,-0.262648703,-0.255616245,-0.239903838,5.529902664,-0.313915834,-0.253540694,-0.274120464,-0.149558297,4.749289067,-0.280952485,-0.240435523,-0.258866415,-0.253575083,4.707236186,-0.266382851,-0.226558319,-0.308648428,-0.205484462,3.728889808,-0.202464796,-0.254684563,-0.276039111,-0.286380445,7.486343799,-0.135614877,-0.177463032,-0.183856165,-0.609983101,4.238089044,-0.219289288,-0.253323042,-0.254602189,-0.241536355,5.456988186,-0.332395181,-0.258240531,-0.292717565,-0.101318848,4.917295141,-0.227207478,-0.202190618,-0.233655126,-0.384751147,4.262341936
-0.190588172,-0.255772636,-0.205781124,-0.325585741,4.347500581,-0.237662234,-0.23538446,-0.255700615,-0.265569705,5.190419455,-0.170199343,-0.266333046,-0.194168495,-0.383725103,5.14592337,-0.381710573,-0.229402963,-0.309063351,-0.033909913,4.934096803,-0.272056427,-0.23473792,-0.260940085,-0.184086053,4.809721354,-0.127759621,-0.210241353,-0.213796033,-0.449001718,4.806269913,-0.189359356,-0.250972015,-0.196736016,-0.34590612,4.098066069,-0.277700468,-0.242810137,-0.286473693,-0.194094759,5.38377388,-0.12518639,-0.255868159,-0.157718693,-0.483988684,4.80881194,-0.370431843,-0.224427578,-0.311016931,-0.035846272,5.241181669,-0.278803491,-0.24789754,-0.272215026,-0.141788571,5.043210618,-0.077822753,-0.190929119,-0.184319833,-0.550353369,4.453808939
-0.137657132,-0.221824885,-0.26750259,-0.435271402,6.801596349,-0.212280442,-0.243233619,-0.248777656,-0.209331222,5.653539268,-0.201336852,-0.344467542,-0.17001405,-0.26264381,5.744582818,-0.177851889,-0.280490066,-0.241845523,-0.288984988,5.833427453,-0.221968672,-0.19934466,-0.275814664,-0.406347197,4.661430398,-0.214035148,-0.257763399,-0.248244601,-0.341155423,4.942539459,-0.181043653,-0.233044803,-0.268681195,-0.371660738,6.887123322,-0.193951475,-0.264671169,-0.231024813,-0.241923981,5.480895934,-0.136914851,-0.318863412,-0.144752341,-0.392422168,5.290869191,-0.20300838,-0.303518404,-0.247027099,-0.222191882,6.350354172,-0.209838373,-0.185585573,-0.268925509,-0.428704393,4.394166458,-0.150512009,-0.232412513,-0.207668975,-0.469903008,4.349598506
-0.124483052,-0.172713574,-0.23850346,-0.456229012,5.275082483,-0.308087893,-0.229571909,-0.22096229,-0.172109749,4.67299922,-0.110786823,-0.208486866,-0.234886177,-0.375980739,5.988313953,-0.156977212,-0.250047098,-0.253533337,-0.374047361,4.944345197,-0.348547519,-0.295370049,-0.307794354,-0.049865161,6.044292238,-0.206155779,-0.235727478,-0.211884645,-0.309635031,4.868216054,-0.097116004,-0.171818841,-0.220907721,-0.49590803,5.044216086,-0.317336098,-0.230962321,-0.229545364,-0.155594291,4.787127172,-0.074412263,-0.191555767,-0.197953415,-0.480178366,5.344157069,-0.173612444,-0.26659251,-0.282980627,-0.309355385,5.404161279,-0.340416155,-0.292275184,-0.304478265,-0.062714443,5.956973747,-0.145890908,-0.208059692,-0.166152505,-0.457962025,4.377793923
-0.149934791,-0.230985149,-0.24773014,-0.324252446,6.860297468,-0.226774699,-0.224093573,-0.264653419,-0.218170568,4.782185238,-0.375290384,-0.281362017,-0.300366108,-0.04917791,5.315458692,-0.25854235,-0.254055523,-0.248570031,-0.313378874,4.366218211,-0.389240231,-0.278859722,-0.243612889,-0.145515538,4.650592589,-0.254370715,-0.243124112,-0.256771632,-0.336311084,3.958491614,-0.143561176,-0.246291379,-0.244551557,-0.307090034,6.940742697,-0.255877571,-0.227696701,-0.272208077,-0.170212813,4.998429894,-0.328070004,-0.247236128,-0.26032431,-0.192930766,4.626342797,-0.265969614,-0.252247076,-0.25685704,-0.308370684,4.281086968,-0.373612779,-0.283109996,-0.234238556,-0.170758987,4.815256322,-0.204616368,-0.202987143,-0.228719788,-0.455657928,3.645018904
-0.245350508,-0.218920947,-0.270552099,-0.275237436,4.256984511,-0.268035353,-0.290156367,-0.234142699,-0.183276266,4.217030729,-0.058197056,-0.200219246,-0.230630695,-0.423752943,5.692348928,-0.351485061,-0.303367794,-0.275538791,-0.026927136,5.155395792,-0.127769143,-0.183776134,-0.280471599,-0.353758674,6.265853695,-0.229762943,-0.214139354,-0.268584656,-0.305127074,4.615916025,-0.241942503,-0.192820639,-0.273392027,-0.313784547,4.096467449,-0.240592767,-0.287192073,-0.220113883,-0.21576324,4.252091181,-0.016158031,-0.162944007,-0.181319597,-0.57440545,4.857898467,-0.40782406,-0.325678265,-0.304871415,0.103943724,5.8048668,-0.1339542,-0.179086152,-0.285073072,-0.350261961,6.199629054,-0.178581726,-0.190318286,-0.236256845,-0.432943564,4.142667758
-0.25985032,-0.23070045,-0.290678031,-0.255288634,5.522946599,-0.318201184,-0.294176999,-0.219102414,-0.155065224,4.715257269,-0.100433316,-0.181663307,-0.212837867,-0.559943912,4.666556278,-0.311137455,-0.2458872,-0.280761599,-0.138298334,5.49567508,-0.343186335,-0.245867951,-0.289778278,-0.127950474,4.701761882,-0.298135293,-0.264136313,-0.246460048,-0.21286101,4.581191823,-0.260409722,-0.219338506,-0.293007426,-0.293238837,5.415399378,-0.350420694,-0.341157571,-0.203785179,-0.085594584,5.006080189,-0.04292337,-0.160528239,-0.18108402,-0.676140206,4.397449039,-0.311755689,-0.257103439,-0.290533784,-0.119149952,5.882409085,-0.37003971,-0.264349649,-0.31131519,-0.069328506,4.814620904,-0.229216066,-0.227440967,-0.211554235,-0.352050018,4.027097678
-0.063237834,-0.183758248,-0.219229881,-0.511729149,5.901613831,-0.376835603,-0.403183856,-0.237542464,-0.034961937,4.84779841,-0.190343886,-0.207650564,-0.211986378,-0.393219349,5.051175176,-0.301925398,-0.224542688,-0.281515669,-0.239444046,5.019899444,-0.242314413,-0.252451704,-0.247130561,-0.273444929,4.67679975,-0.196580932,-0.228176598,-0.223403179,-0.389797351,4.868740078,-0.054182239,-0.177228896,-0.204742879,-0.548717407,5.691099284,-0.414315306,-0.457194032,-0.231612026,0.069110752,5.459794258,-0.135226825,-0.175482184,-0.176625312,-0.518723756,4.777223378,-0.320694435,-0.216526715,-0.314192362,-0.199563222,5.297780597,-0.209236274,-0.231789421,-0.246665828,-0.334099837,4.595794201,-0.144829023,-0.189001647,-0.206238973,-0.508728219,4.467092759
-0.281662063,-0.21962626,-0.288340872,-0.34823839,5.607228162,-0.413098203,-0.234307404,-0.290746751,-0.046343026,4.378133494,-0.101228487,-0.130339402,-0.177463576,-0.604210961,4.535959981,-0.187737219,-0.252979683,-0.265447458,-0.215980567,5.95805374,-0.250708252,-0.217427797,-0.270367282,-0.148632898,4.43533226,-0.15510803,-0.181595474,-0.191822588,-0.431577876,5.634130172,-0.324659182,-0.234972011,-0.302648162,-0.286642156,5.71046356,-0.405612781,-0.232727399,-0.291721439,-0.067007701,4.290162144,-0.026621554,-0.092975303,-0.143857557,-0.764357882,4.195797431,-0.156137025,-0.237667855,-0.270597608,-0.262677394,6.015235143,-0.247972967,-0.216038895,-0.290957483,-0.11673047,4.584587362,-0.096008662,-0.150388956,-0.158523918,-0.561041317,5.173116437
-0.356430653,-0.294259805,-0.253959212,-0.158854875,4.93080842,-0.268691504,-0.274574137,-0.215854249,-0.292632167,5.008963435,-0.209693349,-0.219308766,-0.206439971,-0.314955618,5.441161921,-0.350153801,-0.273185838,-0.292532512,-0.046183266,6.315438741,-0.271250593,-0.324335384,-0.233970247,-0.148732537,5.560280675,-0.25071524,-0.233187637,-0.2337428,-0.328890201,4.352653254,-0.37476042,-0.30255271,-0.279593785,-0.102785669,4.917471695,-0.25669516,-0.278620652,-0.203332699,-0.337352051,5.31370323,-0.149845803,-0.169550774,-0.179529297,-0.476334665,4.728205457,-0.414613528,-0.307337287,-0.318272611,0.111937496,7.34629145,-0.269012853,-0.336422738,-0.231107257,-0.137712746,5.639306539,-0.187815811,-0.196398033,-0.20319114,-0.461862633,3.959383439
-0.291278115,-0.250950187,-0.267117443,-0.160608055,5.954176413,-0.289610426,-0.249626174,-0.297353833,-0.284818805,3.726658285,-0.338944598,-0.331878228,-0.23156541,-0.074621336,5.118893325,-0.243141295,-0.288084792,-0.279480883,-0.178790058,5.010885708,-0.210197022,-0.217515599,-0.267983308,-0.281617626,5.67118954,-0.141839821,-0.212801907,-0.229514649,-0.304636774,5.33414518,-0.332256254,-0.276075922,-0.294794723,-0.044692193,7.408566012,-0.339291767,-0.275891053,-0.344614136,-0.170202885,4.111456959,-0.308484672,-0.298956589,-0.212157599,-0.17682224,4.416390882,-0.291264753,-0.327374918,-0.315697962,-0.058479848,5.676380438,-0.199303607,-0.214544283,-0.269888431,-0.2996706,5.866248352,-0.094945077,-0.185969368,-0.193276421,-0.414242114,4.857077398
-0.246219301,-0.217474169,-0.227538831,-0.299104238,4.175566532,-0.212431984,-0.22871459,-0.257739006,-0.238808046,6.873352435,-0.351683339,-0.262661117,-0.326991962,-0.046273005,4.258990769,-0.186064544,-0.236010107,-0.259479995,-0.334801049,4.639413081,-0.275692511,-0.221035036,-0.31937338,-0.243384045,5.434045628,-0.262056935,-0.220912904,-0.217891511,-0.384698015,4.948253289,-0.2130225,-0.203169791,-0.217653899,-0.363411656,3.991851025,-0.198028869,-0.244907321,-0.241503141,-0.254729332,7.254592561,-0.332455374,-0.247119452,-0.306597752,-0.112162087,3.787240369,-0.16679968,-0.228711884,-0.257147261,-0.374362962,4.595841549,-0.295485625,-0.242953781,-0.337501016,-0.182511109,6.175151448,-0.217282864,-0.183713356,-0.184103726,-0.501735922,4.514768803
-0.176510092,-0.18235012,-0.20031942,-0.392683281,5.641059413,-0.348233682,-0.23545293,-0.295111973,-0.138000148,4.835771218,-0.116197448,-0.209314957,-0.273588125,-0.315063379,7.201587044,-0.256379885,-0.226778357,-0.274138218,-0.235834529,4.924208455,-0.245082778,-0.24771251,-0.238686749,-0.208107261,5.606727648,-0.20619853,-0.272248731,-0.254156074,-0.245422581,4.790621996,-0.169426813,-0.185906717,-0.18497255,-0.415216831,5.568270076,-0.427345297,-0.244141042,-0.339341046,0.010620473,5.271000005,-0.046780092,-0.170276256,-0.235742353,-0.474072101,6.214354342,-0.2893268,-0.231082958,-0.301420171,-0.166715828,5.372630849,-0.238561388,-0.242431432,-0.225801391,-0.239247538,5.330997021,-0.133565974,-0.240820532,-0.216993215,-0.39890828,4.305944835
-0.186707039,-0.217090249,-0.204977891,-0.417346208,5.84687306,-0.191496518,-0.265204187,-0.22019909,-0.315475724,5.604027618,-0.156261411,-0.149711757,-0.245876217,-0.438141214,4.251966912,-0.258827536,-0.248702633,-0.265565495,-0.272115594,5.582433645,-0.246390315,-0.234701475,-0.253046575,-0.239103157,5.089967664,-0.202579011,-0.2349967,-0.206197443,-0.410125424,5.648266133,-0.179307428,-0.220001687,-0.204162004,-0.416104436,5.881128274,-0.174107205,-0.250846915,-0.210881655,-0.360041948,5.585909281,-0.10171974,-0.115079783,-0.201821512,-0.578334612,3.831495719,-0.273453915,-0.252932857,-0.278696411,-0.248292093,5.643967839,-0.255650144,-0.233401034,-0.269756345,-0.203009772,5.292177629,-0.153963145,-0.214124467,-0.176009545,-0.522376737,5.239110081
-0.35849085,-0.321378176,-0.259018296,-0.088541846,5.083874304,-0.291736986,-0.164375336,-0.260913515,-0.338385784,4.191658402,-0.20526557,-0.234772663,-0.178183043,-0.351151854,4.640039211,-0.22521517,-0.223894466,-0.253833756,-0.302809493,5.337533294,-0.123909551,-0.184265184,-0.202473332,-0.524135763,4.117359822,-0.213609504,-0.270010116,-0.182002038,-0.381212075,4.911590674,-0.33680422,-0.306261255,-0.235613177,-0.159302306,4.791367719,-0.292171281,-0.172648256,-0.245742128,-0.354859253,4.012806188,-0.151839605,-0.197188112,-0.154332267,-0.470777581,4.302815046,-0.213271723,-0.221880468,-0.238282625,-0.328058344,5.27879723,-0.130871923,-0.184980141,-0.198675231,-0.525908405,4.06983063,-0.139822331,-0.222225649,-0.148374518,-0.532637249,4.374286333
-0.10344257,-0.236931755,-0.172477691,-0.474881017,6.524244074,-0.082992537,-0.158139889,-0.256881166,-0.546397912,6.51643942,-0.25653464,-0.28623509,-0.261857436,-0.197116282,4.888546486,-0.188964727,-0.240038545,-0.225185986,-0.358291391,5.310113631,-0.234515683,-0.255598009,-0.233684896,-0.226661182,5.025267935,-0.132452613,-0.197504929,-0.266157083,-0.359600533,4.546796443,-0.109553203,-0.279236574,-0.155562139,-0.440211505,6.784556392,-0.069229608,-0.140821042,-0.258618754,-0.612054338,6.381571115,-0.181657121,-0.268421978,-0.215575465,-0.354561201,4.265188051,-0.166096665,-0.222670717,-0.207860523,-0.415509918,4.924209873,-0.225418021,-0.246244575,-0.230274919,-0.240822684,5.25287266,-0.063951467,-0.152057652,-0.22682661,-0.527598708,3.922011352
-0.323820383,-0.275742402,-0.252528765,-0.176019219,5.873357733,-0.20245338,-0.269295934,-0.243389502,-0.253517663,5.721214973,-0.255714963,-0.239478919,-0.204901156,-0.402145183,3.894605057,-0.249001357,-0.26352654,-0.294278185,-0.095871041,5.343613475,-0.327625779,-0.260474373,-0.267918793,-0.180356679,4.792989164,-0.179192196,-0.278449103,-0.221427085,-0.353990244,6.08031044,-0.305543176,-0.246884151,-0.25528483,-0.232116685,6.049223267,-0.217229478,-0.294382184,-0.251265877,-0.220429312,6.211622847,-0.16761135,-0.200662336,-0.147462181,-0.604037638,3.406678504,-0.275917537,-0.273837622,-0.303560948,-0.037769651,5.45653879,-0.354898759,-0.269837649,-0.268294654,-0.144119722,4.861281444,-0.10097474,-0.227281603,-0.189604172,-0.524738912,5.358948585
-0.303804325,-0.256690607,-0.227432851,-0.299000755,4.078335266,-0.207020042,-0.249679482,-0.24927525,-0.364592914,5.217589755,-0.304073462,-0.20523603,-0.253563328,-0.328556081,4.815554893,-0.283750687,-0.241721703,-0.248931701,-0.241874934,5.416086399,-0.273019957,-0.281509548,-0.282808696,-0.129101462,4.946259738,-0.263566604,-0.245975564,-0.281398953,-0.227077942,5.205112016,-0.338931261,-0.276461527,-0.255423535,-0.189844455,4.469733208,-0.184930139,-0.242434303,-0.238236607,-0.411535026,4.997969337,-0.253433575,-0.173710425,-0.215850213,-0.466783664,4.408751125,-0.326912639,-0.267201007,-0.267925618,-0.154779048,5.916339143,-0.290694192,-0.291014607,-0.284054587,-0.101695234,5.005245138,-0.227445855,-0.213659835,-0.26214394,-0.321120907,4.756634527
-0.259127782,-0.281594037,-0.25195917,-0.22981477,5.772433245,-0.176717151,-0.213831303,-0.236479384,-0.260696493,5.862732673,-0.131018423,-0.264163811,-0.234343683,-0.438517664,5.599265899,-0.271790918,-0.247717966,-0.240923204,-0.209209044,4.502488786,-0.307207919,-0.181464238,-0.266715927,-0.225377594,4.730559263,-0.266461674,-0.240208903,-0.211429268,-0.353135008,4.431070245,-0.261961312,-0.251623366,-0.264691412,-0.215040531,5.599102605,-0.179574507,-0.188188528,-0.240568418,-0.263537196,5.755952851,-0.067915138,-0.231669675,-0.198464105,-0.58505952,4.802276188,-0.264938156,-0.231830248,-0.234233414,-0.234827235,4.342532301,-0.297845268,-0.168207879,-0.267652317,-0.235418184,4.755471825,-0.20060673,-0.196314753,-0.174139574,-0.507682151,3.997417169
-0.093505738,-0.086473569,-0.299116028,-0.509507438,6.283406696,-0.073133643,-0.160875458,-0.160478224,-0.581791058,5.493867276,-0.299594534,-0.236694691,-0.275277825,-0.267696495,3.677018504,-0.254207699,-0.246352124,-0.210826988,-0.238836028,4.967922425,-0.330891058,-0.287135902,-0.282351941,-0.085094766,4.865405094,-0.212944402,-0.23778896,-0.255817144,-0.33364064,4.701952649,-0.116982956,-0.103199347,-0.298399773,-0.461387822,6.413319146,-0.068641762,-0.151093687,-0.162990843,-0.595785714,5.451888558,-0.239131473,-0.1913255,-0.236620715,-0.458472684,3.266149906,-0.238988852,-0.243788186,-0.20655998,-0.251701908,4.931993958,-0.348068941,-0.298817207,-0.277964575,-0.062179594,4.665421645,-0.158929737,-0.206225124,-0.213158581,-0.473178753,4.094217203
-0.304790073,-0.227198432,-0.239006937,-0.233545435,5.439453668,-0.221519827,-0.307212521,-0.282979123,-0.212433146,5.02200329,-0.192264317,-0.197506363,-0.22679465,-0.406387219,5.910543902,-0.188058922,-0.20015341,-0.24065662,-0.37279827,5.195474432,-0.131352489,-0.191895409,-0.239264347,-0.397787032,5.887721802,-0.230493423,-0.194392315,-0.24848534,-0.391116152,4.774547212,-0.296382408,-0.223167139,-0.222627914,-0.243813543,5.230635491,-0.219266487,-0.290655068,-0.288440602,-0.224661615,4.828790599,-0.122227953,-0.149851752,-0.172879214,-0.596768064,4.991078973,-0.1917646,-0.187535648,-0.245418711,-0.371265606,5.072889973,-0.149765779,-0.202312112,-0.245347221,-0.353503184,6.052566551,-0.178273307,-0.166276589,-0.225465223,-0.50654293,4.426005462
-0.233237603,-0.152770336,-0.245953161,-0.362420234,4.062597074,-0.242432764,-0.246276294,-0.296393731,-0.158692488,5.773382769,-0.134759506,-0.20933785,-0.247833503,-0.431642442,5.435238756,-0.379580552,-0.238470854,-0.26694721,-0.18029433,4.298769526,-0.361450586,-0.284328579,-0.276406897,0.014224773,5.396019159,-0.226573248,-0.187896423,-0.208785533,-0.362497186,5.121706302,-0.216569138,-0.14787398,-0.236692252,-0.387140846,3.953629704,-0.266332292,-0.264762248,-0.344685711,-0.081907991,6.423500726,-0.062942888,-0.184225774,-0.193156278,-0.584485035,4.757454619,-0.36709928,-0.233709081,-0.267992884,-0.20313182,4.325316355,-0.366499251,-0.280263446,-0.275962337,-0.012993109,5.122623302,-0.181243074,-0.163381334,-0.183210494,-0.461775276,4.75865743
-0.265815717,-0.260826093,-0.324351801,-0.131265821,6.0906898,-0.209756056,-0.256749918,-0.294430836,-0.209293094,7.939033395,-0.294202811,-0.238571588,-0.297877449,-0.161624537,6.055305918,-0.302558334,-0.309268573,-0.254925992,-0.210613,4.544967117,-0.285495498,-0.280341902,-0.272968271,-0.191496698,4.867772748,-0.316663517,-0.256390766,-0.249818057,-0.203063168,5.082449258,-0.27031167,-0.279036063,-0.325938005,-0.115905518,6.055854279,-0.181995044,-0.257287556,-0.292495798,-0.256568328,8.015631984,-0.220352885,-0.19147006,-0.247167309,-0.310007252,5.044649485,-0.297633958,-0.316010231,-0.255027335,-0.211373248,4.538351313,-0.265125745,-0.266168628,-0.296637368,-0.200992848,5.123179529,-0.243228324,-0.220447147,-0.203429863,-0.369095649,4.588001793
-0.286014569,-0.238668362,-0.296159366,-0.281456298,3.837454781,-0.217400624,-0.22097276,-0.199988437,-0.381349983,4.725874897,-0.357975993,-0.238405535,-0.239630005,-0.047201446,3.300726694,-0.20808198,-0.262687505,-0.220813619,-0.278477133,4.904532708,-0.053679511,-0.220034732,-0.219130934,-0.447191145,5.883115177,-0.292103502,-0.226940898,-0.268131491,-0.233345535,4.287052432,-0.259920642,-0.210927987,-0.305465659,-0.345130192,3.854636123,-0.191099753,-0.206202137,-0.17843773,-0.431764131,4.37082869,-0.284495453,-0.197646878,-0.196339358,-0.222927486,2.974623912,-0.208800486,-0.269682812,-0.207183112,-0.283175021,4.832493997,-0.034302763,-0.214105861,-0.204020737,-0.50580769,5.550895649,-0.220304735,-0.182417372,-0.222502642,-0.409487487,3.816776485
-0.361061562,-0.205539352,-0.278608622,-0.231422956,3.967737896,-0.248393382,-0.217356546,-0.258416876,-0.329815568,6.468237865,-0.347204248,-0.255121646,-0.240237334,-0.256760335,3.392498267,-0.248012129,-0.201640643,-0.268141578,-0.250936829,4.693433617,-0.180757734,-0.258598281,-0.219559989,-0.370118019,5.779381043,-0.250643399,-0.22978363,-0.281552935,-0.218077294,5.273001113,-0.359046223,-0.207682945,-0.264687402,-0.248236898,3.683751141,-0.218495814,-0.218089772,-0.260688946,-0.365884529,6.91926151,-0.281403907,-0.217628186,-0.190173984,-0.443521368,3.010479727,-0.242185842,-0.205503538,-0.266885336,-0.26139024,4.623084465,-0.192533407,-0.28260225,-0.218222323,-0.343008226,6.052167366,-0.199067563,-0.193349688,-0.255080285,-0.332244812,4.892446145
-0.284980849,-0.300356376,-0.229650443,-0.116453132,5.339726956,-0.260720848,-0.264536874,-0.175570898,-0.300350261,4.791351595,-0.271499908,-0.174193038,-0.271729807,-0.331946749,4.708098524,-0.349877952,-0.294105763,-0.280256549,-0.080394932,4.640339032,-0.185331813,-0.182080619,-0.282890711,-0.315933805,5.81845451,-0.329176663,-0.249387759,-0.25550662,-0.19616859,3.81538599,-0.306414177,-0.308254063,-0.253433412,-0.070254614,5.795464162,-0.250303632,-0.254231463,-0.149622942,-0.330633158,4.605026177,-0.202144218,-0.133404699,-0.231419115,-0.494795508,4.159442267,-0.356100062,-0.31679637,-0.26950929,-0.066441533,4.692976102,-0.190668644,-0.15706341,-0.313619529,-0.290880974,5.911134055,-0.285770912,-0.226342651,-0.215780332,-0.311182098,3.445158361
-0.322034079,-0.222252068,-0.298549884,-0.155475058,4.472341324,-0.215236294,-0.342031596,-0.193939718,-0.199167767,9.517127493,-0.269869226,-0.202156305,-0.304831967,-0.226857183,5.654050956,-0.236511559,-0.255383772,-0.285144252,-0.269496445,5.326544958,-0.329313577,-0.290018216,-0.267496094,-0.124203658,4.842866446,-0.224291186,-0.265500559,-0.215154962,-0.278426938,5.232007065,-0.338062103,-0.23283155,-0.310133639,-0.103426006,4.831979438,-0.241454021,-0.357373966,-0.215600669,-0.157070519,11.57160924,-0.207253671,-0.171915411,-0.26491085,-0.37375222,5.078161416,-0.208164214,-0.2521521,-0.26397272,-0.322442443,5.411632797,-0.330928415,-0.303087312,-0.252717893,-0.12478665,4.883940303,-0.147244391,-0.218097904,-0.170683032,-0.465679871,4.484495187
-0.207190042,-0.200904606,-0.314829461,-0.167699682,5.608812309,-0.187877167,-0.158004862,-0.304082516,-0.246698488,5.523471491,-0.189266255,-0.238064942,-0.21526026,-0.264309158,5.671337564,-0.242482154,-0.266988485,-0.243136812,-0.353208477,5.019692619,-0.239499167,-0.253304655,-0.287167894,-0.211626551,5.627966059,-0.273523664,-0.222350704,-0.231770933,-0.286354949,4.475300912,-0.16936527,-0.190469139,-0.3086392,-0.20868551,5.617432624,-0.231263303,-0.188827491,-0.332229612,-0.184147974,5.97874914,-0.107897239,-0.188501706,-0.184258473,-0.426244903,4.859533388,-0.238792457,-0.284240192,-0.237100308,-0.340047156,5.123947913,-0.235005881,-0.234924363,-0.307625578,-0.214117946,5.636767338,-0.233759843,-0.196653301,-0.198012858,-0.389557619,4.060727392
-0.438522441,-0.320265515,-0.326052715,0.170091913,6.58615388,-0.250656017,-0.217420335,-0.23808418,-0.300406326,5.268475152,-0.142272219,-0.207766416,-0.138434621,-0.533211602,4.637032566,-0.222512887,-0.250469128,-0.270343597,-0.278334286,5.10135662,-0.306542664,-0.223260534,-0.285623392,-0.186752583,4.89142192,-0.284764773,-0.243977006,-0.28265896,-0.191752727,4.18658086,-0.438321789,-0.33630229,-0.317009214,0.197028209,7.559782626,-0.233662053,-0.21141231,-0.213882067,-0.367584327,5.004605591,-0.091150916,-0.168234931,-0.122961947,-0.657849214,4.203889916,-0.19167118,-0.227643915,-0.2619819,-0.339514761,4.659961622,-0.293150408,-0.21458426,-0.281979779,-0.215510731,4.731558035,-0.204651287,-0.196640021,-0.230200381,-0.399419561,3.516346307
-0.330253413,-0.362428157,-0.24738098,-0.027744245,5.815101342,-0.228285052,-0.22304522,-0.203478604,-0.377344076,5.293455305,-0.085223339,-0.230381083,-0.14978842,-0.541104419,4.062527629,-0.258456473,-0.269409709,-0.220059618,-0.233892847,5.563053989,-0.310030251,-0.239048825,-0.262615476,-0.233487053,4.238848755,-0.281797843,-0.249634989,-0.233738081,-0.282258046,4.461031933,-0.285502191,-0.340348271,-0.267781268,-0.068574933,5.600117809,-0.248701087,-0.23580068,-0.204721754,-0.339782206,5.35271472,-0.02938758,-0.194273184,-0.123936582,-0.673069769,3.752165661,-0.265600427,-0.296096773,-0.207316842,-0.204065593,5.727781588,-0.31975801,-0.235073533,-0.255412568,-0.248598705,4.031430776,-0.208836483,-0.207863966,-0.196944603,-0.444178406,3.970151686
-0.147806415,-0.207007054,-0.214003328,-0.459588577,5.827470846,-0.299515531,-0.200931899,-0.304556464,-0.128380224,6.939561914,-0.336619925,-0.312026173,-0.263392423,-0.07442544,4.821500225,-0.250700742,-0.265677195,-0.2520724,-0.222776525,5.663667306,-0.179946493,-0.23158315,-0.225728443,-0.350599654,5.487283735,-0.26527101,-0.227029905,-0.273247847,-0.230232802,4.698679111,-0.163372102,-0.218701706,-0.235200021,-0.406521712,6.329951307,-0.29222204,-0.201010989,-0.309801709,-0.117494093,7.856090185,-0.294328547,-0.269374144,-0.235888872,-0.20461063,4.173715905,-0.264886905,-0.275899916,-0.247074102,-0.195562553,5.953144426,-0.202008314,-0.228141662,-0.245448826,-0.29231882,5.608800597,-0.224640485,-0.209382199,-0.240181539,-0.326605722,4.441755765
-0.111718024,-0.193755352,-0.25895102,-0.480740296,5.284473324,-0.230875125,-0.273063132,-0.242097931,-0.124395376,6.065276849,-0.15682238,-0.250467858,-0.217084788,-0.318878788,6.227894007,-0.249124776,-0.237784856,-0.243147127,-0.372773919,4.047150555,-0.13250396,-0.180407643,-0.193312111,-0.460372724,5.03635061,-0.201055812,-0.2399807,-0.201571955,-0.388776797,3.746077646,-0.093341621,-0.182534317,-0.258376847,-0.507077217,5.283574664,-0.245560356,-0.289257341,-0.245180608,-0.084931866,6.522473579,-0.102677041,-0.219181995,-0.195197685,-0.417038966,5.640759432,-0.25886141,-0.253695556,-0.245563418,-0.373946667,3.992633615,-0.126047217,-0.181013521,-0.191128854,-0.471777511,5.026422346,-0.150591033,-0.196374361,-0.161527807,-0.543967665,3.258126542
-0.210914087,-0.190443544,-0.256863336,-0.445913464,5.584754366,-0.339122441,-0.320659435,-0.299024969,-0.064901564,5.057977728,-0.223482225,-0.245465207,-0.255793706,-0.310772678,5.820915102,-0.226921194,-0.217938294,-0.236159204,-0.350384272,4.928020205,-0.277104442,-0.254264584,-0.285458585,-0.227147421,5.176543299,-0.353954146,-0.281159699,-0.282677113,-0.114498385,4.158999815,-0.213438863,-0.191619959,-0.26080717,-0.430848729,5.738823247,-0.291304595,-0.31832575,-0.269265193,-0.077560361,5.028218129,-0.14323689,-0.215423125,-0.204787839,-0.491673467,5.101276773,-0.208892404,-0.206916293,-0.22075215,-0.40203411,4.776541311,-0.298691529,-0.267517546,-0.308164005,-0.170665714,5.463180407,-0.268012901,-0.244151073,-0.229843411,-0.315576098,3.595873546
-0.438234553,-0.276585378,-0.296072514,0.095805203,6.374544627,-0.243456252,-0.253611073,-0.218894075,-0.206206462,4.98766616,-0.333413193,-0.243841422,-0.325103038,-0.067454545,5.068711635,-0.278014454,-0.242228992,-0.27237597,-0.19697876,5.265985177,-0.32423846,-0.235139392,-0.286392206,-0.079229936,5.043322834,-0.161756885,-0.207702487,-0.213821443,-0.333705859,5.345067572,-0.426645507,-0.284489241,-0.301088346,0.11627498,6.763935769,-0.253225735,-0.262529355,-0.218259594,-0.158143681,4.994190418,-0.28176757,-0.225428723,-0.279730509,-0.189332911,4.395191468,-0.274059224,-0.239514689,-0.273567995,-0.214559568,5.16760561,-0.326774591,-0.232462827,-0.288290429,-0.07830578,5.022139647,-0.115713909,-0.175154173,-0.180167851,-0.451154872,4.865628065
-0.378350492,-0.294811465,-0.240247893,-0.068618649,6.130970993,-0.232872169,-0.272311138,-0.264119793,-0.243424763,4.774642035,-0.257219179,-0.177520382,-0.285597074,-0.2156941,5.20071001,-0.265044762,-0.25455852,-0.207786683,-0.247550255,4.050875732,-0.278266125,-0.256218504,-0.279468735,-0.165145805,5.046160082,-0.221185028,-0.25712929,-0.251136711,-0.262433852,5.24034146,-0.375464094,-0.276480312,-0.22496598,-0.119753673,5.672323629,-0.281680638,-0.302090502,-0.279381683,-0.169446137,5.134045782,-0.199527614,-0.153744199,-0.238506984,-0.338321798,4.563961038,-0.27035056,-0.258743316,-0.208930109,-0.252472774,3.898076232,-0.255865797,-0.251483017,-0.260045471,-0.210200205,4.833993439,-0.171757354,-0.229218931,-0.213092137,-0.387375944,4.589457313
-0.308516978,-0.297042329,-0.236379782,-0.214783152,4.046698648,-0.391782145,-0.285993672,-0.251985082,-0.095192598,4.056280528,-0.277759251,-0.223310721,-0.291147087,-0.260474739,5.460943855,-0.185245376,-0.232534645,-0.220550277,-0.401470554,5.015588003,-0.244913698,-0.212285078,-0.261012725,-0.383917413,4.419908776,-0.303803562,-0.25397244,-0.25201425,-0.133934737,5.119857948,-0.326208196,-0.307647656,-0.234052134,-0.184249197,3.901952755,-0.397716171,-0.305030339,-0.257485148,-0.027426735,4.239391491,-0.217387094,-0.18205199,-0.27391219,-0.366743429,4.851479438,-0.18415633,-0.232340796,-0.192170336,-0.440117689,4.628849799,-0.199248935,-0.187756337,-0.247527319,-0.481770466,4.130621295,-0.240969812,-0.221607694,-0.219441006,-0.267773937,4.548260276
-0.111386107,-0.197880193,-0.201602518,-0.419622278,6.367430515,-0.268295498,-0.247574214,-0.263403938,-0.191439648,4.69693087,-0.300628063,-0.241602488,-0.223795119,-0.245305491,3.887672855,-0.237906584,-0.304993984,-0.248824734,-0.16442559,5.621377834,-0.22105395,-0.21822474,-0.240253568,-0.293474112,4.540485505,-0.146983131,-0.180873074,-0.260193653,-0.327801614,4.928748158,-0.130529713,-0.202943141,-0.200289299,-0.401684083,6.310941831,-0.280730662,-0.25941688,-0.264170431,-0.150670052,4.935960576,-0.236866929,-0.214085465,-0.170868235,-0.400554926,3.495181593,-0.245020572,-0.327642372,-0.249514533,-0.100261465,5.998881248,-0.207707239,-0.199073916,-0.259131653,-0.300251141,4.683482068,-0.068350885,-0.144319413,-0.215081522,-0.492497398,4.342141935
-0.263898162,-0.253749019,-0.260795536,-0.330632236,5.081252024,-0.209488898,-0.216114882,-0.258871463,-0.281326226,5.866392935,-0.141355289,-0.289088629,-0.214717878,-0.441743451,6.137822209,-0.34355699,-0.248779842,-0.314034109,-0.046477911,5.298242025,-0.214521631,-0.272536784,-0.229412998,-0.281995266,5.791123034,-0.215279215,-0.247617479,-0.268353805,-0.377274274,4.515404193,-0.297524904,-0.257683471,-0.26462226,-0.302729693,5.157146894,-0.182263751,-0.21206687,-0.239568358,-0.324506779,5.525835568,-0.058587774,-0.251589142,-0.166158651,-0.603538345,5.510922309,-0.34513058,-0.232246278,-0.329490086,-0.050727846,5.31843839,-0.234240133,-0.297861165,-0.234182544,-0.24197499,6.3083692,-0.161759948,-0.214373053,-0.233430706,-0.512889991,3.985654305
-0.360377357,-0.254181846,-0.354240395,0.039881369,5.603732566,-0.182988059,-0.227267686,-0.214767747,-0.423843866,4.890528502,-0.161140579,-0.219755119,-0.211275488,-0.397239709,5.072984264,-0.146896036,-0.219677902,-0.222390609,-0.435340376,5.367813617,-0.287032812,-0.257859301,-0.311870616,-0.126269092,5.145090448,-0.334652519,-0.250951174,-0.298356519,-0.10226907,4.398327019,-0.385994084,-0.26753035,-0.360798706,0.115974965,5.812133426,-0.169202463,-0.20257821,-0.20847711,-0.475383577,4.562255115,-0.105032103,-0.184556774,-0.165073114,-0.552668606,4.542771767,-0.132861389,-0.215672774,-0.226062352,-0.455011304,5.426269382,-0.30288189,-0.275929814,-0.299531428,-0.098573474,5.030616868,-0.278615737,-0.216983266,-0.251869833,-0.254943358,3.818544207
-0.444866922,-0.254248595,-0.274507307,-0.028622465,4.820905557,-0.066615292,-0.187677552,-0.208371472,-0.468572097,4.558296324,-0.284896619,-0.172183059,-0.292424016,-0.274352277,5.183786101,-0.291544535,-0.278997872,-0.249597929,-0.189951179,4.788217663,-0.336577865,-0.264152189,-0.244933353,-0.178493662,5.237929997,-0.161782611,-0.204169519,-0.202255202,-0.409748531,5.563882806,-0.448340559,-0.268543378,-0.262582516,-0.028869583,4.681865599,-0.100413453,-0.21353239,-0.207642693,-0.407041421,4.675502882,-0.248649731,-0.146497767,-0.273609148,-0.368117423,5.02412419,-0.298344605,-0.274028338,-0.26112156,-0.182333769,4.715673549,-0.350685301,-0.274255618,-0.237735131,-0.157634162,5.148677898,-0.111741028,-0.184823066,-0.174065111,-0.519544228,5.284122908
-0.317112376,-0.312704399,-0.322247807,-0.000390702,4.658651736,-0.304595776,-0.325663299,-0.266164984,-0.132458543,5.242611855,-0.202163762,-0.252016182,-0.179315821,-0.305176883,5.916556511,-0.325827123,-0.221783435,-0.283195789,-0.201792504,4.750232404,-0.284523369,-0.276893722,-0.230662715,-0.220270705,4.562671053,-0.280861553,-0.265270234,-0.233185456,-0.222770837,4.084231075,-0.342875599,-0.350707925,-0.326038749,0.061295171,5.064642749,-0.279971809,-0.318268827,-0.266759513,-0.148872578,5.334534438,-0.149738646,-0.212989508,-0.151820735,-0.432618357,5.33777114,-0.349757775,-0.211125022,-0.326288869,-0.127286389,5.088919771,-0.279115915,-0.270270215,-0.222352813,-0.244599354,4.487418517,-0.232406865,-0.237280632,-0.199929081,-0.33928854,3.656693244
-0.149782887,-0.290245327,-0.188103645,-0.37802205,5.808463357,-0.295436029,-0.223108403,-0.28973728,-0.064238038,5.443209163,-0.06195298,-0.193139848,-0.20768387,-0.544675856,6.155405817,-0.249384488,-0.236114372,-0.261894698,-0.234920538,5.744527627,-0.241323461,-0.209749636,-0.239629167,-0.380816056,3.964032328,-0.127965891,-0.16089143,-0.259287872,-0.44314738,4.889240556,-0.161467027,-0.298023422,-0.174699868,-0.397086404,5.836638508,-0.286210464,-0.224415226,-0.304929881,-0.039204928,5.549210345,-0.022825319,-0.167691774,-0.195081774,-0.631282802,5.724935131,-0.236968636,-0.23398837,-0.251951817,-0.260183167,5.575045763,-0.23938864,-0.216165095,-0.21895865,-0.391580482,3.878925168,-0.054339517,-0.128984991,-0.214045371,-0.603904964,4.410487303
-0.403362841,-0.316526833,-0.299777423,-0.127759419,4.188787692,-0.379958502,-0.252369018,-0.327273199,-0.157306174,5.84310947,-0.335775359,-0.260960379,-0.27947652,-0.069665965,5.087356133,-0.269428252,-0.224460286,-0.294184704,-0.191541063,4.634443464,-0.292615451,-0.25364954,-0.280215627,-0.101319214,5.24963839,-0.114408497,-0.19111557,-0.248992081,-0.34126279,5.708107521,-0.474028801,-0.338213318,-0.330265502,-0.035069593,4.521486293,-0.477503875,-0.284480809,-0.352533517,0.031994409,6.516986099,-0.260143712,-0.235211123,-0.225657138,-0.233640625,4.607532475,-0.266093199,-0.224147616,-0.308560634,-0.172253552,4.774691095,-0.28909139,-0.270397476,-0.267431489,-0.102975424,5.15895719,-0.052714149,-0.158094782,-0.217716437,-0.483159189,5.192783405
-0.399584427,-0.216704485,-0.255870776,-0.09581262,4.612952567,-0.143211986,-0.189055222,-0.19479072,-0.480871469,4.576355537,-0.251350109,-0.281633676,-0.25136269,-0.23597717,5.837862373,-0.161794333,-0.228480496,-0.22132141,-0.418081791,4.575279212,-0.199550783,-0.243555381,-0.225042037,-0.313895376,6.150048048,-0.113282269,-0.247484864,-0.206684291,-0.389959668,5.514530159,-0.389060004,-0.21127287,-0.239774168,-0.133239954,4.36866726,-0.121612431,-0.176538543,-0.175816965,-0.533099873,4.265937863,-0.190897326,-0.235360748,-0.208826109,-0.417122601,4.786242599,-0.173636365,-0.236569738,-0.217346804,-0.398501266,4.701378117,-0.196506855,-0.219787476,-0.239531578,-0.322663116,6.121267566,-0.046193242,-0.212076467,-0.179444998,-0.534222151,4.996150729
-0.230080972,-0.265003072,-0.207451886,-0.273916164,4.871341657,-0.146102022,-0.221288372,-0.215387352,-0.410224511,5.254371687,-0.059534088,-0.155625385,-0.196817847,-0.676752915,4.849048364,-0.275419474,-0.273626849,-0.259944046,-0.135625302,5.742096818,-0.352989327,-0.275982779,-0.283403109,-0.15613817,4.786768679,-0.106443785,-0.200289203,-0.222344947,-0.460740809,5.090203938,-0.242786618,-0.275133995,-0.22095759,-0.230998312,4.694200918,-0.154882972,-0.227640575,-0.214968457,-0.400270062,5.162922974,-0.002863052,-0.136200941,-0.161015983,-0.812338904,4.586309227,-0.286956591,-0.27908116,-0.265631164,-0.095271423,5.919034666,-0.344304996,-0.257108077,-0.299716919,-0.180552481,4.667412022,-0.058469908,-0.170986025,-0.196868376,-0.565833245,4.753259503
-0.190402468,-0.232374739,-0.23841483,-0.400406855,5.69077021,-0.22607643,-0.241583202,-0.27207392,-0.14729813,7.756221774,-0.136350847,-0.228120064,-0.232640806,-0.284079762,5.608071289,-0.231014376,-0.200874185,-0.250970246,-0.298203575,4.910557687,-0.298483818,-0.331889832,-0.221078906,-0.20076961,4.80679387,-0.266844424,-0.24644168,-0.26529501,-0.340195386,3.872873693,-0.215347014,-0.239895747,-0.24063836,-0.397904221,5.723085027,-0.238627256,-0.248151802,-0.302304923,-0.084693079,8.756261163,-0.083454602,-0.209841472,-0.191620177,-0.389680697,4.920956657,-0.229008862,-0.177998662,-0.258768009,-0.317172749,4.805310167,-0.299325527,-0.330433621,-0.214438889,-0.189289078,4.665232466,-0.205182789,-0.216175225,-0.225415022,-0.49862,3.388100238
-0.28302096,-0.32743533,-0.205292254,-0.160051908,5.109557399,-0.309757974,-0.206330127,-0.241685877,-0.335380462,3.931163512,-0.16998413,-0.151924591,-0.260746089,-0.457091626,6.158977874,-0.208574671,-0.277319776,-0.240403071,-0.234953666,6.346836159,-0.219927944,-0.260932986,-0.226641283,-0.298333236,4.299050619,-0.214221932,-0.24161864,-0.293136147,-0.176056375,5.625225582,-0.284340509,-0.347881757,-0.194747883,-0.155550468,5.311004597,-0.276531861,-0.175142698,-0.231724875,-0.414035176,3.695670551,-0.138863628,-0.120934332,-0.235101434,-0.551434333,5.575752758,-0.223242652,-0.281964832,-0.265004871,-0.192889882,6.557867476,-0.238031594,-0.273672063,-0.223040423,-0.286230182,4.465343894,-0.147470748,-0.215557015,-0.243727733,-0.348340899,4.863929385
-0.079272958,-0.26323874,-0.178537486,-0.485473341,5.164079811,-0.234395233,-0.233452438,-0.294293093,-0.190284748,6.200819149,-0.18975547,-0.29016815,-0.227024917,-0.273897814,5.321917719,-0.297983266,-0.275309143,-0.286613181,-0.096002284,4.913018419,-0.243301858,-0.28987611,-0.252555111,-0.226082558,5.36006148,-0.214188561,-0.224209996,-0.195160995,-0.383303189,4.75466759,-0.097378965,-0.278773043,-0.20443387,-0.418303442,5.172663787,-0.249860941,-0.227331999,-0.333472452,-0.153464898,6.730668878,-0.140743978,-0.26584111,-0.191818208,-0.357916227,4.888262334,-0.286909023,-0.26692411,-0.285491141,-0.085724548,5.085982154,-0.277334458,-0.314026222,-0.266975842,-0.149995976,5.866323904,-0.150544851,-0.193476095,-0.147874349,-0.532986526,4.211614156
-0.261997489,-0.187479628,-0.23593675,-0.317609835,5.006762664,-0.244717736,-0.228057322,-0.277055905,-0.334588834,3.795308842,-0.236435602,-0.238439565,-0.234248047,-0.38679669,3.658493842,-0.129984885,-0.197275548,-0.225163957,-0.419074956,4.705875003,-0.267403983,-0.229564895,-0.290349049,-0.185381596,5.831412486,-0.143380223,-0.182652688,-0.254143908,-0.49727736,3.803302138,-0.248541625,-0.189450527,-0.23018521,-0.324451646,5.032085076,-0.243201866,-0.21886748,-0.292017513,-0.342306888,3.812177562,-0.190460845,-0.215233531,-0.200508109,-0.502312752,3.381871371,-0.115885844,-0.179841463,-0.219197025,-0.467103118,4.465042052,-0.302263361,-0.239924855,-0.322390795,-0.097353691,6.199484833,-0.076404754,-0.152689159,-0.206429708,-0.672366216,3.40598863
-0.277415577,-0.301363285,-0.212383817,-0.211754409,5.934523956,-0.242692623,-0.283817958,-0.300480555,-0.237777981,7.747715943,-0.179718294,-0.276498233,-0.185662785,-0.450283186,4.405357739,-0.284123737,-0.229059842,-0.304077365,-0.204348511,4.32791174,-0.2017197,-0.245431609,-0.24092719,-0.312927931,5.6396999,-0.184056881,-0.206287686,-0.238873363,-0.385866001,4.517975695,-0.297895058,-0.322754688,-0.209273828,-0.140608292,6.545416286,-0.281043965,-0.29720014,-0.333004032,-0.172348402,8.587548816,-0.096977233,-0.22503711,-0.145682716,-0.637917732,3.765018739,-0.318829842,-0.231471671,-0.343724995,-0.117288707,4.478482558,-0.218222447,-0.256611645,-0.243951562,-0.278313945,5.658651808,-0.106464463,-0.154144037,-0.203677413,-0.57209082,3.904461366
-0.171802294,-0.266716648,-0.221938705,-0.333176159,4.464559084,-0.278388348,-0.23754149,-0.294333364,-0.115082816,5.790253406,-0.097373718,-0.162166334,-0.182220412,-0.597845345,5.478207034,-0.267980798,-0.270304901,-0.28650056,-0.088246644,6.054818922,-0.245453587,-0.263710034,-0.234225033,-0.348838351,4.51160799,-0.233326255,-0.265237667,-0.242575006,-0.25356811,4.697417053,-0.158943935,-0.259834431,-0.235922745,-0.337837734,4.522676332,-0.320449897,-0.274595465,-0.303655298,-0.022559135,6.286325618,-0.021780598,-0.127957907,-0.15546771,-0.742106141,5.139054183,-0.285187362,-0.293848013,-0.277248328,-0.050206108,6.412777831,-0.263349067,-0.279001581,-0.229486028,-0.330538784,4.702536349,-0.186473608,-0.221364856,-0.21055091,-0.382514146,3.987776959
-0.37888471,-0.280990512,-0.278903559,-0.086558757,5.562779801,-0.059755808,-0.187728311,-0.174223486,-0.649563443,4.901282889,-0.284433829,-0.216490662,-0.243532612,-0.239571444,4.069854612,-0.238697374,-0.248947601,-0.253791214,-0.228907728,5.427341235,-0.176552235,-0.246940653,-0.256754648,-0.245850556,5.63965166,-0.162131728,-0.194749629,-0.208921891,-0.470414925,4.425796945,-0.419592992,-0.314141057,-0.265461184,-0.020430207,5.670002798,-0.054821648,-0.203260764,-0.153846805,-0.657249468,4.908510478,-0.231788058,-0.186742182,-0.204556578,-0.355613558,3.729333535,-0.251045583,-0.256417356,-0.249395177,-0.222737253,5.42614983,-0.191931207,-0.254300383,-0.264384473,-0.204384532,5.768409914,-0.100723306,-0.154562312,-0.172633473,-0.618153878,4.021825598
-0.226657993,-0.20372213,-0.228008664,-0.37953061,4.736531773,-0.270024629,-0.24626646,-0.3171411,-0.092579493,6.402652885,-0.184863994,-0.218336765,-0.230263508,-0.356444445,5.611689994,-0.221319894,-0.260941974,-0.282468533,-0.221018722,5.278194239,-0.24631809,-0.243193934,-0.234280947,-0.236769153,4.956205212,-0.171590053,-0.273162848,-0.222801866,-0.359350178,4.093102253,-0.223677602,-0.207564538,-0.235961084,-0.377602977,4.841864835,-0.297534343,-0.255641305,-0.332904344,-0.053333808,6.973418693,-0.139026384,-0.190051144,-0.205227277,-0.469724767,5.092290956,-0.207771411,-0.237376733,-0.30793439,-0.236265216,5.182063933,-0.266630433,-0.245693783,-0.256621585,-0.195074491,4.857155204,-0.103228444,-0.223217117,-0.186953523,-0.531072479,3.594711661
-0.310519359,-0.265550703,-0.243510188,-0.278779819,4.375895702,0.019683956,-0.234156376,-0.149273389,-0.706671822,4.339703704,-0.301708588,-0.245899346,-0.289890637,-0.165346294,5.606133192,-0.217550142,-0.200159929,-0.264476735,-0.296836363,5.193431223,-0.173712781,-0.232966744,-0.23117423,-0.400652321,5.626365625,-0.185944459,-0.230603179,-0.185425294,-0.474183356,3.987643172,-0.317789827,-0.288475866,-0.255031461,-0.247980542,4.676694178,0.060041877,-0.230213162,-0.129421017,-0.772145514,4.241554649,-0.275827829,-0.217448603,-0.26839959,-0.243550878,4.957483891,-0.218127263,-0.200980805,-0.270762983,-0.310839638,5.284299753,-0.205559365,-0.249794984,-0.237493643,-0.323235071,6.142438067,-0.129194637,-0.199959639,-0.143736384,-0.611453539,3.647767492
-0.273216948,-0.274610648,-0.269039695,-0.255440356,5.265316749,-0.150015036,-0.253636404,-0.202837161,-0.423273832,4.954384158,-0.198225969,-0.214735344,-0.232802841,-0.323494089,5.762250895,-0.101530406,-0.208111794,-0.198864792,-0.522999678,4.856572014,-0.25511995,-0.206227806,-0.30671044,-0.333791903,4.170894819,-0.149963276,-0.224213135,-0.203893977,-0.409731209,5.120418521,-0.307241301,-0.298995637,-0.278815235,-0.223311687,5.597973039,-0.136352498,-0.260018472,-0.202046917,-0.437290865,5.026918423,-0.148096681,-0.176018416,-0.220264242,-0.42545639,5.26637995,-0.114327128,-0.215413362,-0.193754454,-0.503218451,4.875229868,-0.259714105,-0.201902271,-0.319343106,-0.33739665,4.299385926,-0.081974702,-0.190015079,-0.154648068,-0.59068374,4.654677169
-0.197421689,-0.225539241,-0.185668925,-0.243786015,5.959987893,-0.35207742,-0.28768809,-0.302923104,-0.0422135,4.818298355,-0.159881591,-0.239438624,-0.154479158,-0.476501374,5.205139408,-0.225377712,-0.234521234,-0.296017241,-0.248368599,5.614925817,-0.133986087,-0.208411348,-0.201986769,-0.404026718,5.413872157,-0.248466164,-0.259153553,-0.235438863,-0.315927898,5.409576495,-0.18570986,-0.227940063,-0.152680879,-0.290132036,5.469266921,-0.429733868,-0.289871323,-0.35416852,0.091431072,4.816751001,-0.090208362,-0.196430696,-0.113765636,-0.645137896,4.670512675,-0.239603515,-0.240482654,-0.297748998,-0.231434908,5.617175197,-0.137256397,-0.214654327,-0.193459822,-0.406004121,5.495472131,-0.212895049,-0.239814915,-0.202663889,-0.407465096,5.017638774
-0.391018538,-0.27542114,-0.235313687,-0.139684766,3.685761242,-0.236975019,-0.229087179,-0.274056547,-0.145662618,4.967177365,-0.197227604,-0.304138222,-0.215062118,-0.305002137,5.682327773,-0.142196452,-0.244119504,-0.154796387,-0.424336517,4.728510189,-0.198118916,-0.194475491,-0.269589833,-0.349191059,5.184776466,-0.109187462,-0.255209385,-0.179093692,-0.458230003,5.169066045,-0.390301829,-0.274593324,-0.237429144,-0.147187832,3.594375809,-0.245492585,-0.23958531,-0.289896952,-0.11182782,4.994964139,-0.139008014,-0.262124088,-0.193764855,-0.463726038,4.973386358,-0.146044232,-0.248339033,-0.142738403,-0.429610301,4.688914329,-0.196008773,-0.190945169,-0.266186857,-0.358710106,5.18030979,-0.041934726,-0.218125722,-0.147951991,-0.59431039,4.617930439
-0.304753497,-0.19132729,-0.294390965,-0.322735424,4.568705276,-0.31173314,-0.302373104,-0.255878168,-0.051681893,7.220764286,-0.278509198,-0.275246846,-0.223674504,-0.254685784,4.591803845,-0.229265286,-0.240940147,-0.209320217,-0.329947793,4.391654428,-0.317903828,-0.26323603,-0.25342024,-0.171658952,5.128136382,-0.173434717,-0.17196523,-0.26792566,-0.389533035,4.779565683,-0.26557712,-0.173462516,-0.301598266,-0.373227578,4.662820831,-0.351154318,-0.33326799,-0.251798661,0.034236355,7.772047665,-0.246049907,-0.244121219,-0.203885599,-0.34948983,4.121357495,-0.236209893,-0.26016852,-0.204267696,-0.305939864,4.512574509,-0.357227826,-0.287291309,-0.27157289,-0.081355127,5.333726083,-0.108229875,-0.144524662,-0.227770218,-0.54733079,4.230833583
-0.358437708,-0.329898375,-0.225779057,-0.075391098,4.920973555,-0.316132775,-0.254319685,-0.282788275,-0.263541378,3.700142163,-0.221312965,-0.238842976,-0.244473077,-0.337687125,4.215979295,-0.196778783,-0.2496531,-0.230788389,-0.345269488,5.267211964,-0.228902284,-0.194310491,-0.238433915,-0.389145263,4.555720348,-0.269165677,-0.242260286,-0.257852079,-0.254793374,4.04682109,-0.367534931,-0.328184651,-0.2229964,-0.067982047,4.865397066,-0.29986021,-0.261307287,-0.252671366,-0.321531865,3.526694449,-0.123538641,-0.178276499,-0.197179835,-0.558723098,3.475506796,-0.210904658,-0.263228732,-0.240466871,-0.302009643,5.434124477,-0.272446425,-0.212915027,-0.254964586,-0.292335967,4.84555943,-0.208987108,-0.198594452,-0.22872468,-0.387411819,3.607604631
-0.34714339,-0.250439285,-0.271366996,-0.115740036,4.524155474,-0.206323766,-0.208533203,-0.212586463,-0.360220954,4.416118218,-0.116182723,-0.265934027,-0.211805228,-0.392664818,4.912295067,-0.229620548,-0.252882746,-0.232199201,-0.29690791,5.394049095,-0.326333754,-0.301930809,-0.259621964,-0.158692725,4.581038529,-0.248868149,-0.264900448,-0.261585652,-0.199957465,4.811966122,-0.33715882,-0.252060091,-0.284049939,-0.099501809,4.619543962,-0.169584152,-0.192922211,-0.18290603,-0.447540657,4.148853341,-0.064257161,-0.229058102,-0.173523412,-0.527755119,4.42113908,-0.191768342,-0.238397758,-0.213433105,-0.370201925,5.181623431,-0.310824671,-0.307078817,-0.238559748,-0.182739011,4.517755985,-0.169331132,-0.223493769,-0.217986138,-0.376344642,4.200686513
-0.331340108,-0.176769829,-0.297321866,-0.178857498,5.060139102,-0.237369917,-0.265139051,-0.267068917,-0.233367415,5.016665273,-0.260071476,-0.284782492,-0.248192175,-0.158327025,5.720999477,-0.239263423,-0.264639439,-0.189254377,-0.278404994,4.747627618,-0.400796167,-0.314895085,-0.31451972,0.002286244,5.233127796,-0.335377992,-0.251637608,-0.272342663,-0.146006774,5.502192576,-0.334616703,-0.173174463,-0.287852873,-0.175573707,4.842988407,-0.247338413,-0.265464345,-0.28498703,-0.204236639,4.903536509,-0.200030959,-0.254663993,-0.215936952,-0.267635402,5.095559222,-0.234224412,-0.268679722,-0.173198384,-0.280218045,4.761684934,-0.445177166,-0.337313768,-0.33615755,0.101046541,5.93435392,-0.28143788,-0.214639302,-0.244299503,-0.2658981,4.806435858
-0.249287709,-0.276626289,-0.253482673,-0.276039891,5.475207183,-0.268140502,-0.205098415,-0.251023068,-0.337161179,3.919618335,-0.22884494,-0.209283758,-0.255291808,-0.135780172,6.43108382,-0.237139848,-0.241745594,-0.23933123,-0.288751066,5.442356184,-0.354837112,-0.206529908,-0.302801261,-0.172098439,4.247330689,-0.20166927,-0.197250081,-0.251229832,-0.281248832,5.72277354,-0.249494055,-0.281200677,-0.25828334,-0.26693924,5.237196194,-0.281237547,-0.216638749,-0.248124505,-0.329529808,3.96038911,-0.206816003,-0.200506124,-0.234465761,-0.17491399,6.306374347,-0.240487672,-0.252700742,-0.235227602,-0.287077991,5.308509625,-0.368728377,-0.185638872,-0.330113934,-0.1438993,4.213074076,-0.14126921,-0.165161517,-0.226365473,-0.409365493,5.044740885
-0.144950644,-0.300742858,-0.24767813,-0.317730622,5.706953352,-0.247027108,-0.305335863,-0.267111858,-0.2934339,5.01228706,-0.175649845,-0.231716864,-0.21425034,-0.403671048,7.040974043,-0.329399684,-0.2435997,-0.308321458,-0.133676104,5.212827271,-0.256920005,-0.196716292,-0.25954076,-0.286251711,5.121862083,-0.230390136,-0.252617306,-0.230941323,-0.324283872,5.023016728,-0.159501022,-0.288902419,-0.255323394,-0.306560033,5.323408818,-0.248861458,-0.308404396,-0.253769092,-0.282649407,5.435890055,-0.128288952,-0.208326917,-0.188211002,-0.52800701,6.869080065,-0.365530812,-0.246309326,-0.335835165,-0.082305635,5.321839692,-0.267110053,-0.212095772,-0.265267054,-0.26023373,5.278425593,-0.150946146,-0.221443226,-0.185216637,-0.490721797,4.55745512
-0.196494931,-0.265847864,-0.290484191,-0.21929023,5.58404224,-0.284665186,-0.24547597,-0.341464875,-0.129106678,6.03688084,-0.275566439,-0.248466735,-0.247335622,-0.273312978,4.438513936,-0.380269138,-0.298950558,-0.301211782,-0.058573145,5.018785999,-0.189667502,-0.262965114,-0.190659078,-0.384713621,4.856469433,-0.206564431,-0.222480967,-0.248577021,-0.244574982,4.41127125,-0.173892597,-0.268632452,-0.279711834,-0.242736909,5.61778534,-0.266804866,-0.245808865,-0.350145838,-0.148804133,5.901940893,-0.234525929,-0.238424136,-0.221710921,-0.341060041,4.282666433,-0.374560486,-0.301364848,-0.303427347,-0.059939656,5.198204561,-0.167534577,-0.254116975,-0.175896606,-0.421128237,4.554340925,-0.149284827,-0.184798077,-0.214467547,-0.379789102,3.959420528
-0.309182308,-0.281187764,-0.273810447,-0.140597801,7.383559069,-0.086812115,-0.215765738,-0.288929007,-0.328912996,7.020138964,-0.369599711,-0.23106391,-0.278963989,-0.13163774,4.82792681,-0.239073354,-0.247278075,-0.273947295,-0.212907239,5.515562028,-0.230454802,-0.227952782,-0.251409421,-0.291871155,6.653290509,-0.17647466,-0.229123665,-0.183279305,-0.301783915,5.143104067,-0.329035184,-0.281095191,-0.317093143,-0.068884039,8.328852768,-0.097531198,-0.219343315,-0.303545525,-0.301066593,7.475379222,-0.280411195,-0.189634281,-0.248938327,-0.285353226,4.511208462,-0.25399693,-0.245640503,-0.300449409,-0.164191666,5.672000877,-0.233617033,-0.225903331,-0.247977242,-0.30178031,6.622683222,-0.101369361,-0.198944346,-0.14022451,-0.465986371,4.571128842
-0.468545588,-0.311538236,-0.267676566,-0.019534645,4.111965872,-0.398736995,-0.295788879,-0.321193565,-0.062496942,4.520593223,-0.250870298,-0.24826215,-0.197225912,-0.32915268,4.754030647,-0.291101436,-0.253979238,-0.268145892,-0.233469442,5.758439671,-0.15237014,-0.262380799,-0.25693761,-0.416272296,5.459148302,-0.094210842,-0.238235487,-0.194011444,-0.478890305,4.806830169,-0.476215738,-0.331637046,-0.26882478,0.025643545,4.256681297,-0.404914188,-0.302643127,-0.336910969,-0.017953064,4.523016696,-0.220620698,-0.230093866,-0.167895587,-0.426109605,4.510564931,-0.325417253,-0.270126677,-0.297200254,-0.162776966,6.28490765,-0.147246464,-0.271360206,-0.255270303,-0.430673293,5.79173338,-0.02036627,-0.196113244,-0.160584371,-0.6444466,4.267520764
-0.290896786,-0.238377912,-0.35052404,-0.092986191,5.513268745,-0.204698895,-0.188049887,-0.220085215,-0.382467866,5.131415978,-0.064698919,-0.230822019,-0.208680352,-0.481533456,4.721459841,-0.256171709,-0.284447131,-0.284827531,-0.154936768,4.884792445,-0.266085393,-0.280527016,-0.226293952,-0.139708855,5.87091752,-0.24652413,-0.247144535,-0.239543208,-0.258288573,4.434974694,-0.283208696,-0.239455558,-0.322757297,-0.116929712,5.245925551,-0.193784004,-0.160582458,-0.232420883,-0.401874439,5.148453636,-0.011589359,-0.198389849,-0.184845916,-0.572769568,4.551335013,-0.313013957,-0.327351521,-0.305541794,-0.019015961,5.550167784,-0.289039412,-0.298569224,-0.22884459,-0.08831633,6.044011269,-0.188623781,-0.202920821,-0.200605094,-0.401643688,3.859691255
-0.312930862,-0.292013381,-0.248598759,-0.12885963,4.947139086,-0.135602871,-0.280301377,-0.268130902,-0.267974766,7.034827102,-0.300312884,-0.260247717,-0.215605642,-0.296335899,6.300527649,-0.224468248,-0.218010104,-0.248308957,-0.285940668,5.777835908,-0.247118366,-0.228281483,-0.245578585,-0.226542906,6.545092422,-0.208795151,-0.25010709,-0.247651213,-0.325383668,4.533917775,-0.336265701,-0.283874482,-0.253669546,-0.113368517,4.857136874,-0.149060389,-0.285845055,-0.291428101,-0.209259473,7.514285953,-0.266506697,-0.243402791,-0.190509069,-0.363316984,6.404333659,-0.227345757,-0.221023187,-0.242277697,-0.286917114,5.966757037,-0.250865656,-0.229125494,-0.245185209,-0.218057337,6.529734042,-0.15765996,-0.220251153,-0.209158987,-0.457970424,4.028177917
-0.287518961,-0.235000864,-0.276156666,-0.224452752,5.922337573,-0.239655745,-0.284053895,-0.218309008,-0.260807539,5.646492102,-0.255859254,-0.203334374,-0.274210964,-0.350296855,4.43693929,-0.300248016,-0.26806194,-0.243899017,-0.19464729,5.709992967,-0.255846141,-0.285406146,-0.23349666,-0.307739925,4.486123522,-0.200516027,-0.249361883,-0.224279755,-0.309262162,4.422697239,-0.310250084,-0.23399975,-0.298868472,-0.209440738,6.094848188,-0.243938036,-0.283925381,-0.231408922,-0.263063018,5.874550392,-0.180951611,-0.149945568,-0.237689919,-0.525163882,3.992957111,-0.323373642,-0.284804396,-0.259086484,-0.1449482,6.128179581,-0.260223814,-0.284676042,-0.225418387,-0.314326187,4.462281545,-0.138138484,-0.212048697,-0.177148553,-0.479239306,3.81378888
-0.145458251,-0.202187899,-0.261753257,-0.346629225,5.396199237,-0.395537383,-0.235654429,-0.221595987,-0.189470969,3.640291777,-0.307680047,-0.276062519,-0.295377225,-0.251949376,4.784442994,-0.269021803,-0.25415403,-0.240285763,-0.219012386,3.900348667,-0.25773437,-0.260290193,-0.238901381,-0.322206826,4.749903943,-0.207250024,-0.234721274,-0.289125474,-0.243651843,5.341073744,-0.181020851,-0.231719195,-0.243357409,-0.266719421,5.654880173,-0.398115099,-0.175663852,-0.260381722,-0.207208734,3.510313068,-0.239602686,-0.216447752,-0.279317034,-0.41677767,4.254638984,-0.269757724,-0.252615105,-0.232695963,-0.225384534,3.84895702,-0.255786457,-0.270107245,-0.234508082,-0.320797796,4.879639175,-0.147017783,-0.202505416,-0.25602087,-0.381782563,4.863191173
-0.174098233,-0.28480078,-0.21352636,-0.3688357,6.135044784,-0.324831486,-0.312564025,-0.236037955,-0.144939415,5.162905489,-0.212835467,-0.248632004,-0.219486508,-0.229793835,6.101097778,-0.18818148,-0.239665088,-0.256318316,-0.283528642,7.054599982,-0.39192878,-0.279552329,-0.34013733,-0.018376588,4.498812368,-0.196526226,-0.255284055,-0.211077827,-0.383122606,4.114034549,-0.162579205,-0.29927666,-0.193822482,-0.414024784,6.143912193,-0.321149988,-0.33549059,-0.199027591,-0.179864058,4.808178369,-0.144731878,-0.201667657,-0.187689108,-0.364521755,5.383380898,-0.178643638,-0.248875717,-0.247631698,-0.286108105,6.915058808,-0.401512962,-0.250263825,-0.361591828,-0.006846664,4.349954396,-0.117044305,-0.203888065,-0.158962554,-0.579289219,3.585425532
-0.325978822,-0.227535005,-0.248907331,-0.276872493,4.462087635,-0.303146769,-0.218734529,-0.285879304,-0.042100125,4.763239475,-0.266663467,-0.183159433,-0.294657421,-0.105648796,6.397175976,-0.232541657,-0.239577668,-0.28617982,-0.179418936,4.824873759,-0.244632541,-0.207677037,-0.259315137,-0.270553527,5.155446688,-0.168855117,-0.225875873,-0.199580373,-0.398446167,5.24656002,-0.284519946,-0.216590408,-0.215641531,-0.383608535,4.112497972,-0.282473824,-0.2391389,-0.263645077,-0.044529804,4.856418219,-0.224427618,-0.153430768,-0.256614302,-0.231657414,5.609631067,-0.228691653,-0.228881026,-0.296992837,-0.182988755,4.593098438,-0.225520377,-0.196233168,-0.247804547,-0.303229039,5.019677229,-0.123988477,-0.183979485,-0.171147128,-0.525742879,4.676539177
-0.265468967,-0.231633721,-0.313233024,-0.200043217,6.244746574,-0.180644504,-0.217519718,-0.224396897,-0.375099821,4.125339644,-0.186431692,-0.239205112,-0.263538699,-0.218321305,6.95883497,-0.332021222,-0.267745219,-0.262152738,-0.17248557,4.360676539,-0.388161515,-0.237773151,-0.318637147,-0.082347099,5.18382764,-0.294199542,-0.261804038,-0.244433223,-0.229227232,4.358001386,-0.275645781,-0.231469115,-0.356339112,-0.13064182,6.505742806,-0.1711194,-0.194322003,-0.217755927,-0.422987572,3.905064162,-0.13343869,-0.201439462,-0.220062339,-0.364627972,6.060122031,-0.326152555,-0.286780486,-0.26759207,-0.162888639,4.52874784,-0.382149531,-0.254108803,-0.300762705,-0.107284775,5.218421252,-0.249465302,-0.236870489,-0.214321016,-0.348178999,3.961434824
-0.221182172,-0.23257167,-0.287884566,-0.269165674,5.052925295,-0.265536844,-0.276657359,-0.262064035,-0.170646185,6.735597173,-0.377699631,-0.259739065,-0.27019349,-0.222570691,4.521591458,-0.317189174,-0.247644041,-0.257494308,-0.1960526,4.762482054,-0.359994386,-0.300546116,-0.255214302,-0.093125885,5.538514224,-0.219719297,-0.287786207,-0.203913513,-0.297177478,4.747440423,-0.25716084,-0.234777798,-0.316992576,-0.200972719,5.174342652,-0.298875595,-0.3039656,-0.281424585,-0.087802043,7.888230591,-0.312364371,-0.202754401,-0.232057414,-0.403591941,3.961800018,-0.331825257,-0.253094548,-0.273841514,-0.158620844,4.836346063,-0.442548302,-0.351355191,-0.281121293,0.061672856,6.05361073,-0.165451574,-0.253652168,-0.180121869,-0.413660916,4.450025796
-0.175202786,-0.156935664,-0.313158929,-0.384452802,5.944870553,-0.179198359,-0.198302582,-0.1965753,-0.464700112,5.658308341,-0.340659121,-0.293411794,-0.268988942,-0.072521586,5.783631467,-0.209717058,-0.238840667,-0.28910284,-0.22784264,5.54912616,-0.265751096,-0.220821957,-0.26864162,-0.23193295,5.615921037,-0.178785328,-0.256329706,-0.213190569,-0.398671733,4.625563029,-0.17908154,-0.163762863,-0.330405652,-0.389764169,5.866746066,-0.167728588,-0.206714989,-0.181239894,-0.471354367,5.735088498,-0.268076414,-0.259837052,-0.215800332,-0.236325884,4.834169577,-0.19044339,-0.218880776,-0.292087144,-0.255833408,5.618779282,-0.30045397,-0.223480686,-0.2864089,-0.174551944,5.850858709,-0.108889126,-0.202905371,-0.176898336,-0.562210169,3.993607501
-0.285676205,-0.320379103,-0.25842396,-0.028487171,5.133296322,-0.16293189,-0.254358361,-0.208557256,-0.409989052,4.742136429,-0.242062004,-0.238131216,-0.314035337,-0.280311689,5.79444211,-0.24291963,-0.216437095,-0.207997458,-0.338489378,4.292096169,-0.235059109,-0.200886911,-0.240978338,-0.247236204,6.48035492,-0.167857763,-0.222227775,-0.196304567,-0.555831149,4.339186565,-0.328373781,-0.368556043,-0.226759784,0.045912794,5.335623046,-0.113680498,-0.253958734,-0.171507974,-0.520652588,4.53562745,-0.222899699,-0.215784832,-0.29354108,-0.333442781,5.273910211,-0.236876081,-0.219777453,-0.193061767,-0.366044027,4.139837007,-0.233038919,-0.209672595,-0.223064663,-0.248310234,6.386818935,-0.130811711,-0.195648944,-0.172307183,-0.651038753,4.032169406
-0.286053917,-0.289302781,-0.223930331,-0.227646592,5.49594189,-0.252062978,-0.230585623,-0.258220876,-0.273557506,6.023130884,-0.257449801,-0.290446717,-0.26041683,-0.245269863,6.191794715,-0.285746807,-0.281663872,-0.256716663,-0.154563249,5.333258928,-0.216482939,-0.269202979,-0.240283258,-0.212733031,5.778539801,-0.238239099,-0.216464437,-0.212779636,-0.330280702,5.64212715,-0.256846513,-0.266135902,-0.201826182,-0.298004844,5.17903785,-0.24112363,-0.225100235,-0.260332401,-0.302571236,5.823182697,-0.19986481,-0.250990961,-0.219671409,-0.394666959,5.336010884,-0.278480422,-0.284367637,-0.262357116,-0.157228692,5.273961679,-0.224872461,-0.28385389,-0.221680845,-0.223199622,5.818774923,-0.186709295,-0.184045322,-0.17970392,-0.44493102,5.221015211
-0.235612436,-0.255282435,-0.341687855,-0.052728858,7.721107557,-0.224863648,-0.227928741,-0.259132456,-0.337255762,5.452493796,-0.046998194,-0.194363842,-0.153063856,-0.599081287,5.315329572,-0.362780175,-0.348302588,-0.299797437,-0.011609048,4.457724648,-0.173638075,-0.262160405,-0.242227623,-0.263513995,6.146058559,-0.189120988,-0.25039186,-0.197760558,-0.39873899,4.501859896,-0.300254419,-0.283231828,-0.389400366,0.09772587,9.717709104,-0.188465515,-0.198717268,-0.260032364,-0.43855515,5.144129132,0.002646411,-0.155510292,-0.138648125,-0.700354298,5.012213657,-0.357335151,-0.376932835,-0.306537914,0.031552498,4.643693547,-0.180497116,-0.273964639,-0.232965094,-0.2576475,6.095375203,-0.135549498,-0.21999872,-0.16369492,-0.526008288,4.136614905
-0.117872523,-0.187961656,-0.256331193,-0.478062622,5.029726793,-0.240662897,-0.21387157,-0.221043686,-0.450434853,4.872715552,-0.258196444,-0.192051285,-0.224727923,-0.324922876,4.386411368,-0.329349303,-0.276130312,-0.271263344,-0.167695978,4.551331308,-0.199280712,-0.276799786,-0.202931546,-0.396364676,5.152178538,-0.253034784,-0.25300848,-0.244877529,-0.296797026,4.712781843,-0.126484414,-0.18925137,-0.259808125,-0.459798626,4.957185736,-0.275014708,-0.212100084,-0.239576884,-0.390122633,5.173881665,-0.211329121,-0.149813335,-0.18508335,-0.460377276,3.861574838,-0.32300454,-0.268396639,-0.265870646,-0.200621578,4.409239772,-0.173999402,-0.2618546,-0.193536234,-0.461148664,4.898023132,-0.184696368,-0.218861931,-0.208372406,-0.450066976,4.062580767
-0.234359712,-0.263683189,-0.311521493,-0.158793605,6.88844009,-0.350739651,-0.242572402,-0.228734267,-0.217641774,4.408617128,-0.140170086,-0.151085453,-0.244249372,-0.598548375,3.653678317,-0.230753711,-0.280546094,-0.222441771,-0.287159455,5.008150883,-0.231586138,-0.222777323,-0.234007629,-0.313038141,6.066966079,-0.373883015,-0.279796273,-0.260783972,-0.037018923,4.827167617,-0.237820638,-0.278889733,-0.30589636,-0.126102273,7.128633204,-0.333666803,-0.244940393,-0.209069083,-0.262373837,4.458810082,-0.06966367,-0.122178975,-0.196876411,-0.750467485,3.225830061,-0.200981589,-0.264541543,-0.20968306,-0.350009615,4.722762471,-0.200380234,-0.203808755,-0.225829196,-0.389275631,5.696461849,-0.321472979,-0.230376459,-0.228600992,-0.175687082,4.16053917
-0.173018155,-0.16206022,-0.294089436,-0.27357959,6.330932407,-0.397185091,-0.302862902,-0.213533067,0.062113415,4.443149334,-0.260681818,-0.272870824,-0.255394716,-0.207734671,4.375072311,-0.333930967,-0.272458505,-0.245784864,-0.080718652,5.419220085,-0.241814682,-0.208768734,-0.2658491,-0.403756676,3.942063682,-0.243941742,-0.264249516,-0.263059849,-0.287135372,4.173516426,-0.17446924,-0.133667007,-0.323842117,-0.247499709,7.089108937,-0.40873825,-0.295573522,-0.209377385,0.052212677,4.132148555,-0.180383118,-0.232412955,-0.219863643,-0.367098877,4.19236347,-0.354456417,-0.289365735,-0.24931217,-0.030684526,5.564007161,-0.244529917,-0.201416312,-0.275193702,-0.407096692,3.905173312,-0.176431613,-0.215432854,-0.221519879,-0.467653969,3.540122851
-0.23562268,-0.223111764,-0.220734987,-0.237069617,4.369691375,-0.225318371,-0.265127613,-0.247498134,-0.23981144,5.146634293,-0.308723536,-0.242605878,-0.244648567,-0.230180003,4.972436575,-0.281058377,-0.285129783,-0.250576181,-0.270824001,4.441641798,-0.227902524,-0.232362665,-0.274359689,-0.266156457,6.388836876,-0.303732992,-0.26055154,-0.273313792,-0.104577663,5.763423887,-0.266008842,-0.221385904,-0.248536308,-0.173024803,4.43208572,-0.252790067,-0.275194066,-0.258660077,-0.18956578,5.091219838,-0.261863021,-0.19888781,-0.2234839,-0.360660058,4.438868817,-0.302905999,-0.297471338,-0.252154218,-0.237449874,4.552293506,-0.244298974,-0.228991669,-0.29760105,-0.208348673,7.01228929,-0.257628452,-0.238758191,-0.239673958,-0.215908386,5.192245526
-0.126851071,-0.236122562,-0.252649366,-0.313098653,5.509933741,-0.198022956,-0.249839034,-0.238189353,-0.337006899,4.1978119,-0.20552615,-0.251285735,-0.21129781,-0.23942174,4.899616768,-0.322615341,-0.221799903,-0.323865696,-0.081123928,5.631215799,-0.17941478,-0.2422274,-0.266637234,-0.331692368,5.871262902,-0.195484373,-0.232403105,-0.176905499,-0.422002631,4.535186487,-0.098666445,-0.2376084,-0.238875285,-0.361001956,5.380705819,-0.186548741,-0.249310349,-0.204335621,-0.389475391,3.923751315,-0.132827388,-0.222278317,-0.159861474,-0.396266473,4.3239835,-0.32314446,-0.214811905,-0.33430549,-0.081197823,5.589989282,-0.169370209,-0.232482457,-0.271927993,-0.359338646,6.25495249,-0.148477504,-0.200381025,-0.147143187,-0.538930874,4.175277806
-0.18310504,-0.226275389,-0.216502087,-0.393142001,4.441479941,-0.202470431,-0.192556645,-0.246877475,-0.352321495,6.403703385,-0.175845106,-0.255824458,-0.228491518,-0.414970357,5.21244453,-0.283388416,-0.293201957,-0.274315742,-0.048625148,6.062921726,-0.24243538,-0.265129711,-0.240189323,-0.160722474,6.583048938,-0.206492675,-0.20358393,-0.288277023,-0.319567074,4.387989447,-0.161384843,-0.231009144,-0.201842779,-0.434259956,4.232897748,-0.200865698,-0.194616023,-0.246864175,-0.360222833,6.597759192,-0.101119593,-0.22903879,-0.184992691,-0.559293951,4.515170782,-0.314106391,-0.320807316,-0.274894693,0.01858712,6.171850423,-0.255294798,-0.274815848,-0.249321885,-0.131091119,6.832174347,-0.143442811,-0.161314382,-0.25817452,-0.46404387,4.004777126
-0.319326686,-0.232343108,-0.282701351,-0.058746872,7.380918876,-0.47397344,-0.284386033,-0.287368253,0.046732481,5.004156825,-0.169995444,-0.232315214,-0.256372458,-0.304320719,5.297939715,-0.293472,-0.254565481,-0.260263927,-0.120795116,5.857805018,-0.215984517,-0.221755524,-0.280753422,-0.204622442,5.627775636,-0.289354232,-0.247575448,-0.235844136,-0.281340099,4.360823734,-0.328645602,-0.22884556,-0.282911859,-0.047365503,7.691157471,-0.454898793,-0.272422829,-0.267294157,0.020869373,5.038244185,-0.085383141,-0.208813967,-0.201714134,-0.499368444,4.560948858,-0.267664491,-0.240804293,-0.251816409,-0.153818436,6.007362001,-0.235641718,-0.230899057,-0.299299436,-0.15195087,5.609850841,-0.24101941,-0.215039837,-0.201654721,-0.406467428,3.959466039
-0.413666444,-0.304882573,-0.321094617,0.054694559,4.276429836,-0.387458581,-0.282919997,-0.300634082,0.019221975,5.922001686,-0.252195358,-0.23703566,-0.255457267,-0.317642497,4.177587391,-0.258078867,-0.282321148,-0.230236108,-0.235685064,4.225941305,-0.167908648,-0.302481536,-0.207411883,-0.307193058,5.773429823,-0.233063198,-0.242372329,-0.23857398,-0.337778209,4.844045664,-0.476419416,-0.325625076,-0.348102279,0.150360427,4.180882773,-0.41108297,-0.294332087,-0.344931183,0.090543886,6.481299906,-0.176397174,-0.189128571,-0.219223973,-0.510724629,3.608530585,-0.267946212,-0.284810178,-0.226188092,-0.224076849,4.089844313,-0.19991516,-0.325613961,-0.214725028,-0.216265269,6.245330425,-0.1511628,-0.195482668,-0.194126848,-0.536580267,4.129877896
-0.225508399,-0.255866467,-0.236001936,-0.348300823,5.964313002,-0.369146078,-0.290140784,-0.261835427,-0.076112344,4.550572029,-0.301050841,-0.296848813,-0.171092939,-0.294241122,4.141130884,-0.167887142,-0.212105431,-0.223295285,-0.397493635,5.394890082,-0.185784669,-0.245467449,-0.268219776,-0.291822901,5.291976383,-0.321667913,-0.205100314,-0.308108543,-0.194742368,5.174828486,-0.198075326,-0.255200061,-0.244429411,-0.369282388,5.750210418,-0.392780066,-0.291864321,-0.286634626,-0.026208039,4.876878788,-0.259985863,-0.273584849,-0.136291198,-0.392539636,3.739731453,-0.164128907,-0.201918756,-0.227232957,-0.415056371,5.40392256,-0.195418994,-0.23523812,-0.266949827,-0.291137286,5.049806905,-0.266554007,-0.172230652,-0.258900149,-0.34270204,4.459323467
-0.270038717,-0.228218527,-0.240785001,-0.321526282,4.417884778,-0.142844924,-0.196660228,-0.274422868,-0.384033344,6.910262523,-0.243897402,-0.190396499,-0.24071747,-0.47938042,5.072453945,-0.294980987,-0.270591345,-0.278162133,-0.158514318,5.344360509,-0.264616331,-0.238899913,-0.226862016,-0.317983573,5.465488171,-0.197456613,-0.234309399,-0.229225948,-0.330881884,4.713895834,-0.230861967,-0.212988545,-0.223951029,-0.398892676,4.10685201,-0.108063213,-0.184622105,-0.263691542,-0.436995248,6.726180577,-0.171929475,-0.158090566,-0.179133974,-0.653429599,4.316816592,-0.298180768,-0.275032382,-0.276727684,-0.154554774,5.418481668,-0.232206179,-0.219058146,-0.211026703,-0.405528682,5.269009321,-0.160672208,-0.21302031,-0.199844205,-0.440619856,4.324286519
-0.285993607,-0.226522842,-0.336081337,-0.183992294,5.383885771,-0.342923666,-0.326975158,-0.224389292,-0.064575278,5.508899056,-0.072608462,-0.18438586,-0.225039128,-0.549021518,7.265528263,-0.320945936,-0.27716411,-0.267383192,0.033152674,5.40050854,-0.228117335,-0.259099903,-0.201533886,-0.255050051,4.960072623,-0.207756392,-0.243084513,-0.235556812,-0.340889291,5.678450629,-0.321776611,-0.244266803,-0.34743399,-0.095857745,5.802213006,-0.315129109,-0.32890831,-0.185566658,-0.123570831,5.089869987,-0.00946302,-0.15860078,-0.202422575,-0.670466528,7.1376146,-0.335038836,-0.293760237,-0.278346128,0.068142682,5.817285812,-0.227168057,-0.276254182,-0.190370429,-0.230626713,4.978348364,-0.148696017,-0.206696651,-0.200648848,-0.482356972,4.947056593
-0.423968588,-0.258970188,-0.342531195,0.051427665,6.630931562,-0.327947239,-0.240000128,-0.205994176,-0.249951717,4.521260983,-0.261679023,-0.229673789,-0.149742583,-0.430861086,3.699006393,-0.300804381,-0.275915204,-0.287590874,-0.106998575,5.582750312,-0.277106877,-0.284772253,-0.233412439,-0.211213968,3.932727127,-0.314172869,-0.272509526,-0.245418147,-0.223272644,4.534214792,-0.48101001,-0.286000579,-0.393220101,0.213750794,7.144979073,-0.334614643,-0.234991956,-0.204987957,-0.261053337,4.28386156,-0.232413577,-0.19417531,-0.137538872,-0.51185704,3.499203635,-0.292997824,-0.272449275,-0.29097208,-0.122692807,5.535127827,-0.279173338,-0.282474522,-0.232607211,-0.20869803,3.850063401,-0.244533346,-0.223455609,-0.218006282,-0.384958891,3.919263551
-0.301216165,-0.282184445,-0.282088396,-0.134429762,6.195651448,-0.219589983,-0.198829239,-0.22868548,-0.354501286,5.280754294,-0.299867701,-0.218671512,-0.292639825,-0.166199737,4.060396562,-0.217342351,-0.246095868,-0.255334013,-0.270310746,5.821051584,-0.22731717,-0.230741177,-0.224393542,-0.29198461,4.513068249,-0.23700192,-0.284679863,-0.200430381,-0.221905353,6.227579962,-0.330809199,-0.274869016,-0.318467301,-0.084094363,5.969268086,-0.209513109,-0.185297164,-0.235166351,-0.351722121,5.192839577,-0.212468885,-0.176023776,-0.259241857,-0.344393786,3.651400161,-0.207624542,-0.241064773,-0.251431096,-0.306002317,5.846253099,-0.217399384,-0.202130386,-0.234552557,-0.324036333,4.42559658,-0.206642176,-0.255950063,-0.182032928,-0.311513455,5.919520974
-0.223547836,-0.181745331,-0.278362757,-0.2765091,6.755833459,-0.386110171,-0.372539045,-0.232527517,-0.134418853,4.744870081,-0.284244403,-0.255586923,-0.272492212,-0.216405706,4.067227864,-0.254238477,-0.262090379,-0.264826438,-0.170059671,5.559179544,-0.21537541,-0.237570959,-0.230145159,-0.343924073,4.861038525,-0.215163453,-0.2560218,-0.209183082,-0.365300185,6.222761916,-0.209549206,-0.17458402,-0.260548869,-0.329104544,6.460623541,-0.404182831,-0.378146205,-0.238628328,-0.109949207,5.100451437,-0.234018577,-0.247178107,-0.234576225,-0.329441151,3.732736575,-0.239525204,-0.251112758,-0.27517639,-0.19905886,5.541890725,-0.249841564,-0.245404936,-0.266359538,-0.262278139,5.217681196,-0.158567763,-0.218104145,-0.171429642,-0.51452955,5.350508473
-0.208600985,-0.293119774,-0.170392873,-0.306870894,5.719019656,-0.168405667,-0.215527479,-0.207541831,-0.421571097,5.485574032,-0.242074239,-0.241041852,-0.251596218,-0.230736814,4.902650847,-0.203536913,-0.199115979,-0.259303528,-0.377111946,4.996506317,-0.372076252,-0.286507731,-0.290976205,0.064993964,5.312634518,-0.352535536,-0.271239811,-0.244523901,-0.0189799,5.254127318,-0.240659264,-0.326060639,-0.180650614,-0.253810333,5.884152883,-0.147327936,-0.208649502,-0.189481023,-0.475480637,5.258459064,-0.179194172,-0.219937588,-0.210579643,-0.355154635,4.440161817,-0.201679522,-0.196803928,-0.256695254,-0.374065117,4.960490836,-0.383331945,-0.300438054,-0.277661387,0.084130263,5.321488512,-0.29454673,-0.23023947,-0.219442329,-0.145075412,4.598526142
-0.177801247,-0.259804207,-0.179157479,-0.320695263,5.182130624,-0.210500522,-0.136462768,-0.30401722,-0.469979959,4.378396282,-0.351787045,-0.322728345,-0.23245697,-0.016431752,5.100243748,-0.193407224,-0.222410343,-0.253212485,-0.285700825,6.165872563,-0.21275391,-0.247063425,-0.249259897,-0.236765261,6.423211372,-0.179946629,-0.198997676,-0.316563956,-0.28793482,6.134337932,-0.156817683,-0.271693423,-0.142718881,-0.358013926,5.080036846,-0.191248307,-0.117591418,-0.299090961,-0.51034533,4.346052845,-0.286921873,-0.280991879,-0.205820034,-0.185340147,4.456806177,-0.205320071,-0.226227986,-0.254555918,-0.268669162,6.336274061,-0.223191762,-0.227374501,-0.267416463,-0.218027659,6.16229915,-0.101496499,-0.165825552,-0.284646502,-0.436429065,5.631812217
-0.180229624,-0.234881583,-0.173993495,-0.436442439,4.755425312,-0.221946882,-0.265752946,-0.292799331,-0.190764927,5.082776854,-0.274289791,-0.268981595,-0.247408176,-0.161394135,6.88664668,-0.241153601,-0.271020338,-0.22039272,-0.309841099,4.83878576,-0.186803561,-0.20629809,-0.269697021,-0.318750493,6.124658709,-0.326036914,-0.296696893,-0.299671588,-0.07787244,4.879605304,-0.148153133,-0.208196916,-0.162049532,-0.502336224,4.555428505,-0.258844423,-0.275761614,-0.297244051,-0.150092323,4.950940161,-0.198485201,-0.234328166,-0.208274551,-0.333474247,5.762691065,-0.235826495,-0.277674451,-0.217871245,-0.317451458,4.779552726,-0.178872514,-0.205217374,-0.259175115,-0.359426619,5.827612095,-0.276436693,-0.268156518,-0.270298961,-0.18050011,4.352954019
-0.286380572,-0.316325699,-0.194669914,-0.305230546,6.633264563,-0.3182858,-0.239841869,-0.341102455,-0.099790702,4.535131765,-0.275667386,-0.214714823,-0.329645537,-0.20130072,5.237036046,-0.276331703,-0.203077658,-0.263325093,-0.255582099,5.00616695,-0.14362864,-0.227562217,-0.257933013,-0.324616223,5.746517765,-0.167423541,-0.205745242,-0.225936865,-0.427729152,4.809352488,-0.295627963,-0.334601875,-0.195780924,-0.275530066,6.523546611,-0.323357502,-0.226010186,-0.364562677,-0.080187301,4.693070912,-0.187578454,-0.180275858,-0.271716882,-0.412523233,4.37814107,-0.29584107,-0.178016445,-0.282182994,-0.236816431,4.559285435,-0.118631217,-0.244330034,-0.241790442,-0.340514645,5.988264546,-0.094231092,-0.172153531,-0.175220136,-0.606781773,4.253789218
-0.356413648,-0.263558865,-0.302849014,-0.144739476,5.074269532,-0.298299825,-0.213005463,-0.282169174,-0.204705011,4.710105824,-0.310186906,-0.30667926,-0.262637372,-0.146782802,5.345926159,-0.245809844,-0.202404734,-0.26369411,-0.303690869,5.729285983,-0.201352997,-0.211138101,-0.213645058,-0.410798463,4.545067652,-0.222768457,-0.169226345,-0.243665246,-0.393139834,4.095173708,-0.391363104,-0.279817322,-0.322958746,-0.07996116,5.215264939,-0.345918733,-0.223250214,-0.28504235,-0.137867402,4.671985862,-0.228139879,-0.278960378,-0.215014168,-0.332122708,4.819809216,-0.271336509,-0.225208557,-0.281473795,-0.247092799,6.300121882,-0.208926894,-0.213858129,-0.224120512,-0.39106056,4.54630156,-0.174771259,-0.128722484,-0.208216032,-0.528984304,3.762395478
-0.198719139,-0.278223948,-0.198690991,-0.28226676,4.358330485,-0.14205349,-0.270854302,-0.229799066,-0.355129278,7.221920779,-0.217725191,-0.269123152,-0.291184502,-0.28492307,6.028788619,-0.215072232,-0.23196081,-0.278171575,-0.276606962,5.08339048,-0.262263995,-0.282185289,-0.237635673,-0.2780698,5.477416128,-0.174255091,-0.221523963,-0.237225325,-0.363748137,5.298788749,-0.18438673,-0.276825838,-0.179624618,-0.319021373,4.350809812,-0.144778829,-0.28268821,-0.221019912,-0.3391412,7.289431299,-0.213634167,-0.24879872,-0.273488002,-0.358043656,5.500691223,-0.199917864,-0.220274831,-0.277476285,-0.300144886,4.821015975,-0.290435064,-0.297777638,-0.243473839,-0.2176571,5.78455861,-0.13954264,-0.204108398,-0.206269843,-0.455085186,5.038288596
-0.206079122,-0.260869791,-0.231649897,-0.241994988,5.418234603,-0.196706553,-0.243261692,-0.199199451,-0.36234867,4.983082797,-0.196535627,-0.242217344,-0.216215296,-0.363915069,5.169598886,-0.231589798,-0.253542962,-0.22238352,-0.341761345,4.908307466,-0.339747033,-0.210642127,-0.30750923,-0.207730463,4.728573522,-0.19476239,-0.196344241,-0.227353387,-0.43105343,4.179875206,-0.20915635,-0.249750161,-0.226206359,-0.274990484,5.025414192,-0.211512144,-0.259238321,-0.194123945,-0.342654422,5.265255253,-0.145861505,-0.198011215,-0.191829454,-0.51283169,4.585717739,-0.24683626,-0.263337739,-0.237033123,-0.305644881,5.164213539,-0.32251657,-0.187832405,-0.316967269,-0.239616705,4.665070762,-0.15456866,-0.171591275,-0.208233781,-0.524107712,3.908273263
-0.192889288,-0.218654132,-0.278664098,-0.306698184,5.046555112,-0.376144155,-0.298246073,-0.251629858,-0.169033058,4.162066498,-0.391754266,-0.278309695,-0.23991179,-0.090764551,6.888525378,-0.165096277,-0.291534763,-0.189264416,-0.339946641,5.616486413,-0.114467365,-0.206598492,-0.251981472,-0.429562137,6.083890332,-0.254280863,-0.226910561,-0.275736346,-0.256082315,5.607461754,-0.16095048,-0.200111097,-0.285548488,-0.358325088,5.114785854,-0.400458505,-0.266824004,-0.290692168,-0.104796027,4.013893639,-0.330251047,-0.236170492,-0.212299233,-0.249329119,5.838190818,-0.167734135,-0.297225825,-0.198393438,-0.3426254,5.389239742,-0.087906032,-0.194386072,-0.244614516,-0.473821098,6.042019754,-0.177221677,-0.186050041,-0.229281765,-0.436203846,4.679112544
-0.131273861,-0.215082312,-0.144879961,-0.511187047,5.576529239,-0.327067875,-0.306750231,-0.240293065,-0.13117184,5.55264425,-0.258412067,-0.264164516,-0.223222948,-0.291435902,4.68688455,-0.189201106,-0.165708409,-0.255138963,-0.400598882,4.805500276,-0.232101918,-0.253196625,-0.248788679,-0.240219964,5.450651802,-0.227383725,-0.236895453,-0.203393943,-0.375621495,4.218462182,-0.138617642,-0.237230952,-0.139450945,-0.484846022,5.91094254,-0.346072066,-0.33674404,-0.263053932,-0.054505914,7.090531972,-0.199155695,-0.224414768,-0.191326357,-0.428376354,3.914167239,-0.160057268,-0.155351273,-0.259638515,-0.437271493,4.964656911,-0.22783489,-0.269259901,-0.243393328,-0.230409381,5.893164042,-0.186406089,-0.208734619,-0.173173289,-0.480913844,3.849541486
-0.128209586,-0.207420257,-0.259343295,-0.526996923,5.138969235,-0.176726506,-0.167233798,-0.260960398,-0.281203291,5.172456822,-0.234622189,-0.249357748,-0.312402305,-0.218901853,5.089386665,-0.221955545,-0.232131518,-0.233455174,-0.27733501,5.998577553,-0.276774137,-0.265689521,-0.282973683,-0.146327642,5.73743501,-0.110605188,-0.231842198,-0.218537801,-0.417367195,4.501193548,-0.151932725,-0.223439604,-0.28290791,-0.463280457,5.613952289,-0.16626913,-0.144916708,-0.262192107,-0.316848755,4.985542107,-0.161770697,-0.200924248,-0.266982046,-0.406815785,4.155052438,-0.244062381,-0.245549934,-0.247820756,-0.218296966,6.08275997,-0.278287224,-0.254202707,-0.31871493,-0.13759621,6.10404406,-0.062507227,-0.184248406,-0.174934278,-0.562406802,3.859967451
-0.344606028,-0.288062417,-0.249979776,-0.179628955,4.885726032,-0.305648452,-0.289700023,-0.261337715,-0.127314256,4.225538738,-0.247853042,-0.230509671,-0.228358591,-0.286536135,4.410189686,-0.245063557,-0.272721258,-0.192243051,-0.334840832,4.639325251,-0.176638234,-0.239661886,-0.206496434,-0.413556939,5.887666955,-0.214203662,-0.242042853,-0.224085666,-0.31439571,4.459975152,-0.392919433,-0.327997304,-0.259277435,-0.068643162,5.430523138,-0.276065649,-0.306095836,-0.22913518,-0.197567516,4.327162154,-0.183020548,-0.187464506,-0.205998531,-0.427780227,4.062448752,-0.22814241,-0.274902167,-0.188657093,-0.355193578,4.481066521,-0.168484007,-0.23568676,-0.205240179,-0.434878758,5.827484665,-0.139882367,-0.199306735,-0.176785725,-0.482923061,3.82225591
-0.204163426,-0.271270811,-0.23786488,-0.349038389,5.942021287,-0.27386396,-0.301738563,-0.2477957,-0.06651037,6.129408288,-0.241436045,-0.25784088,-0.254557861,-0.32448572,5.269464326,-0.169231929,-0.233308221,-0.215194585,-0.357305946,5.60102687,-0.276610631,-0.244832469,-0.217082157,-0.301547683,5.313614896,-0.159757431,-0.217270874,-0.249363202,-0.372284524,4.506810219,-0.175131163,-0.254332803,-0.224510206,-0.421335498,5.882262061,-0.310503438,-0.325550279,-0.258755284,0.013256349,6.823146121,-0.19566495,-0.239654996,-0.234389367,-0.386882666,5.016748489,-0.169895974,-0.250510057,-0.204395723,-0.372222309,5.692048293,-0.296542686,-0.253968337,-0.226587343,-0.255108369,5.62297171,-0.091426044,-0.195054002,-0.189235593,-0.549727817,3.850196264
-0.230789891,-0.179505653,-0.279156633,-0.415593301,5.574547183,-0.236442782,-0.236993891,-0.296891067,-0.210043388,6.194875187,-0.407743091,-0.318148765,-0.248303143,-0.098472424,4.650992926,-0.268154496,-0.294431165,-0.180820099,-0.233988096,4.501048994,-0.344845663,-0.261268942,-0.25962238,-0.17753757,5.348728831,-0.22081817,-0.190278778,-0.253892576,-0.387476489,4.841584175,-0.24679343,-0.17894561,-0.293409164,-0.377040376,6.030420004,-0.26750049,-0.24010655,-0.319859901,-0.165149888,6.22494112,-0.385974881,-0.283431043,-0.245313923,-0.176880824,4.144419091,-0.299625903,-0.300848431,-0.190552348,-0.175564973,4.736822157,-0.3561049,-0.255856972,-0.27328233,-0.15286994,5.402459522,-0.12831404,-0.138323598,-0.205892118,-0.593052456,4.318673134
-0.237309092,-0.322860799,-0.216665475,-0.197076136,4.751178629,-0.223123984,-0.249667429,-0.272937178,-0.217781671,6.410825673,-0.291574582,-0.227965075,-0.268790127,-0.257009338,4.692535534,-0.289499768,-0.29140077,-0.255574353,-0.134804779,4.933518166,-0.251504866,-0.235864478,-0.266739941,-0.331280995,4.660819328,-0.218384337,-0.204632122,-0.222947028,-0.439157806,4.406701188,-0.217455811,-0.312850133,-0.201544831,-0.233586124,4.764642219,-0.231505967,-0.257707417,-0.274814178,-0.195232605,6.647841111,-0.23101196,-0.171449689,-0.257274686,-0.401171994,4.351543014,-0.292767426,-0.30922796,-0.247998414,-0.108682619,5.208726112,-0.238739355,-0.238793072,-0.269636488,-0.33828248,4.634979692,-0.166969487,-0.178809169,-0.184267078,-0.569739932,4.04213839
-0.243145333,-0.237760522,-0.222474449,-0.248433614,6.023494565,-0.156891523,-0.179653483,-0.258339969,-0.485772716,4.598781983,-0.193997603,-0.254204148,-0.219585675,-0.427267977,3.935509554,-0.273633316,-0.275782535,-0.200160128,-0.28840425,5.038292072,-0.15737984,-0.208082261,-0.252590783,-0.397414442,4.609045735,-0.202337641,-0.223205178,-0.203066154,-0.403040639,4.186302189,-0.269465795,-0.234108188,-0.242080441,-0.222102954,6.107580398,-0.101698246,-0.149284454,-0.234133702,-0.611917734,4.307102064,-0.092502766,-0.199028118,-0.177369608,-0.658470223,3.432150056,-0.284104348,-0.293826439,-0.201277721,-0.26640765,5.231798929,-0.155577992,-0.192427562,-0.266924858,-0.402920337,4.554175266,-0.12677817,-0.194704942,-0.160085033,-0.556251167,3.814904153
-0.376712761,-0.306858399,-0.285700961,0.038554809,4.667921695,-0.27614005,-0.245917941,-0.257247337,-0.245544567,4.435218015,-0.211560664,-0.168497802,-0.231672161,-0.368999446,5.534805612,-0.220694667,-0.238872593,-0.231860582,-0.312254779,5.091638284,-0.266005151,-0.220738318,-0.265489284,-0.312181158,5.4597483,-0.18645736,-0.261143079,-0.263042714,-0.297007392,5.433224901,-0.457493123,-0.30938399,-0.333211573,0.187193686,4.794461822,-0.236077747,-0.231851222,-0.250359149,-0.302658063,4.416472176,-0.157870424,-0.139280914,-0.204326219,-0.476207749,5.120036523,-0.201853711,-0.233483837,-0.223315349,-0.337936716,4.963024444,-0.279238271,-0.229901951,-0.264978176,-0.293988821,5.631897969,-0.122634348,-0.224460988,-0.222190922,-0.452161885,4.657707869
-0.259374212,-0.292779164,-0.251463465,-0.256243434,5.065083552,-0.11058814,-0.246190488,-0.178829391,-0.422685236,5.848115812,-0.100020792,-0.204899815,-0.191502665,-0.442592838,6.073372608,-0.182168997,-0.271539394,-0.236528036,-0.324552466,5.01255172,-0.215097116,-0.21758698,-0.21807734,-0.282132147,5.729018118,-0.251919217,-0.270454025,-0.189499664,-0.343607847,4.022199001,-0.278767032,-0.309962888,-0.262264815,-0.180172218,5.9317666,-0.157333272,-0.282086247,-0.186566145,-0.341586689,6.192878794,-0.025624937,-0.170282595,-0.152358624,-0.606662565,5.571688068,-0.173627099,-0.272990655,-0.224959252,-0.349551761,4.863695316,-0.214199292,-0.215970558,-0.225188611,-0.278288754,5.820790495,-0.19246446,-0.234491997,-0.162755758,-0.471240064,3.677686633
-0.154307289,-0.292584373,-0.110189364,-0.487186054,4.690379197,-0.339901079,-0.309792757,-0.292406564,-0.119949648,5.431765135,-0.192435532,-0.230845422,-0.248743205,-0.355852075,4.612015057,-0.260151506,-0.239587311,-0.267495835,-0.202671373,4.81391563,-0.246867438,-0.26952147,-0.263612055,-0.182952291,6.982786483,-0.304729471,-0.231683781,-0.241119589,-0.272458563,4.252716076,-0.17900297,-0.351464071,-0.105735843,-0.393431102,5.242746612,-0.286416045,-0.303991565,-0.259091423,-0.223479342,5.188035973,-0.126349298,-0.220855753,-0.198690177,-0.503602591,4.238557783,-0.252162784,-0.227037734,-0.262402889,-0.229376394,4.477116194,-0.257327193,-0.272337094,-0.277608975,-0.163976956,7.291879512,-0.2572546,-0.209989932,-0.20173579,-0.384920548,3.954391369
-0.210970168,-0.228385853,-0.283882029,-0.261883268,5.298978931,-0.45460534,-0.313793055,-0.325305256,0.119167322,5.635607116,-0.254964159,-0.25984015,-0.288718824,-0.107533956,6.156834568,-0.22935607,-0.225299023,-0.26430627,-0.264991261,5.552968358,-0.215063001,-0.255661771,-0.272279024,-0.176103523,5.785373401,-0.24940157,-0.250137675,-0.20671159,-0.303363934,5.160633166,-0.238760832,-0.226228908,-0.28428376,-0.2554635,4.82747487,-0.501896491,-0.293114784,-0.330667746,0.10316411,4.397801068,-0.185487031,-0.22440005,-0.242247009,-0.256453227,5.29220749,-0.207758075,-0.213988588,-0.249558366,-0.32063489,5.141535379,-0.204002188,-0.253365241,-0.26674596,-0.201893582,5.814591237,-0.183605868,-0.215565405,-0.165678896,-0.464682316,4.505006992
-0.280679945,-0.222326757,-0.223159543,-0.218735791,4.715543468,-0.246918443,-0.223716599,-0.289829606,-0.262101449,5.627387899,-0.149765369,-0.224196591,-0.249984244,-0.361953551,5.537756246,-0.18782755,-0.235937345,-0.19930991,-0.42234107,4.807224703,-0.274075821,-0.268512343,-0.211003707,-0.259886061,4.780825464,-0.177145185,-0.214044635,-0.212982081,-0.391994284,4.454301156,-0.29709881,-0.241372887,-0.228138779,-0.176698373,5.056319184,-0.288799938,-0.232145477,-0.295099891,-0.186606745,5.654829846,-0.084122627,-0.191555032,-0.186098155,-0.554665031,4.61748858,-0.158936898,-0.22299063,-0.172716209,-0.489531853,4.568906822,-0.252263905,-0.290283057,-0.193929502,-0.279518934,4.690587955,-0.13259354,-0.195652602,-0.174104311,-0.502844246,4.25566595
-0.164888622,-0.167051687,-0.251439251,-0.431383565,5.867093821,-0.437805133,-0.336773098,-0.278495638,-0.003500793,4.686875186,-0.116989036,-0.241342039,-0.153829933,-0.493919877,5.478022557,-0.274036742,-0.279502535,-0.234361191,-0.179822688,4.769890998,-0.242982223,-0.260061293,-0.20576171,-0.256644249,4.769628858,-0.08486318,-0.228705189,-0.219246025,-0.452425376,5.631774311,-0.175099694,-0.151708472,-0.269199898,-0.414951322,6.051549492,-0.442890341,-0.323297227,-0.296038626,-0.004150257,4.966220622,-0.06928679,-0.223139701,-0.123367064,-0.596156623,5.10148284,-0.264814551,-0.265746994,-0.238703069,-0.190818134,4.74363938,-0.255304149,-0.266978288,-0.223223927,-0.223540451,4.803502875,-0.029970758,-0.189578254,-0.185798861,-0.583283578,4.987103714
-0.099779144,-0.130535032,-0.24679316,-0.59645648,6.05035121,-0.23274992,-0.319072337,-0.222438513,-0.19753869,5.254135774,-0.213607264,-0.240906171,-0.186728862,-0.373040152,3.867443119,-0.353362721,-0.300788023,-0.240931272,-0.123303929,3.991655591,-0.262853818,-0.232194255,-0.241551422,-0.295788871,4.057265662,-0.172447276,-0.217175982,-0.239033403,-0.412521408,4.299878138,-0.1086214,-0.095705201,-0.292652915,-0.603360139,6.307371688,-0.281569832,-0.332688897,-0.242533149,-0.143313557,5.211250798,-0.128329232,-0.197907309,-0.13642119,-0.560381858,3.457623684,-0.344355551,-0.295171235,-0.23046212,-0.147975719,3.999993382,-0.258908471,-0.221197722,-0.246147083,-0.291854824,3.939677523,-0.095323744,-0.167146617,-0.213868508,-0.568246909,3.819559495
-0.191942985,-0.22490719,-0.214838091,-0.382775219,5.226136596,-0.207252182,-0.234543783,-0.231894881,-0.370849364,4.882725467,-0.340977072,-0.244145399,-0.234266094,-0.231791633,3.447856109,-0.190069514,-0.25719856,-0.231268195,-0.208230762,5.466542392,-0.197664948,-0.233779353,-0.216678427,-0.39604072,4.698978677,-0.348008021,-0.242708924,-0.292778689,-0.130343048,5.511502156,-0.191640363,-0.244161865,-0.222928562,-0.364079967,5.670098473,-0.200603514,-0.22464169,-0.227332044,-0.392065646,5.02186021,-0.294497098,-0.219070307,-0.200371869,-0.363881874,3.090221607,-0.181512219,-0.249886436,-0.227706967,-0.226413191,5.446087148,-0.200250739,-0.235092264,-0.217386453,-0.369867496,4.702374852,-0.289110891,-0.19526148,-0.257834169,-0.28245183,4.786211981
-0.165533348,-0.238980774,-0.25815528,-0.360648147,5.408779834,-0.317151815,-0.232555511,-0.247532165,-0.287673197,5.097487661,-0.295572452,-0.321426967,-0.210305802,-0.169554516,4.303047996,-0.250336001,-0.265413214,-0.239990659,-0.183985712,5.989034941,-0.336127543,-0.287846759,-0.268069344,-0.120563369,4.138327626,-0.243817055,-0.207372976,-0.305199956,-0.24593289,5.035107294,-0.159221654,-0.25176705,-0.243587678,-0.389533216,5.524400014,-0.389170106,-0.260478165,-0.268661069,-0.161228952,5.441320553,-0.261463227,-0.284046579,-0.188489331,-0.287224988,3.780389025,-0.3016155,-0.313471052,-0.254091038,-0.042634543,6.447895719,-0.305893699,-0.264918713,-0.259920792,-0.193981127,3.891853716,-0.18367608,-0.168980502,-0.263795849,-0.408379022,4.445724352
-0.180152927,-0.229323122,-0.256330624,-0.395931242,5.594938403,-0.354514849,-0.31125754,-0.258189498,-0.034473768,4.63766406,-0.071721784,-0.188526721,-0.192962787,-0.669293149,5.306282365,-0.260634633,-0.25500476,-0.252043572,-0.236209332,5.030447821,-0.159575718,-0.233646923,-0.227991792,-0.320647971,6.297165213,-0.238259249,-0.308021733,-0.206856374,-0.247744808,5.284256927,-0.187230471,-0.216625517,-0.256061425,-0.406778598,5.608439127,-0.320009748,-0.300282726,-0.267285433,-0.091453822,4.633799346,-0.037389909,-0.178344094,-0.161688716,-0.759120729,5.089308151,-0.276122312,-0.262278264,-0.251737148,-0.224595258,4.986455568,-0.156722769,-0.236256885,-0.219511478,-0.331878699,6.166924243,-0.164382127,-0.253902003,-0.166691398,-0.425616908,4.465430965
-0.33273269,-0.302821612,-0.264173857,-0.068893726,6.161481482,-0.190926173,-0.229719978,-0.237807211,-0.421543194,4.368190447,-0.192224398,-0.226047399,-0.247845453,-0.453385211,4.937596724,-0.207188558,-0.277757424,-0.209556259,-0.288892612,4.494553501,-0.292995118,-0.255674866,-0.30530005,-0.094828396,5.302951952,-0.16512924,-0.237041528,-0.22099134,-0.42519286,4.880982314,-0.342545699,-0.377403452,-0.236915032,-0.017546463,6.508644285,-0.154027765,-0.176380082,-0.251684157,-0.491519613,4.10209759,-0.117535265,-0.189081313,-0.207753037,-0.634237718,4.185963308,-0.183889528,-0.268876878,-0.189928145,-0.339300164,4.209366595,-0.323209922,-0.269446311,-0.322743703,-0.034919362,5.848742763,-0.095768407,-0.210511037,-0.184285691,-0.559846683,4.327744196
-0.307326454,-0.235201139,-0.254847858,-0.198354594,5.243366699,-0.308901209,-0.278860806,-0.399501433,-0.133620383,5.13956633,-0.120134628,-0.144000368,-0.23988977,-0.55021381,5.318541497,-0.166652575,-0.203219183,-0.249828123,-0.366931357,5.569869095,-0.322603171,-0.313113286,-0.222921119,-0.154046601,4.512637756,-0.18317599,-0.240387136,-0.242562326,-0.282290562,4.101537878,-0.397377309,-0.2495741,-0.31926593,-0.020805065,5.910539734,-0.293930927,-0.270907991,-0.433475235,-0.110438905,6.243773814,-0.077830931,-0.12787468,-0.201139641,-0.65150889,4.95601478,-0.165033674,-0.20455356,-0.257474793,-0.372219353,5.519266843,-0.370341219,-0.344697036,-0.241580275,-0.053997274,5.067279337,-0.12271039,-0.203898822,-0.203386548,-0.430297924,3.58629234
-0.212630335,-0.297479722,-0.264569365,-0.153958097,7.911794669,-0.153780216,-0.182684872,-0.301202789,-0.327768989,4.590133466,-0.126119044,-0.193317416,-0.224581297,-0.450353465,4.950904297,-0.313059936,-0.25696473,-0.291149994,-0.041499543,5.694097016,-0.383009059,-0.302574902,-0.298694049,-0.0239778,5.741550177,-0.28771131,-0.233827767,-0.267315257,-0.199950802,4.437833864,-0.242212408,-0.330550549,-0.265308979,-0.086287664,9.191282103,-0.18741464,-0.175409541,-0.336658772,-0.235718174,4.490615297,-0.070458424,-0.168334495,-0.186079796,-0.569730787,4.59830194,-0.347971406,-0.256107031,-0.321265431,0.042464164,6.72117182,-0.359428948,-0.294894924,-0.297159719,-0.068393089,5.577154234,-0.244799122,-0.19474004,-0.247594965,-0.310106529,4.08339188
-0.340638177,-0.285002384,-0.300550692,-0.080683106,5.083562269,-0.321771626,-0.268281597,-0.216981209,-0.139557065,5.101125969,-0.220026432,-0.183079042,-0.239057585,-0.427084457,4.198598465,-0.23940362,-0.239603184,-0.290595684,-0.188058698,5.030029081,-0.331450354,-0.242321151,-0.282148883,-0.100057026,4.468822642,-0.198833136,-0.236804918,-0.233053782,-0.337635113,5.767860682,-0.345580715,-0.249533869,-0.310988014,-0.124296456,4.792647124,-0.307877147,-0.251355498,-0.213394626,-0.192801562,4.799282926,-0.140266422,-0.142856758,-0.195552075,-0.602570316,3.684840273,-0.240579373,-0.228055652,-0.316388623,-0.158818223,5.410855822,-0.305394122,-0.228008896,-0.269869167,-0.163187362,4.291731009,-0.135584307,-0.203946227,-0.189906444,-0.491330732,5.136764672
-0.301656087,-0.265019732,-0.249397581,-0.21018978,5.742537152,-0.174788655,-0.178693658,-0.260157768,-0.369275727,5.297611137,-0.05005926,-0.211755412,-0.194685558,-0.564136225,5.07176493,-0.264865499,-0.272113511,-0.237154898,-0.213222038,5.65170005,-0.220297311,-0.34396544,-0.228189372,-0.194137221,5.958766772,-0.236995265,-0.244367108,-0.295206637,-0.213948821,4.868748319,-0.338746873,-0.294561006,-0.247414806,-0.136007828,6.312251658,-0.218485714,-0.206030136,-0.279957889,-0.273275604,5.526006024,0.01359632,-0.179794185,-0.158566233,-0.71053148,4.536309121,-0.30525218,-0.283858038,-0.243833791,-0.142433589,5.897789966,-0.190457384,-0.33970766,-0.228032785,-0.243437359,6.245551187,-0.160558175,-0.199626271,-0.252783381,-0.395287696,4.027721637
-0.195267924,-0.266738427,-0.234310373,-0.394734451,4.488091412,-0.23200132,-0.243659116,-0.226495441,-0.26753467,4.766495393,-0.14515048,-0.248185433,-0.231014293,-0.349309703,6.726419026,-0.313166262,-0.281080072,-0.264455049,-0.076219949,6.093345182,-0.280691866,-0.251071302,-0.219816314,-0.21048742,5.594855819,-0.174845004,-0.223699208,-0.196131728,-0.361261844,4.68449147,-0.205685672,-0.263297426,-0.245144486,-0.372546888,4.460223299,-0.229345015,-0.255353196,-0.200820824,-0.265689176,4.850763206,-0.041517163,-0.207754385,-0.176565168,-0.582505986,5.969361417,-0.292994765,-0.281590458,-0.25200617,-0.108939907,6.080236319,-0.269816072,-0.251268831,-0.210808381,-0.215606221,5.520854083,-0.105877255,-0.183768493,-0.16552962,-0.511866654,4.269561679
-0.192795758,-0.255177475,-0.270116702,-0.214901638,5.473656239,-0.257689294,-0.222689654,-0.183499584,-0.327704758,4.464138577,-0.250935377,-0.236740925,-0.266196006,-0.214593564,6.24124114,-0.253136169,-0.222333351,-0.250053902,-0.362812461,4.30128375,-0.240712346,-0.263944666,-0.242216914,-0.258023201,4.805067882,-0.164018491,-0.22774243,-0.212656751,-0.418746218,4.262386079,-0.228225267,-0.268273949,-0.292018791,-0.129082116,5.631204381,-0.275114056,-0.255865803,-0.167277198,-0.279090518,4.729567308,-0.190568324,-0.205869125,-0.232851676,-0.361657758,5.524197185,-0.231110202,-0.218237434,-0.241451225,-0.418138825,4.178531736,-0.232318637,-0.258132146,-0.238625408,-0.271609511,4.748790814,-0.08095988,-0.193069809,-0.142005798,-0.620102298,3.658759166
-0.259290072,-0.22933845,-0.27370073,-0.278006873,5.115107435,-0.161610267,-0.219851678,-0.230007107,-0.361014393,5.386205759,-0.157913749,-0.237938879,-0.166729158,-0.352296904,5.099453177,-0.266183315,-0.224363166,-0.254437039,-0.282880579,4.582730864,-0.186466365,-0.272472078,-0.217763123,-0.2667529,5.896547945,-0.12312215,-0.190405355,-0.22909593,-0.426709863,5.55227969,-0.2582269,-0.214939421,-0.282380768,-0.272228835,4.805096155,-0.184873929,-0.224587784,-0.244845649,-0.297666678,5.756627705,-0.113546365,-0.1953701,-0.154509472,-0.450928562,4.651856514,-0.275473069,-0.223159132,-0.242316276,-0.301388942,4.363196177,-0.189604621,-0.275343923,-0.213529365,-0.270263237,5.769155916,-0.06187835,-0.156556569,-0.195828002,-0.572226648,4.887130696
-0.316550605,-0.244678916,-0.302077523,-0.133251615,4.376722438,-0.200434882,-0.273125459,-0.212619922,-0.316485044,5.199944577,-0.097317384,-0.159201319,-0.204377467,-0.505927727,4.474867781,-0.294182947,-0.235532346,-0.235130532,-0.199290912,4.822535357,-0.254124899,-0.236477872,-0.275784723,-0.244139661,5.669160164,-0.224157238,-0.185878068,-0.210204076,-0.471196769,3.981802449,-0.333191866,-0.252695851,-0.311333491,-0.049603557,4.504248438,-0.169777318,-0.255543243,-0.205076897,-0.377944291,5.0321897,-0.037060984,-0.132977563,-0.163259711,-0.643715263,4.078964516,-0.266348901,-0.228417057,-0.224327725,-0.25088317,4.725175006,-0.233631833,-0.216116455,-0.272457936,-0.278556627,5.487265648,-0.12931691,-0.133502658,-0.16908867,-0.680947453,3.478605381
-0.246021869,-0.237551523,-0.283942774,-0.197017958,6.10536286,-0.190840533,-0.177120773,-0.282046246,-0.375146271,5.010923093,-0.28944491,-0.195650225,-0.191845003,-0.425249721,4.019440036,-0.31313556,-0.295510325,-0.294759425,-0.143098122,6.999536566,-0.416261408,-0.229050225,-0.284253268,-0.128656289,3.798179197,-0.202789042,-0.199947149,-0.212141292,-0.363921933,4.571406459,-0.275815182,-0.275078171,-0.271869667,-0.149895318,6.355397127,-0.196167102,-0.1651395,-0.280787625,-0.384133458,4.761596733,-0.222734936,-0.139604701,-0.144584721,-0.621297951,3.532872908,-0.350329615,-0.314373653,-0.321054809,-0.053301464,7.487557679,-0.398026372,-0.210990285,-0.272718442,-0.170800975,3.468306272,-0.143627302,-0.162224705,-0.174059098,-0.518779523,4.200001537
-0.507374412,-0.339358744,-0.277753964,0.161483722,5.168981202,-0.272547363,-0.276629004,-0.267677678,-0.192264994,5.436728062,-0.520378094,-0.234717321,-0.315359186,0.02670364,4.387965269,-0.299430806,-0.267805168,-0.22334339,-0.25881468,4.918951464,-0.272507656,-0.235727889,-0.260582264,-0.301482686,4.081728391,-0.14548034,-0.225876897,-0.193425637,-0.425559085,5.002268764,-0.537067518,-0.340992285,-0.275396043,0.206020399,4.885618724,-0.295877567,-0.327911576,-0.276683519,-0.053858189,6.372480821,-0.453612957,-0.207889495,-0.268924344,-0.155513016,3.718033819,-0.295749397,-0.258715428,-0.231662707,-0.284008578,4.941166399,-0.261968135,-0.253832164,-0.229834507,-0.344801514,3.917924958,-0.090961827,-0.191849301,-0.167438277,-0.560633088,4.482630874
-0.350482551,-0.333356364,-0.260787066,-0.078023954,5.814681961,-0.096504184,-0.235524846,-0.231886757,-0.325667901,7.752058724,-0.209949472,-0.201265019,-0.171061972,-0.498816182,3.722265658,-0.217079632,-0.262220193,-0.208449815,-0.265206215,7.159150878,-0.217156139,-0.280481076,-0.220600253,-0.265493333,6.37499303,-0.184481305,-0.265647531,-0.218781817,-0.341044687,4.954651676,-0.384424886,-0.335403955,-0.267394115,-0.01603725,5.662888096,-0.10935732,-0.242023959,-0.23899351,-0.279119581,8.70584711,-0.165900875,-0.169987527,-0.155922405,-0.618510666,3.48295898,-0.234912246,-0.281482114,-0.232537323,-0.216459456,8.671012579,-0.227059411,-0.287433053,-0.206730367,-0.258550238,6.338760526,-0.123941214,-0.221573589,-0.182497283,-0.494700552,4.352080199
-0.191988394,-0.175082858,-0.292848848,-0.254475732,7.049449663,-0.273967825,-0.315834813,-0.189970512,-0.17637676,4.864119393,-0.270975488,-0.262678382,-0.283864885,-0.200626926,5.856859497,-0.186010245,-0.220427183,-0.269846992,-0.367682503,5.810406659,-0.254799696,-0.236800949,-0.265843041,-0.226973224,4.697670407,-0.169746432,-0.19888841,-0.189072473,-0.418846502,5.115374128,-0.212529013,-0.188275561,-0.307595404,-0.165956947,8.195949623,-0.350832416,-0.371882784,-0.208288005,0.029514552,5.038981388,-0.215201379,-0.20913486,-0.259044873,-0.334418325,5.37913954,-0.1598755,-0.209274402,-0.273801259,-0.409392679,5.910346114,-0.214881402,-0.205106748,-0.257226481,-0.3148816,4.522881661,-0.101613705,-0.169523268,-0.155000205,-0.562819074,4.72327505
-0.156882718,-0.22555197,-0.230750036,-0.332548532,5.179278213,-0.244229819,-0.254468793,-0.30353799,-0.072661188,6.06376445,-0.181664295,-0.215148734,-0.210428065,-0.399319987,4.22640592,-0.242597077,-0.255016421,-0.256878857,-0.201639674,4.892348152,-0.251779553,-0.264548526,-0.231461737,-0.247053154,5.061368848,-0.202193112,-0.255194174,-0.268038958,-0.289210944,5.018874261,-0.202706899,-0.232524413,-0.257753353,-0.257654569,5.299580763,-0.309933636,-0.295213043,-0.34207024,0.09194773,6.994780312,-0.139661591,-0.202020385,-0.154839805,-0.520863368,3.802270044,-0.215943134,-0.26479158,-0.241934747,-0.228285308,4.763911565,-0.23945273,-0.277067114,-0.208679023,-0.265483752,5.288774493,-0.129774786,-0.218958671,-0.226476737,-0.459167247,4.471615356
-0.119362707,-0.204250534,-0.240313859,-0.393947497,5.849441823,-0.303021709,-0.263406759,-0.23790795,-0.241383204,5.561335673,-0.268308797,-0.181425338,-0.243976829,-0.183397352,4.597679565,-0.192473766,-0.228317184,-0.20585339,-0.429669078,4.700251577,-0.315247863,-0.279305952,-0.259271929,-0.161585967,4.339015155,-0.187375799,-0.251957498,-0.247273008,-0.338908566,5.473264692,-0.121954642,-0.192521825,-0.262689066,-0.345590888,6.447877296,-0.296688264,-0.274916372,-0.221533268,-0.248712358,5.630552454,-0.219564267,-0.158670338,-0.202815891,-0.289746826,4.093998733,-0.184189136,-0.223615745,-0.19894322,-0.449613027,4.72948542,-0.339990225,-0.282428226,-0.279443465,-0.106970192,4.374843822,-0.138485155,-0.219680338,-0.220538692,-0.472665514,5.000099142
-0.32113738,-0.237592117,-0.256322332,-0.115561645,5.257381958,-0.330254605,-0.300075593,-0.19646382,-0.137720853,3.190231776,-0.211965916,-0.181364198,-0.274515582,-0.306434763,4.876574947,-0.331398025,-0.313407553,-0.267481903,-0.082161598,5.797664463,-0.359311596,-0.278075039,-0.259498854,-0.12512241,4.185700903,-0.283116549,-0.255213561,-0.187805646,-0.212499497,4.917117332,-0.347098049,-0.227832456,-0.288918185,-0.040577696,5.629067993,-0.316704548,-0.271398131,-0.197664651,-0.191999356,2.97921423,-0.192779422,-0.166220974,-0.239376245,-0.39608438,4.264225359,-0.352632817,-0.322126715,-0.273462285,-0.035715005,6.027954353,-0.344534996,-0.269024698,-0.262832018,-0.151099615,4.049999609,-0.24383288,-0.215062895,-0.150301634,-0.340518237,4.376184001
-0.166706024,-0.270207619,-0.116231147,-0.424478422,5.771898234,-0.311182465,-0.246921134,-0.296038625,-0.207442558,4.821594121,-0.321534764,-0.290486583,-0.303942613,0.030723316,6.772754656,-0.176426689,-0.277046886,-0.188159753,-0.400694378,4.530247358,-0.26868775,-0.253909355,-0.291639908,-0.148640694,6.05702536,-0.208772174,-0.267481708,-0.194664572,-0.355435978,5.823223286,-0.156640926,-0.272488588,-0.110212295,-0.454141279,5.634871206,-0.29324435,-0.228015319,-0.299550485,-0.241596499,4.701183381,-0.225726532,-0.247937204,-0.258280627,-0.135047703,5.783823483,-0.172238576,-0.275504445,-0.171818435,-0.425788176,4.312015163,-0.286452389,-0.26661703,-0.306577475,-0.096035179,6.669065553,-0.160891012,-0.233615053,-0.158873803,-0.478803014,5.112651244
-0.249631801,-0.144115355,-0.287996159,-0.333448126,4.932740802,-0.170703339,-0.205383322,-0.234654097,-0.420138817,6.631333332,-0.218264644,-0.228692986,-0.257212351,-0.213856841,4.843328728,-0.145390013,-0.215524243,-0.24721974,-0.437058858,6.949117993,-0.274707154,-0.217337039,-0.243317459,-0.208106865,4.730985359,-0.271223549,-0.29343285,-0.250552933,-0.235106066,4.822972266,-0.289511213,-0.125078166,-0.327409498,-0.247733029,4.990078628,-0.172896792,-0.204459919,-0.226894945,-0.419297153,6.326823751,-0.139161693,-0.194353172,-0.217491186,-0.375368498,4.379758251,-0.144801805,-0.217303238,-0.240990913,-0.4444031,6.99430686,-0.270787458,-0.220259632,-0.234600941,-0.229755854,4.722212122,-0.191922125,-0.246015867,-0.212975761,-0.422508781,4.185412431
-0.173628533,-0.298357408,-0.216711018,-0.228030797,4.452880218,-0.390559811,-0.229960717,-0.276012048,-0.19631662,3.823907335,-0.336680513,-0.271791562,-0.281363984,-0.074069257,5.97300035,-0.356341207,-0.308877836,-0.270295561,-0.093627678,5.463909903,-0.248486146,-0.237395497,-0.219780226,-0.364504999,4.216328046,-0.343343489,-0.233535198,-0.286532329,-0.203137066,3.944272991,-0.158424904,-0.309799673,-0.201325378,-0.244803548,4.343092134,-0.415252199,-0.226031995,-0.290710843,-0.16651501,3.883902148,-0.260789061,-0.236120624,-0.222468636,-0.238302829,4.796324429,-0.355043882,-0.323074366,-0.279529481,-0.063461982,5.531936436,-0.252477574,-0.240254166,-0.21315895,-0.367161067,4.250017569,-0.293694534,-0.203253667,-0.236342786,-0.350323562,3.567988708
-0.321157493,-0.305210093,-0.232102507,-0.222513503,4.84397447,-0.181255461,-0.150736555,-0.282327273,-0.44981863,4.468068383,-0.168038731,-0.25797231,-0.203463247,-0.395869705,3.913638482,-0.29628022,-0.229400029,-0.276414532,-0.231740352,4.772729945,-0.289580176,-0.271611241,-0.295006429,-0.239534212,4.436992369,-0.39803901,-0.298304741,-0.252649736,-0.072210967,4.941626662,-0.34887698,-0.327034572,-0.229956924,-0.170302659,5.000904937,-0.143570759,-0.123157033,-0.257657156,-0.553069771,4.11142829,-0.070875271,-0.227273419,-0.135800065,-0.613241587,3.394348955,-0.310211711,-0.215109442,-0.29899365,-0.217526859,4.83086943,-0.283173321,-0.262590719,-0.294948751,-0.258329477,4.394157215,-0.324006798,-0.246015853,-0.207564696,-0.273442482,4.122488016
-0.280767016,-0.241875071,-0.25909764,-0.174657338,6.687410219,-0.237997499,-0.199749018,-0.272444247,-0.292838876,7.014447488,-0.270440472,-0.198341443,-0.28493415,-0.273905107,4.795878146,-0.323182286,-0.269543126,-0.2702454,-0.17758546,4.894373736,-0.227373944,-0.255645071,-0.225912089,-0.251863942,6.334169261,-0.1330169,-0.235580766,-0.233009116,-0.328096799,5.406014705,-0.231569165,-0.225747723,-0.230082137,-0.292954659,6.358401383,-0.20963129,-0.174605172,-0.289155802,-0.334551327,7.18181358,-0.19848162,-0.165170696,-0.23075552,-0.46892704,4.123832503,-0.343412243,-0.284281175,-0.279675862,-0.116056253,5.272652915,-0.224992777,-0.256676791,-0.225498931,-0.244642208,6.819257434,-0.080137274,-0.208931301,-0.199164491,-0.445226756,5.006200141
-0.256250075,-0.259799397,-0.263458933,-0.226385294,5.255516858,-0.147787894,-0.196337542,-0.203096644,-0.493756619,4.431131443,-0.302596039,-0.249477867,-0.230665225,-0.124965545,5.179027878,-0.351924672,-0.234710917,-0.327429616,-0.033635328,4.914518694,-0.227504978,-0.245559165,-0.190233122,-0.365558146,4.834153863,-0.189655552,-0.182527647,-0.230748139,-0.434146469,4.374239034,-0.278505665,-0.274722528,-0.262812705,-0.176390707,5.505105909,-0.10681627,-0.174419142,-0.206182048,-0.554628284,4.305039414,-0.267115455,-0.223336849,-0.19827545,-0.22168326,4.620571097,-0.352256318,-0.23141783,-0.334502799,-0.021074271,4.883463923,-0.207675375,-0.232496816,-0.182962792,-0.403388866,4.761858704,-0.132290472,-0.156832813,-0.188411405,-0.568541682,3.953789988
-0.263487413,-0.285866987,-0.275329702,-0.031931613,6.366376294,-0.224686792,-0.222316745,-0.24305026,-0.342765242,5.775004023,-0.240853393,-0.273637156,-0.214637858,-0.207272138,6.438698447,-0.159474811,-0.250831073,-0.169762347,-0.423282334,4.109452563,-0.282275006,-0.276773012,-0.276057528,-0.130854147,5.505901326,-0.36134682,-0.259682407,-0.248531728,-0.253526288,3.976598209,-0.26737653,-0.285704682,-0.278579739,-0.025893081,6.669412589,-0.207858714,-0.214641866,-0.228959135,-0.406064967,5.49349363,-0.215006478,-0.248762736,-0.185985096,-0.283311332,5.721118399,-0.158330846,-0.251924968,-0.177337065,-0.421268594,4.239269639,-0.293491722,-0.289597538,-0.292192523,-0.075512178,6.240823048,-0.313685207,-0.225638092,-0.225120237,-0.376556609,3.639020093
-0.303742473,-0.278475894,-0.252001459,-0.031226875,7.370427233,-0.582219271,-0.388620755,-0.297397684,0.276422159,4.60980028,-0.31795578,-0.2520004,-0.240695841,-0.307895504,4.168521562,-0.267853348,-0.23882226,-0.298735577,-0.122356435,5.492179299,-0.264409267,-0.285807506,-0.27529563,-0.142646883,5.218099647,-0.202517946,-0.229716125,-0.204581691,-0.325597641,4.77813096,-0.344317279,-0.272034227,-0.292466224,0.077059477,8.202836507,-0.63970336,-0.404603468,-0.327056014,0.416219867,5.167240657,-0.248748651,-0.231610419,-0.192683987,-0.470566757,3.896980785,-0.30474949,-0.250794885,-0.336846028,-0.03659594,5.958489931,-0.300766783,-0.305434833,-0.277591572,-0.076527072,5.68918574,-0.16079526,-0.199740449,-0.175790679,-0.428168111,4.474867376
-0.169851849,-0.233980097,-0.301251744,-0.272277913,6.029472965,-0.332481685,-0.242462579,-0.251313638,-0.128735652,5.200492341,-0.249483502,-0.218209125,-0.328352249,-0.146779735,6.694299791,-0.150279398,-0.238188709,-0.255716206,-0.341758613,5.597267047,-0.300661629,-0.230660595,-0.254655802,-0.230479064,4.753638779,-0.249522765,-0.225845142,-0.250399059,-0.329466361,4.756856171,-0.169456287,-0.232905589,-0.296798927,-0.266052616,5.804050767,-0.412519934,-0.284978024,-0.263405786,-0.011437933,5.609910728,-0.172546054,-0.18593187,-0.285915448,-0.310139093,5.740848852,-0.133146851,-0.240247358,-0.236642787,-0.363759845,5.372454353,-0.327168061,-0.252223025,-0.266379063,-0.179251204,5.113534377,-0.189717215,-0.199953144,-0.230954523,-0.427302518,4.561998387
-0.250074608,-0.237446238,-0.243546371,-0.193943462,6.980542502,-0.381187025,-0.201089664,-0.316102734,-0.132362133,4.176986247,-0.387538037,-0.325385226,-0.298917921,0.023349793,5.000352528,-0.362722475,-0.324802569,-0.249382173,-0.030450462,5.099608913,-0.278396434,-0.283513728,-0.281935354,-0.115506035,5.005853463,-0.155490162,-0.198513151,-0.238262892,-0.321454874,5.087761514,-0.230508438,-0.242988984,-0.227566376,-0.224004209,6.970044114,-0.440930631,-0.211580882,-0.352949884,-0.048753178,4.550235059,-0.290736937,-0.295191869,-0.246971475,-0.169527486,4.625296794,-0.343264459,-0.317257121,-0.243648835,-0.075948148,4.983874664,-0.294415172,-0.29840706,-0.285008859,-0.077943494,5.089395999,-0.106357517,-0.169890467,-0.210351615,-0.429262541,4.606654274
-0.18292762,-0.266983211,-0.240565985,-0.263661923,6.908026367,-0.146245109,-0.273651489,-0.174446927,-0.446054407,7.974683901,-0.112633299,-0.281751476,-0.208216104,-0.359595182,5.881921504,-0.33227227,-0.264030738,-0.333941935,-0.062079997,5.378566654,-0.120240828,-0.239176668,-0.166037657,-0.357858226,7.078961029,-0.255423316,-0.286953526,-0.238506653,-0.19447623,4.600576812,-0.184488778,-0.249806172,-0.272329898,-0.242539661,7.248388153,-0.157224769,-0.286927044,-0.175273317,-0.426517765,8.323082096,-0.018720512,-0.220625895,-0.181266104,-0.569533917,4.885322582,-0.302923124,-0.243509911,-0.333024687,-0.107352546,4.89889915,-0.112243872,-0.23814672,-0.161405112,-0.369386584,7.344664996,-0.188082621,-0.239005626,-0.201516573,-0.368895495,4.086242051
-0.332562804,-0.236179257,-0.279158136,-0.139399938,5.978441758,-0.230736827,-0.249435095,-0.338228198,-0.062519769,6.970349832,-0.163545786,-0.199472958,-0.204983699,-0.469059289,5.201032154,-0.272150365,-0.249379969,-0.253622394,-0.214992594,5.254993591,-0.177183481,-0.22406736,-0.229664639,-0.36403108,4.929749791,-0.261927729,-0.238456397,-0.289170052,-0.276086935,5.534472455,-0.469842243,-0.275343207,-0.34539705,0.102170491,7.153213227,-0.268514173,-0.265768497,-0.362535861,0.057342232,8.007974931,-0.09983282,-0.162429914,-0.168107886,-0.640134481,4.832111879,-0.251806937,-0.231537864,-0.251947116,-0.269071427,5.050174423,-0.173800364,-0.234189581,-0.222687724,-0.361091342,4.919090447,-0.214574378,-0.215070043,-0.251219161,-0.387963402,5.190830412
-0.282852192,-0.275630013,-0.227690217,-0.137221963,5.469726872,-0.292863151,-0.22258082,-0.375068368,-0.032882088,7.632504561,-0.038113032,-0.146082109,-0.165776291,-0.574592205,8.34936301,-0.310629419,-0.247693974,-0.277259122,-0.172987115,5.121275531,-0.294191095,-0.251772698,-0.287467648,-0.260957982,5.367726381,-0.280485232,-0.281296678,-0.274065454,-0.185202524,4.259933636,-0.283166684,-0.23274517,-0.257164318,-0.150544282,5.350235133,-0.375009222,-0.225166717,-0.45155062,0.139567347,10.30784192,-0.014498031,-0.133471286,-0.14142693,-0.638793519,7.94557815,-0.307151125,-0.244249434,-0.278413634,-0.169743018,5.039848821,-0.306156466,-0.260314997,-0.296571702,-0.240378122,5.73600781,-0.241493974,-0.244958821,-0.247654498,-0.311616244,3.734204432
-0.307806108,-0.233289474,-0.263568257,-0.155423426,4.968074004,-0.309010934,-0.287957621,-0.282429299,-0.049323504,5.2401682,-0.310618552,-0.232262949,-0.265781391,-0.158729321,5.022851763,-0.198211286,-0.242117479,-0.212975399,-0.377923725,5.381628521,-0.310810645,-0.239530219,-0.312727538,-0.145939483,5.511357138,0.001301265,-0.186862349,-0.179916325,-0.625335475,5.631693943,-0.305469715,-0.242290825,-0.242879997,-0.162889557,4.846348719,-0.316140793,-0.291819158,-0.288099929,-0.022363007,5.315388797,-0.255990544,-0.200669913,-0.224358622,-0.299586639,4.321701429,-0.185931193,-0.24475326,-0.20356535,-0.410927524,5.377850035,-0.304510547,-0.235973719,-0.334650528,-0.135151433,5.922245688,0.060281296,-0.154395706,-0.151201043,-0.758296846,5.175271276
-0.356716674,-0.33082415,-0.20617869,-0.166790755,5.016058049,-0.087192625,-0.229716673,-0.209656116,-0.332855788,6.593997162,-0.226811036,-0.230300852,-0.244524145,-0.304758344,5.370842046,-0.259928669,-0.297439946,-0.246708723,-0.340759865,4.715500551,-0.133468586,-0.24825396,-0.211309762,-0.423622608,4.999577403,-0.176120106,-0.237013021,-0.215259737,-0.348681891,6.173559221,-0.435480521,-0.377288476,-0.204904125,-0.050757119,5.333785713,-0.053943277,-0.226830168,-0.211745161,-0.363344187,6.891767354,-0.16810479,-0.189853786,-0.215268102,-0.430630567,4.709931555,-0.298038157,-0.329941027,-0.268687445,-0.245635508,5.262918642,-0.105593974,-0.244454478,-0.193946609,-0.465639138,4.979145247,-0.129535655,-0.211618813,-0.175019485,-0.46818162,5.580194744
-0.22841664,-0.303657324,-0.162464488,-0.212143384,5.880618471,-0.461635917,-0.27807019,-0.395606341,0.128373163,4.471036075,-0.193142364,-0.228436243,-0.196299062,-0.340301055,5.280244474,-0.281830295,-0.298054542,-0.248688478,-0.210029311,5.871552835,-0.435956748,-0.273061344,-0.300174336,-0.038571679,3.738162626,-0.192219347,-0.224707245,-0.195298991,-0.362286357,5.191379371,-0.28006231,-0.311244555,-0.192527444,-0.091437162,5.850702045,-0.437142338,-0.311953517,-0.344974336,0.049631708,4.246831738,-0.132321812,-0.187501414,-0.153883949,-0.500974328,4.703765618,-0.273536547,-0.290582586,-0.241316198,-0.246179506,5.615347848,-0.44686259,-0.250019448,-0.328113114,-0.024352419,3.838997795,-0.140407057,-0.189096847,-0.17006648,-0.488710896,4.870544096
-0.210666289,-0.213678399,-0.306710619,-0.389201101,6.239849481,-0.250453245,-0.231284211,-0.324238033,-0.105766785,5.295438553,-0.31356271,-0.260692376,-0.245558775,-0.126463528,4.332081767,-0.150656521,-0.177487901,-0.241798388,-0.441470142,4.709742988,-0.204451234,-0.24447783,-0.205503536,-0.292827831,5.213849497,-0.244228713,-0.246557712,-0.281142663,-0.313563543,4.576197274,-0.200484159,-0.189313428,-0.326230381,-0.392863305,6.497905821,-0.262998275,-0.223087567,-0.334215121,-0.081649532,5.090626226,-0.238599551,-0.218821809,-0.213482036,-0.256667065,3.962345967,-0.131890217,-0.167439883,-0.234713182,-0.482948421,4.546579347,-0.187604015,-0.237895298,-0.192669675,-0.330619897,5.134715932,-0.168235473,-0.210995359,-0.235556087,-0.490807479,3.959413932
-0.370205693,-0.289286552,-0.23999877,-0.110296052,4.432228872,-0.263743454,-0.220615278,-0.233125206,-0.332946519,4.471375767,-0.208804829,-0.227252721,-0.191156972,-0.404215445,3.817118801,-0.190495598,-0.256258852,-0.248064343,-0.346964703,5.514307327,-0.215219236,-0.221359243,-0.282072639,-0.335651512,4.832047985,-0.255809111,-0.240923827,-0.243302592,-0.276648298,4.584506698,-0.335702171,-0.26038783,-0.228067802,-0.201130349,4.08769647,-0.279969899,-0.210299876,-0.24064086,-0.333279775,4.387870987,-0.150630451,-0.191441037,-0.150446604,-0.559668424,3.464288603,-0.18827514,-0.259703254,-0.255575549,-0.332383491,5.722855367,-0.244172727,-0.219066293,-0.309828945,-0.279476299,5.004323136,-0.20497704,-0.216550926,-0.221515853,-0.387221868,4.227840512
-0.298969182,-0.315752737,-0.34497482,0.009178758,6.514359639,-0.435691131,-0.275603351,-0.376770633,0.052538463,4.49997393,-0.238973656,-0.240291226,-0.231613574,-0.239414087,4.688723099,-0.331359414,-0.241018491,-0.285559057,-0.199451901,4.810137471,-0.316001319,-0.295816821,-0.267953357,-0.133820077,4.989892118,-0.226020605,-0.245719177,-0.20991017,-0.298627029,5.347106609,-0.259812359,-0.365363296,-0.351384894,0.044465434,7.216892703,-0.45019317,-0.286341669,-0.373971788,0.117802166,4.75557088,-0.167758918,-0.19920736,-0.19600282,-0.40543721,4.189803719,-0.349688308,-0.259240287,-0.298994228,-0.132589663,5.100438278,-0.308714035,-0.287261925,-0.292885512,-0.12798905,4.968642636,-0.171486655,-0.216498663,-0.165070629,-0.437364368,4.971207265
-0.196566281,-0.257376802,-0.229126443,-0.270640366,4.682319965,-0.436150144,-0.293294548,-0.310711161,0.050086892,4.564721304,-0.306311682,-0.256671453,-0.223090418,-0.298725698,5.149332239,-0.274358035,-0.304864656,-0.27623574,-0.138175786,5.160585351,-0.275498686,-0.291090811,-0.196439523,-0.202266204,5.144001679,-0.205172224,-0.236581181,-0.250032864,-0.301865746,5.152331903,-0.181765361,-0.250382356,-0.226814917,-0.282184088,4.617826659,-0.428011707,-0.297927863,-0.323025059,0.050097626,5.028867469,-0.256229325,-0.227949176,-0.184174449,-0.439306983,4.49476818,-0.281481774,-0.303582864,-0.29352418,-0.116951282,5.24314808,-0.253948781,-0.271147517,-0.182227066,-0.259743929,4.899141682,-0.159173753,-0.199133019,-0.215742859,-0.420538145,4.684405523
-0.147510213,-0.211276649,-0.222919099,-0.35294721,6.166774772,-0.304474986,-0.27437542,-0.287998352,-0.094647105,5.134199614,-0.361053538,-0.303945726,-0.329372222,0.008132592,5.135448911,-0.191758203,-0.225875749,-0.267873818,-0.231883122,5.083013829,-0.214636107,-0.210931463,-0.279457276,-0.244899413,5.97069218,-0.222494734,-0.249458346,-0.195815203,-0.242825178,4.63896265,-0.133901216,-0.193993194,-0.240084381,-0.337967384,6.200273902,-0.364487118,-0.260065513,-0.345001299,0.039912138,5.372542003,-0.329362627,-0.288235351,-0.283272707,-0.075708491,4.491684818,-0.189818264,-0.231884248,-0.269194444,-0.217680364,5.270886471,-0.213634153,-0.203504144,-0.290445191,-0.246913054,6.201722193,-0.166001165,-0.21456537,-0.163459221,-0.379730842,4.11583121
-0.140958033,-0.260816806,-0.173419712,-0.446615138,4.865068369,-0.286841153,-0.231460931,-0.260207535,-0.253167968,6.30100754,-0.189999139,-0.233259343,-0.242407441,-0.353951157,5.305861614,-0.272155043,-0.254760976,-0.270090555,-0.197087684,5.654355242,-0.28152394,-0.264560535,-0.230230983,-0.254955224,4.732631432,-0.295657475,-0.255530995,-0.261343273,-0.092835459,6.172856351,-0.149639413,-0.262031988,-0.176015844,-0.442856233,4.763641133,-0.286500846,-0.237834328,-0.269716207,-0.225126007,6.794938312,-0.115772182,-0.189558638,-0.207568434,-0.523358696,4.574123709,-0.236047851,-0.223710065,-0.259628871,-0.288309338,5.17321523,-0.290685306,-0.268879023,-0.229302547,-0.246377319,4.756124836,-0.224216748,-0.208388094,-0.225971098,-0.26816255,5.277629751
-0.203940549,-0.259856237,-0.180781644,-0.429146829,4.700082641,-0.328752836,-0.261363474,-0.300189364,-0.209147741,5.007878274,-0.224542388,-0.217804722,-0.219297903,-0.26998359,4.59143502,-0.355301467,-0.265777397,-0.271069209,-0.146567067,4.234612175,-0.219416029,-0.243056334,-0.243678385,-0.334508065,5.892029861,-0.258885842,-0.289138072,-0.214378004,-0.262682413,4.686422675,-0.185835123,-0.261795399,-0.174164432,-0.471932029,4.787524231,-0.337476543,-0.259005893,-0.297577888,-0.203386196,4.932955169,-0.179135621,-0.200053906,-0.171317641,-0.383696125,4.186245076,-0.3768371,-0.276399898,-0.281820285,-0.119369795,4.48224285,-0.214520735,-0.248719592,-0.245828297,-0.310044954,6.241639803,-0.205229238,-0.248506109,-0.171184905,-0.422232626,3.90277106
-0.147514301,-0.306340508,-0.191593339,-0.361014747,6.519096383,-0.08670057,-0.235298917,-0.178849436,-0.466312416,6.398311181,-0.371131566,-0.316372808,-0.276297633,0.015773521,4.993508395,-0.161687864,-0.195498074,-0.211820705,-0.448195241,4.686077194,-0.127977013,-0.227565911,-0.228241673,-0.320725354,6.22281893,-0.157323565,-0.213578238,-0.197559059,-0.410683119,4.543825273,-0.18497338,-0.318235859,-0.204989066,-0.313929853,6.527226405,-0.042991915,-0.223143097,-0.156928092,-0.570980913,6.172606831,-0.323607568,-0.275139261,-0.245640028,-0.138888274,4.237480907,-0.152896659,-0.195342081,-0.208918103,-0.467842201,4.758230937,-0.106957582,-0.195719483,-0.22682708,-0.375420713,5.867717287,-0.109029648,-0.183687025,-0.162969811,-0.526558445,4.092857116
-0.221781078,-0.211156714,-0.274191549,-0.256421777,4.931362384,-0.010496792,-0.181980835,-0.107919015,-0.624289508,6.350511031,-0.277835035,-0.209843375,-0.224192031,-0.413074466,3.755102854,-0.192294554,-0.213384603,-0.251761897,-0.383696276,6.229403036,-0.232627217,-0.21574549,-0.250845786,-0.296238722,5.883823667,-0.224335961,-0.211706434,-0.195838787,-0.355211836,4.497745717,-0.197526769,-0.181466725,-0.282227081,-0.304636518,5.027513404,0.01518533,-0.161705271,-0.100038494,-0.685685959,6.004403823,-0.249691087,-0.163763507,-0.220078571,-0.480052464,3.5380042,-0.201767867,-0.228636565,-0.266216039,-0.329633772,6.726172766,-0.23653627,-0.212707818,-0.250431843,-0.267975944,5.884775798,-0.169496569,-0.175630658,-0.164088752,-0.486196744,4.067496136
-0.32738311,-0.251437914,-0.299080195,-0.16685155,4.860512939,-0.358327569,-0.240069274,-0.311841347,-0.060103092,5.944295291,-0.170980527,-0.220997207,-0.230285981,-0.396397251,4.430138232,-0.19807563,-0.221427001,-0.245364876,-0.39825521,4.588720501,-0.24256672,-0.255754077,-0.240836407,-0.278004549,4.055584147,-0.253944909,-0.198544474,-0.20079045,-0.323611406,4.228341612,-0.314817416,-0.252326604,-0.282017686,-0.192820216,4.538373733,-0.418316499,-0.24870482,-0.350215585,0.036777222,6.819777459,-0.106181762,-0.191591916,-0.198941235,-0.533356283,4.209708462,-0.200431002,-0.233920963,-0.252781851,-0.376711186,4.767359213,-0.222271377,-0.241408229,-0.226693745,-0.321364799,3.800437863,-0.179504411,-0.158969083,-0.162737979,-0.48894332,3.835887584
-0.159459585,-0.234960726,-0.280967696,-0.297097873,4.754339636,-0.259656285,-0.258496345,-0.223623202,-0.293288271,5.24726287,-0.221497746,-0.25131165,-0.185726862,-0.256973725,5.62102999,-0.224225442,-0.226530618,-0.226417278,-0.387780343,4.094676228,-0.246709897,-0.266952499,-0.257295027,-0.192029064,5.443513129,-0.364888219,-0.269906826,-0.229199299,-0.201291332,4.228013406,-0.156078767,-0.233308772,-0.274448504,-0.292089841,4.654525496,-0.248980491,-0.225990932,-0.240091133,-0.30594819,5.475102691,-0.16254104,-0.213166966,-0.154940464,-0.400941711,4.965668826,-0.197931688,-0.224639514,-0.196534936,-0.458850957,3.885652209,-0.289567829,-0.296638612,-0.260851395,-0.095260186,5.861315584,-0.311272295,-0.229034542,-0.19394349,-0.346541198,3.849889453
-0.235033738,-0.198988504,-0.260554851,-0.423130784,4.270329574,-0.21591932,-0.21683936,-0.214447722,-0.341909859,6.584289398,-0.297045523,-0.308115594,-0.232491705,-0.267883918,4.353256206,-0.179320172,-0.243760791,-0.226005845,-0.353666577,5.75702029,-0.303722893,-0.255660667,-0.244894187,-0.198617949,5.331098392,-0.244768662,-0.23774454,-0.271998205,-0.301373286,4.981267487,-0.212877216,-0.190502679,-0.25366761,-0.489411729,4.122038117,-0.254147136,-0.236584902,-0.235184384,-0.271043216,6.939950818,-0.217640012,-0.284980395,-0.187104193,-0.434021294,4.098187924,-0.16697751,-0.247102965,-0.207364977,-0.392086953,5.895946941,-0.313106882,-0.255066197,-0.241692047,-0.199174037,5.252812494,-0.199016525,-0.207141975,-0.23446448,-0.428243556,4.249579303
-0.372305801,-0.267383394,-0.353438242,0.021524831,5.673292564,-0.353314969,-0.320810428,-0.238508699,-0.081683204,5.089260363,-0.260555795,-0.245418711,-0.336048378,-0.270930997,5.078022428,-0.283840268,-0.24078854,-0.224459399,-0.309471642,3.927692779,-0.271469363,-0.271351501,-0.24116101,-0.22753337,4.663248424,-0.20414451,-0.19930274,-0.245817951,-0.336370851,5.087834978,-0.459249025,-0.260234104,-0.417734867,0.161414434,6.419114194,-0.397079037,-0.341789458,-0.255582467,0.003276475,5.392591474,-0.16621462,-0.196094082,-0.29061658,-0.509348339,4.117872783,-0.252383065,-0.253719569,-0.181503486,-0.369777943,3.811702681,-0.222775734,-0.229348349,-0.238504151,-0.337737883,4.338676291,-0.145017978,-0.163094855,-0.220143868,-0.464360538,4.735536712
-0.144497797,-0.194699324,-0.292189917,-0.370238284,4.733447016,-0.190537306,-0.211847752,-0.224760298,-0.405788437,6.074575725,-0.158805949,-0.219551676,-0.190456636,-0.493521616,5.009338519,-0.211833142,-0.270896565,-0.242974854,-0.235801268,6.136203089,-0.301203542,-0.295215751,-0.265488429,-0.223070895,4.773240611,-0.186232569,-0.216330895,-0.18760162,-0.406861658,4.872142236,-0.099769927,-0.155803619,-0.311620497,-0.438802521,4.955376672,-0.187242978,-0.199242059,-0.21500326,-0.439271216,5.950633579,-0.076487821,-0.171441387,-0.1510068,-0.683659912,4.427177495,-0.209374934,-0.271735042,-0.245208505,-0.226364906,6.707700838,-0.28318206,-0.277131443,-0.25223923,-0.281305077,4.464481923,-0.145027731,-0.20058041,-0.152065757,-0.494576438,4.591635619
-0.410696009,-0.328595052,-0.320231459,0.157423757,6.600724445,-0.195315567,-0.235912374,-0.214452264,-0.253807483,6.203196109,-0.097911797,-0.151879185,-0.231992856,-0.621210276,4.436358436,-0.397052446,-0.30961066,-0.259360156,-0.074592694,4.604966124,-0.201959576,-0.225391621,-0.23756031,-0.321758956,5.857623772,-0.319085005,-0.237617072,-0.280349553,-0.17904568,4.366533708,-0.418434992,-0.345752596,-0.332145889,0.203856968,7.368162766,-0.222034015,-0.267378409,-0.199164647,-0.208025356,6.219859302,-0.035447575,-0.147364281,-0.184713187,-0.756240334,4.131889539,-0.388426907,-0.302410917,-0.259451946,-0.091942508,4.489729993,-0.194063592,-0.225343501,-0.229342345,-0.323842258,5.869328144,-0.258529227,-0.181017254,-0.248166555,-0.347755806,3.739517123
-0.277982145,-0.276697341,-0.216220018,-0.260546345,5.5194046,-0.246595991,-0.273064732,-0.213077257,-0.193740163,5.738822045,-0.288700761,-0.224022556,-0.27440417,-0.230181186,4.929917146,-0.392058325,-0.281757542,-0.252145278,-0.035589499,4.427029113,-0.226576248,-0.264909841,-0.20403229,-0.318817565,6.300895558,-0.290699693,-0.266493552,-0.241355076,-0.253096643,3.797644735,-0.287689472,-0.282937786,-0.228794376,-0.262131859,5.468257889,-0.243498099,-0.257440916,-0.229353677,-0.177505323,5.836532222,-0.256795525,-0.189751112,-0.255992416,-0.338954773,4.508892968,-0.39393489,-0.283464126,-0.254292839,-0.024932361,4.487730745,-0.224655817,-0.280861815,-0.201106249,-0.305363968,6.29655019,-0.232834562,-0.228626502,-0.204638329,-0.407827115,3.314374032
-0.113291946,-0.205988723,-0.261211537,-0.406820089,4.869085019,-0.14974195,-0.27556016,-0.188711079,-0.413584611,4.811535931,-0.159004119,-0.222635323,-0.210737802,-0.36748935,5.06926827,-0.22026738,-0.233778711,-0.237054577,-0.313419042,5.546288217,-0.284285797,-0.251667297,-0.242369414,-0.22137849,4.80617369,-0.19136888,-0.209973935,-0.235096017,-0.435212737,4.064607681,-0.064502549,-0.178324819,-0.257665087,-0.500152776,4.959712178,-0.074854543,-0.248588787,-0.158043008,-0.555332215,4.348114063,-0.107215438,-0.194015801,-0.177552471,-0.484491475,4.732500425,-0.238737351,-0.238605276,-0.241655627,-0.273518521,5.734842424,-0.297172495,-0.249399921,-0.253297282,-0.205164392,4.940345807,-0.123401236,-0.178163104,-0.198682232,-0.594079276,3.749590083
-0.34318857,-0.229479661,-0.316847757,-0.2236353,4.503521004,-0.282442642,-0.239228153,-0.328641483,-0.08228289,5.851600687,-0.186459485,-0.253411727,-0.206050727,-0.367848294,5.144180138,-0.261045814,-0.306441227,-0.24454915,-0.148844518,5.151304997,-0.399559273,-0.299833286,-0.305217454,0.007784192,4.952913938,-0.165452003,-0.208713738,-0.21287141,-0.336635787,5.118052985,-0.388505891,-0.237399401,-0.352724045,-0.147981779,5.087849797,-0.308232699,-0.228768931,-0.376668464,0.035505579,6.219453195,-0.135706695,-0.215432152,-0.188697483,-0.483973048,4.663820162,-0.284770236,-0.323701159,-0.265683924,-0.092784386,5.362025007,-0.402763456,-0.295727377,-0.319436112,0.03900295,4.997080773,-0.105170448,-0.17263475,-0.175224413,-0.481510347,4.570178147
-0.174483945,-0.283816643,-0.235853639,-0.289965046,5.445666195,-0.15782617,-0.157477808,-0.297235688,-0.384894437,6.11120859,-0.133509859,-0.19179561,-0.310949944,-0.459533287,5.064318323,-0.310384005,-0.27307842,-0.218811956,-0.147722769,4.631325329,-0.286371956,-0.214137774,-0.245806106,-0.330525394,4.243320246,-0.349785435,-0.236958902,-0.29544532,-0.144905462,4.395873517,-0.164405335,-0.296324229,-0.224496828,-0.292519978,5.821183328,-0.160112491,-0.134247111,-0.301414214,-0.395967032,5.789387747,-0.05369435,-0.160062979,-0.266632777,-0.635109617,4.793730764,-0.294232412,-0.263285264,-0.198920197,-0.199498877,4.323146664,-0.27414843,-0.18947687,-0.238960334,-0.378435178,3.976682013,-0.293949663,-0.201797907,-0.267713192,-0.262699773,4.07021067
-0.152246519,-0.224626659,-0.205363552,-0.365934846,4.643375126,-0.345491596,-0.26057306,-0.294885646,-0.283133115,4.586441968,-0.232433094,-0.215723891,-0.293392745,-0.289522923,4.467281936,-0.240665303,-0.305260832,-0.232403057,-0.171751393,5.730653,-0.22412233,-0.270649641,-0.224416223,-0.330258117,4.173775085,-0.342291672,-0.221050719,-0.219176231,-0.24933186,4.273263932,-0.125020638,-0.219784604,-0.19519363,-0.411427317,4.555891279,-0.314759481,-0.238858939,-0.296036721,-0.347258992,4.136901151,-0.16166008,-0.175766513,-0.266024107,-0.442197376,3.951999022,-0.256488796,-0.337568404,-0.231045708,-0.108478093,6.104324348,-0.207127496,-0.270765594,-0.220319486,-0.36937829,4.083258544,-0.296851087,-0.191793729,-0.180444969,-0.382962097,3.864368367
-0.475603192,-0.268011306,-0.314620207,0.045441498,5.184692642,-0.239700112,-0.238664292,-0.214328062,-0.332980289,4.80048226,-0.230548051,-0.266876319,-0.235099612,-0.269804837,5.87020201,-0.176695627,-0.211717904,-0.22043928,-0.406586501,5.303387744,-0.254240231,-0.205009465,-0.232076037,-0.355557838,3.999062238,-0.215841563,-0.200839552,-0.245532948,-0.269294597,6.145700137,-0.502330926,-0.28032918,-0.329235291,0.108402171,5.251736058,-0.26323279,-0.260600517,-0.207575783,-0.302659662,4.909122134,-0.13646281,-0.24169124,-0.169721195,-0.468419278,5.116175667,-0.168045491,-0.198311058,-0.221995965,-0.420212094,5.173909806,-0.267359091,-0.183631613,-0.245705274,-0.353697508,3.960521455,-0.159243619,-0.168278724,-0.218306775,-0.391335014,5.832233658
-0.304096342,-0.216352777,-0.415690006,-0.086792577,5.604863277,-0.177971501,-0.231140305,-0.232720156,-0.242814276,5.749883322,-0.326214382,-0.23214366,-0.123438911,-0.347703359,4.89483928,-0.304018585,-0.30368101,-0.210236433,-0.151082478,4.345815225,-0.143546856,-0.251931149,-0.24543391,-0.356918472,5.16827317,-0.208807786,-0.214610377,-0.26727157,-0.282687564,5.34956792,-0.336560448,-0.202471471,-0.45827677,-0.003025245,6.447693029,-0.211081146,-0.247982814,-0.241288978,-0.168968473,6.378551818,-0.286657598,-0.193471568,-0.102264768,-0.455049211,4.461484472,-0.308220558,-0.318117448,-0.209142703,-0.094274224,4.561378239,-0.153464681,-0.258113564,-0.266666559,-0.316482534,5.554287801,-0.171236615,-0.176994545,-0.243160196,-0.390262886,4.737678334
-0.303759548,-0.257934266,-0.236303309,-0.294209802,5.071169484,-0.336602972,-0.234432815,-0.287843417,-0.156499891,5.290514177,-0.230741781,-0.248544698,-0.257668048,-0.159065755,4.283012677,-0.176274168,-0.23187119,-0.200793563,-0.357822859,5.574000052,-0.180429279,-0.250787956,-0.231928814,-0.288699145,5.990630619,-0.294896972,-0.267582741,-0.258487948,-0.19121535,3.95074851,-0.343274484,-0.271976683,-0.247036427,-0.227445145,5.240709603,-0.394910773,-0.248014692,-0.326792967,-0.062588218,5.756105377,-0.17990021,-0.202758711,-0.22665556,-0.287200222,3.828101646,-0.194274151,-0.250594094,-0.204678395,-0.317075134,5.760194948,-0.199702438,-0.268292029,-0.222839808,-0.260247391,6.326014726,-0.2098216,-0.215261672,-0.214379437,-0.405343004,3.399951184
-0.231837285,-0.286762389,-0.276812927,-0.180796265,5.664845393,-0.225144221,-0.26377426,-0.209846976,-0.335034461,5.573413142,-0.129650164,-0.272375849,-0.222654171,-0.392199836,4.870276862,-0.209997422,-0.225173218,-0.311719068,-0.305925311,4.519099592,-0.316649616,-0.273504161,-0.242574069,-0.145995648,4.578640278,-0.151069507,-0.254879877,-0.216276095,-0.288252108,5.809402948,-0.235822255,-0.295056388,-0.278409401,-0.161397602,5.861185411,-0.218018303,-0.246582421,-0.214240184,-0.362419499,5.737758704,-0.101622907,-0.233112264,-0.212073724,-0.461245249,4.47715811,-0.208576007,-0.197272017,-0.333523067,-0.319206545,4.482100691,-0.309944588,-0.269506151,-0.239337082,-0.160965022,4.41824348,-0.089207327,-0.212993194,-0.184335921,-0.440064861,5.126426733
-0.28851801,-0.204377117,-0.302655018,-0.27998951,4.640083937,-0.1649073,-0.174933495,-0.141884348,-0.640080801,5.049617725,-0.131683621,-0.266863985,-0.151905128,-0.476695017,6.101686429,-0.363818183,-0.256774533,-0.302657678,-0.109507298,4.14116913,-0.294647582,-0.228263116,-0.265316269,-0.257552889,5.04937977,-0.332614408,-0.239862476,-0.244608092,-0.25518466,4.043997328,-0.267909448,-0.189494976,-0.300391143,-0.340561077,4.322809595,-0.144715198,-0.152580962,-0.146898738,-0.688649718,4.979225866,-0.10846512,-0.240038446,-0.148879459,-0.532503624,5.741421205,-0.36904812,-0.251385445,-0.309759873,-0.091689917,4.140386585,-0.331540997,-0.230613079,-0.282258361,-0.217400943,5.242657294,-0.277719241,-0.190432498,-0.221528079,-0.393289409,3.774828769
-0.144842756,-0.190314728,-0.221657766,-0.278846268,7.605216669,-0.342494441,-0.286553305,-0.26230569,-0.097861067,5.39273432,-0.223530018,-0.207105356,-0.235348605,-0.404722441,6.938007762,-0.255902905,-0.262989962,-0.25019782,-0.176239372,5.800255924,-0.331986347,-0.264474164,-0.270545329,-0.119390201,5.059848908,-0.23424429,-0.188620546,-0.290456026,-0.316732838,4.790048782,-0.164205714,-0.19363423,-0.237907912,-0.229105804,8.053946997,-0.371538913,-0.289724766,-0.285442205,-0.033718129,5.905874764,-0.201914529,-0.179756782,-0.207495499,-0.494457726,6.315246824,-0.293719375,-0.285228809,-0.27765615,-0.088498494,6.57024043,-0.346036915,-0.27550925,-0.270632812,-0.091015489,5.242677959,-0.171372065,-0.154957024,-0.241961673,-0.483248173,4.229022095
-0.389874742,-0.267600709,-0.271494684,-0.038089693,5.304148431,-0.265905489,-0.251729446,-0.218961739,-0.172224254,5.570045503,-0.311977188,-0.305737359,-0.270090099,-0.074601964,5.306743882,-0.363082168,-0.248726501,-0.277838745,-0.208075384,3.910364739,-0.247972139,-0.27896501,-0.238644276,-0.187156149,5.491561337,-0.327830811,-0.297391066,-0.2292478,-0.171229963,4.851565458,-0.373945452,-0.248033181,-0.276485166,-0.064109871,5.478424188,-0.264270176,-0.268756486,-0.207121117,-0.145993833,5.595957208,-0.250972386,-0.253198912,-0.236207912,-0.224640564,4.49699842,-0.351416861,-0.265649876,-0.262181503,-0.202249994,3.881490054,-0.232657859,-0.26958038,-0.233201638,-0.20299082,5.27420483,-0.278107143,-0.266404701,-0.197840407,-0.294162858,4.363824208
-0.237899516,-0.217464075,-0.260961655,-0.283671208,6.646945547,-0.243660772,-0.244929624,-0.244056057,-0.261561354,5.163505227,-0.214700103,-0.210352692,-0.213122011,-0.32622939,5.505749127,-0.274336756,-0.254550242,-0.248431013,-0.274467126,4.749985121,-0.261576906,-0.265746191,-0.273704785,-0.140969675,5.999423305,-0.196922649,-0.199458936,-0.210328424,-0.466891515,4.25329382,-0.239404975,-0.206382599,-0.284011228,-0.280513319,7.292539008,-0.225904121,-0.23399514,-0.236167783,-0.321570548,5.280858877,-0.168989132,-0.18073178,-0.196025818,-0.411217352,5.195264224,-0.253190514,-0.267380631,-0.226602471,-0.302381563,4.778314292,-0.265028728,-0.276471849,-0.269500781,-0.106388266,6.717405482,-0.130470678,-0.161402368,-0.169527666,-0.626999778,3.926113472
-0.276011587,-0.347345617,-0.230546377,0.005999533,6.747845305,-0.27359787,-0.221921694,-0.331147117,-0.093927902,5.217345575,-0.363622057,-0.262036589,-0.293479672,-0.038089827,4.73214705,-0.278360108,-0.200985887,-0.273784871,-0.269590968,4.021467608,-0.35668636,-0.283299837,-0.261217374,-0.075359128,5.079069398,-0.194349185,-0.261491084,-0.246049515,-0.261382173,5.593924314,-0.298365754,-0.359373162,-0.255198443,0.071773262,7.404826388,-0.274889605,-0.199391325,-0.37668223,-0.064710982,5.691635162,-0.260516305,-0.204114666,-0.233503505,-0.28253635,3.826738559,-0.283096669,-0.184695789,-0.277019349,-0.288632021,3.857825332,-0.377185447,-0.289396301,-0.260502898,-0.057139647,4.995364118,-0.143425166,-0.229434527,-0.211393579,-0.402691719,4.998799036
-0.294238775,-0.242672329,-0.25883492,-0.160740793,4.703686013,-0.258068801,-0.283967976,-0.178157339,-0.309370259,4.525160976,-0.340815347,-0.259671794,-0.26483181,-0.09596912,5.988069471,-0.279809448,-0.235421059,-0.269899252,-0.317138929,5.996681723,-0.410300069,-0.25848744,-0.259093441,-0.082059877,4.152386807,-0.161454,-0.204091452,-0.196701655,-0.480932256,4.053956154,-0.273027913,-0.234258386,-0.266497948,-0.180392889,4.641576069,-0.291857752,-0.310360777,-0.188309704,-0.205338735,4.677206087,-0.295017475,-0.233905769,-0.232162313,-0.195825371,5.571592362,-0.286537717,-0.237631891,-0.274022716,-0.314240971,5.949410916,-0.431747266,-0.292180743,-0.254329508,-0.022540583,4.574962615,-0.108248873,-0.172284167,-0.160894052,-0.615465779,3.758982854
-0.195942842,-0.156734002,-0.263138441,-0.42724201,3.919683589,-0.031538291,-0.171660579,-0.332001423,-0.450751621,6.452036953,-0.252561526,-0.164512459,-0.228405226,-0.384174766,5.016303737,-0.259297133,-0.189267268,-0.230074498,-0.346314655,3.759423514,-0.303767617,-0.248852343,-0.298604644,-0.234839224,5.096639628,-0.153174748,-0.235572419,-0.239789402,-0.371173339,5.519367867,-0.179644857,-0.15304656,-0.251150935,-0.466321472,3.874548332,-0.034341811,-0.169005366,-0.338057486,-0.453255178,6.431326697,-0.175924739,-0.117007165,-0.18146634,-0.561951885,4.136978828,-0.227623866,-0.175994874,-0.212604034,-0.412121952,3.598827767,-0.323296901,-0.24466208,-0.305431102,-0.236390174,5.023234416,-0.098507211,-0.206604253,-0.209548959,-0.496190234,5.106798141
-0.307108202,-0.289103092,-0.250431727,-0.167194943,4.707602669,-0.402302742,-0.30110905,-0.303763423,-0.045819565,5.09587085,-0.236718261,-0.248657614,-0.274035703,-0.225253837,5.514946011,-0.272051972,-0.253383663,-0.245222272,-0.222361907,5.031364643,-0.167974886,-0.241634558,-0.267834982,-0.314709092,5.660683324,-0.254537006,-0.243915903,-0.265457238,-0.245654926,4.027527608,-0.304352052,-0.308300439,-0.2384425,-0.165184924,4.779392579,-0.38054661,-0.283610429,-0.27724218,-0.086697317,4.866772404,-0.142156086,-0.188936852,-0.217384266,-0.452656514,4.569392619,-0.289002017,-0.264051862,-0.244532148,-0.17690054,5.180760005,-0.186244122,-0.24564547,-0.281306663,-0.275368055,5.811490543,-0.184049841,-0.203773476,-0.225303314,-0.402801002,3.417977959
-0.231157993,-0.275974414,-0.307347402,-0.107989958,4.598094635,-0.333984462,-0.251844338,-0.367518498,-0.028783888,5.63212104,-0.229344634,-0.258890078,-0.220217236,-0.309764553,5.856885106,-0.27029805,-0.246593657,-0.286974223,-0.219723666,5.332123835,-0.215226355,-0.253789353,-0.220799652,-0.250840184,4.90066391,-0.206299872,-0.216489716,-0.206887924,-0.436698227,4.198266243,-0.166970239,-0.243577723,-0.280515007,-0.218079926,3.949922481,-0.380930201,-0.27641232,-0.395066308,0.082920141,6.446376579,-0.172814954,-0.220602683,-0.199382749,-0.420155482,5.3371602,-0.270568543,-0.256188747,-0.283541747,-0.221353759,5.355755746,-0.218414007,-0.242986663,-0.221803988,-0.242622935,4.783816205,-0.137418854,-0.168621903,-0.167627422,-0.612205123,3.732285192
-0.28597459,-0.276349262,-0.255659148,-0.245711164,3.478512939,-0.251822848,-0.221881143,-0.259504097,-0.186608348,6.588861504,-0.112825145,-0.212022517,-0.179552589,-0.454168263,3.729269249,-0.246497179,-0.265443279,-0.21374882,-0.23511287,5.31003389,-0.216528398,-0.229001932,-0.24736127,-0.366086767,5.180014979,-0.153966304,-0.187591497,-0.216289396,-0.394988783,5.26768793,-0.310745964,-0.285604032,-0.257137292,-0.233611829,3.394839145,-0.228931654,-0.209611952,-0.262548028,-0.210074639,6.82745313,-0.028837122,-0.173317975,-0.138652936,-0.613655065,3.390037572,-0.244456134,-0.259556424,-0.217057101,-0.246481282,5.095009142,-0.244644451,-0.241193051,-0.256697892,-0.317203964,5.258338043,-0.086240109,-0.15325481,-0.179331319,-0.544605697,4.84435637
-0.278272452,-0.320001255,-0.285298322,-0.12535148,6.107036091,-0.269836353,-0.327595895,-0.197207556,-0.125318626,6.412568453,-0.339407561,-0.190039202,-0.300872495,-0.256857253,3.93926197,-0.271743216,-0.237209712,-0.271230868,-0.280630164,6.157684704,-0.234794283,-0.306887974,-0.256298922,-0.126979518,6.495125948,-0.130037749,-0.222771883,-0.183230267,-0.391235973,5.651219535,-0.261869283,-0.337289785,-0.275608597,-0.145925964,6.303854567,-0.250596154,-0.345354401,-0.152104018,-0.174642031,6.296958051,-0.258276544,-0.153144014,-0.232636875,-0.438984212,3.524019732,-0.25871371,-0.239712526,-0.279555539,-0.285350537,6.678420407,-0.271018515,-0.329740799,-0.267207849,-0.042458394,6.649715699,-0.058374228,-0.16679445,-0.157988593,-0.556852425,5.005803531
-0.448039909,-0.25263381,-0.319334294,-0.02995101,4.759917762,-0.276646452,-0.222377269,-0.317483418,-0.176675514,5.334091594,-0.168258977,-0.20367044,-0.227642261,-0.332394218,4.758915378,-0.194970452,-0.233451163,-0.19586626,-0.361837017,4.796505481,-0.212759783,-0.253231448,-0.243997761,-0.323058338,5.223773652,-0.136810761,-0.220692973,-0.243976755,-0.433406491,5.68360244,-0.542433336,-0.264345975,-0.365052759,0.127055635,5.389142609,-0.294766184,-0.248338377,-0.314301651,-0.112722044,5.721572192,-0.126946298,-0.181110061,-0.198159776,-0.406569742,4.554015654,-0.188141208,-0.235825199,-0.181256667,-0.399710469,4.610783503,-0.189272905,-0.244397322,-0.243180904,-0.351888951,5.332949666,-0.089280227,-0.188357938,-0.210252398,-0.577434013,5.016158846
-0.115551723,-0.235732761,-0.195028099,-0.45260542,5.09768901,-0.328524945,-0.251361355,-0.298156361,-0.136354916,4.711928469,-0.300170573,-0.290206197,-0.264921053,-0.195333057,4.658385445,-0.34879156,-0.304688381,-0.285551694,-0.097773033,4.837934979,-0.17130326,-0.271118129,-0.24398067,-0.264559472,5.573537279,-0.237501804,-0.21279251,-0.273081397,-0.283910911,4.814162733,-0.123353301,-0.267847916,-0.187107981,-0.415788313,5.440674764,-0.351845169,-0.240483656,-0.319899328,-0.100227401,4.805424164,-0.217373815,-0.22664928,-0.237434917,-0.387020855,4.161194391,-0.354889055,-0.296984669,-0.278237394,-0.119417841,4.595792505,-0.160015321,-0.267067811,-0.239615696,-0.289930607,5.456985956,-0.190623413,-0.177846199,-0.242585012,-0.407423076,4.35103317
-0.344598834,-0.254202578,-0.295832699,0.021916322,5.508362951,-0.20961348,-0.202688727,-0.224281539,-0.278884562,5.373034226,-0.125356729,-0.224206654,-0.232096638,-0.350456213,6.798119176,-0.33008803,-0.289097067,-0.258348505,-0.114606083,5.626179299,-0.213190888,-0.218811211,-0.244804894,-0.340989791,5.161985108,-0.22104345,-0.223679617,-0.241643951,-0.368831657,4.720738529,-0.368588999,-0.257246756,-0.313188279,0.0941412,5.911209138,-0.218928701,-0.192193514,-0.253415684,-0.251820868,5.30472694,-0.061562608,-0.19569207,-0.203218215,-0.463788853,6.405980062,-0.345355571,-0.308773807,-0.253044173,-0.082073627,5.839955225,-0.20279224,-0.215714738,-0.254454131,-0.345094861,5.140529963,-0.164808021,-0.193519324,-0.203871063,-0.500011499,4.185994892
-0.212032549,-0.227041304,-0.244425527,-0.375078024,5.949217765,-0.089370863,-0.270165232,-0.165341637,-0.532101531,5.434631309,-0.303463477,-0.234203608,-0.311119451,-0.120986967,4.753295411,-0.261249148,-0.257276835,-0.259248149,-0.226923993,4.509193359,-0.28108407,-0.254043808,-0.269570066,-0.163382687,6.241424619,-0.134976706,-0.23488397,-0.250019774,-0.373129793,4.52045063,-0.23848423,-0.228900278,-0.284406124,-0.315351135,6.670270702,-0.070949055,-0.264145943,-0.159231657,-0.556589892,5.589192453,-0.232921087,-0.205983986,-0.263661941,-0.280598322,3.799038051,-0.275482667,-0.257202949,-0.273173823,-0.192361977,4.657019902,-0.304985457,-0.249160015,-0.291380427,-0.106443224,6.258745313,-0.075016096,-0.201252294,-0.212338631,-0.521993168,4.042632699
-0.237303799,-0.257214334,-0.225129061,-0.320486198,3.983012427,-0.299586854,-0.237462893,-0.264058388,-0.229244117,5.254586197,-0.257622387,-0.191911497,-0.25731543,-0.251209545,5.533948249,-0.225379852,-0.246235377,-0.280230152,-0.237263431,7.032550183,-0.217055983,-0.269465378,-0.224972172,-0.355383415,4.818543013,-0.186572081,-0.183249338,-0.214814881,-0.38393792,4.765188052,-0.251947339,-0.275544955,-0.232764072,-0.261122012,4.265304362,-0.27902852,-0.229602079,-0.247909104,-0.296629569,5.030423957,-0.196307532,-0.15166623,-0.22107462,-0.392484778,4.776969071,-0.224818302,-0.246725281,-0.284538425,-0.229303475,7.209443616,-0.221700764,-0.284882098,-0.218831853,-0.343197977,4.817112462,-0.137206299,-0.159250424,-0.185136832,-0.501743552,4.465198097
-0.340206136,-0.25443852,-0.288000129,-0.191613532,5.549218777,-0.227660302,-0.223294111,-0.263104012,-0.236475693,4.734674293,-0.238582516,-0.242724388,-0.235553462,-0.28460864,4.25086839,-0.166776935,-0.250091816,-0.186590464,-0.425977008,4.46387287,-0.349827814,-0.256347,-0.265631292,-0.162610334,5.419751468,-0.261835553,-0.202245284,-0.240015439,-0.293285158,5.171677769,-0.34877021,-0.265815656,-0.309639073,-0.165240379,6.473264251,-0.256323839,-0.247467088,-0.242328661,-0.200870433,4.672501043,-0.156937353,-0.19393806,-0.207008937,-0.466610479,3.649528039,-0.163560256,-0.237955549,-0.19252858,-0.424003414,4.520032098,-0.383798497,-0.267621937,-0.278779155,-0.10072456,5.66214831,-0.191165472,-0.160613671,-0.205333727,-0.441596644,4.62982905
-0.263818579,-0.275788403,-0.2162863,-0.267383942,5.456564007,-0.348098339,-0.286938772,-0.259906073,-0.061983961,5.302709831,-0.106239918,-0.227483358,-0.136577777,-0.581365312,4.553115899,-0.125718997,-0.195943627,-0.169018536,-0.484611068,6.337512902,-0.182473395,-0.187299023,-0.249005741,-0.397908495,5.993781516,-0.225437973,-0.224673215,-0.221912402,-0.297435786,4.298998411,-0.288125686,-0.291594948,-0.201436535,-0.259950951,5.367322538,-0.397697881,-0.308002613,-0.293203037,0.037262005,5.623495595,-0.065645227,-0.209154877,-0.11501222,-0.66072376,4.442695175,-0.150639437,-0.20490715,-0.169358672,-0.445126269,6.397315657,-0.189092478,-0.197830552,-0.264691839,-0.360899114,6.542147182,-0.151870222,-0.182382514,-0.189142412,-0.453703283,3.836907637
-0.313996401,-0.315040038,-0.198778303,-0.142825193,5.55256423,-0.343944157,-0.198419781,-0.404090332,-0.14650845,5.954043154,-0.346986336,-0.219645292,-0.319207877,-0.148433737,3.653446304,-0.183931842,-0.230344234,-0.273175255,-0.246160393,5.37622675,-0.188662524,-0.182722509,-0.245395744,-0.386815674,4.803672079,-0.180503096,-0.19512602,-0.238956641,-0.355100205,5.952426991,-0.310106824,-0.334777542,-0.178660059,-0.129637948,5.978329468,-0.411323415,-0.195023588,-0.43622115,-0.054954772,6.40245687,-0.305515888,-0.196223961,-0.271211952,-0.292623866,3.097567229,-0.194459068,-0.236349458,-0.270810073,-0.221563304,5.415432459,-0.188432674,-0.181901785,-0.243115958,-0.39058124,4.757588047,-0.122272728,-0.166854535,-0.209706963,-0.492937339,5.448976657
-0.248001365,-0.180737047,-0.2604014,-0.317162748,3.890682372,-0.156354774,-0.261686353,-0.219146559,-0.27810236,5.838879648,-0.141744064,-0.213234267,-0.225455359,-0.430190604,4.417100955,-0.275056122,-0.304942604,-0.193139582,-0.157465337,5.310864839,-0.273405502,-0.264296838,-0.239310442,-0.238647942,4.960562409,-0.197259476,-0.214318642,-0.268137236,-0.350158739,5.194006091,-0.243964122,-0.166836679,-0.273120654,-0.319179138,3.740214118,-0.176139541,-0.272335983,-0.213236272,-0.251506821,6.344493681,-0.080256756,-0.167526605,-0.192187358,-0.582720941,4.017532609,-0.285115687,-0.313822773,-0.180746458,-0.179140058,4.977560718,-0.260343992,-0.262000797,-0.2403478,-0.255797556,4.875973827,-0.089961329,-0.169544824,-0.213220973,-0.568423464,4.495956769
-0.263872524,-0.266277059,-0.298030553,-0.262799322,3.481055742,-0.29182759,-0.274123292,-0.12578573,-0.362075846,3.769322681,-0.100201013,-0.22673336,-0.234605852,-0.420665711,5.797518172,-0.158132241,-0.252067026,-0.21586965,-0.328041758,4.893574617,-0.286045737,-0.280526951,-0.204359202,-0.207074752,4.271800877,-0.234103001,-0.225349892,-0.237876618,-0.268698319,4.704663469,-0.254599715,-0.256215866,-0.299217525,-0.283146656,3.276161916,-0.253114632,-0.283912169,-0.095181408,-0.399496751,3.762493709,-0.090036998,-0.21727228,-0.203077249,-0.45794469,5.460819558,-0.140934826,-0.25280089,-0.200823905,-0.340890072,4.917788224,-0.28623883,-0.287338254,-0.191043872,-0.213730264,4.137698141,-0.18750075,-0.192192299,-0.199102347,-0.397914165,4.19140109
-0.32765804,-0.319315284,-0.241575976,0.006179118,5.558488386,-0.118029643,-0.211468941,-0.203379096,-0.466235886,6.929000242,-0.233147978,-0.233461202,-0.262829341,-0.340939826,4.020794068,-0.177162885,-0.299472581,-0.205667699,-0.391824958,5.477828502,-0.248037462,-0.232975192,-0.260033971,-0.205245667,6.126360668,-0.251968558,-0.231342772,-0.265341211,-0.200481322,4.757728782,-0.445158878,-0.362439413,-0.293306977,0.241045354,6.694199992,-0.117203427,-0.211233557,-0.209811465,-0.464902916,7.208645796,-0.163767841,-0.211043459,-0.225594193,-0.501910293,3.716005453,-0.191734449,-0.318310585,-0.213473007,-0.353339803,5.28214426,-0.259804253,-0.238429408,-0.254913305,-0.197707536,6.024174167,-0.189528172,-0.198644809,-0.231198155,-0.341914249,4.226003245
-0.338957015,-0.27212845,-0.283057995,-0.145304206,4.602793687,-0.067234091,-0.163320641,-0.227794444,-0.588892401,4.664441581,-0.355955853,-0.262915489,-0.175240046,-0.27233687,4.441411026,-0.203477023,-0.268226036,-0.223550892,-0.263779871,6.419225505,-0.212588273,-0.245650718,-0.266298752,-0.273446723,7.248159332,-0.196506371,-0.252201484,-0.246680352,-0.26767981,6.011499918,-0.335715855,-0.274071888,-0.289240596,-0.165546434,4.568650204,-0.085614014,-0.18804943,-0.221728615,-0.554787329,4.559796927,-0.309111549,-0.237208404,-0.140624294,-0.391278433,4.109969608,-0.241593038,-0.277581887,-0.237953689,-0.198936561,6.704196434,-0.208883428,-0.236342982,-0.276547702,-0.272903357,7.661949921,-0.168527334,-0.22961587,-0.213539117,-0.350684723,5.178340505
-0.286799371,-0.234964824,-0.234054952,-0.326724621,4.876482036,-0.349714763,-0.272797393,-0.198367084,-0.108755741,4.75059239,-0.177305545,-0.201486462,-0.190891721,-0.396193877,5.354504077,-0.13857219,-0.160924227,-0.263644481,-0.3820083,5.528515538,-0.286466616,-0.27124801,-0.267887273,-0.121609072,5.678820704,-0.234453048,-0.284010271,-0.228328622,-0.28950362,5.141100611,-0.314228961,-0.270006772,-0.218757414,-0.284850122,5.025178636,-0.34455768,-0.269424863,-0.197696001,-0.14193421,4.890395388,-0.11353509,-0.152424827,-0.147940431,-0.572566643,4.754424768,-0.138939559,-0.143679468,-0.277539626,-0.380320119,5.557904387,-0.283318444,-0.270664114,-0.281605027,-0.115685175,5.824350368,-0.162980404,-0.244791798,-0.201869659,-0.418454014,4.614228644
-0.184075016,-0.250247599,-0.169583295,-0.322188733,5.361165399,-0.297504981,-0.301168354,-0.196851764,-0.255752601,6.24375454,-0.168956668,-0.290792193,-0.192327425,-0.305558972,5.644543505,-0.252177073,-0.23853282,-0.22029226,-0.312096944,4.80543049,-0.293991381,-0.25262825,-0.219619957,-0.276762635,4.053331224,-0.321163383,-0.280298129,-0.236773937,-0.310227089,3.852598143,-0.15145504,-0.248698247,-0.151274093,-0.378547269,5.036789603,-0.378156778,-0.350424631,-0.231197587,-0.057639535,7.033759698,-0.105215855,-0.244125329,-0.15682432,-0.453788411,5.143106369,-0.253602382,-0.247233767,-0.219080477,-0.309455922,4.940251047,-0.307406694,-0.270212778,-0.209107534,-0.256203782,3.990989679,-0.257965272,-0.243106049,-0.186034919,-0.480623609,3.382975214
-0.217425322,-0.20776341,-0.261858164,-0.311372399,4.289700234,-0.183400111,-0.289011471,-0.179561264,-0.394718904,5.44502006,-0.180210227,-0.206431727,-0.230309177,-0.336973517,5.831766132,-0.189056648,-0.273460199,-0.271566591,-0.335742529,5.778324797,-0.204911875,-0.210949009,-0.264902376,-0.194082882,5.359208676,-0.256395835,-0.225509326,-0.215396196,-0.369660853,4.202238569,-0.211906888,-0.201249536,-0.294858639,-0.292451294,4.653583469,-0.205510261,-0.299947548,-0.175847317,-0.368607067,5.317839823,-0.127512904,-0.181422977,-0.195019479,-0.447916423,5.331582047,-0.176234084,-0.277364897,-0.275057492,-0.33967536,5.764856092,-0.191861029,-0.203265436,-0.264813973,-0.211716746,5.43939513,-0.199611711,-0.178469785,-0.192787841,-0.510425103,3.863302165
-0.27957875,-0.231742408,-0.301669162,-0.276602352,4.634497767,-0.243146069,-0.310683728,-0.235603087,-0.199692639,6.891848285,-0.227500886,-0.189319292,-0.259798462,-0.219773558,5.19465162,-0.294237266,-0.256633119,-0.246663161,-0.225737624,5.049024671,-0.182879532,-0.230636078,-0.25408493,-0.325145014,5.54768397,-0.198585601,-0.233838444,-0.254570954,-0.219829046,4.977902665,-0.255921289,-0.238133927,-0.280711545,-0.315640449,4.656765892,-0.28698579,-0.357041926,-0.23044025,-0.09681785,7.326068522,-0.186577264,-0.177415779,-0.232213003,-0.292165462,5.052503478,-0.297861711,-0.271233497,-0.244603493,-0.214862127,5.112581694,-0.202267313,-0.2296336,-0.259059491,-0.297291646,5.613786788,-0.130985268,-0.196129424,-0.224834506,-0.380881084,4.473138905
-0.216276374,-0.14036742,-0.223055445,-0.494867894,4.544124664,-0.346243651,-0.291300077,-0.248560619,-0.177913115,4.374016579,-0.197779587,-0.216072615,-0.171058845,-0.47397456,4.872268192,-0.23262468,-0.254148155,-0.251273792,-0.184988284,4.988271425,-0.23566932,-0.241899489,-0.304752216,-0.234828905,5.456769847,-0.203793468,-0.238352554,-0.199224313,-0.329263697,4.911312548,-0.207360588,-0.105715566,-0.240324858,-0.515160814,4.569003775,-0.401579198,-0.29545953,-0.312697966,-0.073575359,4.674080559,-0.152213312,-0.184793056,-0.141854165,-0.580529192,4.531536424,-0.239268696,-0.251251941,-0.258278394,-0.177680224,5.08151022,-0.221796117,-0.234788335,-0.309196116,-0.25557205,5.552404318,-0.135412298,-0.197759215,-0.163716971,-0.456653287,4.416668903
-0.294095192,-0.256045488,-0.28804569,-0.147204884,4.871460575,-0.335497334,-0.265729486,-0.281161533,-0.117717736,4.547040088,-0.197691836,-0.261906209,-0.226260874,-0.381299798,5.991264338,-0.236550767,-0.254549615,-0.272041044,-0.20490194,4.777963604,-0.292213654,-0.256035869,-0.277108571,-0.20450281,5.053120178,-0.189218417,-0.251234813,-0.20521815,-0.350606382,5.905962835,-0.316756627,-0.266333484,-0.297095859,-0.088724947,5.497787305,-0.334583356,-0.297519528,-0.270022781,-0.091394866,5.01449706,-0.1269837,-0.226203165,-0.190040736,-0.526633617,5.147481767,-0.224747508,-0.238559616,-0.296969507,-0.213266181,4.708513632,-0.289780523,-0.249260663,-0.268274201,-0.225684978,5.029905402,-0.132702128,-0.222643241,-0.168432668,-0.480590072,5.370613877
-0.036084977,-0.115113933,-0.286578199,-0.507586377,5.358023146,-0.301793781,-0.186190275,-0.264726308,-0.252147246,4.695696761,-0.285735977,-0.247558595,-0.288476879,-0.203780588,4.213420917,-0.145730946,-0.215468173,-0.221786865,-0.393196186,5.379757986,-0.307783293,-0.266197516,-0.27647242,-0.047208726,6.065521785,-0.31248976,-0.206443646,-0.266549128,-0.26158026,5.149432114,0.010597606,-0.080239989,-0.292156429,-0.573856933,5.265887189,-0.362189456,-0.214543038,-0.278886244,-0.144423944,4.7622291,-0.215333187,-0.2216832,-0.225564578,-0.378824462,3.580181896,-0.148941709,-0.213363943,-0.223936975,-0.388262075,5.343966578,-0.296825403,-0.248421082,-0.277079465,-0.077569901,5.601469118,-0.263477595,-0.178008429,-0.226430192,-0.397173965,4.666611721
-0.242567988,-0.258244404,-0.308264311,-0.133600453,5.142092668,-0.27539659,-0.241567199,-0.292373536,-0.180751563,4.849733297,-0.279546027,-0.215232648,-0.233608274,-0.229593037,4.404058184,-0.33210088,-0.263449012,-0.247905405,-0.151132118,4.577465141,-0.283945614,-0.239487513,-0.258125134,-0.231723417,5.853205797,-0.308297259,-0.290808894,-0.275459698,-0.14425332,5.346899987,-0.201907377,-0.253515202,-0.308679753,-0.198501643,5.168325094,-0.300715979,-0.286341054,-0.29484823,-0.113917607,4.648810681,-0.219070416,-0.175608704,-0.214680051,-0.352458633,4.295608021,-0.342703199,-0.275354309,-0.249848997,-0.136714228,4.902194616,-0.242035061,-0.224191892,-0.22795779,-0.327854913,5.361400706,-0.236771095,-0.250238083,-0.245071317,-0.304804897,4.770455185
-0.139404116,-0.231542268,-0.202458671,-0.435086882,5.77045265,-0.200201528,-0.243876994,-0.232655846,-0.264303679,6.692125133,-0.130694357,-0.185748559,-0.210682381,-0.509213702,6.192053108,-0.272026744,-0.274583373,-0.242079355,-0.199639178,5.141187424,-0.25664607,-0.258896914,-0.257886822,-0.298004779,4.644786546,-0.212265381,-0.227973103,-0.214095751,-0.289094291,5.318590146,-0.158478329,-0.233981783,-0.216176486,-0.390698777,6.15250158,-0.187880021,-0.237138082,-0.270636176,-0.236353404,6.973113836,-0.067651025,-0.145740328,-0.177046031,-0.659625057,5.462981054,-0.274009866,-0.277795447,-0.252433724,-0.160620691,5.58514134,-0.264255262,-0.270546091,-0.253186021,-0.279804776,4.793857503,-0.153592657,-0.197846423,-0.18345641,-0.408907289,4.889712876
-0.150219926,-0.183529748,-0.254033057,-0.338638129,5.929384268,-0.267200658,-0.291307797,-0.255526077,-0.226329221,5.578982731,-0.203235801,-0.17705745,-0.220487805,-0.431064749,6.008149671,-0.281996889,-0.284966295,-0.260406148,-0.194523749,5.040969417,-0.209119262,-0.24731097,-0.254395178,-0.323414024,5.477247148,-0.165425455,-0.172675112,-0.225338087,-0.414672953,4.020412642,-0.115968409,-0.168672155,-0.256369105,-0.402836208,5.734145604,-0.269065701,-0.286822875,-0.259410808,-0.237847781,5.513844091,-0.121839446,-0.134106759,-0.183355026,-0.603796594,5.28897616,-0.262703884,-0.275174972,-0.261609954,-0.221848498,5.094176949,-0.193751171,-0.247042425,-0.263096077,-0.352062949,5.588630448,-0.117365887,-0.134175812,-0.191222927,-0.542715304,3.665520278
-0.314164743,-0.226460469,-0.278510113,-0.229718398,4.66343332,-0.344505789,-0.270664336,-0.27999941,-0.136394933,5.756897663,-0.197517346,-0.314842057,-0.240652466,-0.172946065,7.393463502,-0.328999171,-0.233142166,-0.279116374,-0.197904447,5.117228001,-0.25445035,-0.266390044,-0.236063457,-0.207465443,4.549292521,-0.242674546,-0.251837682,-0.232595329,-0.298994273,4.800404833,-0.301833216,-0.221468308,-0.270161561,-0.269354591,4.470700116,-0.337186082,-0.268453907,-0.282958948,-0.165295208,5.702198201,-0.141195069,-0.276149493,-0.189914827,-0.332138563,6.124407351,-0.309875602,-0.237015774,-0.264819141,-0.249699886,5.116399192,-0.243165876,-0.272925519,-0.235110192,-0.214438427,4.516126961,-0.184601792,-0.216686357,-0.20276825,-0.446702292,4.491223963
-0.144684467,-0.17410474,-0.263214357,-0.458263728,5.30567923,-0.218842049,-0.253541465,-0.228713074,-0.344371963,5.183053698,-0.24262147,-0.245107347,-0.295078137,-0.212268321,4.303890567,-0.148209325,-0.190429426,-0.252942543,-0.313344629,5.769149748,-0.223817868,-0.262315509,-0.229338805,-0.260482369,5.260112163,-0.20969284,-0.244812251,-0.196170811,-0.392393293,5.098370199,-0.164418958,-0.191895621,-0.267646423,-0.386899078,5.551795513,-0.195243646,-0.232865729,-0.221567852,-0.412552048,5.314974174,-0.177117447,-0.188794433,-0.243977767,-0.371236583,3.569207132,-0.123846837,-0.172910296,-0.247471009,-0.351842018,5.654659872,-0.233750491,-0.245784488,-0.244728408,-0.246953733,5.320081206,-0.154356487,-0.203325383,-0.172908223,-0.523180779,4.567229883
-0.282567435,-0.225587409,-0.266002107,-0.287392277,4.783207885,-0.214023611,-0.23287352,-0.262333041,-0.227881369,8.950864863,-0.236678811,-0.316548782,-0.202601554,-0.228708502,4.440422328,-0.304923698,-0.237708151,-0.262955597,-0.120899978,5.539189812,-0.284662128,-0.227622053,-0.268655944,-0.236181607,4.202701483,-0.170632938,-0.219119693,-0.255862873,-0.255075221,4.903722421,-0.315130313,-0.222706435,-0.286657004,-0.230640489,4.860116549,-0.213454032,-0.209999581,-0.274261493,-0.20773258,9.492353641,-0.153071824,-0.26163264,-0.174098459,-0.408900897,3.954318626,-0.294903935,-0.226129997,-0.26437439,-0.140414939,5.391121775,-0.265863942,-0.216094883,-0.268285506,-0.261280646,4.136998519,-0.120103839,-0.190499073,-0.212900091,-0.379004105,4.316786412
-0.265293242,-0.254839696,-0.300044662,-0.191950765,5.885879241,-0.239928683,-0.211283789,-0.243950644,-0.232108357,4.906780948,-0.423178001,-0.23045424,-0.239359637,-0.142526673,3.623177741,-0.164004862,-0.209303159,-0.306207229,-0.305219034,5.421197113,-0.2109493,-0.210527893,-0.260744728,-0.358939476,4.796746302,-0.248503644,-0.274009714,-0.256720178,-0.27560074,4.567222079,-0.242274703,-0.269009577,-0.282553476,-0.1944673,6.67570114,-0.266141769,-0.214134527,-0.277296367,-0.160136395,5.252178151,-0.373896716,-0.191655088,-0.191587437,-0.302298576,3.208986452,-0.200415114,-0.208061829,-0.367214962,-0.21025591,5.918328829,-0.197124977,-0.201854024,-0.250371366,-0.400593135,4.732437022,-0.151830083,-0.210006973,-0.217058147,-0.479517792,3.969043253
-0.188100337,-0.265682858,-0.216438018,-0.279244728,4.631261696,-0.300036619,-0.247158538,-0.305134065,-0.167683936,6.548523917,-0.241471743,-0.265365324,-0.245611426,-0.263568245,4.396264332,-0.239544893,-0.250089126,-0.297554893,-0.325193982,5.79001876,-0.248473581,-0.199367674,-0.286443568,-0.20409109,5.075978646,-0.247047527,-0.261419827,-0.194126215,-0.329245145,5.097309656,-0.185053402,-0.266548101,-0.222725813,-0.267705775,4.519030008,-0.306647259,-0.23766536,-0.306978654,-0.181609428,6.611910219,-0.196249069,-0.245192175,-0.211894121,-0.392500398,3.96147992,-0.284231085,-0.283330026,-0.288464296,-0.257163847,5.719306456,-0.230563347,-0.185054608,-0.283567628,-0.245200822,4.916662721,-0.170888668,-0.218783221,-0.147553941,-0.509462132,4.503853129
-0.327692354,-0.231554009,-0.284165199,-0.148132633,5.471051931,-0.307932256,-0.325277943,-0.223972063,-0.156336422,5.854752344,-0.317572046,-0.215480281,-0.295232565,-0.086650537,5.172280961,-0.252964812,-0.222231616,-0.197694106,-0.297379257,5.729234896,-0.280934224,-0.212657226,-0.2385471,-0.431053344,3.967761501,-0.29752936,-0.295972088,-0.204726137,-0.198236147,4.399640122,-0.369539316,-0.258495307,-0.331758075,-0.034137102,6.011436289,-0.343827575,-0.33307265,-0.260836137,-0.07784406,6.122939242,-0.232857934,-0.175252911,-0.241574484,-0.286887487,4.362021615,-0.255625762,-0.215457537,-0.202902292,-0.29097247,5.780319572,-0.2754397,-0.216583462,-0.228655431,-0.444764326,3.864692622,-0.230630236,-0.25461302,-0.164917881,-0.35726856,3.883056325
-0.349648706,-0.228658728,-0.330890317,-0.126541912,4.973327306,-0.094130577,-0.225523619,-0.212186023,-0.451429825,6.027914427,-0.211227135,-0.284181419,-0.19469125,-0.33135289,6.723012953,-0.176894105,-0.273269887,-0.257600371,-0.290297321,6.013167923,-0.242551829,-0.267293012,-0.231798118,-0.171471917,6.786109343,-0.212384249,-0.232260545,-0.237453754,-0.279134377,4.342290445,-0.341908947,-0.210899746,-0.342638625,-0.142183811,5.209495009,-0.156116368,-0.2591737,-0.230937426,-0.349509445,5.780885983,-0.130551916,-0.242289294,-0.165246988,-0.503435419,5.890996666,-0.184111473,-0.282770599,-0.253389205,-0.267694913,6.497363147,-0.237444649,-0.273126422,-0.22458348,-0.177744502,7.006290721,-0.133206549,-0.189706238,-0.195115382,-0.461221481,3.789945327
-0.202449009,-0.281028684,-0.231048002,-0.254887925,6.886747913,-0.363322172,-0.270580187,-0.274225181,0.036372635,6.501719061,-0.16933187,-0.23871765,-0.172169359,-0.435943398,5.160988978,-0.363460722,-0.342815691,-0.280925535,0.010648144,5.640963218,-0.154970808,-0.260384078,-0.183265033,-0.354972887,5.620822068,-0.227407195,-0.196683755,-0.243896559,-0.344021981,5.70124018,-0.220904815,-0.303861035,-0.218111937,-0.245907471,7.333969104,-0.372008412,-0.290249805,-0.283509226,0.088924947,7.113153716,-0.103654832,-0.201141372,-0.142018189,-0.594866223,4.579555335,-0.399527626,-0.372912767,-0.303861589,0.102110909,6.279570626,-0.170400018,-0.274914087,-0.188762718,-0.314346812,5.729697068,-0.170595959,-0.169686917,-0.22272946,-0.457364469,5.419415508
-0.115306811,-0.253285902,-0.295511629,-0.242936749,5.946635659,-0.465923026,-0.323329375,-0.267960289,0.107332739,4.444305016,-0.1588213,-0.312797115,-0.265822332,-0.229428446,6.395494689,-0.280624233,-0.242751284,-0.267604325,-0.232755487,5.130806866,-0.360773611,-0.296451415,-0.267315457,-0.03495198,5.131484023,-0.204056692,-0.236968259,-0.236516477,-0.31881662,5.216956131,-0.118080614,-0.23942504,-0.310598684,-0.215486605,6.219299216,-0.506190859,-0.331712326,-0.278433125,0.193336363,4.55319619,-0.120326905,-0.298096299,-0.223996939,-0.330737623,5.47007088,-0.280530798,-0.245868523,-0.274001742,-0.205973759,5.454526469,-0.415199305,-0.313915207,-0.296854196,0.077188626,5.787955781,-0.167248043,-0.205225657,-0.210042552,-0.435060761,4.575796992
-0.297942001,-0.210763335,-0.221771861,-0.326778088,4.919033455,-0.260027189,-0.322129126,-0.213103103,-0.124705072,6.468926283,-0.148370437,-0.221888345,-0.182750129,-0.387201105,4.997767786,-0.27466357,-0.212276447,-0.249580529,-0.283485502,4.116395333,-0.310389836,-0.249825223,-0.257766864,-0.189864331,5.018062015,-0.210098646,-0.213837729,-0.230726461,-0.311229368,4.83073895,-0.279817655,-0.200087344,-0.221028519,-0.371480279,4.847101167,-0.368394781,-0.382572757,-0.243347297,0.093099945,6.915498199,-0.086614736,-0.184424846,-0.162514252,-0.511359011,4.727873733,-0.266443819,-0.194813814,-0.250274115,-0.304240942,4.082113604,-0.321049467,-0.247043686,-0.261289707,-0.163088708,5.185830854,-0.154761971,-0.16485194,-0.195381232,-0.454279911,4.33633057
-0.305434441,-0.259555761,-0.270963508,-0.179246145,4.651460535,-0.275867993,-0.269090616,-0.246487161,-0.084722453,5.415286483,-0.287491036,-0.277102416,-0.223491071,-0.120187732,7.124739019,-0.30577763,-0.25376188,-0.269999891,-0.145984115,4.71490273,-0.29254384,-0.270213324,-0.271548328,-0.209632097,4.785125224,-0.119982453,-0.247803565,-0.219162153,-0.41373076,4.978697399,-0.328863978,-0.266784215,-0.28118406,-0.132555336,4.809135388,-0.288449495,-0.252297613,-0.261587518,-0.041096191,5.632025023,-0.234907111,-0.239001263,-0.199411879,-0.230432375,6.522971348,-0.338311063,-0.272635029,-0.275792072,-0.090798868,4.863078085,-0.266699024,-0.264347305,-0.253907614,-0.272605768,4.514280774,-0.040595885,-0.21563302,-0.188581349,-0.568057631,4.597487683
-0.230528023,-0.173870611,-0.29271407,-0.317252034,5.380940011,-0.309653038,-0.192075901,-0.277905139,-0.243593091,6.187231503,-0.348664207,-0.252076235,-0.253444419,-0.148938068,4.196040802,-0.297004531,-0.229284681,-0.282661266,-0.1547725,5.040381804,-0.18410737,-0.215873028,-0.213184488,-0.367217721,5.057292492,-0.19239239,-0.201820711,-0.251237776,-0.378431398,5.320579901,-0.259744196,-0.16636132,-0.311534109,-0.265414128,5.564258928,-0.307243833,-0.182643127,-0.278010296,-0.284613743,6.010200171,-0.291764655,-0.211117855,-0.219937124,-0.290088949,3.713674457,-0.329591098,-0.214971072,-0.30993676,-0.106066198,5.186186013,-0.191203905,-0.216117195,-0.21579274,-0.360193134,5.177921735,-0.119322837,-0.175577197,-0.210317748,-0.542384829,4.853229403
-0.139751515,-0.226923009,-0.214269793,-0.429405593,4.451090902,-0.131551937,-0.270301345,-0.19216536,-0.329328871,6.136155013,-0.239878106,-0.248716377,-0.228798858,-0.432219912,3.951594858,-0.293336,-0.259041921,-0.261169396,-0.213548376,5.528897914,-0.155186646,-0.229141788,-0.231404696,-0.397942013,5.063086023,-0.253781095,-0.219496614,-0.25847163,-0.287801841,5.067543111,-0.111070349,-0.213737566,-0.198266156,-0.491926568,4.28297257,-0.116658471,-0.290954561,-0.174368018,-0.338302929,6.19541416,-0.180824804,-0.210114739,-0.198024706,-0.575775224,3.546912916,-0.292002614,-0.259461548,-0.264125886,-0.203880384,5.539932129,-0.16380429,-0.221623933,-0.241056039,-0.388260098,4.829644997,-0.209659559,-0.189249493,-0.221682485,-0.407975359,4.550858426
-0.155237078,-0.247705092,-0.212093631,-0.41617246,4.688744319,-0.388921393,-0.333052442,-0.287063726,-0.056258891,5.212681626,-0.360900331,-0.272673308,-0.304451495,-0.052920535,5.575002483,-0.170626667,-0.242733214,-0.219068682,-0.262123124,5.879340364,-0.214289915,-0.224065625,-0.28222021,-0.278308529,5.26050345,-0.21326716,-0.283745598,-0.186487362,-0.363101673,4.327665399,-0.180755505,-0.250231801,-0.218059876,-0.369293051,4.86433902,-0.443268512,-0.349420084,-0.323316452,0.063700814,5.87617504,-0.280465952,-0.219165215,-0.253303346,-0.247642628,4.690724497,-0.149542482,-0.232417547,-0.218719569,-0.300312944,5.711477349,-0.194703043,-0.223045017,-0.269813094,-0.306306422,5.052848198,-0.144781074,-0.238113359,-0.155766927,-0.509264441,3.816160005
-0.298077061,-0.213494021,-0.275681629,-0.223940903,5.426820532,-0.255399189,-0.236987321,-0.273481667,-0.31560994,4.919806022,-0.178073269,-0.28806344,-0.151933225,-0.36658236,5.333116555,-0.269247195,-0.256489398,-0.236052149,-0.19704636,5.170382341,-0.300833528,-0.307927404,-0.244535581,-0.216193731,4.739018551,-0.303286983,-0.274688317,-0.307303575,-0.068375197,4.878910743,-0.262423098,-0.193496111,-0.261731474,-0.297649284,5.147593002,-0.276444999,-0.254078594,-0.300313966,-0.259927572,5.192354411,-0.106631299,-0.231052371,-0.123682933,-0.529548647,4.691499879,-0.292056439,-0.256152478,-0.249363297,-0.154334321,5.241006962,-0.348914309,-0.338162881,-0.258229175,-0.115252325,5.227947077,-0.222890296,-0.230679456,-0.269858643,-0.253254321,4.275813155
-0.143230474,-0.248903419,-0.25095991,-0.365302911,5.074353708,-0.207782939,-0.281762155,-0.233285339,-0.179853536,5.959245265,-0.181469589,-0.175051141,-0.271707323,-0.481152456,3.643116608,-0.386655561,-0.290649048,-0.238521112,-0.096500076,5.272555831,-0.186611634,-0.27225808,-0.239611587,-0.209300485,6.408113328,-0.219463055,-0.228166022,-0.245180653,-0.326725219,5.763106744,-0.136573922,-0.251347151,-0.240578772,-0.359780475,5.179382038,-0.28977906,-0.326689206,-0.243615334,-0.069311683,6.517668715,-0.13772627,-0.147542579,-0.217030912,-0.646572043,3.174889128,-0.40455937,-0.305253445,-0.225824563,-0.074735161,5.455589579,-0.240912992,-0.298876087,-0.269028069,-0.102607049,6.80975696,-0.170125677,-0.197509831,-0.206536468,-0.454184179,5.05307331
-0.301957388,-0.236061969,-0.196063232,-0.221988908,5.056237822,-0.261792142,-0.274264668,-0.247045623,-0.138024987,4.665059117,-0.174388433,-0.251979611,-0.233896065,-0.398126075,4.268617391,-0.305978409,-0.244574214,-0.256616671,-0.211794782,4.719443305,-0.311087538,-0.26563704,-0.285665089,-0.227780018,4.301346806,-0.223006719,-0.196282494,-0.276655924,-0.314751801,4.705145373,-0.310536108,-0.242604239,-0.185164885,-0.207430783,5.317431931,-0.295725333,-0.30563964,-0.274275675,-0.045165804,5.186075557,-0.098597563,-0.219877174,-0.200755293,-0.558730061,3.837236903,-0.313498001,-0.254061541,-0.250538155,-0.211856155,4.79037946,-0.313517786,-0.264951128,-0.300294777,-0.202074567,4.402560869,-0.174957548,-0.156513375,-0.247988624,-0.435887305,4.351464064
-0.336082907,-0.291900221,-0.256129889,-0.145367655,4.736836417,-0.288595626,-0.259316072,-0.276458768,-0.04338454,5.483336062,-0.166396758,-0.183073444,-0.210708441,-0.389474365,6.617013887,-0.178492089,-0.246475033,-0.264472899,-0.317253005,5.01714588,-0.277918972,-0.279945629,-0.284473888,-0.160605752,5.600401849,-0.281988312,-0.224960178,-0.238548273,-0.270344555,3.887536059,-0.303075348,-0.284294356,-0.221206624,-0.198007961,4.835957699,-0.409091387,-0.300742407,-0.350789574,0.205733543,6.115705412,-0.130383222,-0.165270699,-0.182348407,-0.487954788,5.952063862,-0.175994793,-0.262639133,-0.267319569,-0.292972526,5.160832251,-0.296727788,-0.278981963,-0.288517731,-0.134572496,5.426483391,-0.206486663,-0.17675935,-0.197462706,-0.432550241,3.437934561
-0.290314797,-0.272961318,-0.270966673,-0.136952792,5.034213215,-0.182675059,-0.200003492,-0.238447353,-0.433243249,5.768565889,-0.228367482,-0.241006597,-0.226875867,-0.210558734,6.633950548,-0.255460791,-0.183343537,-0.307396186,-0.247515024,5.403985991,-0.244701309,-0.196514407,-0.272428652,-0.287924911,4.740658266,-0.299703992,-0.254699448,-0.24803815,-0.186598131,4.748281812,-0.330753175,-0.265664881,-0.312145093,-0.087882009,5.037328486,-0.190078241,-0.228916498,-0.220175257,-0.414168431,5.91324081,-0.190722943,-0.217567842,-0.19775978,-0.315544235,5.893492445,-0.275962412,-0.183315669,-0.319311032,-0.207060628,5.546100191,-0.251734201,-0.194143784,-0.270089391,-0.294861361,4.715519413,-0.254740932,-0.226405923,-0.217097917,-0.305800434,4.156844818
-0.086134672,-0.195114738,-0.245875394,-0.426270962,5.308694178,-0.220964218,-0.304496726,-0.180787497,-0.285909326,4.985853645,-0.280480032,-0.254289301,-0.241436064,-0.324055845,4.756352466,-0.242816596,-0.238835708,-0.182847968,-0.351019931,4.209189204,-0.259603679,-0.257759574,-0.207741852,-0.309100112,4.809627323,-0.131799531,-0.209225855,-0.210067076,-0.519936637,5.234414276,-0.033853571,-0.146920923,-0.266233753,-0.510980203,5.035842328,-0.233365177,-0.329368201,-0.159794144,-0.286145743,4.94972218,-0.20321108,-0.194194831,-0.217980116,-0.523136128,4.184444682,-0.244444296,-0.231047975,-0.173096915,-0.371212529,4.017337461,-0.27249031,-0.254470036,-0.204177013,-0.297029738,4.709859117,-0.062487106,-0.175352928,-0.180284486,-0.683333702,4.682061914
-0.272099748,-0.251369803,-0.169586071,-0.256872766,5.584449791,-0.155886583,-0.26795342,-0.218326377,-0.431194519,4.361123358,-0.279575983,-0.214564664,-0.267794042,-0.082423465,5.951838707,-0.18003766,-0.2902466,-0.237035478,-0.290945771,6.116510585,-0.248051672,-0.271373206,-0.237819957,-0.259182236,5.034672355,-0.150286591,-0.202835668,-0.202742778,-0.434294844,4.475780039,-0.272442851,-0.258934905,-0.171152123,-0.24599554,6.100770377,-0.154586229,-0.30810931,-0.190017269,-0.454443451,4.175303048,-0.226313875,-0.170109433,-0.245587109,-0.195479279,5.091698519,-0.192024108,-0.297259984,-0.245410356,-0.273830359,6.226868723,-0.238119751,-0.2687756,-0.22501254,-0.280388195,4.864462118,-0.1037684,-0.17833444,-0.17348811,-0.549805029,4.227526887
-0.317439975,-0.286450691,-0.31594029,-0.086774852,5.276009469,-0.134960054,-0.274995108,-0.193206437,-0.525877114,4.655680453,-0.267132482,-0.213368763,-0.231660949,-0.345421748,5.665994522,-0.23020341,-0.238290866,-0.277251388,-0.201216388,5.03867303,-0.392664827,-0.317018608,-0.253743282,-0.017597347,4.641625721,-0.267747327,-0.235368233,-0.237922517,-0.251012317,4.202319732,-0.31043357,-0.28695223,-0.304541713,-0.096430126,5.205986747,-0.066945982,-0.254181311,-0.148052122,-0.659000049,4.134588091,-0.192829674,-0.168442695,-0.194130558,-0.522173853,5.200140418,-0.222762645,-0.234145449,-0.273539962,-0.205871437,5.094340718,-0.397612141,-0.332532326,-0.240712886,-0.012786869,4.410979918,-0.211051878,-0.198223623,-0.199489204,-0.408346948,3.792100807
-0.313960307,-0.33214032,-0.293998736,-0.153781574,4.786902504,-0.301915133,-0.237720855,-0.297892211,-0.226232685,6.983827295,-0.052581873,-0.22558834,-0.214481654,-0.464020027,4.334799165,-0.331626958,-0.287811986,-0.31511085,-0.034755983,4.641090321,-0.281201806,-0.281508876,-0.254903848,-0.214411274,5.034088644,-0.224199129,-0.24611784,-0.224667473,-0.3437426,5.171645465,-0.300963846,-0.395640429,-0.272904862,-0.151113456,5.478869792,-0.316901589,-0.240482459,-0.297746688,-0.217280606,7.018555239,0.045796296,-0.178619568,-0.178979661,-0.666318453,3.929727851,-0.335328419,-0.28678583,-0.321357988,-0.027552288,4.526076428,-0.268200487,-0.273247241,-0.253557757,-0.222431456,4.878600266,-0.171382031,-0.218616461,-0.191720099,-0.462459019,4.664721776
-0.339593262,-0.27111245,-0.29739297,-0.065328067,5.445516195,-0.204438328,-0.193263789,-0.268847505,-0.222451962,5.85068914,-0.29846416,-0.191215842,-0.304913745,-0.241039064,4.472210614,-0.231271104,-0.233050249,-0.228585104,-0.381971461,6.182405866,-0.286615984,-0.265640758,-0.240322541,-0.184479063,4.347725761,-0.245814846,-0.242030602,-0.182963327,-0.290503685,4.49388542,-0.377142488,-0.268187993,-0.315968908,0.006060425,5.625352383,-0.203926756,-0.182551768,-0.278418726,-0.242003494,5.789981898,-0.227613732,-0.146703376,-0.270136525,-0.400529452,4.056366929,-0.240555615,-0.240750543,-0.220402789,-0.384682781,6.213234157,-0.29580173,-0.270234026,-0.238606929,-0.183298599,4.358024,-0.194061551,-0.209170206,-0.152990983,-0.422373897,4.076308256
-0.29730385,-0.250824067,-0.25547329,-0.209241792,5.755224322,-0.194001941,-0.184340189,-0.235255434,-0.278559962,5.261883923,-0.333000314,-0.265685664,-0.307948278,-0.113640239,5.181210066,-0.292117311,-0.282794954,-0.200392346,-0.337307469,5.047761196,-0.283225311,-0.283551373,-0.316585372,-0.119786469,5.777608726,-0.117222703,-0.176275839,-0.199918824,-0.466016386,4.513732354,-0.300980049,-0.265276931,-0.243495169,-0.210771726,5.93346482,-0.199768519,-0.168329071,-0.252280778,-0.258432993,5.299779753,-0.273310773,-0.216862156,-0.275695896,-0.248699428,4.520728595,-0.295777256,-0.301414116,-0.197138056,-0.327367398,5.26304189,-0.289392273,-0.286580684,-0.322245062,-0.109336631,5.682964014,-0.05271004,-0.142780637,-0.161186031,-0.619210063,4.041150964
-0.250727794,-0.269761651,-0.22546833,-0.10103665,6.363214016,-0.184401871,-0.298688286,-0.291931712,-0.314602419,4.794388465,-0.174635424,-0.168960433,-0.260894459,-0.421509967,6.194297195,-0.25978503,-0.194387962,-0.255015095,-0.319921213,4.548069783,-0.301876082,-0.245930422,-0.320652027,-0.035379093,5.831176325,-0.238300328,-0.225519111,-0.237710321,-0.252426952,5.08422776,-0.212060143,-0.267410209,-0.204682814,-0.18048807,5.980376952,-0.217456084,-0.333903672,-0.303686974,-0.253657604,4.851329174,-0.134704162,-0.133093983,-0.228124526,-0.545974099,5.407857879,-0.280636061,-0.207812805,-0.256903653,-0.286953256,4.544473608,-0.329678975,-0.257255268,-0.334602736,0.017333957,6.053282572,-0.16341208,-0.185063534,-0.195299796,-0.438935892,4.348723009
-0.121911238,-0.223943071,-0.242323273,-0.43637214,5.109110923,-0.426055925,-0.244468223,-0.37707649,-0.064627804,4.113509742,-0.293924352,-0.259406668,-0.247942191,-0.127526371,5.546656344,-0.265789757,-0.262332245,-0.267871911,-0.218997676,5.048109126,-0.253114464,-0.228449093,-0.267149013,-0.303658886,4.628652452,-0.170428439,-0.198782839,-0.23006323,-0.500679468,4.234715148,-0.09445697,-0.205257084,-0.222581869,-0.503379929,4.756061862,-0.44049263,-0.280019065,-0.373021577,0.035634545,4.901144366,-0.266448463,-0.238458182,-0.212157261,-0.197398875,4.891846193,-0.288837668,-0.279775828,-0.257166053,-0.193677024,5.152199389,-0.25302146,-0.227085422,-0.273862961,-0.302793667,4.618096253,-0.123227863,-0.175786939,-0.19459351,-0.627565172,3.865338955
-0.199727162,-0.267202737,-0.252663138,-0.356623103,4.787950705,-0.098727893,-0.249621514,-0.219191447,-0.459756819,4.590377222,-0.328720271,-0.300555408,-0.282778588,-0.124425787,4.771045332,-0.319840639,-0.322871378,-0.300924971,-0.075036013,5.744873143,-0.353758189,-0.258959353,-0.297686994,-0.099820785,4.74352929,-0.240673022,-0.232485254,-0.276492326,-0.175414331,4.165774213,-0.198433824,-0.255174779,-0.238593818,-0.408679289,4.267133966,-0.083091807,-0.248432458,-0.208666088,-0.513087988,4.173391819,-0.247361112,-0.255927982,-0.223577021,-0.321353561,3.926883823,-0.335840688,-0.361490938,-0.3024172,-0.02799798,6.438378669,-0.365096147,-0.260130133,-0.295186431,-0.088139365,4.705310269,-0.176594171,-0.190298613,-0.232925505,-0.338260889,3.714737824
-0.299460668,-0.275913759,-0.255220098,-0.194890628,5.375334825,-0.278358191,-0.32869611,-0.237871709,-0.187717994,5.529801254,-0.432635743,-0.271834282,-0.27143416,-0.046489427,4.280367826,-0.304333403,-0.256592052,-0.278093117,-0.196166094,5.333084264,-0.254190676,-0.257088245,-0.27172664,-0.288690669,3.92469219,-0.293842398,-0.251458329,-0.271043774,-0.125989633,4.49418212,-0.332157669,-0.281691454,-0.287515185,-0.139998557,5.632079646,-0.261852019,-0.319088978,-0.22857745,-0.220995261,5.410455118,-0.3666704,-0.24009632,-0.214645059,-0.224733266,3.577135168,-0.303685162,-0.25383032,-0.287546967,-0.193904752,5.605423721,-0.253029735,-0.24945641,-0.275964983,-0.290475066,3.890500898,-0.236493419,-0.206229286,-0.244437411,-0.250259443,4.095178638
-0.31096085,-0.29722722,-0.336744352,-0.057751123,6.298325506,-0.229991205,-0.321071512,-0.238059271,-0.18512207,6.198123184,-0.150342792,-0.250308849,-0.143531584,-0.375417216,7.181379529,-0.280605386,-0.282536131,-0.281795012,-0.160187958,4.730904431,-0.151847906,-0.210193515,-0.247897735,-0.428826282,4.945725328,-0.216513165,-0.20376032,-0.276445664,-0.34036808,4.799551099,-0.338516131,-0.314786189,-0.382495196,0.058520266,7.903646046,-0.255965396,-0.358225977,-0.258678245,-0.128305883,7.178393055,-0.095968058,-0.217755688,-0.102139414,-0.518094828,6.546258545,-0.281649888,-0.306313605,-0.270651304,-0.149374262,4.610443412,-0.133939676,-0.199095405,-0.256174244,-0.458730058,5.016089776,-0.154832439,-0.165050357,-0.240888363,-0.474994291,4.252017255
-0.236559244,-0.232378893,-0.280931922,-0.246670671,5.743595528,-0.218909065,-0.133758579,-0.313310688,-0.329811201,3.653271173,-0.131672572,-0.238095128,-0.237171674,-0.45244739,4.714153867,-0.283083573,-0.234958779,-0.250505364,-0.209716986,4.923583603,-0.182457346,-0.183805917,-0.255126772,-0.37983743,5.971427458,-0.33490857,-0.238428353,-0.277365967,-0.12189437,5.07469933,-0.27472823,-0.235550233,-0.306869607,-0.174624227,5.998276592,-0.276956212,-0.145154264,-0.339311813,-0.212070214,3.755615648,-0.05050075,-0.192377915,-0.185757242,-0.635616219,4.123395425,-0.288396886,-0.229455325,-0.263613736,-0.187983864,5.064827477,-0.153272154,-0.177516524,-0.248624416,-0.420188316,5.974088987,-0.260827605,-0.210705022,-0.225901423,-0.282354863,4.465577491
-0.187199561,-0.250302677,-0.251977715,-0.225947956,5.169387127,-0.214707868,-0.259760137,-0.245553921,-0.232583726,5.193298798,-0.107350452,-0.222902651,-0.187473377,-0.393455924,5.133022747,-0.253325866,-0.209184927,-0.29271491,-0.295567093,5.377687861,-0.240833302,-0.263751372,-0.262063721,-0.237317895,5.567160151,-0.223197246,-0.257741857,-0.252082301,-0.256680638,4.754479886,-0.194677827,-0.254079905,-0.260701167,-0.185146772,5.411507324,-0.237558723,-0.292027138,-0.260102623,-0.159340545,5.718389492,-0.036725524,-0.187195778,-0.160459813,-0.528777783,4.664826771,-0.237421651,-0.186588659,-0.302080532,-0.337466317,5.337317632,-0.245053335,-0.268198315,-0.265977208,-0.225117862,5.511142724,-0.15604992,-0.221820873,-0.223135404,-0.403881458,4.121974797
-0.220404639,-0.216367813,-0.261175286,-0.273490411,5.323656229,-0.331453548,-0.241833929,-0.282796223,-0.130589006,4.813131615,-0.383318188,-0.263104275,-0.251076464,-0.059509191,4.362392235,-0.334732516,-0.22896713,-0.296746657,-0.162607603,4.401175407,-0.192238285,-0.220560927,-0.238206411,-0.30600979,5.658506363,-0.18453018,-0.22879709,-0.192681037,-0.411146211,5.572257457,-0.204835036,-0.184831205,-0.281173427,-0.309178475,5.431150966,-0.351542195,-0.254818548,-0.322502652,-0.072344128,5.208281774,-0.333809117,-0.234761286,-0.219370204,-0.186911513,3.951919787,-0.358283755,-0.246889784,-0.308576525,-0.094887006,4.676514119,-0.224792568,-0.233057144,-0.255962426,-0.227584609,6.147482568,-0.145058523,-0.201470438,-0.16604192,-0.512813896,5.123702739
-0.269953742,-0.317216933,-0.235627769,-0.256313668,5.156161364,-0.218816536,-0.238591803,-0.189959903,-0.323592602,4.18265985,-0.064225256,-0.179523621,-0.163737855,-0.630200671,5.387916752,-0.248198211,-0.235115659,-0.245086146,-0.207413986,6.45850197,-0.281323411,-0.281349574,-0.246229933,-0.219404334,5.153090125,-0.18431677,-0.252964947,-0.206689087,-0.300608805,6.491562689,-0.336542407,-0.357749781,-0.271425397,-0.152896253,5.98638514,-0.202738227,-0.229224061,-0.192632021,-0.341469733,4.140968029,-0.021384222,-0.137116898,-0.143873881,-0.746060372,5.015995729,-0.237589702,-0.225866926,-0.243766405,-0.240116244,6.394146709,-0.310022079,-0.279847144,-0.260241328,-0.184252711,5.265464246,-0.122791636,-0.222333149,-0.16865952,-0.438808308,5.788480565
-0.161148502,-0.272178131,-0.244772007,-0.317344762,5.133992342,-0.127731537,-0.231218564,-0.166378166,-0.424461368,5.604117612,-0.464723641,-0.233316527,-0.277702108,-0.032506368,4.533296916,-0.29347176,-0.224278651,-0.256333192,-0.11283606,4.991517481,-0.444094778,-0.296044245,-0.293215157,-0.018770956,5.14831691,-0.309797266,-0.259758398,-0.264804338,-0.208224498,5.442228899,-0.124951287,-0.257848893,-0.228786032,-0.390038447,5.009847335,-0.110096953,-0.22837084,-0.149880399,-0.467382061,5.198363492,-0.420592487,-0.217977153,-0.23459395,-0.158325791,3.965814561,-0.303168225,-0.223869881,-0.256547524,-0.080034865,5.014259286,-0.450070249,-0.28889226,-0.292458114,-0.024240877,4.956651623,-0.252802826,-0.231174237,-0.225370864,-0.334644845,4.865806838
-0.275483645,-0.283843297,-0.237418321,-0.180621642,4.676986724,-0.183731694,-0.237836369,-0.204972101,-0.264721406,5.743686969,-0.23054025,-0.258476415,-0.21589232,-0.17644843,5.752013307,-0.229768909,-0.249569521,-0.214042198,-0.379710648,4.350792399,-0.356029978,-0.278803831,-0.273379372,-0.070457318,4.116686048,-0.087748528,-0.225204234,-0.219856771,-0.520695238,5.971672419,-0.305140857,-0.304367512,-0.259414472,-0.106798028,4.906901131,-0.160914953,-0.245656755,-0.185417699,-0.289179964,5.894751887,-0.197469068,-0.210069762,-0.192305179,-0.275655702,5.075786351,-0.234015258,-0.254421851,-0.198765091,-0.387108483,4.17268248,-0.388589267,-0.281646565,-0.294396795,-0.013696375,4.263204083,-0.019920715,-0.197236117,-0.185194071,-0.659359587,5.427902375
-0.385129724,-0.273271444,-0.200187027,-0.194904234,4.364728246,-0.290146557,-0.271192388,-0.231178818,-0.163108187,5.830431091,-0.224704351,-0.272457973,-0.212246406,-0.274197521,4.538918799,-0.310631267,-0.249271217,-0.307241289,-0.128329707,6.410721447,-0.261042888,-0.245433233,-0.254846177,-0.213163818,4.879928599,-0.128773771,-0.21220588,-0.240280199,-0.433508629,4.738296126,-0.420426847,-0.296293864,-0.18976618,-0.157355358,4.329443991,-0.310011136,-0.291581314,-0.213965246,-0.148096789,5.973233201,-0.190632963,-0.238736795,-0.190118949,-0.387848827,4.014532497,-0.340785805,-0.256974155,-0.323510824,-0.070818541,6.69306073,-0.265698888,-0.244443406,-0.263237261,-0.186499717,4.879837687,-0.056295341,-0.161265482,-0.200479527,-0.61378046,4.174271215
-0.203063738,-0.275183642,-0.18036043,-0.323484428,7.098909697,-0.231710765,-0.317754144,-0.264204806,-0.217899248,6.296408073,-0.320408468,-0.294509021,-0.271638029,-0.11684963,5.717335508,-0.309731515,-0.277473147,-0.253394666,-0.202206509,4.639260489,-0.13615846,-0.203716581,-0.18830512,-0.47549081,4.97406346,-0.245472926,-0.270798181,-0.267418086,-0.206370814,4.89659748,-0.216966956,-0.297529272,-0.183707405,-0.286092293,7.857903952,-0.230112171,-0.328185005,-0.262581895,-0.210983438,6.948477829,-0.272602033,-0.269859014,-0.245044101,-0.207902102,5.277585683,-0.333569893,-0.279314856,-0.265852297,-0.162986568,4.819386443,-0.129891211,-0.21011642,-0.177414834,-0.485554429,5.042228937,-0.161428945,-0.240357779,-0.221516709,-0.3724766,4.298313688
-0.22246466,-0.235379399,-0.286100577,-0.208517693,5.627661494,-0.035357598,-0.175517158,-0.154247092,-0.629252461,5.11864299,-0.383722732,-0.247095173,-0.284997847,-0.00573886,5.798301211,-0.270459746,-0.254128743,-0.29151034,-0.243722368,4.123328586,-0.299708886,-0.228737321,-0.307833628,-0.164421242,5.687825337,-0.231448408,-0.216813166,-0.236719638,-0.403392842,3.956779191,-0.266567436,-0.255324353,-0.300177101,-0.098181669,5.784857832,-0.033427774,-0.1685007,-0.144945428,-0.642877918,4.963329696,-0.332494785,-0.221138014,-0.253807622,-0.113437673,5.136303834,-0.283275345,-0.264660363,-0.301989126,-0.197616367,4.298098325,-0.293628527,-0.227003754,-0.310971932,-0.16054899,5.908726709,-0.179812249,-0.183625897,-0.203274412,-0.528115869,3.616384589
-0.241975267,-0.272474734,-0.167942795,-0.484576984,5.183804768,-0.342559846,-0.258663384,-0.281528901,-0.041032871,5.455716113,-0.184457845,-0.16180598,-0.258206084,-0.4773044,5.194134224,-0.181693879,-0.196558852,-0.231896216,-0.358869203,5.540948812,-0.253277389,-0.284994048,-0.253812826,-0.158618046,4.569500108,-0.282632999,-0.249694614,-0.247044245,-0.201795909,5.17879762,-0.221544156,-0.254399345,-0.171712051,-0.530363613,5.034822361,-0.340204513,-0.27302783,-0.286438594,-0.005471219,6.34866045,-0.129124966,-0.137729019,-0.20941298,-0.60802601,4.660110634,-0.198559864,-0.201007146,-0.240269288,-0.317396485,5.51726613,-0.272927153,-0.315960004,-0.246636034,-0.096138026,4.828537529,-0.214199637,-0.204292684,-0.220309085,-0.342850526,4.663665511
-0.23776248,-0.241673735,-0.255879992,-0.242504159,5.698628025,-0.202709367,-0.311984253,-0.195081456,-0.45004866,5.045428636,-0.210871955,-0.272249561,-0.239673269,-0.167463608,5.151120466,-0.282064044,-0.210713712,-0.277118376,-0.263046136,5.301570702,-0.304920886,-0.221947485,-0.3188163,-0.181076228,4.402478008,-0.252974026,-0.209475395,-0.254003527,-0.31627865,4.713604519,-0.226764034,-0.250869448,-0.252926668,-0.256200834,6.403728136,-0.173940121,-0.302050316,-0.17968243,-0.512668807,4.929638826,-0.157054161,-0.242187179,-0.211016059,-0.280974516,4.610616526,-0.271167922,-0.212451433,-0.289521948,-0.254810071,5.878435056,-0.314074945,-0.224917377,-0.332655348,-0.152720881,4.659520318,-0.186946451,-0.169979945,-0.21301801,-0.484155073,4.12194529
-0.272903624,-0.321440965,-0.316935672,-0.086472585,5.106506814,-0.26616697,-0.230592585,-0.288322498,-0.233272987,4.880981042,-0.213444805,-0.254758064,-0.236897934,-0.209583705,5.306157816,-0.203931026,-0.208058675,-0.249361611,-0.357870192,6.104579232,-0.181610463,-0.272364123,-0.231510392,-0.25457675,5.823709767,-0.156497036,-0.196587661,-0.203209913,-0.419260659,5.543238645,-0.322437063,-0.347230066,-0.361194458,0.054662803,5.559957747,-0.267192228,-0.226608751,-0.303104813,-0.202890334,4.983387733,-0.147458451,-0.207229896,-0.185200952,-0.398560023,4.536026756,-0.241723048,-0.209521248,-0.273041143,-0.292872647,6.184457284,-0.176011443,-0.276730428,-0.239476646,-0.23208616,6.195422326,-0.098448668,-0.168971948,-0.173146209,-0.541219215,5.199001447
-0.137340965,-0.267420453,-0.188251086,-0.299233075,5.532279619,-0.333888738,-0.25646986,-0.237059869,-0.115389709,5.563295297,-0.366247231,-0.265032189,-0.309981314,-0.021403371,5.311011645,-0.291104584,-0.270404818,-0.249687081,-0.214641202,6.112140218,-0.190562305,-0.229444366,-0.195608767,-0.400972329,5.094598663,-0.266395103,-0.309801841,-0.202694996,-0.201790882,5.047109608,-0.115591529,-0.278865629,-0.162636751,-0.330483091,5.292805694,-0.30515414,-0.246546735,-0.214552633,-0.193280406,5.378826184,-0.30721284,-0.227399715,-0.264944682,-0.174471419,4.658701365,-0.290107308,-0.259295775,-0.267380138,-0.231241312,6.554044274,-0.183715481,-0.214450895,-0.204229152,-0.417660749,5.121448693,-0.203347379,-0.265276915,-0.179189768,-0.358600255,4.304605856
-0.299285773,-0.24187126,-0.297791152,-0.277240834,4.528125345,-0.391782881,-0.335941262,-0.261437524,0.037649203,6.541811351,-0.224427605,-0.265662452,-0.252597858,-0.302092731,5.665910285,-0.217042925,-0.216352925,-0.237189186,-0.257874491,5.373405948,-0.30104375,-0.244253044,-0.281339271,-0.171579572,4.601065936,-0.174441598,-0.243405994,-0.218204115,-0.361204084,5.205947019,-0.298496462,-0.236334754,-0.314597025,-0.274929406,4.53168222,-0.489358063,-0.38959144,-0.29186679,0.234820501,8.124068974,-0.155327812,-0.212516365,-0.224605638,-0.452136669,4.859750197,-0.220554104,-0.223642242,-0.233531326,-0.248989758,5.491907683,-0.301175287,-0.254965942,-0.273410627,-0.178127545,4.34027695,-0.115317898,-0.203607112,-0.196792429,-0.494696973,4.718071273
-0.26000578,-0.293299796,-0.262518452,-0.107584957,5.957975621,-0.249863457,-0.291670002,-0.266576726,-0.158985101,5.683988536,-0.277256167,-0.233532464,-0.17963319,-0.324779655,4.372888068,-0.304705194,-0.21917753,-0.267702631,-0.248109356,4.817484668,-0.242183689,-0.280666008,-0.232609813,-0.254674493,5.363058374,-0.237383521,-0.250729963,-0.230841142,-0.279314504,4.511001601,-0.314028896,-0.333923972,-0.290484995,0.031150695,6.596541471,-0.296665777,-0.29963023,-0.320308632,-0.058596738,6.754208454,-0.211400208,-0.192402831,-0.137293904,-0.491787365,3.927316995,-0.306342434,-0.21780523,-0.270690841,-0.22972368,4.886850997,-0.262844021,-0.299548649,-0.239113839,-0.205979059,5.6087353,-0.179205051,-0.226196837,-0.192756465,-0.401467737,4.176182207
-0.193542362,-0.316826276,-0.196701963,-0.271759075,7.914023171,-0.305152095,-0.171677145,-0.288969722,-0.196965615,4.980438889,-0.074859047,-0.159539481,-0.209445366,-0.592011398,4.297103975,-0.386266643,-0.312700842,-0.189022218,-0.160007757,4.367173331,-0.320800656,-0.275249593,-0.280304019,-0.152291658,4.79172631,-0.253268084,-0.239192088,-0.210001888,-0.354391554,3.979000438,-0.198796714,-0.331867579,-0.206874432,-0.228551662,7.99870221,-0.355755338,-0.192887041,-0.31076973,-0.080431175,5.148695845,-0.017970467,-0.126300014,-0.180677711,-0.710421882,4.015610371,-0.40678252,-0.310196036,-0.192425726,-0.143459554,4.343699347,-0.320950462,-0.266582787,-0.292079549,-0.162248082,4.941898947,-0.202991634,-0.183352577,-0.190986449,-0.49290875,3.558073224
-0.134897154,-0.260653529,-0.224083211,-0.258546659,6.655137905,-0.215921835,-0.269746118,-0.276047189,-0.222636294,6.564369687,-0.181828604,-0.232575211,-0.227938368,-0.395846999,4.939899697,-0.254361884,-0.275758769,-0.21700876,-0.231812299,4.778873858,-0.210274424,-0.228905223,-0.248850617,-0.378561368,4.809454565,-0.222249505,-0.20881527,-0.244494058,-0.362603539,4.840472623,-0.140281727,-0.297002544,-0.216458354,-0.202052158,7.180625576,-0.233108703,-0.26569995,-0.287887058,-0.216777322,6.574427993,-0.082836019,-0.186533021,-0.181010881,-0.577495604,4.367702644,-0.236176759,-0.263044262,-0.209311908,-0.265668806,4.521406875,-0.22521109,-0.232998365,-0.258308301,-0.358653552,4.962027179,-0.152076485,-0.174513983,-0.201019317,-0.529634175,4.378660185
-0.135026059,-0.180392873,-0.255578374,-0.487641752,5.508336632,-0.191865934,-0.250161019,-0.273205161,-0.29783376,5.629624115,-0.110286265,-0.250433955,-0.160311805,-0.413872288,3.955185129,-0.185584142,-0.244802669,-0.244913763,-0.382524213,4.494384868,-0.137214059,-0.203520436,-0.245467942,-0.385928195,6.485150742,-0.176772233,-0.262932612,-0.241444331,-0.241563348,6.275608023,-0.142701572,-0.19100291,-0.249715137,-0.479129053,5.673670774,-0.176981774,-0.239533632,-0.271426009,-0.323786043,5.285775826,-0.063639049,-0.217238224,-0.13409707,-0.512842264,3.598611058,-0.154006105,-0.259129322,-0.221346658,-0.434865847,4.358656967,-0.108254392,-0.181747558,-0.252062833,-0.440181405,6.537166505,-0.121429496,-0.229968987,-0.212322663,-0.367116502,5.452292891
-0.308674481,-0.273948545,-0.284592088,-0.030696218,5.210602477,-0.352825595,-0.271163322,-0.320854657,-0.14614976,5.560241031,-0.366294313,-0.30115633,-0.286623155,0.021794739,5.032340179,-0.124886403,-0.243838003,-0.216252102,-0.39783088,6.181774428,-0.23878137,-0.233565123,-0.250672874,-0.250702845,5.40827467,-0.137861772,-0.209556872,-0.247050971,-0.376400688,5.473475172,-0.335928089,-0.278253748,-0.284882221,0.004984859,5.212484587,-0.3862361,-0.301129649,-0.329395056,-0.087017152,6.379009677,-0.24429097,-0.211292482,-0.228825416,-0.283194213,3.861481346,-0.106729866,-0.250448541,-0.196927871,-0.433582611,6.034493438,-0.272252429,-0.243471161,-0.269962359,-0.166388022,5.924695384,-0.055965299,-0.171016886,-0.204541707,-0.55173704,4.690683278
-0.234446489,-0.223258972,-0.230007777,-0.393351666,3.838809718,-0.269739558,-0.331773286,-0.323796855,-0.181575398,4.483679746,-0.325056386,-0.266906126,-0.208604568,-0.309242089,4.779232415,-0.241545387,-0.235184888,-0.268806331,-0.338130256,5.280162579,-0.322255031,-0.31489173,-0.239617967,-0.067741695,4.604018807,-0.228843108,-0.238198443,-0.247925752,-0.252302896,5.139689707,-0.184677043,-0.190515025,-0.213383526,-0.497607737,3.581861302,-0.246404465,-0.331315947,-0.308775217,-0.206671143,4.728858226,-0.289945621,-0.237459959,-0.179071977,-0.411996287,4.391671111,-0.26061621,-0.254147912,-0.269106972,-0.302033689,5.504932337,-0.317389293,-0.306080223,-0.235333657,-0.097595507,4.457395129,-0.16912819,-0.205304177,-0.209776105,-0.393042423,4.590242047
-0.311692728,-0.313027057,-0.346945808,-0.021472468,6.147066509,-0.342127367,-0.277479244,-0.202010925,-0.294800591,5.574890381,-0.198422733,-0.202196224,-0.22688772,-0.268096253,5.432810291,-0.243767399,-0.270837324,-0.23897821,-0.200730632,5.727078217,-0.168735212,-0.253051981,-0.203762186,-0.325816022,6.224539876,-0.22793201,-0.244017819,-0.235781653,-0.339606188,4.493743466,-0.335402088,-0.353836046,-0.38317067,0.074949875,7.528074932,-0.316134904,-0.260647794,-0.180483893,-0.353425915,5.126314355,-0.150439596,-0.164424672,-0.199236225,-0.384263714,5.049092891,-0.236615279,-0.275047735,-0.208994635,-0.237840797,5.437828593,-0.174523796,-0.253788261,-0.197102304,-0.32298283,6.138794099,-0.15660012,-0.197631054,-0.186194713,-0.525200899,3.887213343
-0.227382642,-0.30770747,-0.23131642,-0.081464747,6.877987159,-0.37473919,-0.293994531,-0.331526604,-0.023792163,6.924441809,-0.17650672,-0.283840435,-0.193575067,-0.344727937,4.94373244,-0.26317846,-0.240720883,-0.263933042,-0.255849742,4.57238488,-0.249348795,-0.297933132,-0.212589848,-0.188728299,5.595208395,-0.141344161,-0.243882254,-0.214159386,-0.332623435,5.343606638,-0.236713886,-0.3219402,-0.230781993,-0.021164949,7.43162593,-0.445759977,-0.316367083,-0.360094198,0.089474322,6.957172773,-0.116992439,-0.261261111,-0.15694248,-0.464375292,4.347610024,-0.268429618,-0.252250236,-0.278128675,-0.216174952,4.644206637,-0.258548747,-0.311713481,-0.203991206,-0.163930742,5.829608453,-0.080979903,-0.217729535,-0.177044786,-0.47223954,4.725698526
-0.197149439,-0.17834504,-0.264640843,-0.395993566,5.193982396,-0.272947536,-0.213942174,-0.311499241,-0.226130824,4.909879493,-0.148410818,-0.215437156,-0.148603519,-0.492614883,4.879636286,-0.392829422,-0.280171196,-0.310179303,0.006895203,4.913134198,-0.26333795,-0.281468295,-0.236042291,-0.239689526,4.402471203,-0.163432558,-0.187679629,-0.229746321,-0.407611267,4.926159653,-0.170530685,-0.1588712,-0.260296534,-0.440460121,5.291464568,-0.290679307,-0.183867756,-0.316515636,-0.235147447,4.500661049,-0.106423478,-0.193330988,-0.119313567,-0.595395275,4.49529858,-0.398323711,-0.290237848,-0.315872583,0.047862271,5.13570371,-0.267308609,-0.28777363,-0.23219641,-0.233631949,4.3803877,-0.101776324,-0.151646459,-0.194382722,-0.545088241,4.450219095
-0.144992106,-0.202310161,-0.287874853,-0.376209348,5.472100317,-0.192116247,-0.220799517,-0.285319402,-0.288244133,5.606665289,-0.071772959,-0.232773187,-0.119351836,-0.60134502,7.242736105,-0.267382862,-0.25534224,-0.286638935,-0.203849948,5.037050335,-0.239513109,-0.240334961,-0.237894044,-0.241785899,5.633210271,-0.148856178,-0.251137939,-0.227120441,-0.402822151,4.682006155,-0.146946127,-0.203461197,-0.287259628,-0.349552514,5.570426145,-0.178279567,-0.201467051,-0.304449916,-0.278089964,5.763579563,-0.03043303,-0.202899131,-0.092048301,-0.713842996,6.905670267,-0.265461987,-0.248907308,-0.304803492,-0.178021698,5.165169763,-0.230822817,-0.23931737,-0.22816487,-0.269102745,5.585793621,-0.080325845,-0.221456336,-0.18744324,-0.553835948,4.329193129
-0.251069604,-0.217356318,-0.23718423,-0.265109264,4.851787503,-0.139775493,-0.189742302,-0.255571376,-0.460514409,4.586407983,-0.257369565,-0.274895612,-0.230837226,-0.178276201,5.610928919,-0.335297646,-0.312711209,-0.241080411,-0.145036578,4.671970371,-0.205009951,-0.190820149,-0.221358756,-0.389240607,4.70539434,-0.282469362,-0.282061778,-0.209226664,-0.209269245,4.634509781,-0.260034065,-0.217221251,-0.228992035,-0.273897875,4.669911946,-0.135529622,-0.172732684,-0.260038715,-0.480946029,4.455196626,-0.19525438,-0.233419803,-0.197992366,-0.313224876,5.027485351,-0.356132812,-0.35237754,-0.237897361,-0.100541632,4.977253432,-0.184568676,-0.181029746,-0.21157552,-0.435257365,4.45715637,-0.2336542,-0.239284268,-0.177721228,-0.340878566,4.072232659
-0.189373465,-0.190316733,-0.182822833,-0.423549676,4.120414054,-0.399231014,-0.31847557,-0.195329894,-0.211031492,3.880619835,-0.00415527,-0.159433162,-0.197844524,-0.514313877,6.297456684,-0.332814834,-0.223449744,-0.243219443,-0.146735204,5.118129307,-0.296265954,-0.26215086,-0.233193594,-0.203739557,4.734413978,-0.156390533,-0.227527417,-0.216814028,-0.374629153,4.923207226,-0.175805764,-0.188265197,-0.174213852,-0.427856246,4.073489902,-0.405601599,-0.349166235,-0.18686297,-0.220710105,4.030246682,0.058002544,-0.119393885,-0.167421507,-0.661007124,5.797577786,-0.355793981,-0.230157705,-0.250944325,-0.103463898,5.076871761,-0.305269721,-0.267985164,-0.224120493,-0.198397807,4.668377004,-0.088046428,-0.195898188,-0.169813368,-0.528288513,4.265040076
-0.54981516,-0.382739851,-0.322979169,0.295446378,5.991779494,-0.163039514,-0.201766637,-0.261639307,-0.402310001,6.684642995,-0.177403983,-0.171303081,-0.245460676,-0.341587876,5.429064038,-0.268686174,-0.221496942,-0.262708076,-0.218087144,5.273065656,-0.196097866,-0.244891004,-0.188436717,-0.388375023,4.974601091,-0.201947269,-0.229298514,-0.243321083,-0.388649845,4.235333844,-0.738603292,-0.474922541,-0.39519304,0.668167725,7.871384586,-0.174054868,-0.207003986,-0.275243385,-0.355453116,7.085574642,-0.097105569,-0.13100705,-0.205409959,-0.512591255,4.70582842,-0.290449856,-0.234066637,-0.262529377,-0.195546205,5.197659441,-0.207889815,-0.252053579,-0.194527118,-0.355898044,5.061367318,-0.134630891,-0.195948846,-0.205037185,-0.536764076,3.778194691
-0.33561839,-0.287905037,-0.272094684,-0.130994467,5.034589835,-0.233957659,-0.284364041,-0.27122063,-0.191385864,4.591731533,-0.19359172,-0.226749047,-0.263230134,-0.292416298,5.77590626,-0.307798565,-0.285955434,-0.260429444,-0.187706955,5.509617218,-0.231221854,-0.228381826,-0.252889259,-0.267111297,4.739285075,-0.317909003,-0.286309962,-0.263285975,-0.123103237,5.375177341,-0.349010582,-0.291911024,-0.250564995,-0.144631093,4.884719511,-0.192159403,-0.307619737,-0.239972073,-0.200097937,4.432344048,-0.145968875,-0.207360379,-0.227173854,-0.399163706,5.136394114,-0.296160974,-0.294243548,-0.264099198,-0.171458362,6.011687915,-0.222241376,-0.230570642,-0.23867306,-0.286706346,4.400185513,-0.26748809,-0.257345263,-0.232883327,-0.239492846,4.798156783
-0.230716368,-0.201769002,-0.253641637,-0.295768403,4.848674546,-0.171073895,-0.172000919,-0.284899952,-0.320900288,5.331679642,-0.25079052,-0.280034487,-0.180545089,-0.397433482,5.11637183,-0.255392587,-0.248954869,-0.281930076,-0.135973603,4.525426904,-0.263753047,-0.260170402,-0.244507657,-0.172871214,5.137715626,-0.171508347,-0.219868008,-0.200372729,-0.452463651,4.252309972,-0.248805981,-0.192901196,-0.25825519,-0.277139283,4.624200679,-0.181628479,-0.157575542,-0.30004567,-0.298663858,5.283089856,-0.20554189,-0.246089469,-0.154236898,-0.507181614,4.491683489,-0.258307465,-0.225883477,-0.292233446,-0.13881809,4.515394249,-0.279929465,-0.283272727,-0.240118344,-0.123457177,5.33204825,-0.109504891,-0.181077935,-0.165962841,-0.606975745,3.880419687
-0.260432381,-0.211646069,-0.291077393,-0.249672981,4.047270388,-0.206303751,-0.219932317,-0.284903143,-0.262897843,5.315893269,-0.142848119,-0.243158135,-0.220158845,-0.416894181,5.342948273,-0.3301368,-0.239030812,-0.289673163,-0.209286209,5.342756551,-0.332788074,-0.301303408,-0.265051173,-0.138562478,4.513032497,-0.269454807,-0.263237699,-0.225906013,-0.306125078,4.5011406,-0.274596989,-0.21179069,-0.307288904,-0.254116655,4.1051728,-0.209019971,-0.214629954,-0.291011539,-0.249170877,5.292356765,-0.084526048,-0.212627497,-0.193762103,-0.5397974,4.844400991,-0.32783201,-0.225264492,-0.304234921,-0.230432478,5.240949363,-0.322405149,-0.308451051,-0.256753844,-0.168249556,4.557601418,-0.228199292,-0.21512137,-0.203320581,-0.421812201,4.093210429
-0.105825876,-0.215359237,-0.203131291,-0.408567945,5.388151496,-0.213412172,-0.323426117,-0.21878717,-0.300200352,5.166450823,-0.129888296,-0.264161439,-0.203842894,-0.360818738,8.647964727,-0.327800527,-0.325534475,-0.226014523,-0.162272324,3.712620429,-0.253559585,-0.18876259,-0.251894307,-0.294541699,4.844120743,-0.342225947,-0.238865643,-0.247409437,-0.173519625,4.562635065,-0.096718087,-0.203777213,-0.196062906,-0.457337199,5.086945137,-0.223777247,-0.34182593,-0.226193631,-0.262203914,5.54136029,-0.079624947,-0.226596443,-0.179665276,-0.476837765,7.34980529,-0.359881165,-0.342899774,-0.228631777,-0.127082151,3.637393671,-0.244047424,-0.165188292,-0.258692373,-0.314150782,4.868560855,-0.270454216,-0.202128762,-0.209463566,-0.31895156,4.185614244
-0.144683694,-0.31034237,-0.166714644,-0.386803557,6.082423843,-0.276100079,-0.210890042,-0.313379461,-0.208831759,6.991119623,-0.417549104,-0.26760631,-0.2821249,0.131947501,4.224544823,-0.18267707,-0.277894817,-0.189336901,-0.319581405,5.707171058,-0.348248398,-0.276640943,-0.259939145,-0.129318255,4.874041714,-0.221970134,-0.221304355,-0.255109115,-0.29693644,5.326238631,-0.144219134,-0.341595237,-0.154047024,-0.353045229,6.892540607,-0.265421916,-0.186229243,-0.338189141,-0.236507923,7.611297658,-0.366148611,-0.228926368,-0.266082322,0.00896939,3.716375429,-0.186948845,-0.284572526,-0.194625373,-0.304281879,5.625451059,-0.386075274,-0.285652551,-0.2698746,-0.065454438,4.799402623,-0.168354802,-0.189027338,-0.227550727,-0.425501882,4.926866649
-0.333122341,-0.264086821,-0.277122845,-0.098322686,7.214929081,-0.286558189,-0.268478942,-0.231698527,-0.386519994,4.048348767,-0.189919101,-0.265426919,-0.231562105,-0.246074348,4.316634387,-0.245771793,-0.262390304,-0.258142601,-0.148887956,6.514962453,-0.188976992,-0.25702079,-0.220162806,-0.386489612,5.028978632,-0.275312565,-0.245509676,-0.303963397,-0.196776857,4.409404675,-0.329205409,-0.258828453,-0.284491198,-0.093072895,7.604231833,-0.264631804,-0.266010202,-0.209990131,-0.434300171,4.231855683,-0.143616515,-0.233004993,-0.197277022,-0.352323361,3.87361267,-0.289985662,-0.274531742,-0.28805118,-0.064930338,6.998555488,-0.204883738,-0.268266851,-0.219617736,-0.355887913,4.951985101,-0.215963461,-0.192883059,-0.271461451,-0.368088997,3.912218773
-0.127238919,-0.216203149,-0.247663925,-0.530632575,4.581371762,-0.175804842,-0.212866515,-0.260906576,-0.39608243,4.322745133,-0.178641909,-0.222854579,-0.21044058,-0.387527217,4.63542538,-0.234713154,-0.263785041,-0.230218557,-0.209124349,6.380055822,-0.223110155,-0.247087916,-0.212024906,-0.275771689,4.853001027,-0.161143885,-0.223903574,-0.211906135,-0.386395949,4.965071468,-0.077107356,-0.174086655,-0.240398792,-0.638885592,4.336265713,-0.18476455,-0.203241862,-0.260057301,-0.390177079,4.199625603,-0.112078147,-0.188878472,-0.187343948,-0.524280698,4.316226356,-0.216817262,-0.259698021,-0.22464443,-0.237612069,6.426802565,-0.223116427,-0.250053863,-0.231781601,-0.247859164,5.097172307,-0.093900891,-0.191464345,-0.177702389,-0.509738511,4.559967783
-0.244952022,-0.2459656,-0.281270202,-0.247839483,8.923497954,-0.12650477,-0.196396496,-0.157482302,-0.67133033,4.494872321,-0.189446434,-0.230521276,-0.203889905,-0.371057899,4.819794726,-0.358469708,-0.254097749,-0.248972484,-0.220695743,4.0877519,-0.290995944,-0.28516026,-0.271308381,-0.186060397,4.974288215,-0.325744623,-0.232054621,-0.269331683,-0.159163027,4.51923118,-0.261921513,-0.241246708,-0.288080948,-0.246834541,8.990565109,-0.107711787,-0.187396127,-0.142746394,-0.727575277,4.386395401,-0.125300528,-0.199253109,-0.1655079,-0.500298473,4.360960955,-0.353239368,-0.243458172,-0.242048147,-0.266676432,3.813356151,-0.308349068,-0.296501023,-0.29080139,-0.138894779,5.292330597,-0.251575761,-0.183958853,-0.234374366,-0.330007254,3.939700929
-0.382056294,-0.252777682,-0.338027741,0.047779766,5.466980842,-0.245569565,-0.234058133,-0.277169369,-0.205012966,6.102469235,-0.088547025,-0.212823313,-0.253799318,-0.370367474,5.970220805,-0.19163913,-0.230003892,-0.278270182,-0.287548459,4.431902562,-0.163100597,-0.236999107,-0.142816606,-0.513025152,4.140011605,-0.277407635,-0.205639008,-0.312588344,-0.162818136,4.195934913,-0.367774816,-0.234292609,-0.337974197,0.020232255,5.452403297,-0.28350196,-0.245822566,-0.276228706,-0.157951774,5.951210364,-0.02156519,-0.194893046,-0.217171688,-0.498028368,5.527010078,-0.170293115,-0.236802754,-0.256704535,-0.334599169,4.422147331,-0.139017523,-0.218745778,-0.138695399,-0.56134636,4.031593113,-0.195974655,-0.149910191,-0.266840752,-0.364652614,3.598383287
-0.133012027,-0.240804692,-0.19859149,-0.4010834,5.166123161,-0.347213461,-0.253566449,-0.305502505,-0.076158321,4.599686972,-0.182491702,-0.255135416,-0.263344599,-0.259971814,4.870028113,-0.139393631,-0.274537563,-0.228969352,-0.247719937,6.877899636,-0.328446142,-0.251914198,-0.27907207,-0.093112361,5.434019058,-0.17712307,-0.220942316,-0.251506828,-0.342976032,4.836640822,-0.10592972,-0.230089583,-0.202416155,-0.456805449,4.820182587,-0.369394608,-0.269808179,-0.299207518,-0.035363237,4.541395097,-0.136076074,-0.227587512,-0.24324598,-0.369491458,4.377742285,-0.136608858,-0.289966575,-0.219592132,-0.247382575,7.248659327,-0.327453375,-0.250835761,-0.286951257,-0.072275489,5.653983458,-0.125321184,-0.188936131,-0.220893614,-0.474731538,4.418519717
-0.193541926,-0.243257564,-0.2074753,-0.278369157,8.079251008,-0.196268574,-0.149373758,-0.169672109,-0.565018596,4.333421565,-0.260522804,-0.30170228,-0.222633995,-0.275001324,5.455680613,-0.264529332,-0.234579168,-0.250738994,-0.268927443,4.871378508,-0.294777569,-0.254262365,-0.285146134,-0.170492418,4.466831624,-0.254892693,-0.283455042,-0.207661788,-0.257990227,4.360478631,-0.219587244,-0.237195402,-0.240066544,-0.207678001,8.403403013,-0.200852931,-0.152230591,-0.165518799,-0.568302818,4.307229678,-0.203264713,-0.24488237,-0.196104757,-0.428168565,4.51483592,-0.259834817,-0.231155941,-0.241047425,-0.279874076,4.856502228,-0.301249926,-0.268630263,-0.276319634,-0.150518223,4.392601724,-0.193166662,-0.249741608,-0.170141858,-0.408712367,3.918700265
-0.180615775,-0.204782976,-0.368275138,-0.184117334,6.592582965,-0.115031438,-0.230965828,-0.261252137,-0.245827642,8.382073437,-0.139734616,-0.223177009,-0.22776497,-0.277186979,6.365930341,-0.116620478,-0.190449404,-0.274877026,-0.387671741,5.454349923,-0.288446383,-0.205123388,-0.284641809,-0.22894677,5.145264555,-0.201625861,-0.227124329,-0.242155293,-0.353625803,4.888775128,-0.147789507,-0.196066239,-0.358566533,-0.238611049,6.407434166,-0.139183615,-0.227553411,-0.287243691,-0.185748533,9.044890444,-0.065079905,-0.180341304,-0.174206061,-0.459884138,5.557396669,-0.112965764,-0.183260044,-0.285914348,-0.377676265,5.561393756,-0.310686708,-0.194948897,-0.315731081,-0.156416292,5.302362579,-0.119587596,-0.184891392,-0.20228908,-0.521453783,4.39241319
-0.239047267,-0.315793996,-0.211906716,-0.194702867,5.434246577,-0.247249789,-0.278420629,-0.226615283,-0.108134366,5.219219951,-0.102190765,-0.238896878,-0.192999153,-0.427174061,5.0910279,-0.292123046,-0.287715576,-0.305670705,-0.02643547,5.222469711,-0.321560534,-0.225758702,-0.292524947,-0.145077409,4.238984171,-0.218432663,-0.282988973,-0.191706009,-0.297648807,4.520422058,-0.283495698,-0.348654205,-0.207892384,-0.126204457,5.945607381,-0.27025443,-0.28820246,-0.257676274,-0.040555981,5.522267773,-0.025781109,-0.21207918,-0.17565257,-0.553079878,4.838070306,-0.29533858,-0.295393539,-0.301631322,-0.034041947,5.01032915,-0.34286931,-0.232890597,-0.296477354,-0.098954848,4.31972724,-0.139124201,-0.231306987,-0.156182229,-0.488395811,3.906220205
-0.304695455,-0.315680588,-0.200228353,-0.142589993,6.333660619,-0.322872171,-0.271527903,-0.266059894,-0.14219247,4.34111928,-0.067500674,-0.165064438,-0.203640783,-0.639010668,4.159317723,-0.209363516,-0.250785508,-0.223344524,-0.321390988,4.593730014,-0.241027587,-0.26547919,-0.253138465,-0.256745845,4.527755327,-0.218231757,-0.264033813,-0.224195468,-0.276151243,5.266103978,-0.286166182,-0.30866401,-0.194589951,-0.180030294,6.412590666,-0.25595813,-0.269783363,-0.2269366,-0.267126293,4.012601787,-0.010312595,-0.126011672,-0.190218084,-0.752909634,3.999426981,-0.212391753,-0.240668008,-0.225999856,-0.328843072,4.478765508,-0.271569387,-0.296847296,-0.261412474,-0.178223939,4.989665498,-0.168379887,-0.225757009,-0.20113725,-0.401151293,4.663196454
-0.29398221,-0.228763523,-0.271869393,-0.188682228,6.548256226,-0.217291889,-0.211839335,-0.263637543,-0.280519711,7.167237064,-0.186655525,-0.227801648,-0.19584177,-0.428072379,4.996078944,-0.240897317,-0.256607574,-0.265698151,-0.142496574,6.147938535,-0.193005411,-0.209267718,-0.245284378,-0.245751248,5.363027467,-0.173343715,-0.236724616,-0.20356677,-0.382574601,5.237564191,-0.251199312,-0.226530816,-0.239475947,-0.273141942,6.37429243,-0.231279309,-0.202949453,-0.277855552,-0.259442555,7.319400249,-0.121202849,-0.193654422,-0.157995663,-0.571045848,4.502284779,-0.232007967,-0.251351556,-0.261922791,-0.144234862,6.049854489,-0.189562948,-0.217219291,-0.230788491,-0.234559437,5.256812819,-0.128227186,-0.196432284,-0.177752022,-0.491246984,4.689765159
-0.221899999,-0.258938154,-0.260370666,-0.215790925,5.490541381,-0.231083759,-0.264889576,-0.179540046,-0.410354934,5.503738892,-0.12425112,-0.185501194,-0.214441016,-0.537984251,5.362687082,-0.278551528,-0.168317161,-0.306364485,-0.266105492,4.252329812,-0.213340691,-0.262784739,-0.258182617,-0.239561213,5.555795355,-0.251324098,-0.244168524,-0.274805467,-0.274937937,5.083087031,-0.255040218,-0.291452718,-0.279719511,-0.12787079,6.167456499,-0.211019489,-0.227737445,-0.193081326,-0.452096946,5.14636635,-0.08014293,-0.15806303,-0.184293951,-0.642523795,4.773044134,-0.259625242,-0.14643412,-0.305713825,-0.325255759,4.137744712,-0.216581946,-0.266481007,-0.266663011,-0.208223583,5.829462807,-0.195150768,-0.221330034,-0.243062502,-0.389430568,4.683921006
-0.349567664,-0.367417221,-0.235869066,-0.108633595,4.262735318,-0.150287616,-0.181759995,-0.32645427,-0.417807777,6.352993867,-0.315143697,-0.264806251,-0.188587056,-0.200873506,5.8702334,-0.291133794,-0.270363017,-0.24705832,-0.217231577,3.856029544,-0.160446354,-0.232968264,-0.23596217,-0.309275251,6.551970545,-0.20064122,-0.229198659,-0.25291995,-0.358328872,5.861356628,-0.338926898,-0.367111594,-0.229124248,-0.133195255,4.231217191,-0.138736295,-0.181955878,-0.334722115,-0.464102748,6.619580528,-0.25184754,-0.216801289,-0.156309885,-0.320657552,5.359949178,-0.314608992,-0.29789532,-0.253153988,-0.168607548,3.989141488,-0.151852076,-0.243418198,-0.233340313,-0.310181427,6.811571689,-0.13065273,-0.188171438,-0.213308139,-0.524205626,5.073189546
-0.293575526,-0.286676505,-0.22301013,-0.22430738,5.114011703,-0.182861647,-0.222393672,-0.26790783,-0.308131629,4.8862109,-0.207767337,-0.253839693,-0.162769553,-0.351616305,4.943603919,-0.14844547,-0.204442324,-0.262619129,-0.352547381,5.41793543,-0.303822969,-0.236448496,-0.303011786,-0.186299418,4.811726678,-0.199435192,-0.252016234,-0.221759333,-0.2631875,5.437309737,-0.300769608,-0.305113753,-0.233803143,-0.180863,5.653906666,-0.169227073,-0.239724749,-0.246123856,-0.329915514,5.092036487,-0.151881606,-0.228188508,-0.118846938,-0.466804385,4.633118019,-0.148542552,-0.1966202,-0.26195044,-0.369665087,5.463224863,-0.31581252,-0.240894645,-0.317094344,-0.134575825,5.20975573,-0.142937617,-0.201936711,-0.195073815,-0.395182662,4.636809194
-0.216519292,-0.266283242,-0.224899612,-0.232243514,5.227980005,-0.503353318,-0.324841789,-0.230729441,0.001753339,4.07714463,-0.271011832,-0.217937491,-0.275806785,-0.204156497,5.836851042,-0.183407923,-0.226651576,-0.245016986,-0.292154526,5.490111577,-0.157042667,-0.214531786,-0.201182651,-0.413098456,5.961152653,-0.152372288,-0.226739933,-0.167759089,-0.443133564,4.792421215,-0.227602075,-0.261416703,-0.225138862,-0.210892662,5.517913032,-0.485488827,-0.327821047,-0.205108734,-0.041370047,3.778205466,-0.224776998,-0.17838343,-0.25953165,-0.305176098,5.466710501,-0.189688864,-0.231376666,-0.244407831,-0.27583708,5.479338214,-0.145995087,-0.20081241,-0.198563741,-0.437326096,5.844844091,-0.097976689,-0.197125536,-0.133865276,-0.57548756,4.499715866
-0.409000618,-0.307235966,-0.322824292,0.054945744,7.352557386,-0.369249952,-0.212616746,-0.360955412,0.020840293,7.057417205,-0.300859896,-0.26665892,-0.272349177,-0.105897805,3.931418127,-0.304433388,-0.306231494,-0.257966719,-0.188802777,5.108548472,-0.23991468,-0.23467431,-0.247910892,-0.285369262,5.449077694,-0.191043889,-0.229446759,-0.214042916,-0.309967469,4.759436175,-0.514215124,-0.322192106,-0.401023169,0.202575097,10.1593556,-0.385930928,-0.188935172,-0.381466946,0.028689247,8.032556019,-0.245738481,-0.226393989,-0.228747193,-0.275718472,3.244056192,-0.300623129,-0.297070938,-0.267653577,-0.201055924,5.263141737,-0.249029919,-0.250165659,-0.247651578,-0.243030909,5.751689637,-0.130963393,-0.179786483,-0.183520876,-0.465568183,4.195346267
-0.111424173,-0.219711911,-0.226994606,-0.277980259,5.245499844,-0.406222603,-0.224316169,-0.336338009,-0.091914896,4.744493856,-0.302062811,-0.286529386,-0.235607199,-0.209582989,4.503649993,-0.361936931,-0.282309031,-0.277041853,0.001961379,5.071021339,-0.315386129,-0.291896591,-0.219636553,-0.173902531,5.970671731,-0.273307131,-0.246073268,-0.268513801,-0.197747017,5.727474125,-0.07233276,-0.207968976,-0.199996914,-0.349951205,4.902649452,-0.421288811,-0.211167318,-0.369843836,-0.047410739,4.809648642,-0.223625359,-0.231519235,-0.173719577,-0.433161058,3.747926063,-0.372113869,-0.300698559,-0.271299867,0.035227053,5.473727045,-0.36040495,-0.320319591,-0.241579633,-0.055042386,6.247048475,-0.200210689,-0.200522822,-0.222057,-0.368510615,4.834657041
-0.258545019,-0.189098611,-0.347825415,-0.167737162,5.088059998,-0.264669654,-0.20392496,-0.322083903,-0.28572808,5.015148216,-0.344680894,-0.339809627,-0.240905578,-0.038755847,4.166949682,-0.255296354,-0.25528127,-0.28572354,-0.176813904,6.096097252,-0.306245418,-0.255452851,-0.274090789,-0.221921454,5.040797383,-0.24741961,-0.248454808,-0.187524983,-0.287961131,4.318259376,-0.261282633,-0.18061863,-0.369647256,-0.145669521,5.385498676,-0.303843911,-0.186633332,-0.363075572,-0.186252028,5.517524217,-0.276896953,-0.288246397,-0.20696301,-0.198806777,3.447842327,-0.274028276,-0.265747289,-0.291098621,-0.128769973,6.265629933,-0.325552582,-0.269926289,-0.284182708,-0.199165022,5.262237642,-0.190946601,-0.2175074,-0.151256158,-0.422514975,3.940699866
-0.297292986,-0.265623856,-0.274293999,-0.059665128,6.412796498,-0.122436111,-0.221161632,-0.255115337,-0.406676027,5.413334521,-0.143551328,-0.226370955,-0.254680519,-0.320796207,6.996417886,-0.272568418,-0.241857742,-0.223907089,-0.271628892,4.794430695,-0.357534441,-0.286636547,-0.262391103,-0.054709079,5.566125898,-0.273717302,-0.2541528,-0.244043435,-0.176539809,5.405833167,-0.319131839,-0.261022024,-0.284763794,-0.014526929,6.549145445,-0.144805233,-0.247766827,-0.261016383,-0.373947189,5.513459805,-0.069149172,-0.202796139,-0.200632448,-0.467750642,6.114605103,-0.273065825,-0.244643656,-0.221190369,-0.272673625,4.794749517,-0.377215873,-0.286832994,-0.280111667,-0.000574467,5.764112413,-0.215313322,-0.207716315,-0.218515854,-0.32128157,4.768923189
-0.443820668,-0.307282711,-0.35383603,0.106505622,5.902465269,-0.478096272,-0.351760477,-0.337432016,0.185672671,5.409812752,-0.201243917,-0.151228155,-0.226697873,-0.492838153,6.204740888,-0.166550407,-0.196359713,-0.233139425,-0.454375647,4.878476638,-0.302127664,-0.294190994,-0.241952529,-0.146318264,5.425604412,-0.204735019,-0.211556655,-0.243488747,-0.379732228,4.918274767,-0.547309496,-0.353419929,-0.408509205,0.35485424,6.110010771,-0.49920261,-0.339211496,-0.374407123,0.237311981,5.856715048,-0.122313943,-0.115598079,-0.183676199,-0.667841893,5.568106022,-0.157781559,-0.200858863,-0.220762775,-0.475267406,4.855196154,-0.340575614,-0.318082542,-0.260455429,-0.048371499,5.696385773,-0.152922928,-0.183436323,-0.207050844,-0.498504081,4.54194417
-0.089460954,-0.293284865,-0.198993314,-0.375755634,6.944453699,-0.26057968,-0.304413508,-0.23516904,-0.316972503,3.694643169,-0.213601668,-0.260841088,-0.273737258,-0.346374025,4.769824767,-0.365015794,-0.256564047,-0.292548539,-0.076261847,4.853276275,-0.320268077,-0.261640506,-0.302423662,-0.0944959,5.803162153,-0.192623975,-0.280455185,-0.236080319,-0.248632854,4.86592586,-0.070912359,-0.300995569,-0.218055963,-0.359645513,7.255930489,-0.259178506,-0.291810891,-0.239518796,-0.339364472,3.673656217,-0.165266496,-0.219175204,-0.231645879,-0.500714976,4.174417416,-0.368140526,-0.25178539,-0.308990539,-0.047023722,5.052062596,-0.338067229,-0.266560765,-0.316409371,-0.059226683,6.021616746,-0.146824901,-0.239085248,-0.215363109,-0.372977514,4.304922775
-0.24532234,-0.313170661,-0.198747578,-0.224083271,5.638403092,-0.16244003,-0.227047231,-0.246416584,-0.281241815,6.70330785,-0.148089067,-0.18167555,-0.236756919,-0.418211314,4.573589971,-0.221225943,-0.279126825,-0.259540469,-0.254022944,5.798770099,-0.281360449,-0.303700172,-0.246167901,-0.174821325,5.087083822,-0.198646831,-0.237701779,-0.28425465,-0.281849223,5.457921618,-0.262394556,-0.329558792,-0.198403171,-0.175098086,5.628520391,-0.179354881,-0.227559552,-0.245255012,-0.246346652,6.825138584,-0.093778242,-0.149399594,-0.210227762,-0.543846651,4.341729987,-0.24555239,-0.287865193,-0.277517944,-0.224454201,6.314532567,-0.284895718,-0.326234062,-0.254009162,-0.124078084,5.488633599,-0.158723,-0.212267149,-0.254560111,-0.381097493,4.91923083
-0.159774785,-0.236996031,-0.287423412,-0.222284875,7.516388288,-0.271189206,-0.240654329,-0.252763045,-0.261821147,5.690807394,-0.342304853,-0.266235754,-0.255237975,-0.240506037,4.127148888,-0.257878523,-0.276332412,-0.272006613,-0.161761207,6.383900956,-0.250716362,-0.258255682,-0.267903784,-0.198239988,5.595698677,-0.249471138,-0.265480732,-0.226525082,-0.357958809,5.494286043,-0.176835647,-0.238647363,-0.310671376,-0.162211741,8.549178472,-0.282435358,-0.226782465,-0.265848619,-0.232733204,5.594810463,-0.306941857,-0.237306988,-0.22141818,-0.352618692,3.623770837,-0.266991093,-0.291900795,-0.29334983,-0.111311519,7.251932833,-0.263621326,-0.266926753,-0.279266617,-0.165456678,5.69873609,-0.196512991,-0.223387995,-0.201232071,-0.494686722,4.832909038
-0.152862358,-0.18160903,-0.220123692,-0.306173844,5.562077354,-0.380193414,-0.35163305,-0.213723735,-0.113763028,4.034861884,-0.175506906,-0.174206918,-0.286222032,-0.337135243,5.69322618,-0.13686856,-0.20840195,-0.204542239,-0.546631809,4.402923972,-0.221265975,-0.198331592,-0.308157656,-0.243758617,4.91414581,-0.20669284,-0.238495667,-0.249617317,-0.266924032,5.237285537,-0.17783508,-0.193775748,-0.23627721,-0.245501534,6.071849344,-0.384123147,-0.373890806,-0.201483682,-0.107808302,4.238167354,-0.142351922,-0.139693765,-0.266079116,-0.461319541,5.161001229,-0.112306911,-0.189504841,-0.203353508,-0.596222786,4.186093538,-0.197400988,-0.183375487,-0.314516898,-0.293146617,4.74395132,-0.155666323,-0.210890867,-0.224919685,-0.373206573,4.867545728
-0.280080861,-0.31173997,-0.258417806,-0.010205776,5.189611713,-0.271972366,-0.177064873,-0.332148199,-0.326893103,4.375729945,-0.18945717,-0.261921665,-0.241968648,-0.242475223,4.571614526,-0.236203375,-0.222917096,-0.238621454,-0.270330285,5.01037546,-0.212970609,-0.266914159,-0.201878383,-0.411662771,4.454148202,-0.157464336,-0.241008719,-0.187928863,-0.484205877,4.280971333,-0.289721453,-0.336225371,-0.233818776,0.011902235,5.300699181,-0.292597912,-0.183371269,-0.337193496,-0.275909651,4.309127982,-0.124086004,-0.226061274,-0.210975067,-0.375566989,4.235567028,-0.233396393,-0.226455472,-0.23848381,-0.264936899,5.051129241,-0.189984636,-0.261147918,-0.18535356,-0.460707055,4.386261472,-0.098767241,-0.204829829,-0.153061182,-0.622520905,3.970196537
-0.201936421,-0.209657501,-0.299029663,-0.205581033,5.723665088,-0.252850105,-0.274969326,-0.272000603,-0.228925884,4.642686369,-0.274575462,-0.204689285,-0.282337173,-0.188607439,6.840321092,-0.28732706,-0.292850034,-0.267294407,-0.080731868,5.433278805,-0.252079032,-0.212908407,-0.258038001,-0.269502431,5.797669572,-0.238842396,-0.263445296,-0.212977771,-0.279879455,5.533382031,-0.202799365,-0.225959766,-0.297081519,-0.172485438,6.153561977,-0.305548066,-0.295271148,-0.307592909,-0.122524651,4.937272796,-0.232552337,-0.207244608,-0.239104364,-0.295770215,6.462223404,-0.295373539,-0.323021875,-0.282912085,-0.002828727,5.960306528,-0.252366929,-0.19656911,-0.277859289,-0.267775722,6.1305757,-0.181375377,-0.240467349,-0.164457624,-0.438958911,4.834043121
-0.356274167,-0.269954099,-0.261119427,-0.053519743,4.786087246,-0.360924807,-0.304449583,-0.329827209,0.093696751,8.334895898,-0.11168974,-0.277359723,-0.189708767,-0.391669231,4.87823844,-0.239146239,-0.254786372,-0.239052805,-0.111642744,5.342553343,-0.18260219,-0.248341848,-0.227218845,-0.331159787,4.809013496,-0.269353064,-0.249969821,-0.226965972,-0.255581422,5.120064695,-0.354313375,-0.275716027,-0.256605451,-0.082859274,4.605790805,-0.40966242,-0.31236646,-0.373701409,0.178276351,9.11730813,-0.078706988,-0.263474227,-0.137769071,-0.48542038,4.580401457,-0.24131587,-0.246439657,-0.245887513,-0.117318779,5.306881853,-0.195013633,-0.275860176,-0.21910139,-0.290197178,4.864320852,-0.226774113,-0.222617417,-0.176844511,-0.397188072,4.23491877
-0.327034314,-0.233687255,-0.246158548,-0.230254296,4.372481859,-0.233837019,-0.269457972,-0.21023678,-0.274952537,4.941225921,-0.100918262,-0.230355897,-0.1080785,-0.612951236,3.981058006,-0.316444762,-0.264671674,-0.314331082,-0.1157498,6.013739499,-0.258155465,-0.279074846,-0.233410112,-0.269817206,5.399100529,-0.275949147,-0.228345572,-0.258469983,-0.286239371,4.263048599,-0.339914026,-0.233906591,-0.254315852,-0.215177694,4.509017982,-0.208057959,-0.247779142,-0.216334717,-0.305421181,5.038408161,-0.05761042,-0.202003071,-0.084390076,-0.714367681,3.853153943,-0.359016629,-0.295134246,-0.331092998,-0.022585188,6.334959472,-0.279643417,-0.307169407,-0.216969175,-0.250851121,5.423714808,-0.227351494,-0.186148705,-0.226000042,-0.412637581,3.742610158
-0.18383074,-0.281192331,-0.213091508,-0.29461678,6.216382151,-0.20017076,-0.215433211,-0.204473103,-0.270749511,3.940861039,-0.173472411,-0.238610316,-0.218683232,-0.241677344,6.533948547,-0.266300189,-0.264606115,-0.217995497,-0.296989814,4.760078915,-0.249040349,-0.248294139,-0.233382047,-0.305828127,5.100370503,-0.283321746,-0.186480419,-0.218095498,-0.383755416,4.107195775,-0.181835228,-0.293162812,-0.212661845,-0.285768104,5.877235741,-0.208946182,-0.241270727,-0.198789683,-0.230974608,3.820688824,-0.085156576,-0.202272082,-0.162476309,-0.43281545,5.535606874,-0.249822681,-0.246299671,-0.221666824,-0.338547986,4.786324807,-0.243189828,-0.241282592,-0.248817646,-0.29265949,5.262836069,-0.231084893,-0.15172964,-0.194288589,-0.502345359,3.876104599
-0.242386447,-0.28508954,-0.267491958,-0.25672207,5.225019571,-0.351612345,-0.331000716,-0.229111239,-0.189685116,3.987194859,-0.168980981,-0.207548355,-0.250669643,-0.346024656,5.454355565,-0.307522989,-0.241322541,-0.249382643,-0.184137997,5.900172217,-0.263411385,-0.267474787,-0.246176658,-0.172178447,5.275143036,-0.252606008,-0.23861603,-0.249482343,-0.278271687,4.60280526,-0.226971555,-0.258554882,-0.279876493,-0.269258502,5.287624638,-0.358206581,-0.347466341,-0.214857077,-0.195705775,3.949420038,-0.086902353,-0.158676498,-0.203113148,-0.529428306,4.806808712,-0.313205467,-0.246655986,-0.248025261,-0.171876259,6.193581068,-0.281135261,-0.283138557,-0.243338695,-0.132135954,5.337747715,-0.19638695,-0.208150396,-0.214350075,-0.404379217,4.284568527
-0.133938066,-0.156885411,-0.189221444,-0.559565369,5.220645564,-0.139391148,-0.1739952,-0.278329507,-0.350005332,6.91503052,-0.231565084,-0.275521072,-0.246891527,-0.153060871,5.699507881,-0.236808301,-0.216520152,-0.257960313,-0.272085963,5.167079644,-0.263712616,-0.249271872,-0.254903999,-0.259617182,5.183440984,-0.218939263,-0.19413028,-0.247387106,-0.442012803,4.511306535,-0.136578032,-0.159427936,-0.193140999,-0.551900436,5.344165081,-0.127474088,-0.172521551,-0.272958102,-0.368614683,6.299973136,-0.155276601,-0.239342473,-0.21465861,-0.295361169,5.060983282,-0.230582052,-0.21394409,-0.251238429,-0.283028862,5.015306183,-0.264349938,-0.242764408,-0.256802822,-0.250309229,5.233967156,-0.147451185,-0.154549796,-0.204191972,-0.613283238,3.957748666
-0.251962633,-0.183671633,-0.288684222,-0.311461849,5.356997898,-0.287152009,-0.267161029,-0.245515465,-0.042801467,4.83169003,-0.249165506,-0.259131445,-0.231349118,-0.239017771,4.680421119,-0.309526146,-0.2672578,-0.253978308,-0.228829818,6.023073168,-0.300867229,-0.272254026,-0.29097196,-0.129320477,5.489581145,-0.198366788,-0.207508605,-0.243533668,-0.353106787,4.971927654,-0.254184276,-0.170084396,-0.305141344,-0.2935944,5.675664065,-0.326470907,-0.309151133,-0.240211647,0.05897759,4.910434276,-0.184451264,-0.222756771,-0.196483344,-0.370086315,4.071009312,-0.307423167,-0.27597917,-0.256322963,-0.233286659,6.601797419,-0.300347892,-0.28497437,-0.29487965,-0.111972753,5.805056177,-0.140053748,-0.169512654,-0.214431932,-0.488023658,4.456623256
-0.325664717,-0.243796004,-0.291499614,-0.133224508,4.651345817,-0.318396861,-0.201000678,-0.267170148,-0.261610805,3.788515839,-0.081776719,-0.194705206,-0.209458733,-0.47093939,4.818282277,-0.125298215,-0.234329148,-0.205454437,-0.363699071,5.83221879,-0.259662595,-0.295921457,-0.229071992,-0.261172288,5.051036188,-0.152720549,-0.230417351,-0.236211698,-0.396577547,4.380931392,-0.3054409,-0.23574764,-0.272928585,-0.184888369,4.479664812,-0.331391127,-0.200916698,-0.28194965,-0.242917912,3.778945865,0.020410179,-0.159276175,-0.158208155,-0.651314374,4.549789769,-0.115009132,-0.236646204,-0.189721537,-0.378242966,5.89644961,-0.266720989,-0.272263857,-0.248146424,-0.276499989,4.678503106,-0.104938298,-0.198618496,-0.20617759,-0.512512924,3.977874091
-0.24831474,-0.296253989,-0.231896131,-0.221000719,4.648510284,-0.224176429,-0.217532339,-0.255276335,-0.196252704,4.482664098,-0.274149228,-0.293105211,-0.177991534,-0.226260935,4.521874009,-0.229501829,-0.267046278,-0.275009406,-0.203542701,5.84281539,-0.182121439,-0.201458938,-0.214909534,-0.336355298,5.666875156,-0.189889732,-0.182927172,-0.229888165,-0.421625918,3.883488878,-0.258190391,-0.296946149,-0.246746611,-0.200062101,4.863943549,-0.206569219,-0.221250243,-0.240155875,-0.213315065,4.48209512,-0.194915479,-0.259512027,-0.125407769,-0.403103586,3.880439846,-0.211583243,-0.253056742,-0.290890701,-0.228092516,5.77152469,-0.158327173,-0.181780294,-0.215924168,-0.384650779,5.358107174,-0.10859353,-0.131324809,-0.182173765,-0.613863206,3.403207419
-0.194199145,-0.290533445,-0.233607627,-0.339672942,5.692474652,-0.100318191,-0.207232246,-0.228155509,-0.462285126,6.446090354,-0.3201857,-0.262734185,-0.250164033,-0.206285704,4.319735859,-0.269843321,-0.227534815,-0.297841661,-0.293880901,4.981467954,-0.326989154,-0.289143176,-0.27585026,-0.068622087,5.87125629,-0.254626683,-0.263870815,-0.277784205,-0.212949909,4.95774566,-0.187477981,-0.291367421,-0.235530045,-0.343367437,5.511788399,-0.12215929,-0.213121204,-0.238990176,-0.407626318,6.431572736,-0.288490992,-0.2295219,-0.224977633,-0.304499821,3.77164919,-0.280438145,-0.209310762,-0.317508988,-0.2904049,5.033442164,-0.355819756,-0.309771035,-0.289997558,0.018273245,6.297912178,-0.18981914,-0.221975923,-0.23646805,-0.393755556,4.22158628
-0.340053414,-0.2576156,-0.224596178,-0.208597041,3.080542318,-0.367524581,-0.261107382,-0.270412755,-0.184692871,4.495645432,-0.184783595,-0.184727833,-0.231776756,-0.290055625,5.49663801,-0.189791874,-0.2613038,-0.2451928,-0.34004703,5.143718662,-0.164289462,-0.279279929,-0.219642434,-0.315412362,5.35277432,-0.137095291,-0.25225688,-0.244563892,-0.402963182,4.603314677,-0.326655463,-0.254991316,-0.198566491,-0.260361665,2.917142021,-0.346451861,-0.249045053,-0.255359118,-0.207491672,4.343024376,-0.127271237,-0.157858807,-0.189666109,-0.416732739,4.929929751,-0.186663853,-0.277546646,-0.233355154,-0.339219436,5.359980076,-0.151539127,-0.29718233,-0.205318395,-0.333280979,5.780423504,-0.080034524,-0.2059707,-0.216811614,-0.535344239,4.376709214
-0.1276813,-0.232129196,-0.233679575,-0.340336846,5.802275351,-0.241861515,-0.296380552,-0.266297461,-0.063977777,6.088931403,-0.312922767,-0.212468937,-0.220641718,-0.256138126,4.328210204,-0.304225814,-0.285165042,-0.281033618,-0.15078807,5.30460943,-0.351595437,-0.285568269,-0.253197849,-0.078851788,4.824252218,-0.075803048,-0.179741686,-0.180875042,-0.557776892,4.882495253,-0.136902587,-0.241095403,-0.231889598,-0.305963254,6.045719251,-0.206813711,-0.2964215,-0.257160456,-0.119237417,6.121418432,-0.258949041,-0.183445996,-0.186181446,-0.3804382,4.024085172,-0.317570105,-0.267965953,-0.300963268,-0.154442073,5.170596984,-0.382198874,-0.297904989,-0.266537931,-0.031814018,5.093748025,-0.020039031,-0.156171035,-0.145651587,-0.676367015,4.565247722
-0.189429192,-0.18664536,-0.246687346,-0.340219407,4.680500814,-0.09264815,-0.235369989,-0.176259078,-0.455486874,5.509020788,-0.199514084,-0.223787514,-0.256651481,-0.305415723,4.53572201,-0.353316962,-0.272229511,-0.253013661,-0.170927823,4.217566333,-0.321923149,-0.298874765,-0.259232524,-0.072322626,4.449377581,-0.25200732,-0.250098943,-0.271298658,-0.194547592,4.720368732,-0.168842673,-0.179687809,-0.248722744,-0.376723435,4.646276416,-0.105829629,-0.251231482,-0.17606173,-0.415544091,5.582609293,-0.122808655,-0.18075567,-0.216537084,-0.473403187,4.080932396,-0.359594367,-0.275788474,-0.238778729,-0.184039972,4.085314601,-0.324149958,-0.287241557,-0.263259344,-0.077743936,4.139476652,-0.18342352,-0.223495729,-0.226011724,-0.353062702,4.209663468
-0.166012298,-0.219100707,-0.218193315,-0.335189174,5.313103648,-0.283887371,-0.303139943,-0.239991514,-0.080344617,5.567423539,-0.348255584,-0.226139966,-0.26352661,-0.270501887,4.013919971,-0.305427732,-0.254322408,-0.276299485,-0.098258424,5.540718538,-0.203355627,-0.200012252,-0.206218193,-0.432103061,4.562786429,-0.211569991,-0.243095544,-0.242859751,-0.327735426,4.9590834,-0.159261686,-0.232553456,-0.22562932,-0.329061595,5.570624631,-0.332281854,-0.342710873,-0.247171554,0.015889439,6.125843164,-0.304845603,-0.184495599,-0.225465753,-0.438673472,3.55009352,-0.305580337,-0.257240759,-0.273707374,-0.104846495,5.785261459,-0.21306636,-0.199666518,-0.200839536,-0.418316104,4.527277766,-0.132124314,-0.199231902,-0.203871708,-0.49697063,4.273486
-0.284410835,-0.275012014,-0.295314868,-0.126745297,4.944876947,-0.289267938,-0.303139033,-0.216744033,-0.132546436,5.266972679,-0.251648342,-0.240573692,-0.266244099,-0.202430317,4.735091802,-0.170286707,-0.191553049,-0.253375995,-0.396697585,4.266035848,-0.258702209,-0.261520818,-0.241043827,-0.263940538,4.307708755,-0.258715516,-0.288354868,-0.204040952,-0.258227495,5.121891764,-0.302447584,-0.297004725,-0.292433656,-0.073189109,4.992585515,-0.309238503,-0.317828366,-0.212557884,-0.080766748,5.496588696,-0.210163486,-0.209003044,-0.240082704,-0.315800534,4.342670602,-0.144441616,-0.177357702,-0.236296228,-0.442727433,4.193380053,-0.244237665,-0.2570433,-0.24137024,-0.277613358,4.334827946,-0.204851668,-0.248522155,-0.177844693,-0.393308271,4.683070785
-0.081969499,-0.211669267,-0.228872196,-0.449756056,6.108574532,-0.413679823,-0.342390487,-0.339716119,0.063142354,5.115607963,-0.187695117,-0.236683643,-0.231428686,-0.324560505,5.278124203,-0.245734861,-0.255086067,-0.195996816,-0.283261796,4.794063304,-0.189242834,-0.198430852,-0.21979544,-0.385696582,4.172840522,-0.253025232,-0.229189738,-0.222884336,-0.266071088,4.359192776,-0.104976573,-0.20865697,-0.227570736,-0.420678124,6.155053662,-0.381791782,-0.330301441,-0.307615853,-0.017858643,4.634349564,-0.116043825,-0.204945953,-0.203010557,-0.461053237,4.808741984,-0.262370653,-0.254571789,-0.210746728,-0.237439381,4.984816552,-0.157135358,-0.172808643,-0.198943108,-0.474968935,3.829526459,-0.173436471,-0.183816658,-0.170252064,-0.441416796,3.766663896
-0.162459199,-0.198490328,-0.257127627,-0.310078006,6.29836736,-0.31810789,-0.300553909,-0.2603139,-0.215350106,4.765682179,-0.16210547,-0.208287398,-0.231432987,-0.318919085,5.25777442,-0.210802643,-0.230815648,-0.252046428,-0.341760393,5.13458269,-0.245229186,-0.276612263,-0.206767141,-0.291904995,4.700230914,-0.292603805,-0.242756932,-0.249323351,-0.269622412,4.652302722,-0.16136857,-0.190280202,-0.262461476,-0.297543909,6.34290142,-0.317015517,-0.316499646,-0.265362439,-0.201038532,5.345682711,-0.109658974,-0.167503378,-0.209275739,-0.446394887,4.954807946,-0.21582902,-0.228454988,-0.260804898,-0.338400054,5.101485286,-0.226220323,-0.268636449,-0.194870377,-0.343467196,4.570711043,-0.243472609,-0.207495205,-0.208667531,-0.416458651,4.16719051
-0.357529467,-0.316038588,-0.214454025,-0.121355224,4.095490581,-0.20725864,-0.18003643,-0.222987224,-0.39908789,6.281937893,-0.136963263,-0.137544892,-0.202400849,-0.614850764,3.554837369,-0.271406119,-0.272887873,-0.208093026,-0.244276663,5.012379323,-0.197156275,-0.222671762,-0.185121603,-0.411406208,4.750656852,-0.213365492,-0.20159152,-0.248774547,-0.36281156,4.326017212,-0.361675718,-0.314362587,-0.220588682,-0.084129718,4.222702302,-0.213868349,-0.186147118,-0.235945967,-0.346970509,6.49307635,-0.066751164,-0.104076382,-0.157482935,-0.789140286,3.357931759,-0.286966814,-0.28576761,-0.215080357,-0.203134024,5.086245155,-0.19616777,-0.223883288,-0.185881018,-0.407564261,4.763834623,-0.153398175,-0.165383654,-0.209219398,-0.516706029,3.900931656
-0.178964422,-0.360506133,-0.240737217,-0.131788118,6.027238033,-0.345899567,-0.242415371,-0.275480095,-0.198015606,3.89415445,-0.094518201,-0.239319417,-0.219037762,-0.383452026,6.995865575,-0.356642255,-0.244139947,-0.305248804,-0.073227315,5.750675932,-0.269149617,-0.291298638,-0.274061925,-0.167900509,5.758905465,-0.232693082,-0.260952091,-0.247408871,-0.166821733,5.95484894,-0.20288096,-0.411522854,-0.222784254,-0.052265149,6.65604756,-0.412642295,-0.226015207,-0.29697845,-0.125023024,3.904673623,-0.070610486,-0.225339594,-0.194703479,-0.440270626,6.435786836,-0.379079233,-0.245919456,-0.333275692,-0.007799008,5.955864878,-0.269949318,-0.297667124,-0.294935576,-0.148634092,6.098469858,-0.181882549,-0.220837418,-0.213396927,-0.295677675,5.118651567
-0.200881494,-0.226151028,-0.249041366,-0.298288665,6.291607193,-0.295086722,-0.293913165,-0.266019264,-0.131146282,5.131470695,-0.313850349,-0.308615894,-0.226656739,-0.064755612,5.463561454,-0.200660752,-0.238437015,-0.236772856,-0.327489708,4.907445099,-0.209544617,-0.228277603,-0.220541057,-0.331431793,6.185747555,-0.246023485,-0.267877421,-0.232008563,-0.206896929,5.767003893,-0.160480859,-0.219561513,-0.219386471,-0.371720256,5.929939741,-0.272702297,-0.284803724,-0.252208039,-0.180637947,4.768201592,-0.259593504,-0.286463163,-0.197035609,-0.173861115,4.827244619,-0.194113056,-0.252533476,-0.222933076,-0.339670358,4.950105983,-0.218319519,-0.227219525,-0.240225966,-0.301135512,6.110170976,-0.193742183,-0.23559225,-0.198352278,-0.325743056,5.0830874
-0.228650795,-0.207223332,-0.232255138,-0.289115036,3.996886199,-0.223796152,-0.234156696,-0.254165391,-0.245609113,5.13183426,-0.098121883,-0.249578866,-0.164487755,-0.530817492,5.801105333,-0.367620908,-0.30656154,-0.252822881,-0.02145471,5.754256185,-0.265087265,-0.241769717,-0.252162723,-0.184190971,4.843865881,-0.155195014,-0.224905068,-0.205567657,-0.436827592,5.603878846,-0.213374258,-0.211100134,-0.207654249,-0.3131912,3.748157799,-0.217502254,-0.229514314,-0.243639115,-0.284557482,5.042390126,-0.026374734,-0.203991193,-0.139747268,-0.679666374,5.286413044,-0.363389168,-0.306303459,-0.257110328,-0.024251226,5.801535362,-0.238567755,-0.203864961,-0.256742481,-0.267812533,4.347441197,-0.094159342,-0.196918422,-0.171691837,-0.55824263,5.047049313
-0.177560379,-0.216380225,-0.288854705,-0.230983291,5.802549606,-0.323207529,-0.276104781,-0.219247346,-0.128139146,5.462694291,-0.103518814,-0.254154847,-0.214246841,-0.308590435,5.830168929,-0.223596133,-0.277832721,-0.204202817,-0.292406761,4.923621739,-0.331719096,-0.291105915,-0.284724004,-0.068413087,4.724725343,-0.239919555,-0.278465349,-0.183611217,-0.370794203,4.656137635,-0.219902151,-0.241402609,-0.314659177,-0.118051248,6.635895279,-0.312485979,-0.255191387,-0.220558674,-0.159712404,5.226387293,-0.019817059,-0.211573859,-0.19133319,-0.472455744,5.230048429,-0.256791084,-0.293690577,-0.206078018,-0.234524657,5.11567895,-0.356854202,-0.293667278,-0.316323026,-0.001035806,4.994369019,-0.199610237,-0.247179053,-0.159132212,-0.476820152,4.176069297
-0.407451981,-0.200085961,-0.267737311,-0.084216549,3.986703201,-0.166489846,-0.239126763,-0.164030044,-0.448439779,5.115590087,-0.344067443,-0.20438598,-0.302562156,-0.215715547,4.624764203,-0.277585579,-0.271403755,-0.253258025,-0.114807874,6.389740033,-0.240188627,-0.278046327,-0.24986701,-0.19314348,5.2651504,-0.305024959,-0.231435594,-0.284340473,-0.215133912,5.400480706,-0.331793405,-0.151371174,-0.249820016,-0.248058626,3.633917159,-0.180933173,-0.279494921,-0.147484546,-0.414533309,5.325045704,-0.307595314,-0.161903334,-0.268742563,-0.362812529,4.13313205,-0.290830347,-0.290465113,-0.258929492,-0.052522527,6.759723589,-0.25614181,-0.283869482,-0.26905547,-0.153707725,5.250552823,-0.243031904,-0.202342681,-0.225282551,-0.387696786,4.531485141
-0.23127324,-0.25979389,-0.228190425,-0.426614043,4.882692188,-0.265268185,-0.273061406,-0.18507268,-0.260877485,5.787738061,-0.38834345,-0.298955201,-0.259759133,-0.039541493,4.616457331,-0.2481578,-0.208196219,-0.229733957,-0.305510607,4.928317204,-0.305185222,-0.225390541,-0.280697317,-0.176923379,5.461933696,-0.156792132,-0.210777306,-0.231288755,-0.292892367,6.37118724,-0.243553019,-0.27159548,-0.216403115,-0.43461108,4.947129774,-0.259045976,-0.255723705,-0.215613926,-0.228897606,6.228506545,-0.305745688,-0.246522475,-0.214868966,-0.265308001,3.979275286,-0.248658529,-0.226342657,-0.227134391,-0.27647965,4.968258223,-0.30617222,-0.22723464,-0.286468264,-0.160935154,5.672398743,-0.101673659,-0.176509412,-0.195615338,-0.439518936,5.494193838
-0.172910626,-0.227243349,-0.229794701,-0.341415675,5.742297673,-0.221632695,-0.252392565,-0.225413369,-0.189712368,4.644083539,-0.186920297,-0.231443646,-0.278911292,-0.242784472,5.206950133,-0.122480522,-0.185451727,-0.276188323,-0.385358564,6.050371774,-0.295179834,-0.238359311,-0.274453604,-0.244942582,5.664632964,-0.26089165,-0.249242911,-0.238495635,-0.173547309,4.86950548,-0.171065163,-0.229736865,-0.220162197,-0.367373664,5.445770628,-0.248356848,-0.260209468,-0.218679458,-0.137079036,4.588205732,-0.114826969,-0.186109903,-0.246628379,-0.416580326,4.69718043,-0.149520919,-0.199980896,-0.29337854,-0.330472331,6.228396857,-0.344871882,-0.270364866,-0.277623735,-0.15575089,5.944962325,-0.209827975,-0.219859808,-0.220464308,-0.283928783,4.470562844
-0.113616648,-0.24994048,-0.239039281,-0.412306151,4.247484738,-0.178469373,-0.199876029,-0.260084345,-0.427280377,5.042290014,-0.024507865,-0.209614404,-0.204489494,-0.701894776,5.147528805,-0.326936178,-0.287321975,-0.265894145,-0.101820689,5.174077032,-0.267826741,-0.238237069,-0.272155948,-0.199295909,5.157221263,-0.253193725,-0.237320317,-0.209315405,-0.358265029,4.814968013,-0.118092592,-0.238649221,-0.238744466,-0.431021251,3.992729697,-0.131761899,-0.174296039,-0.259748415,-0.507167632,5.012388566,0.054792301,-0.158577545,-0.15715993,-0.903299427,4.523217538,-0.33826724,-0.302513998,-0.25862159,-0.090697799,5.033792242,-0.239941579,-0.222240401,-0.266392695,-0.250825741,4.927112747,-0.206330525,-0.210771369,-0.178152439,-0.464278238,4.590205643
-0.378272374,-0.217821796,-0.296609718,-0.136877126,5.879572886,-0.295884909,-0.261378931,-0.251372491,-0.319135653,5.420086934,-0.092748304,-0.222320221,-0.252549457,-0.435705995,4.628448511,-0.346522626,-0.304498886,-0.270182564,-0.044516041,4.325171664,-0.120540904,-0.194872626,-0.226105286,-0.41716817,5.224970618,-0.166802989,-0.249173872,-0.228020893,-0.334191297,5.46302484,-0.394641132,-0.215361478,-0.307707275,-0.124314791,5.574390731,-0.299979688,-0.240239681,-0.263093422,-0.324374224,5.222939343,-0.008465694,-0.170202097,-0.216180818,-0.618051945,3.894395537,-0.331307303,-0.326556933,-0.23856617,-0.065588761,4.084131493,-0.104182361,-0.186337404,-0.22097294,-0.455566683,5.108607463,-0.088017799,-0.206601077,-0.180195419,-0.512324056,4.682085511
-0.182821869,-0.279453676,-0.172827514,-0.343644748,3.941147213,-0.216985235,-0.287066145,-0.257939604,-0.128328066,6.434129445,-0.349062011,-0.253488057,-0.242838828,-0.119560606,6.501109173,-0.181132623,-0.211778389,-0.190353516,-0.403149308,4.618553554,-0.206676353,-0.232023191,-0.214408184,-0.407936898,4.757100198,-0.196367303,-0.234324477,-0.24254189,-0.28027496,4.895003272,-0.185071646,-0.279610553,-0.141059662,-0.368399153,3.68190679,-0.215860277,-0.320491342,-0.224203656,-0.10754024,6.267185016,-0.311066921,-0.210000529,-0.215791442,-0.249512452,5.756955767,-0.175552366,-0.206734267,-0.184399333,-0.429228048,4.480119566,-0.222026183,-0.235198738,-0.22018676,-0.392579286,4.859661173,-0.129805472,-0.189251905,-0.196525969,-0.459955224,4.325313611
-0.33736787,-0.243097386,-0.266815324,-0.209500687,4.465890566,-0.325852802,-0.243508465,-0.283110204,-0.079384763,5.565968094,-0.180174266,-0.190222092,-0.200843441,-0.519229438,4.740178302,-0.163709236,-0.26050932,-0.214314246,-0.396798821,6.117731303,-0.209808837,-0.303074531,-0.224721663,-0.237327815,6.025505315,-0.288211646,-0.247899402,-0.230465836,-0.255560709,4.730642147,-0.327736309,-0.233669291,-0.2752167,-0.204220857,4.485220549,-0.368819514,-0.262472535,-0.287119224,-0.015998578,5.670668596,-0.138641329,-0.165643519,-0.186409784,-0.606588098,4.667513917,-0.140112873,-0.245327774,-0.215277363,-0.436791057,5.969727756,-0.213164138,-0.321338867,-0.212363306,-0.207374833,5.908119456,-0.213149116,-0.20395979,-0.192727282,-0.430090972,4.217580908
-0.350945773,-0.293820147,-0.278630713,-0.000389077,5.441349611,-0.264633981,-0.20029743,-0.196129354,-0.342929032,4.486621895,-0.358103571,-0.312594127,-0.288675088,-0.073072331,4.811600233,-0.226097767,-0.247497389,-0.211402039,-0.266308294,4.658092761,-0.140239579,-0.218611945,-0.200089305,-0.443601571,7.213695404,-0.305195506,-0.218042674,-0.24190661,-0.257985204,5.43049512,-0.425042643,-0.312735438,-0.292007033,0.140800099,5.531640959,-0.260789844,-0.204776694,-0.182856746,-0.331443398,4.446808358,-0.300171495,-0.296988586,-0.24056784,-0.199142878,4.13252765,-0.222774069,-0.244910104,-0.209618932,-0.279463554,4.592941342,-0.127268264,-0.218950081,-0.184077131,-0.472774634,7.100712671,-0.250905725,-0.18633563,-0.210629811,-0.385687886,4.942650928
-0.314346957,-0.294431396,-0.228857126,-0.092115952,5.259825001,-0.297499805,-0.2597504,-0.287064405,-0.083341384,6.250489671,0.006401854,-0.2191855,-0.178333868,-0.571476711,6.217325372,-0.227867479,-0.2377404,-0.263714003,-0.338608593,4.930664926,-0.171042561,-0.246853116,-0.252129673,-0.263509033,5.79492796,-0.122205436,-0.187323517,-0.214375057,-0.504529744,5.067214135,-0.2894481,-0.315976213,-0.196814479,-0.105380586,5.279833615,-0.306301818,-0.261013082,-0.299598643,-0.077335871,6.252282834,0.064677975,-0.177293095,-0.151661842,-0.709312857,5.590449445,-0.208934257,-0.220730653,-0.267883213,-0.379392882,4.802481753,-0.171314909,-0.243081164,-0.246674684,-0.26969869,5.711098397,-0.080068236,-0.156954612,-0.190261768,-0.615413446,4.68665409
-0.182951077,-0.194572401,-0.219593247,-0.432457704,4.865108613,-0.317130937,-0.238757236,-0.284052385,-0.137485624,6.007575289,-0.388219623,-0.290395969,-0.280010612,-0.087506723,3.826448575,-0.234319017,-0.247334179,-0.271753057,-0.213714278,4.78714495,-0.26857409,-0.25711462,-0.258456258,-0.245213658,4.72736772,-0.2011486,-0.253505876,-0.24121531,-0.255057382,5.19457286,-0.15539549,-0.204502258,-0.18879339,-0.499473257,4.549031527,-0.343178884,-0.250632127,-0.281778081,-0.098837116,5.855101141,-0.350014511,-0.268071425,-0.235262434,-0.209431809,3.404758654,-0.219952983,-0.246533246,-0.26895877,-0.232651654,4.953868516,-0.247395221,-0.241953883,-0.258523892,-0.299670756,4.594641354,-0.134450094,-0.204267146,-0.211039273,-0.419211284,4.594697587
-0.21586832,-0.221499674,-0.256175434,-0.274269788,7.45658522,-0.190271116,-0.236478319,-0.276013464,-0.17846377,6.524712983,-0.312866157,-0.285747631,-0.232429709,-0.156486471,3.672758026,-0.134405031,-0.1932694,-0.230713059,-0.398844253,5.697920218,-0.203486721,-0.253223299,-0.249397788,-0.328492465,5.301510201,-0.343589238,-0.269573807,-0.241343242,-0.092153907,5.602636524,-0.252787762,-0.252098909,-0.278904709,-0.196256974,8.49318257,-0.194428998,-0.224301867,-0.277236613,-0.179444706,6.833504471,-0.214978249,-0.214116681,-0.169388841,-0.440906916,3.03455838,-0.129662685,-0.187966062,-0.23426509,-0.402358593,5.705165053,-0.223299803,-0.256696712,-0.270505031,-0.278166055,5.476773488,-0.305825524,-0.249933751,-0.194607049,-0.216028544,4.822183904
-0.143953325,-0.208490331,-0.176958623,-0.457552585,5.732161694,-0.120725655,-0.231860476,-0.189208452,-0.535700115,5.396646579,-0.345507538,-0.223143315,-0.33732311,-0.129267694,4.336296144,-0.255411249,-0.27269656,-0.250096635,-0.241670086,6.142959824,-0.245954259,-0.200779582,-0.222169013,-0.354311427,4.934056283,-0.130597466,-0.206794899,-0.201402019,-0.432375486,5.634911506,-0.125721749,-0.182006146,-0.173567253,-0.489006823,5.406175175,-0.122785508,-0.244261558,-0.181821588,-0.556832365,5.403198375,-0.278707733,-0.176672884,-0.294746759,-0.277716972,3.735988627,-0.319556523,-0.319113376,-0.268919413,-0.102566442,7.018848244,-0.252374721,-0.208012196,-0.227075965,-0.32669904,5.197854208,-0.059363877,-0.167876487,-0.178497163,-0.579985099,5.231198756
-0.165176088,-0.334095439,-0.23317843,-0.217246431,8.350558828,-0.339841847,-0.265334326,-0.284267223,-0.154672855,4.36404826,-0.290212676,-0.321933331,-0.294987368,-0.194048687,4.187311609,-0.253623073,-0.274936932,-0.304766156,-0.116334257,5.644882654,-0.102991967,-0.162643899,-0.247559562,-0.472304128,4.62312584,-0.199652422,-0.273018533,-0.245949057,-0.319932361,5.071785393,-0.156985951,-0.330654507,-0.22587275,-0.232200829,9.038597685,-0.322407974,-0.278920032,-0.254217105,-0.184886652,4.315419393,-0.193931335,-0.271028613,-0.233130003,-0.422144963,3.645981271,-0.240334836,-0.256487735,-0.302745317,-0.145707048,5.545994966,-0.082662157,-0.147623637,-0.238927456,-0.515042031,4.469029948,-0.141114264,-0.229587177,-0.218056218,-0.472389877,4.348193835
-0.33752574,-0.282346201,-0.171245605,-0.307913687,3.217420827,-0.291497896,-0.192617814,-0.248084378,-0.228016809,5.622580852,-0.277510008,-0.269798791,-0.25205252,-0.228330532,4.964224486,-0.336067759,-0.275067849,-0.281725412,-0.128396703,5.135992382,-0.266543621,-0.264644369,-0.274085463,-0.177415745,5.443958236,-0.201928022,-0.241250213,-0.234336704,-0.324442225,5.199625552,-0.346075904,-0.313355151,-0.1616444,-0.305822966,3.229191344,-0.318073273,-0.183163026,-0.271739142,-0.190558613,6.012527372,-0.23463012,-0.245720477,-0.215767593,-0.338265121,4.178013108,-0.336489659,-0.281578793,-0.281441275,-0.11450948,5.116748549,-0.277555533,-0.264876165,-0.277384535,-0.159746861,5.393073504,-0.126900883,-0.197710909,-0.188572816,-0.498814402,4.449653177
-0.200701372,-0.21453101,-0.226580423,-0.304828475,6.481491574,-0.211576839,-0.221352177,-0.241678559,-0.401523638,4.98480255,-0.273245528,-0.214266482,-0.25535806,-0.250203567,4.580028909,-0.139668707,-0.260523762,-0.163750819,-0.435087495,4.488867873,-0.252976112,-0.246082106,-0.248019125,-0.249537096,5.187719133,-0.204336869,-0.212251337,-0.271761266,-0.29062473,6.23954138,-0.222709136,-0.216918131,-0.233777141,-0.266363385,6.953701992,-0.222803048,-0.231010206,-0.251049133,-0.380102216,5.096026751,-0.230442626,-0.184340308,-0.209970175,-0.367885712,4.027550157,-0.114406073,-0.23673158,-0.151967923,-0.513920124,4.213340867,-0.266803347,-0.252227131,-0.239398844,-0.246745775,5.020371206,-0.147614942,-0.189475069,-0.24244024,-0.39558502,5.877191379
-0.367969226,-0.289845914,-0.26392364,-0.102884811,5.525703962,-0.313052429,-0.345550756,-0.32752991,-0.041557173,7.609084925,-0.12455596,-0.189454615,-0.194292834,-0.597665142,4.679167913,-0.355342809,-0.27120318,-0.278576475,-0.142146133,5.045410799,-0.184585872,-0.295914386,-0.239280821,-0.233343883,5.679416497,-0.279088675,-0.254271826,-0.253071666,-0.236788812,4.326433819,-0.415212397,-0.321256523,-0.301737205,0.00075708,6.491097961,-0.394270139,-0.409562437,-0.310297599,0.136196497,8.607278446,-0.076694147,-0.172461506,-0.161746955,-0.69996937,4.360848453,-0.384707471,-0.264457869,-0.301710901,-0.102400594,5.182629184,-0.186868309,-0.30438898,-0.235682347,-0.231342713,5.711361778,-0.205802614,-0.212409261,-0.203809273,-0.427980513,3.678426196
-0.344248925,-0.309911319,-0.200142814,-0.178105353,5.570654144,-0.273730509,-0.243475379,-0.180181506,-0.246380849,4.620143676,-0.209372071,-0.217565874,-0.276118903,-0.137588995,5.928166989,-0.220905013,-0.285112542,-0.247125122,-0.256518103,5.517119064,-0.155000131,-0.209497878,-0.251471854,-0.350223768,4.761510494,-0.258878421,-0.293726117,-0.241355005,-0.207772504,4.906632672,-0.337942539,-0.29937426,-0.19860638,-0.195928485,5.595338483,-0.296453155,-0.234264682,-0.19608596,-0.22748755,4.660261003,-0.13036943,-0.161403996,-0.238785162,-0.324855092,4.99883452,-0.231001153,-0.285500436,-0.261676133,-0.226775764,5.797563239,-0.163502819,-0.212528563,-0.262495572,-0.313999059,4.768149543,-0.203252819,-0.24040667,-0.213485328,-0.350641457,4.252559173
-0.274867725,-0.303315888,-0.234181737,-0.188385396,4.277137409,-0.214239442,-0.209980946,-0.241722282,-0.261748162,6.238148031,-0.098178834,-0.235896502,-0.221978667,-0.423223596,7.043857994,-0.263171182,-0.242776959,-0.275603364,-0.322601903,5.672685737,-0.242248452,-0.233038001,-0.237494407,-0.266601829,4.459109319,-0.090723178,-0.2233634,-0.160690511,-0.557368673,4.468768946,-0.253053386,-0.316355501,-0.226063554,-0.227235573,4.249885345,-0.241472685,-0.243698041,-0.225914128,-0.235042566,6.072904922,-0.042045307,-0.215515589,-0.191696029,-0.534087422,6.611543053,-0.270259241,-0.244884954,-0.293892197,-0.288703813,5.750382869,-0.222191959,-0.218134988,-0.234773061,-0.304976145,4.379281344,-0.024440175,-0.176772872,-0.13257638,-0.719803534,4.020852568
-0.28487959,-0.24267364,-0.286574172,-0.148375698,4.74177262,-0.110590394,-0.224226565,-0.227953324,-0.368130272,7.920159198,-0.327158614,-0.209449483,-0.241068895,-0.288774815,4.000091182,-0.305560102,-0.245969689,-0.262814314,-0.218318313,5.893892791,-0.212022941,-0.289148508,-0.275793268,-0.233505543,4.623026073,-0.15336176,-0.229027753,-0.207861438,-0.406459484,4.189770334,-0.280396827,-0.240729645,-0.288962833,-0.166238861,4.452019091,-0.078047739,-0.20282897,-0.233432571,-0.426701233,7.770949735,-0.297668203,-0.182945212,-0.203172289,-0.379233592,3.608669576,-0.30246816,-0.246593767,-0.265134905,-0.207245568,6.055025331,-0.196047646,-0.286253269,-0.265543735,-0.244007138,4.646126019,-0.111623902,-0.199067799,-0.175751504,-0.524384413,3.804902745
-0.307132181,-0.315105259,-0.27430118,0.023688413,5.729425418,-0.06138278,-0.199299282,-0.220210128,-0.694659791,4.591840158,-0.303196394,-0.166150214,-0.256009429,-0.393022924,4.139591902,-0.173154216,-0.177608914,-0.227430886,-0.426158537,5.405723745,-0.297689158,-0.275383997,-0.270629719,-0.192897059,4.851530627,-0.247653313,-0.269588821,-0.213024714,-0.239011043,5.355375085,-0.298297575,-0.310680737,-0.256879761,-0.027600344,5.436884483,-0.042904612,-0.199587921,-0.222936182,-0.706112318,4.607074628,-0.255204618,-0.129623928,-0.225872925,-0.525597896,3.827184528,-0.157504079,-0.161190202,-0.217915197,-0.471298319,5.078264742,-0.292988719,-0.277465421,-0.260659814,-0.198421986,4.873169763,-0.20503889,-0.236423216,-0.177021966,-0.357595326,4.728093553
-0.154816301,-0.188010469,-0.298163293,-0.298588105,6.396583384,-0.255977357,-0.334404102,-0.219378083,-0.180966497,7.048996817,-0.186153996,-0.222176277,-0.243084646,-0.317386405,6.984278326,-0.232438741,-0.224891441,-0.284411026,-0.21578341,5.267007415,-0.195057077,-0.198684821,-0.260313125,-0.365265727,5.443150269,-0.261784665,-0.263564709,-0.281044622,-0.223510603,4.555286353,-0.135351241,-0.174981496,-0.283856504,-0.364258613,5.812748856,-0.311721902,-0.376058652,-0.236999853,-0.042483641,7.844260332,-0.116317648,-0.177578516,-0.211892995,-0.48502468,6.040230765,-0.232618167,-0.211184869,-0.293591845,-0.22215379,5.240126774,-0.21033742,-0.192219407,-0.266564682,-0.359186986,5.664581881,-0.223340974,-0.226904589,-0.2627264,-0.320904439,4.271455524
-0.329770242,-0.240429363,-0.259067995,-0.198422649,6.362296838,-0.203268016,-0.266415843,-0.243032207,-0.272397248,6.410880098,-0.305765831,-0.30494227,-0.289523236,-0.052489214,5.337159743,-0.236147027,-0.311252306,-0.237762558,-0.201778672,6.676953013,-0.185853302,-0.203332482,-0.27471474,-0.33682476,5.148695646,-0.264591337,-0.261646966,-0.24899327,-0.233515718,4.820829682,-0.315417307,-0.21360932,-0.263102274,-0.239260947,5.984063489,-0.20536245,-0.290057789,-0.240839259,-0.242110783,6.551420265,-0.272793133,-0.275876066,-0.264615117,-0.142663288,4.80055793,-0.251081305,-0.328355054,-0.238014829,-0.160574168,7.554695319,-0.169627979,-0.198517651,-0.252213931,-0.381614565,4.837708972,-0.20381597,-0.227340573,-0.214746215,-0.373433733,4.431356555
-0.115075324,-0.215373802,-0.260440081,-0.299811749,6.52907286,-0.322779744,-0.294301504,-0.289159097,-0.146038253,5.678940728,-0.268306899,-0.235533328,-0.199579778,-0.258087065,5.790373581,-0.175177797,-0.247952834,-0.264169198,-0.27177609,5.53541191,-0.285623143,-0.291847569,-0.25899299,-0.163010266,4.439114313,-0.198958769,-0.211178019,-0.206422026,-0.449062689,5.054118283,-0.149875263,-0.209851511,-0.297402353,-0.241673032,6.969510528,-0.384225989,-0.344989339,-0.324693734,0.026300936,6.993319981,-0.221508005,-0.221644087,-0.181168175,-0.330591017,5.745224038,-0.184272834,-0.239053044,-0.286342083,-0.25473916,5.467464105,-0.308714989,-0.29548586,-0.274045994,-0.114223252,4.582161561,-0.146226486,-0.183410621,-0.176178304,-0.582456409,4.698145189
-0.178382461,-0.338010861,-0.168101964,-0.336711959,5.947799777,-0.257838909,-0.230295952,-0.311888743,-0.261321507,5.429101888,-0.212090007,-0.223881696,-0.231782634,-0.393800552,7.151394327,-0.254432707,-0.235248345,-0.24001142,-0.24880064,5.069296055,-0.094101834,-0.169725426,-0.222516267,-0.434342128,5.766550264,-0.329142218,-0.271020357,-0.266558022,-0.202378016,4.534217599,-0.198431527,-0.349018196,-0.186783506,-0.243250186,6.234857168,-0.256265655,-0.228362451,-0.314087427,-0.249499935,5.57165333,-0.16463801,-0.190140666,-0.214373043,-0.491905953,6.420134005,-0.238447085,-0.248231379,-0.231350284,-0.280422161,5.325575399,-0.102466568,-0.170279833,-0.227639543,-0.416141848,5.745189534,-0.282983098,-0.232575899,-0.223235598,-0.338855689,3.960452201
-0.355095364,-0.297548556,-0.294796561,0.052361344,6.733728989,-0.31426891,-0.265721256,-0.281200063,-0.226075814,4.526648666,-0.249076936,-0.246218643,-0.268682632,-0.201926369,4.807802518,-0.114443069,-0.202753027,-0.217727173,-0.396369019,6.900315516,-0.253353467,-0.245696912,-0.240490704,-0.236427258,4.818362378,-0.249375555,-0.172441419,-0.25317055,-0.381527782,4.450904342,-0.410193552,-0.312455868,-0.334454751,0.182980159,7.564112955,-0.267889186,-0.266570193,-0.262194441,-0.283972093,4.584499099,-0.201891836,-0.220026839,-0.237496426,-0.312135167,4.419589327,-0.117981304,-0.209744417,-0.214809235,-0.387633692,7.146111678,-0.253502707,-0.246111833,-0.229089966,-0.237119106,4.703601737,-0.20726668,-0.148523277,-0.220252902,-0.488546814,4.073124135
-0.267541246,-0.211843884,-0.201872265,-0.385402491,4.043993753,-0.277792128,-0.206052222,-0.272629347,-0.120199114,5.016197803,-0.182517934,-0.177682083,-0.270677565,-0.347981296,4.686090429,-0.266282878,-0.23316989,-0.243268806,-0.319159829,4.210741146,-0.376068882,-0.286546201,-0.298255304,-0.177883231,5.035825495,-0.203116488,-0.228991268,-0.256833709,-0.306521669,5.103678346,-0.273354468,-0.227211709,-0.188193572,-0.360216331,4.070339124,-0.269103049,-0.21048027,-0.270601172,-0.118903393,5.26923642,-0.125078637,-0.144137033,-0.246354166,-0.479410371,4.151830308,-0.279050817,-0.238445958,-0.24928159,-0.318732947,4.37247666,-0.397097025,-0.286282427,-0.314840506,-0.165295717,5.118671666,-0.131418214,-0.195857966,-0.222942978,-0.458859428,4.725848187
-0.406292385,-0.284827224,-0.292251145,0.021523019,4.917408671,-0.338104709,-0.253082224,-0.284039075,-0.064064628,5.801063716,-0.123676075,-0.189625704,-0.171363729,-0.485205546,7.035015307,-0.206326172,-0.234099033,-0.224616396,-0.34567761,4.755751516,-0.320031133,-0.267037595,-0.247117112,-0.19414758,4.627070452,-0.270111285,-0.209139718,-0.251842324,-0.206641825,4.940242426,-0.439494675,-0.31531849,-0.293331144,0.112592596,5.401691991,-0.361859771,-0.239712398,-0.300956176,-0.022849696,5.839046889,-0.063619333,-0.15528893,-0.141742079,-0.614773048,6.408828299,-0.203922772,-0.23425106,-0.220983554,-0.347741928,4.797845256,-0.322672075,-0.276731924,-0.245053343,-0.197905734,4.859190984,-0.197718736,-0.156859134,-0.209966124,-0.388808789,4.162174312
-0.190580994,-0.237609717,-0.223403311,-0.266248149,6.842951286,-0.251605898,-0.306878919,-0.272798695,-0.11225079,6.388921312,-0.246450104,-0.297969829,-0.275725619,-0.127626809,8.209331181,-0.295375826,-0.279356063,-0.276526988,-0.093481403,5.129102091,-0.284693687,-0.266922146,-0.270473886,-0.177907149,5.462867143,-0.275610893,-0.254714252,-0.245422303,-0.270002744,4.696381232,-0.195937805,-0.275112851,-0.219611084,-0.224177092,7.270198364,-0.252886181,-0.302222856,-0.267257337,-0.156079658,5.813607984,-0.206136047,-0.261243027,-0.244856515,-0.246139964,6.920469004,-0.321069407,-0.295982536,-0.286101642,-0.038794349,5.751910972,-0.315170622,-0.284207954,-0.281555866,-0.114268312,5.50760164,-0.212442836,-0.217714933,-0.208152638,-0.424858785,4.233047067
-0.08691627,-0.227155236,-0.219067938,-0.428853114,6.796726087,-0.405465004,-0.25164818,-0.25700331,-0.192361533,3.682569956,-0.099978219,-0.279197614,-0.171384276,-0.298579335,6.819111288,-0.343863202,-0.278455085,-0.311529881,-0.075997561,5.235174372,-0.208999158,-0.200010656,-0.246415491,-0.374486625,4.301966266,-0.153301129,-0.187891991,-0.22998331,-0.41603249,4.279980312,-0.089522825,-0.221109396,-0.222303254,-0.444685055,6.802784616,-0.44157112,-0.280694106,-0.24835473,-0.143255494,3.691622748,-0.063983952,-0.244537208,-0.157996252,-0.375079087,6.250734403,-0.34059076,-0.283843997,-0.314402334,-0.068938265,5.532245351,-0.197244413,-0.199174192,-0.231572526,-0.409977197,4.275861519,-0.089268811,-0.145238597,-0.20341916,-0.561900564,3.930628587
-0.198655936,-0.244078318,-0.3277181,-0.356092031,5.753729325,-0.213628262,-0.278953408,-0.320075309,-0.091574234,5.790355353,-0.327182322,-0.291445017,-0.285126853,-0.116339137,5.555702694,-0.2486848,-0.255084853,-0.315827283,-0.130507467,5.845639025,-0.229922207,-0.234551783,-0.288305872,-0.202550309,5.42344538,-0.206839188,-0.254003191,-0.177273933,-0.350202757,5.116761024,-0.20902797,-0.243678229,-0.352937836,-0.30502257,5.817631699,-0.226872667,-0.266694036,-0.33422294,-0.092781037,5.481127159,-0.292203566,-0.270834577,-0.261567066,-0.220546739,4.979567759,-0.236745752,-0.259433232,-0.312896602,-0.140810759,6.008766478,-0.231544511,-0.233098322,-0.301464165,-0.183026913,5.572591758,-0.155193655,-0.217308775,-0.148022409,-0.464333722,4.704138086
-0.19498099,-0.220001294,-0.241252021,-0.454820168,5.691792292,-0.376661646,-0.216010384,-0.284936042,-0.205241063,3.497095754,-0.239400245,-0.230770963,-0.181018102,-0.342590862,4.90688176,-0.257090624,-0.254020914,-0.241930575,-0.256689792,5.125301616,-0.193763077,-0.267418108,-0.266621846,-0.202767672,6.327285662,-0.107389406,-0.201400543,-0.232464409,-0.443618963,5.35181871,-0.22927678,-0.242995115,-0.236831853,-0.439626134,5.736898288,-0.413819136,-0.241507069,-0.318410585,-0.119585063,3.914331521,-0.193307591,-0.199858557,-0.165629017,-0.435504013,4.653526765,-0.254948373,-0.250829175,-0.24438078,-0.256324149,5.049331676,-0.215844997,-0.294017294,-0.263403775,-0.134605383,7.043808028,-0.034678413,-0.16618264,-0.19141674,-0.602431716,4.654633468
-0.3051942,-0.249917985,-0.292464682,-0.164703172,5.254402329,-0.256286955,-0.213188119,-0.350553652,-0.135692436,6.346323546,-0.260092838,-0.265086827,-0.224627829,-0.203914023,4.33744618,-0.349015098,-0.313481521,-0.240527865,-0.097285158,5.447205826,-0.367734609,-0.320802948,-0.215758135,-0.124342553,4.37647697,-0.220268931,-0.250743335,-0.220635,-0.345708178,4.752623337,-0.270024959,-0.263225091,-0.292421518,-0.184693649,5.221511426,-0.296568555,-0.211705098,-0.377853311,-0.046762235,7.142420024,-0.197513205,-0.222452315,-0.200155869,-0.344794245,3.877850915,-0.34291221,-0.32772587,-0.222745857,-0.102161324,5.392610615,-0.408112945,-0.341072415,-0.246710654,-0.034645861,4.449488473,-0.165934102,-0.225128303,-0.181273787,-0.468910774,4.406193847
-0.193965153,-0.227307221,-0.218631055,-0.296844566,5.33469578,-0.375269887,-0.231801313,-0.299473718,-0.034204911,5.466129344,-0.272644201,-0.270865768,-0.25638174,-0.203865443,4.430429635,-0.17729359,-0.230639284,-0.228687911,-0.340586431,4.983039175,-0.258682189,-0.287778259,-0.248943737,-0.208996253,4.934495304,-0.338852905,-0.270348296,-0.23863028,-0.208982588,4.111131718,-0.199818395,-0.222533747,-0.224640906,-0.284927419,5.233232356,-0.37291588,-0.221657389,-0.301192728,-0.038670988,5.464418526,-0.239050973,-0.261378034,-0.210247198,-0.300523688,4.014757104,-0.162519399,-0.233104666,-0.212698516,-0.36238289,4.891394456,-0.2801811,-0.313913311,-0.251803969,-0.148775061,4.997167878,-0.26912997,-0.224751678,-0.202559956,-0.371205379,3.530261261
-0.20442071,-0.233154428,-0.266957546,-0.315946938,5.692621975,-0.308462301,-0.221884338,-0.352195328,-0.046386328,6.802722371,-0.178259332,-0.221308856,-0.224344943,-0.338399217,4.379826423,-0.378467352,-0.295802955,-0.318194778,-0.02677392,4.503543862,-0.262402482,-0.23158538,-0.268684121,-0.325433146,4.780319126,-0.201743585,-0.229889075,-0.204985428,-0.291392994,4.996037009,-0.220080475,-0.249224763,-0.28667328,-0.262296764,5.993470923,-0.333539633,-0.250642199,-0.36815239,0.0423801,7.401049921,-0.136105198,-0.189366298,-0.185305035,-0.449649157,3.861818913,-0.395149008,-0.314289906,-0.319544729,0.013143092,4.369426932,-0.284248833,-0.237276821,-0.278711763,-0.293001264,4.98631934,-0.14160171,-0.200072867,-0.163868663,-0.414988821,4.392489953
-0.278556484,-0.219458824,-0.315266419,-0.218024005,6.292208947,-0.248228012,-0.2396107,-0.288709445,-0.194921299,4.359887817,-0.283301018,-0.156783017,-0.256818145,-0.280563683,4.41714707,-0.200526083,-0.224508466,-0.248747408,-0.365550562,4.266968449,-0.154533591,-0.251704339,-0.267753118,-0.334529634,5.989055884,-0.396416721,-0.273733449,-0.284004106,-0.116511232,4.139252892,-0.303676853,-0.193038998,-0.36944749,-0.181749596,6.880123318,-0.221343894,-0.211076591,-0.276683404,-0.268500207,4.042122247,-0.222542886,-0.111225487,-0.225678214,-0.416070664,3.975384401,-0.191628806,-0.223397053,-0.247999347,-0.367240956,4.279687203,-0.124075489,-0.253252773,-0.268288476,-0.368577204,6.434253122,-0.35067106,-0.239857241,-0.246716136,-0.256788301,3.515432717
-0.222852676,-0.254465636,-0.300021572,-0.182912702,5.927268588,-0.317168595,-0.304152981,-0.350875359,0.020860232,5.426754458,-0.210505049,-0.259665145,-0.208591059,-0.36894273,4.364334386,-0.260127963,-0.303264251,-0.251313053,-0.126652073,5.758237012,-0.151387933,-0.168272875,-0.257902717,-0.455190317,4.482252539,-0.131190571,-0.167776097,-0.223025265,-0.473649143,4.324753821,-0.23562858,-0.254191357,-0.286837381,-0.201452346,5.897110217,-0.338044111,-0.316666257,-0.34653553,0.042914288,5.269903563,-0.131852144,-0.210459812,-0.150698652,-0.574298399,3.688887923,-0.259957303,-0.30786261,-0.236929438,-0.142527347,5.614482191,-0.141935618,-0.15335824,-0.273358017,-0.469217771,4.479427586,-0.085544242,-0.127734256,-0.201992722,-0.595032082,4.064792355
-0.231208272,-0.180632778,-0.23003671,-0.3905424,6.077666662,-0.288079901,-0.279467039,-0.192289538,-0.213330456,4.448593831,-0.07737186,-0.181231453,-0.19292556,-0.646533339,5.518464955,-0.252010574,-0.273489677,-0.247426421,-0.204616929,5.411189942,-0.271677961,-0.253127299,-0.297733485,-0.100292549,5.403963967,-0.181798331,-0.221168903,-0.239554119,-0.350342658,5.152094347,-0.245477802,-0.189380255,-0.211462898,-0.390030817,6.08100901,-0.293374655,-0.298444835,-0.181329497,-0.181089653,4.441695108,-0.009511584,-0.141175232,-0.169090101,-0.786107849,5.158480036,-0.262438257,-0.2828623,-0.241694498,-0.179591156,5.391148425,-0.334770482,-0.253121339,-0.321365278,-0.045552448,4.657902379,-0.138965188,-0.190935186,-0.207312633,-0.45560348,4.768848679
-0.207506292,-0.230777043,-0.314081306,-0.188292811,5.901810365,-0.380267751,-0.248805959,-0.361252316,0.011862703,6.871869985,-0.340451698,-0.315199459,-0.194329642,-0.071027513,5.985449643,-0.276881337,-0.26766089,-0.270611964,-0.151159561,5.737336941,-0.215542466,-0.254875245,-0.221615769,-0.277058455,5.054902878,-0.27018374,-0.25830161,-0.266019679,-0.220811169,4.209484896,-0.215815235,-0.220152807,-0.351511858,-0.156780879,6.193718933,-0.387130376,-0.225163172,-0.37506675,0.018371908,6.850079538,-0.306807383,-0.277922977,-0.164794214,-0.192094966,4.923386606,-0.298206486,-0.293367716,-0.25540942,-0.096938184,5.727095779,-0.232482287,-0.273682652,-0.234156236,-0.224103441,5.250539319,-0.181069832,-0.203761751,-0.228183104,-0.428937004,3.592854817
-0.230255391,-0.211477401,-0.246029779,-0.31553152,5.564437296,-0.225384786,-0.283424814,-0.248898312,-0.346362125,4.515606796,-0.279993322,-0.279023518,-0.305664938,-0.105742224,5.40998051,-0.296297017,-0.279834563,-0.269908524,-0.096698887,4.709708268,-0.155720333,-0.266379396,-0.224915614,-0.309654188,5.569814573,-0.181054402,-0.229291806,-0.222654506,-0.355618482,4.920274295,-0.160622472,-0.182446579,-0.218160552,-0.446514086,5.12357066,-0.231394558,-0.30675219,-0.233376372,-0.345684735,4.403234281,-0.208999757,-0.248838842,-0.26608679,-0.257069778,4.59062614,-0.302359895,-0.289160491,-0.271454833,-0.085710346,4.707451688,-0.155341558,-0.272202332,-0.227292308,-0.306552563,5.634090769,-0.127584912,-0.202174941,-0.186288822,-0.484411342,4.401157603
-0.169010911,-0.240852088,-0.242723952,-0.191336304,5.442764053,-0.28964743,-0.291527717,-0.319888791,-0.048774846,4.731243878,-0.180778408,-0.236012764,-0.259506912,-0.30396761,4.973531369,-0.219595091,-0.289058757,-0.273745707,-0.143411467,7.076208354,-0.206356445,-0.207914903,-0.251159276,-0.350579897,5.737805108,-0.205398792,-0.189477595,-0.238601292,-0.379373508,5.110223026,-0.216998791,-0.268039941,-0.225050741,-0.13310992,5.463652401,-0.336990363,-0.318137862,-0.328065361,0.031958052,4.876615217,-0.123690672,-0.19501961,-0.218189714,-0.447533339,4.40910754,-0.23523816,-0.319100796,-0.278647785,-0.096063412,7.505123434,-0.197839338,-0.208094241,-0.256020715,-0.361203381,5.894612407,-0.14354706,-0.144425303,-0.211881802,-0.52533234,4.577500824
-0.098019518,-0.225884888,-0.164481157,-0.441383955,4.023093805,-0.439775068,-0.316432413,-0.272383022,-0.036631745,4.704974227,-0.389306999,-0.211479563,-0.303424435,-0.179995016,4.631683506,-0.237585918,-0.22536421,-0.25475132,-0.265518188,5.52536133,-0.25201064,-0.226410646,-0.287445668,-0.304525404,4.933285916,-0.199755211,-0.254708484,-0.209429526,-0.328219636,5.678364225,-0.096977185,-0.22037278,-0.150126161,-0.47160278,3.856939422,-0.463428047,-0.322499016,-0.284142681,0.011180164,5.009166157,-0.333671812,-0.213134308,-0.236961601,-0.292116167,4.21165754,-0.263155631,-0.2431035,-0.263633272,-0.21816396,5.902591561,-0.290700717,-0.237358015,-0.310780173,-0.225348321,5.170828083,-0.124296616,-0.221408662,-0.169910805,-0.497058134,5.121672355
-0.271215484,-0.203078694,-0.323763541,-0.28106753,5.407360787,-0.195044037,-0.279789914,-0.251308846,-0.181548587,7.177979017,-0.226314998,-0.243093567,-0.230110078,-0.318005931,5.165784718,-0.355444149,-0.274719939,-0.257396974,-0.07393423,4.696453049,-0.279263669,-0.239147621,-0.225161669,-0.191452615,4.491947205,-0.187214851,-0.226098167,-0.2362314,-0.306962578,5.171408294,-0.27205658,-0.214057499,-0.302055094,-0.297191584,5.426605615,-0.22049487,-0.287265245,-0.258158502,-0.141317376,7.564214262,-0.170960207,-0.243845885,-0.175821738,-0.439822098,4.892735575,-0.341171372,-0.277938402,-0.24893053,-0.089804134,4.449240418,-0.27624363,-0.251934566,-0.213242796,-0.193314188,4.466671445,-0.135200437,-0.189598518,-0.185846805,-0.454483321,4.519919364
-0.264715113,-0.194715267,-0.359758559,-0.145281853,4.283876035,-0.155564279,-0.234178762,-0.243940137,-0.400077818,5.186338465,-0.332860268,-0.231360272,-0.265736213,-0.158628867,4.11649489,-0.294645555,-0.254217512,-0.281626454,-0.124969965,5.035880464,-0.283828264,-0.248336236,-0.287745119,-0.254208596,4.760945768,-0.15516238,-0.223704788,-0.187018367,-0.378607481,5.676263963,-0.320983643,-0.205158689,-0.433688416,-0.050821998,4.669817062,-0.164358079,-0.228971237,-0.278306719,-0.370913519,5.312890784,-0.288277822,-0.208715761,-0.218322791,-0.269995705,3.664364433,-0.324704544,-0.253902692,-0.288984221,-0.094557738,4.983131802,-0.323810339,-0.249705245,-0.315635293,-0.179883706,5.103184711,-0.114788716,-0.204458281,-0.169923383,-0.463440783,5.343630386
-0.220008979,-0.221704779,-0.228862876,-0.348807189,5.896143196,-0.145668398,-0.241331391,-0.201694017,-0.379224902,5.314979986,-0.334001287,-0.239863837,-0.226483693,-0.177979073,3.67180493,-0.204917567,-0.182261337,-0.268556369,-0.337902628,4.739723723,-0.21798752,-0.26822601,-0.229308085,-0.284259684,6.06612754,-0.156429199,-0.247485877,-0.210356366,-0.366505842,4.618520772,-0.225391175,-0.227975437,-0.221030478,-0.345748399,6.059314152,-0.176224878,-0.250184337,-0.21074562,-0.359458017,5.41605436,-0.28344225,-0.201886633,-0.191679419,-0.306723374,3.37127381,-0.203995779,-0.177307455,-0.27436609,-0.316000078,4.767956373,-0.258275632,-0.294542386,-0.246802271,-0.196847351,6.617280588,-0.102567077,-0.224060555,-0.176523663,-0.490567652,4.21965109
-0.389645601,-0.299019324,-0.254060621,0.026973772,4.832892019,-0.361070384,-0.205781173,-0.333760294,-0.157911155,3.75964279,-0.224990884,-0.225700489,-0.196315855,-0.405084248,4.88645257,-0.285502446,-0.250785,-0.222981687,-0.147809365,5.872057202,-0.200231902,-0.265941494,-0.216257985,-0.285953866,5.76096525,-0.194985423,-0.215789601,-0.245294682,-0.369654353,5.110847153,-0.417002915,-0.311431121,-0.249457934,0.066708837,5.229263286,-0.347734375,-0.18649097,-0.314406184,-0.222292087,3.626730146,-0.164723207,-0.1824135,-0.173237987,-0.533097974,4.476958535,-0.285570764,-0.245521072,-0.227232841,-0.162031792,5.858853988,-0.204509501,-0.267390144,-0.213322406,-0.292622224,5.758286415,-0.112083369,-0.169948749,-0.204643816,-0.541649334,4.514992271
-0.264426319,-0.294622119,-0.284913285,-0.10022173,6.085804297,-0.248651706,-0.28692647,-0.274142284,-0.125789206,6.868407548,-0.200488316,-0.215661027,-0.290995253,-0.239049523,5.640521769,-0.33008927,-0.269905094,-0.276866554,-0.151047521,5.013278809,-0.126475184,-0.212154191,-0.223991422,-0.450716428,4.62483705,-0.205788362,-0.23155949,-0.245747329,-0.352565648,4.934950071,-0.311253302,-0.32823478,-0.297378933,4.84886540075571e-05,6.95530509,-0.232558446,-0.292899596,-0.2623196,-0.151386576,6.511429512,-0.146414378,-0.179819697,-0.267463454,-0.372711746,4.931943888,-0.312771003,-0.270102184,-0.266685766,-0.171234737,5.133736601,-0.116157661,-0.204563773,-0.226028204,-0.483933002,4.511603936,-0.11984045,-0.190609617,-0.19801593,-0.554434236,4.279828076
-0.189608836,-0.223170797,-0.246524209,-0.317112651,8.422189804,-0.176628539,-0.221666711,-0.331738461,-0.230190833,6.333552608,-0.23289556,-0.267967189,-0.16323254,-0.318215347,4.480726373,-0.229079837,-0.224942488,-0.240650344,-0.232541182,5.250438117,-0.221921333,-0.219520795,-0.263110281,-0.269830302,5.894427694,-0.22899776,-0.251820526,-0.214325952,-0.281275477,5.005970474,-0.205752025,-0.233738032,-0.24937191,-0.306893201,9.614492036,-0.165346867,-0.227051039,-0.326228437,-0.235069698,6.398068626,-0.15866619,-0.220481129,-0.125391265,-0.489463607,3.991050897,-0.242073807,-0.242204882,-0.23856877,-0.205973401,5.121332893,-0.236744905,-0.230742522,-0.266579734,-0.234346806,6.021172316,-0.164432629,-0.21155123,-0.175486909,-0.442633205,4.426940084
-0.195685713,-0.193522792,-0.225007717,-0.389483197,6.238878316,-0.188759408,-0.222503785,-0.206131054,-0.379578301,4.435471022,-0.145209829,-0.227567917,-0.194466036,-0.447072895,4.927191993,-0.234729249,-0.28539789,-0.22266644,-0.241114357,4.646971624,-0.368030855,-0.262181109,-0.276485336,-0.09225097,4.783890227,-0.190794186,-0.196063273,-0.287725764,-0.309362201,4.720994632,-0.178827871,-0.181688863,-0.22128549,-0.415960471,6.197395856,-0.167220603,-0.202771505,-0.193252556,-0.434402742,4.186149743,-0.103493165,-0.183552118,-0.181108605,-0.563889708,4.544975808,-0.216222284,-0.287346771,-0.204371212,-0.288605502,4.522416885,-0.405042682,-0.287645371,-0.301368571,0.012549661,5.140947846,-0.144784011,-0.168853262,-0.246356021,-0.42082746,4.290258496
-0.335005952,-0.306455704,-0.316724127,0.057182315,4.891976019,-0.231349631,-0.137874727,-0.256998028,-0.360820464,3.628545804,-0.056405717,-0.17093216,-0.208516135,-0.544569915,5.604843507,-0.240091915,-0.2843773,-0.252757341,-0.233407496,6.830885181,-0.231029193,-0.281141559,-0.208185702,-0.269917593,5.471688365,-0.304085154,-0.223220789,-0.278649537,-0.210027201,4.150130396,-0.35328045,-0.324195283,-0.3083324,0.115564683,4.981868084,-0.203955536,-0.107123861,-0.246783938,-0.420046316,3.522703719,0.002738583,-0.133183653,-0.175208493,-0.675045568,5.006874037,-0.245511938,-0.292191441,-0.255686944,-0.217909441,7.047470134,-0.233148231,-0.269740172,-0.232542451,-0.26462508,5.657418645,-0.243112753,-0.198799396,-0.247648402,-0.348080905,3.829511752
-0.14955827,-0.254909945,-0.236816002,-0.386948237,5.318642586,-0.259444453,-0.256849884,-0.269559619,-0.221767914,6.300272824,-0.214286695,-0.242916383,-0.216409062,-0.336206942,4.298175908,-0.239354088,-0.27854461,-0.200049525,-0.237839338,6.392389958,-0.195406152,-0.282647934,-0.201164379,-0.296627327,5.711914374,-0.209983393,-0.216477863,-0.200816417,-0.37494928,5.067438413,-0.15598544,-0.27547232,-0.215340726,-0.408912469,5.278748656,-0.295443209,-0.282354766,-0.288321516,-0.112158826,6.610831248,-0.153631792,-0.196679599,-0.197236191,-0.480003771,4.070169728,-0.251370543,-0.283833395,-0.208033804,-0.215155313,6.672610878,-0.19257606,-0.285656997,-0.198751037,-0.299281558,5.85163387,-0.171773306,-0.183022464,-0.180535277,-0.464715253,4.584001903
-0.227362354,-0.232308514,-0.208535102,-0.371298262,4.685845265,-0.3804381,-0.254383089,-0.327703638,-0.001512106,3.979572006,-0.292091321,-0.217370267,-0.217669201,-0.268290633,5.991645644,-0.189195604,-0.222412006,-0.239252945,-0.363342142,4.995404518,-0.31817307,-0.295368086,-0.243879597,-0.145718656,5.459034,-0.300934687,-0.28844994,-0.238961972,-0.18698628,5.401818315,-0.212386761,-0.234778296,-0.204291169,-0.397182085,4.756282134,-0.372715522,-0.239795111,-0.348536689,0.01232366,4.201906594,-0.261117259,-0.19533849,-0.184761252,-0.363302746,5.431049131,-0.174975981,-0.216847877,-0.241326955,-0.391604478,4.766505367,-0.343761876,-0.302684107,-0.258622343,-0.094424647,5.58697216,-0.263242867,-0.253340603,-0.215929092,-0.293291116,4.867373294
-0.259683583,-0.306067816,-0.23275953,-0.145793049,4.872007084,-0.439735941,-0.305074196,-0.325900291,0.216936703,6.464337547,-0.286683575,-0.238998797,-0.258512072,-0.331455243,4.03533963,-0.270814723,-0.266671849,-0.304537403,-0.049192953,5.605313172,-0.233144559,-0.23498766,-0.225636833,-0.295840453,4.443113764,-0.12011375,-0.154187156,-0.229553586,-0.52297397,4.843769411,-0.287209764,-0.307682967,-0.265735732,-0.088297391,4.977131444,-0.442721354,-0.296340886,-0.350991328,0.263690228,6.795395771,-0.207353921,-0.204028477,-0.206662139,-0.505386115,3.553017419,-0.254907056,-0.27039509,-0.309408127,-0.045666205,5.572731667,-0.238639149,-0.239030447,-0.227854819,-0.258889962,4.456619097,-0.049808735,-0.116680857,-0.188981192,-0.677148744,4.443329148
-0.290771448,-0.224247531,-0.269615554,-0.28220932,3.274211496,-0.225285218,-0.204858404,-0.271626526,-0.257151384,4.863650593,-0.100309034,-0.180570187,-0.189568008,-0.487257483,4.45833553,-0.256545079,-0.246845248,-0.253708247,-0.299898434,4.665655698,-0.215632098,-0.276598598,-0.229325742,-0.26044639,5.781839747,-0.264833856,-0.243148909,-0.231783108,-0.281243877,4.036031391,-0.239772599,-0.191859431,-0.241263851,-0.399717319,2.963811224,-0.219888993,-0.210361438,-0.261424119,-0.270529054,4.864690018,-0.041210674,-0.14345204,-0.161946998,-0.609211221,4.127918341,-0.25469435,-0.250383105,-0.251646848,-0.305407724,4.638311787,-0.257604387,-0.281521215,-0.249061325,-0.189126263,5.818208118,-0.2138395,-0.203038794,-0.200070132,-0.419751743,3.676876334
-0.317220138,-0.287318893,-0.238827452,-0.150278352,4.496481006,-0.315586512,-0.318224738,-0.212880557,-0.129876648,8.215600531,-0.135987693,-0.214876233,-0.214524404,-0.526693728,5.730506595,-0.273859101,-0.2117357,-0.27208019,-0.161091918,5.273543712,-0.183346559,-0.246816629,-0.24746408,-0.316251171,4.925333474,-0.173027609,-0.181862714,-0.234278908,-0.456265972,4.98712793,-0.361781757,-0.340320017,-0.223489365,-0.069371175,4.725140855,-0.360927797,-0.347822984,-0.246590759,-0.015377058,10.28833071,-0.064075429,-0.181505279,-0.174620715,-0.688136998,5.174061928,-0.259290657,-0.199295402,-0.257004298,-0.196782265,5.030141504,-0.177321315,-0.23784948,-0.253868936,-0.324476057,4.969556241,-0.120603619,-0.156070951,-0.195044415,-0.59468195,4.71833939
-0.295477557,-0.28042313,-0.17496375,-0.169186653,5.416346818,-0.155154244,-0.222642304,-0.298173416,-0.327576519,5.834747604,-0.200718065,-0.163211062,-0.242929539,-0.331221514,5.657584878,-0.31226389,-0.292969507,-0.23247085,-0.209253754,5.311528537,-0.2707759,-0.313237515,-0.253857398,-0.157115151,5.386106673,-0.179072045,-0.24218936,-0.238889747,-0.354554583,4.936281252,-0.29005722,-0.264363697,-0.160890722,-0.209913804,5.226120788,-0.185240202,-0.263662683,-0.306291039,-0.252672651,6.026068115,-0.120743425,-0.121009647,-0.191582372,-0.521759109,4.798311098,-0.309458123,-0.289356705,-0.220549409,-0.237500507,5.125135283,-0.261185688,-0.306506144,-0.247205285,-0.188632424,5.308192518,-0.118220263,-0.193734355,-0.21978296,-0.48967836,4.368476079
-0.135997785,-0.153681392,-0.264791431,-0.453636146,4.919535323,-0.213658185,-0.293771566,-0.269852005,-0.201394164,5.715027117,-0.086723869,-0.158847595,-0.214682897,-0.507407242,5.296174279,-0.263743027,-0.284794063,-0.24966081,-0.207297903,5.476119901,-0.352235299,-0.267867155,-0.30036798,-0.106615591,3.99522722,-0.243805481,-0.193864435,-0.187638818,-0.417577088,4.384814756,-0.137883192,-0.156905475,-0.275642378,-0.443142991,4.974219771,-0.193134511,-0.311282519,-0.256844924,-0.213072488,6.158818785,-0.019259339,-0.145115654,-0.172389563,-0.620088735,4.94097387,-0.307209527,-0.325208913,-0.252904532,-0.124930494,6.016792742,-0.347299362,-0.273321332,-0.318551706,-0.068633551,4.256388683,-0.191157823,-0.166288292,-0.146639041,-0.552720844,4.029283842
0.034258979,-0.182627467,-0.145636169,-0.606838425,5.074768541,-0.055790188,-0.184323205,-0.142814081,-0.602294071,5.582096168,-0.361871618,-0.19296195,-0.26961689,-0.28192998,3.534692221,-0.238074898,-0.275191977,-0.261784683,-0.174073846,7.618844203,-0.204444899,-0.231720573,-0.238139822,-0.299510732,5.022798691,-0.179017598,-0.238531912,-0.28568153,-0.253901614,6.407839352,0.061032365,-0.182687879,-0.124675532,-0.659034995,4.889134563,-0.010933909,-0.186852049,-0.102753773,-0.693823685,5.330052382,-0.283918441,-0.139745592,-0.228880918,-0.465188804,3.007157425,-0.241131886,-0.29116422,-0.262111829,-0.147415361,8.154806961,-0.203621094,-0.242910528,-0.227073078,-0.289793252,5.029209354,-0.107148582,-0.213984104,-0.238548329,-0.414308639,5.585715586
-0.291058469,-0.286930158,-0.307478208,-0.102159585,5.28849585,-0.166387471,-0.246554019,-0.214330939,-0.414249485,5.68735898,-0.322174281,-0.348539113,-0.25940373,-0.013861312,6.940864092,-0.191515434,-0.21583775,-0.237131549,-0.415747843,4.909496997,-0.150831421,-0.258656969,-0.227653348,-0.35864685,6.645353369,-0.282540543,-0.259394609,-0.266355594,-0.197637665,3.897323706,-0.319084469,-0.32669113,-0.306525079,-0.025323776,6.014523945,-0.154484432,-0.233009315,-0.214139236,-0.432396704,5.739882233,-0.24227394,-0.287559867,-0.207048194,-0.224657314,5.445993422,-0.168674509,-0.2084874,-0.229158216,-0.444360581,4.928998466,-0.177090985,-0.277961836,-0.238797585,-0.283909822,7.262484715,-0.219617643,-0.207429261,-0.222782343,-0.377353155,3.245673484
-0.434454994,-0.332516308,-0.203572174,-0.065495682,3.914261626,-0.275482476,-0.26883268,-0.240019933,-0.204076619,5.850483597,-0.132810738,-0.193212285,-0.204910496,-0.518981234,4.738286392,-0.145165599,-0.22957537,-0.146764484,-0.485743832,4.288157578,-0.200645485,-0.221850006,-0.238194916,-0.284270486,5.277838599,-0.187441006,-0.254528585,-0.247451621,-0.346047461,5.275634138,-0.439604148,-0.316878587,-0.184809187,-0.113366932,3.535321811,-0.317519426,-0.269207765,-0.264964542,-0.166338151,5.74026906,-0.038076421,-0.146275539,-0.146888151,-0.725128341,4.061298065,-0.132746892,-0.222234951,-0.14087959,-0.496493196,4.31325055,-0.213124024,-0.229086023,-0.240495567,-0.243140737,5.344250731,-0.128106376,-0.222579165,-0.217913717,-0.504405486,4.553692056
-0.126346819,-0.238865918,-0.186292685,-0.42277154,5.263506754,-0.338961701,-0.353087328,-0.257355633,-0.014884729,5.510151214,-0.148513933,-0.219056549,-0.153640463,-0.42561683,5.031996274,-0.202659387,-0.210406585,-0.244159036,-0.36706455,5.28690922,-0.253267647,-0.283617352,-0.253389429,-0.243070084,4.72458622,-0.240538803,-0.254542626,-0.261920017,-0.254231956,5.319238791,-0.19830442,-0.30128431,-0.192691865,-0.25930646,5.701250923,-0.324114727,-0.362073807,-0.249330916,-0.022447215,6.180522708,-0.096741461,-0.18378011,-0.121522605,-0.562820753,4.603602504,-0.208583071,-0.209558676,-0.257084853,-0.348085328,5.348940114,-0.241018808,-0.271484689,-0.246093113,-0.249413524,4.686610103,-0.141265814,-0.205928631,-0.209469573,-0.468654847,4.557562702
-0.214218117,-0.268809243,-0.318952754,-0.112793296,6.172503845,-0.188077724,-0.214201331,-0.214804505,-0.400053319,6.159421223,-0.297877229,-0.236040791,-0.24569148,-0.205958894,5.086481104,-0.242983506,-0.206530434,-0.274885026,-0.32103954,4.340127629,-0.169733204,-0.218322582,-0.221411466,-0.333156929,5.927741676,-0.305953476,-0.25454542,-0.260801386,-0.163177091,4.741594258,-0.234513958,-0.310718003,-0.34700694,0.014560832,6.486469054,-0.175832978,-0.197221903,-0.227333609,-0.408851259,6.175183119,-0.24610664,-0.207099015,-0.2044886,-0.35425443,4.284576017,-0.236529095,-0.203008211,-0.280465261,-0.323285766,4.390387311,-0.16491664,-0.229804697,-0.218097794,-0.334687662,5.912575202,-0.259616913,-0.228150039,-0.223286334,-0.278519657,4.318127078
-0.391279607,-0.347430956,-0.199421656,-0.072612061,4.613937554,-0.296984862,-0.237307247,-0.337410922,-0.078386592,4.147466102,-0.126254186,-0.224714629,-0.169149767,-0.487056424,5.119819832,-0.200922821,-0.232478515,-0.24808879,-0.311335743,4.71448779,-0.249570099,-0.25562652,-0.273550082,-0.247306416,4.350010574,-0.042046307,-0.201955306,-0.162080576,-0.557645057,6.254586415,-0.419192619,-0.389381251,-0.202381141,0.023415912,5.020512664,-0.358078759,-0.241957722,-0.362741739,0.033948985,4.057452552,-0.071933321,-0.178696231,-0.141325882,-0.622802725,4.633217133,-0.179079497,-0.223596603,-0.234654826,-0.351509557,4.528527951,-0.218594212,-0.243464677,-0.256005836,-0.306970783,4.220520449,0.004270502,-0.172681617,-0.133877734,-0.656343696,5.849426539
-0.360890009,-0.247593997,-0.262769287,-0.333901255,3.969269034,-0.321335414,-0.307954193,-0.271167147,-0.087857199,5.248330147,-0.088237584,-0.20289719,-0.212172778,-0.673593072,4.082112083,-0.165058356,-0.248596072,-0.194097745,-0.390876075,4.668281667,-0.372673643,-0.32072475,-0.293103005,0.011670408,5.378934886,-0.272132876,-0.217432624,-0.219145266,-0.318031819,4.954639303,-0.346738247,-0.215574355,-0.266764456,-0.373104646,3.777702537,-0.33888807,-0.324096914,-0.305888519,-0.02051334,5.887314329,-0.04281573,-0.161627582,-0.19479021,-0.800782809,3.680367964,-0.165671895,-0.266485094,-0.188667903,-0.374756051,4.830579798,-0.386389236,-0.340526983,-0.310589761,0.069322776,6.113923593,-0.211723652,-0.181400366,-0.180717298,-0.460156774,4.446480843
-0.175078232,-0.257660183,-0.205689664,-0.371858956,4.332899985,-0.304031685,-0.281593153,-0.277832056,-0.044762651,6.214701737,-0.230781456,-0.274527074,-0.250634572,-0.270136251,3.800921124,-0.160354063,-0.272904074,-0.240713257,-0.271405983,4.758218039,-0.375564805,-0.337939682,-0.2817329,-0.054665489,4.585428189,-0.168548751,-0.23190255,-0.222012218,-0.306335707,4.881668299,-0.15403809,-0.266298142,-0.204938472,-0.385982981,4.41770047,-0.331157298,-0.261571612,-0.305960176,-0.003566746,6.241666685,-0.161687788,-0.222388488,-0.214803793,-0.428168705,3.380764678,-0.15007177,-0.280810323,-0.233699911,-0.280767567,4.651850611,-0.369063018,-0.361850698,-0.287769728,-0.038429671,4.813762419,-0.097910113,-0.188054914,-0.193039796,-0.467677597,4.285359723
-0.313781116,-0.287137263,-0.317710822,-0.101484347,5.05539441,-0.288530689,-0.330134297,-0.299351296,-0.114616997,5.014792041,-0.126934325,-0.194295053,-0.180779804,-0.497802019,5.38891904,-0.134787261,-0.206969476,-0.226415373,-0.438764902,6.082358577,-0.20513055,-0.263071679,-0.261535584,-0.276232241,5.271755161,-0.194031274,-0.268461649,-0.258588274,-0.247604333,5.058509037,-0.415663386,-0.30787571,-0.384961178,0.122869476,5.489835777,-0.3118316,-0.370343931,-0.322292809,-0.048557031,5.326218471,-0.021008772,-0.152389098,-0.121227061,-0.717867436,4.821291427,-0.116822816,-0.201286788,-0.219951349,-0.467881446,6.042056898,-0.208688076,-0.283027465,-0.248677352,-0.264393843,5.066157668,-0.134433885,-0.243354687,-0.221242507,-0.396449055,4.381400124
-0.372958177,-0.269191682,-0.249792269,-0.206968251,4.692413118,-0.132101215,-0.256141423,-0.222981187,-0.413383751,5.26407482,-0.155252378,-0.188807666,-0.210305817,-0.415573151,3.988139902,-0.179608302,-0.194020285,-0.257819014,-0.336785294,5.098939854,-0.151447113,-0.246503131,-0.251901844,-0.325412648,6.312204949,-0.156124976,-0.239327398,-0.199844265,-0.380170534,5.408853384,-0.380020536,-0.276426991,-0.248401065,-0.203205948,4.766120144,-0.11334513,-0.260049177,-0.203219824,-0.452749604,5.396399842,-0.087594003,-0.141260427,-0.190224019,-0.573332148,3.733341995,-0.163207291,-0.181396563,-0.264336744,-0.368113774,4.956135806,-0.13020716,-0.220491485,-0.24761385,-0.396082114,6.020491179,-0.102888881,-0.21281406,-0.170481466,-0.487970439,4.909862585
-0.470253798,-0.285353936,-0.356544976,0.114901836,5.070027374,-0.362243931,-0.282006357,-0.2999359,-0.061015515,6.167297735,-0.050432444,-0.204938608,-0.217843739,-0.540650256,4.355367594,-0.215247212,-0.225823771,-0.280173056,-0.263065654,4.558337394,-0.15043678,-0.218262325,-0.285581278,-0.302055332,6.598075859,-0.208881784,-0.270287083,-0.227296021,-0.28427796,4.936883156,-0.507790811,-0.296390608,-0.365570899,0.17101277,5.55290928,-0.364747349,-0.278290891,-0.30222567,-0.062490224,6.206241913,0.008285699,-0.152984005,-0.167350078,-0.698896231,3.737667728,-0.221515221,-0.225814696,-0.293005011,-0.242269351,4.880612086,-0.131564847,-0.203827585,-0.289910028,-0.330071971,6.643721929,-0.152745135,-0.232870972,-0.188849629,-0.421537197,4.343654124
-0.276369534,-0.280831634,-0.222661167,-0.20372465,4.593376859,-0.173079833,-0.221832889,-0.26126209,-0.397107269,4.279118314,-0.232362766,-0.226638719,-0.253082066,-0.18413593,4.919167887,-0.147620362,-0.234674575,-0.216700753,-0.464323218,5.481693039,-0.163735208,-0.223979972,-0.244636861,-0.409828611,4.491671183,-0.24978148,-0.207541509,-0.264278816,-0.268792112,4.53512972,-0.376051906,-0.308640052,-0.259870237,-0.026370045,4.934539231,-0.208657767,-0.250736291,-0.263739076,-0.347481306,4.290783529,-0.169794321,-0.175698535,-0.218260132,-0.336296331,4.134201144,-0.146820123,-0.231086323,-0.231657778,-0.439665736,5.739723339,-0.14998992,-0.216243924,-0.241158395,-0.438176796,4.245410891,-0.192363144,-0.17531547,-0.221901726,-0.417149293,4.046407931
-0.267751448,-0.27641939,-0.25347733,-0.147729081,7.536039391,-0.191591528,-0.259046599,-0.235940837,-0.21847729,5.627839103,-0.118383566,-0.197567706,-0.247034437,-0.458299779,5.164028963,-0.224206946,-0.222264134,-0.260437675,-0.198688627,5.788752421,-0.204275574,-0.271323375,-0.199104607,-0.402131166,4.935054229,-0.196890985,-0.232264043,-0.211821992,-0.334099817,5.187897049,-0.225040549,-0.258015504,-0.254006893,-0.219177777,7.379608952,-0.214412133,-0.263420503,-0.241090408,-0.181569583,5.78567948,-0.040615627,-0.1638342,-0.205485732,-0.61976035,4.59894621,-0.231334749,-0.223152683,-0.266047675,-0.19411812,5.887306984,-0.247415178,-0.302452997,-0.188889314,-0.349795984,4.690992608,-0.113096347,-0.193279108,-0.171223556,-0.52213025,4.536850763
-0.349561452,-0.188002675,-0.271433657,-0.236498991,4.753924715,-0.171324306,-0.239020406,-0.188569413,-0.361531823,3.732644845,-0.149476189,-0.272525051,-0.171515228,-0.350251649,4.814635242,-0.267136677,-0.214092153,-0.307617655,-0.197747237,5.093207374,-0.159766551,-0.220787117,-0.269065388,-0.262292931,5.583129504,-0.12293863,-0.183264502,-0.233627764,-0.430044297,4.269055802,-0.336344038,-0.167342839,-0.281462484,-0.232857566,4.792338319,-0.173513225,-0.246713372,-0.204623116,-0.319741116,4.066884137,-0.10738294,-0.244307832,-0.150995276,-0.446391816,4.606180299,-0.307838839,-0.221345656,-0.328319822,-0.132622366,5.188779046,-0.183317643,-0.227636739,-0.291165218,-0.205662513,5.918366674,-0.060876032,-0.143862644,-0.201301719,-0.567974892,3.951285303
-0.086326957,-0.218243179,-0.224156843,-0.340674289,5.016855737,-0.203718922,-0.294132498,-0.222371195,-0.239216431,7.177235189,-0.098941297,-0.236385641,-0.232751495,-0.415478997,6.420146768,-0.168213949,-0.244411537,-0.225472044,-0.302417592,5.389648064,-0.231442821,-0.275948678,-0.205854491,-0.251982704,4.533713043,-0.253992319,-0.225033598,-0.252239958,-0.218674463,4.891632621,-0.077474101,-0.193223362,-0.223958959,-0.367899789,4.789224738,-0.243547235,-0.318884051,-0.22610751,-0.151925264,7.54905925,-0.028953314,-0.190622171,-0.21150989,-0.556909061,5.660527678,-0.142197463,-0.240144737,-0.211002531,-0.335673032,5.282262966,-0.208584971,-0.280354031,-0.193638267,-0.276640059,4.652036031,-0.205137848,-0.199860718,-0.216728177,-0.344286551,4.346853079
-0.069777656,-0.116947788,-0.281938096,-0.546767453,5.163005775,-0.234592246,-0.162015386,-0.292984429,-0.36126714,4.402077152,-0.254038129,-0.265230961,-0.262620358,-0.214740309,4.595698524,-0.177920926,-0.255526998,-0.248998234,-0.337690847,4.876545867,-0.258187867,-0.207255256,-0.306258672,-0.258522647,4.348339769,-0.238259157,-0.239425865,-0.208927417,-0.220940611,5.010433836,-0.035995151,-0.095249459,-0.27373942,-0.62540543,5.103884467,-0.224953077,-0.13508554,-0.326946715,-0.398377356,4.310618614,-0.18910312,-0.227284059,-0.217893706,-0.394763272,3.889835164,-0.177285722,-0.258674115,-0.252841216,-0.322166277,5.002895674,-0.281689701,-0.201514036,-0.335885985,-0.204753421,4.629435899,-0.194559505,-0.219393326,-0.174618842,-0.335149709,4.636506803
-0.16027404,-0.181827793,-0.300946052,-0.231457835,6.141163618,-0.234885854,-0.301461171,-0.302208747,-0.195846043,5.648792157,-0.211017938,-0.163702533,-0.242143684,-0.361201812,5.091350204,-0.227045337,-0.213620142,-0.243062519,-0.343320041,5.731038196,-0.122435435,-0.287830633,-0.210318645,-0.516803606,6.126844463,-0.36762363,-0.252724921,-0.299027709,-0.081929425,4.271310857,-0.13829639,-0.182173921,-0.27564792,-0.274538024,6.265094545,-0.226622677,-0.298499907,-0.320219731,-0.197650438,5.955159231,-0.156380937,-0.128790784,-0.214832536,-0.490729962,4.548601492,-0.221631221,-0.214336404,-0.237523853,-0.350023705,5.743423216,-0.182442502,-0.313210072,-0.227575059,-0.424132549,6.602501606,-0.295184068,-0.207725103,-0.254451862,-0.261526223,3.731853203
-0.104096539,-0.285844726,-0.229387501,-0.424791007,6.86079898,-0.208194484,-0.209672807,-0.239124708,-0.381623413,5.39583148,-0.383339227,-0.328985247,-0.269533941,-0.057993193,5.28423365,-0.179921132,-0.225225374,-0.24931709,-0.271020839,5.08231649,-0.339866767,-0.221742746,-0.240712873,-0.232565996,5.443762624,-0.214754906,-0.266321918,-0.235494335,-0.260199633,5.231700875,-0.079044135,-0.300014045,-0.202280871,-0.457726146,7.068362113,-0.163327941,-0.195288203,-0.211944625,-0.483070157,4.93894647,-0.308850711,-0.293005027,-0.223626142,-0.218763505,4.544956897,-0.150758026,-0.198345227,-0.237762053,-0.332377195,4.749545591,-0.321457069,-0.203492464,-0.236572663,-0.282036182,5.09560835,-0.150429597,-0.227432497,-0.208717884,-0.396620063,4.743233736
-0.149422371,-0.277324446,-0.21867725,-0.256413175,7.537130557,-0.30801618,-0.332632325,-0.213961326,-0.234617856,4.495466901,-0.334773602,-0.255115127,-0.255202435,-0.061880391,4.311660737,-0.373041803,-0.299733832,-0.289963402,-0.044886807,5.571205486,-0.257814428,-0.232233738,-0.275578775,-0.258508304,4.930972928,-0.22795187,-0.240865354,-0.226498931,-0.361158469,4.501492224,-0.131757512,-0.27077068,-0.211109628,-0.288226737,7.426409937,-0.290330382,-0.324521695,-0.206021675,-0.271256441,4.24309939,-0.266534711,-0.204886677,-0.212005794,-0.275811089,3.50998755,-0.416902497,-0.343189602,-0.312715677,0.103337261,6.520870455,-0.232989253,-0.220647047,-0.26501604,-0.310088945,4.837580166,-0.168598994,-0.204234031,-0.17797784,-0.515560765,3.833706232
-0.337564137,-0.325053995,-0.268985872,-0.116466754,4.518941571,-0.181117537,-0.222827188,-0.238699689,-0.388419205,5.434633228,-0.298942447,-0.276680529,-0.244261368,-0.177616363,3.891684649,-0.259828209,-0.23049003,-0.256508992,-0.25712981,4.797744582,-0.286245403,-0.279561823,-0.231265155,-0.288886372,4.956913195,-0.205444171,-0.308467721,-0.226565462,-0.18495509,5.470260627,-0.345722526,-0.325379617,-0.259430961,-0.110225918,4.256549166,-0.18947314,-0.200233035,-0.264150351,-0.386614712,5.715562493,-0.209082265,-0.235979978,-0.213126364,-0.368550064,3.525169674,-0.267417896,-0.243217519,-0.254853577,-0.246533567,4.810277873,-0.297001034,-0.277975006,-0.222441702,-0.297100853,4.732098854,-0.145006979,-0.27084584,-0.193782796,-0.322598104,4.781804496
-0.212198467,-0.186107035,-0.201438554,-0.547426171,4.123676352,-0.175047521,-0.255303621,-0.243542306,-0.411836472,5.5099202,-0.131823083,-0.258140232,-0.204643138,-0.285918946,6.240164869,-0.232400999,-0.242734379,-0.259821335,-0.256641463,4.76311022,-0.339236347,-0.250185383,-0.317949519,-0.119283966,4.248910507,-0.208895335,-0.272825015,-0.257070824,-0.281287166,4.872684889,-0.198058031,-0.17275786,-0.200510499,-0.582100877,3.991189208,-0.204562982,-0.267092564,-0.251749682,-0.358061068,5.857554352,-0.0620233,-0.234956269,-0.154756918,-0.443162598,5.39026737,-0.242855013,-0.242461889,-0.265041525,-0.23143531,4.798294875,-0.340201997,-0.240765733,-0.328943269,-0.121663499,4.217809329,-0.135281983,-0.232332384,-0.212979239,-0.440168826,4.3038402
-0.348860325,-0.262026311,-0.281246726,-0.038800925,4.535113354,-0.303590447,-0.230483697,-0.267615452,-0.175506406,4.80342706,-0.397483771,-0.293389083,-0.265011432,-0.043953699,4.365317121,-0.229743099,-0.218301919,-0.262872602,-0.280536379,5.437844699,-0.19944665,-0.171816475,-0.230303832,-0.462952557,4.164504533,-0.18955462,-0.217794181,-0.176983635,-0.378826485,4.817304217,-0.409808871,-0.281335609,-0.304067762,0.069491838,4.904247295,-0.273066509,-0.220905461,-0.266140217,-0.219890831,4.854341154,-0.316248681,-0.24197982,-0.208444573,-0.262031954,3.626605441,-0.220102697,-0.210809378,-0.26618561,-0.298257735,5.407094119,-0.206792192,-0.172959258,-0.236021581,-0.43805884,4.266841489,-0.130646328,-0.186829425,-0.143319014,-0.505694433,4.38898764
-0.24992924,-0.250009952,-0.192778223,-0.290674502,4.730280703,-0.419108792,-0.274440969,-0.307093878,0.086926216,5.064706872,-0.311281139,-0.278736462,-0.275548363,-0.105112083,4.695865471,-0.254439802,-0.270571047,-0.231958079,-0.229243735,4.896791886,-0.282176863,-0.211718172,-0.175491504,-0.319229774,4.052503177,-0.293543371,-0.277851082,-0.197267946,-0.37137121,4.119299544,-0.246568284,-0.255620639,-0.184544408,-0.279127915,4.74332699,-0.423014317,-0.276192074,-0.291925388,0.071016635,4.875594207,-0.266401725,-0.257778716,-0.243454803,-0.229686502,4.253703044,-0.293293496,-0.297634969,-0.2528675,-0.143071798,5.239216512,-0.28287786,-0.207300134,-0.175096771,-0.314884593,4.107019484,-0.225267038,-0.241223932,-0.170891224,-0.5119576,3.782433829
-0.19061244,-0.221706582,-0.247468304,-0.284372847,6.35703424,-0.293805557,-0.21344222,-0.225619569,-0.270000921,4.805781133,-0.220700458,-0.181758735,-0.232996601,-0.305963348,4.48195331,-0.217738277,-0.276585667,-0.235614723,-0.198850091,5.755953022,-0.273919991,-0.273046732,-0.261484511,-0.176963317,4.735192965,-0.260458808,-0.262618811,-0.227067087,-0.214139604,5.200476238,-0.173868819,-0.212636046,-0.240607646,-0.317765496,6.341317273,-0.313819824,-0.224278264,-0.223818454,-0.254059321,4.888033919,-0.173903174,-0.143370912,-0.20854249,-0.409830464,4.201525731,-0.247878882,-0.308172361,-0.240378428,-0.127231479,6.343426866,-0.28546131,-0.275688615,-0.266221526,-0.162559762,4.797267544,-0.206793602,-0.219386758,-0.210275317,-0.342337621,4.700149761
-0.360588759,-0.276161425,-0.28375235,-0.028435162,5.158884802,-0.275123759,-0.261072648,-0.269936843,-0.149971389,6.601944006,-0.202592538,-0.220068713,-0.265804314,-0.197181675,8.312936664,-0.193480154,-0.243516911,-0.232446761,-0.288857515,5.756582018,-0.316790392,-0.246787367,-0.275816115,-0.180921316,4.991475431,-0.228097955,-0.27299939,-0.183716881,-0.349878724,4.782191364,-0.338550101,-0.2546482,-0.286245584,-0.09422021,4.902118298,-0.323542444,-0.298338238,-0.266012443,-0.082969966,7.337477977,-0.140222072,-0.184953816,-0.222111841,-0.342762129,7.024259961,-0.181905495,-0.232470547,-0.229194226,-0.311502312,5.687642452,-0.301561596,-0.232729972,-0.274161473,-0.213522343,4.955202135,-0.172732299,-0.235122325,-0.145982183,-0.490128945,4.17636534
-0.243949066,-0.265558765,-0.277250616,-0.117437659,5.11603246,-0.267860192,-0.29938777,-0.185225919,-0.338389804,5.806400797,-0.208760816,-0.231202651,-0.238342205,-0.23164506,5.388330035,-0.318665273,-0.270545977,-0.23437153,-0.149773898,4.90397666,-0.262678462,-0.287542237,-0.235426661,-0.258847097,5.48529013,-0.207488724,-0.203593658,-0.232683904,-0.433983198,4.176554854,-0.250218178,-0.273448405,-0.28806244,-0.088370717,5.417073052,-0.262879443,-0.299062462,-0.182352781,-0.364004848,5.9660305,-0.145255149,-0.198106213,-0.219692232,-0.346294132,5.005802627,-0.320324037,-0.267610497,-0.237629816,-0.147255778,5.014999829,-0.260050105,-0.294672447,-0.221791578,-0.255737527,5.59597501,-0.139333994,-0.161692135,-0.185909756,-0.621618321,3.671428834
-0.189830982,-0.262685364,-0.199214794,-0.339336423,5.834123622,-0.212481411,-0.224122466,-0.216371483,-0.324405466,5.351688795,-0.431466124,-0.244126158,-0.314447703,-0.13725767,4.129751341,-0.335856824,-0.237753886,-0.264388059,-0.124555064,5.139775789,-0.163014474,-0.242810798,-0.206901606,-0.460497078,4.798143851,-0.048153936,-0.218903653,-0.205038481,-0.491892499,5.4045303,-0.166485806,-0.240581237,-0.196248368,-0.404511899,5.773677338,-0.226034212,-0.234809278,-0.215864556,-0.307066591,5.698684806,-0.327463756,-0.191034517,-0.252570976,-0.406508617,3.532041035,-0.30558303,-0.21192642,-0.262579493,-0.176082969,5.022792429,-0.146808735,-0.226290163,-0.212876753,-0.491036401,4.683126753,0.019026396,-0.188630119,-0.169435605,-0.628223102,4.968896805
-0.258401493,-0.286204466,-0.183915723,-0.266278151,4.527582141,-0.393716723,-0.280050581,-0.273715785,-0.031973838,5.363757285,-0.259311165,-0.249047396,-0.248827728,-0.23072987,4.167259153,-0.286231283,-0.28525315,-0.221827242,-0.252305242,4.751710398,-0.299590596,-0.280292777,-0.26281304,-0.096387872,6.438620378,-0.276095619,-0.234616542,-0.285987745,-0.249565939,4.782212389,-0.26228011,-0.305478822,-0.156052861,-0.2796915,4.610116417,-0.394771098,-0.305254211,-0.249811656,-0.046693743,5.474228967,-0.199204955,-0.203699785,-0.219627795,-0.377836698,3.73206075,-0.305630949,-0.310387483,-0.209054401,-0.230388775,4.764428476,-0.334853478,-0.302380996,-0.291312126,-0.005900201,7.212662157,-0.216339347,-0.195235514,-0.24551709,-0.413980645,4.282271116
-0.143158526,-0.244232203,-0.22357379,-0.430728964,4.719515615,-0.252228816,-0.236648321,-0.314071485,-0.125845748,5.843689213,-0.342526433,-0.205974795,-0.286463289,-0.370764848,3.184038712,-0.187332689,-0.261145668,-0.235777731,-0.386052757,4.45490113,-0.284017891,-0.188323201,-0.318874834,-0.170908255,4.917371168,-0.265479826,-0.234178146,-0.212240262,-0.328200845,4.36083418,-0.161092126,-0.240705607,-0.233602847,-0.411744931,4.761799566,-0.227273875,-0.226681511,-0.306995091,-0.170172026,5.606880373,-0.29007563,-0.187549398,-0.246413357,-0.486328802,2.962876355,-0.173786963,-0.25370035,-0.232295528,-0.411169756,4.400322398,-0.283309496,-0.185253626,-0.339443246,-0.142643232,5.099609361,-0.212809883,-0.196617758,-0.178276259,-0.45112983,4.046774768
-0.234546238,-0.219815073,-0.266422507,-0.353901944,4.494138757,-0.199533247,-0.240631276,-0.20408099,-0.368360776,5.800534314,-0.245795313,-0.206288805,-0.231027868,-0.230030082,5.239794089,-0.268152773,-0.25987764,-0.264159279,-0.189637678,5.499922575,-0.164236467,-0.246511072,-0.253017532,-0.289875051,6.157382657,-0.118057547,-0.225849566,-0.167812012,-0.434238246,4.26773262,-0.219416517,-0.205771125,-0.264488551,-0.391387749,4.311362847,-0.19752563,-0.231014841,-0.226546992,-0.362455758,6.055253197,-0.19321066,-0.162593183,-0.200931627,-0.359919622,4.830544006,-0.269836773,-0.257700967,-0.266142344,-0.184117807,5.366528777,-0.183036223,-0.260026503,-0.258788993,-0.229121483,6.360537006,-0.040259583,-0.172218547,-0.127413396,-0.626691529,3.77047226
-0.119019092,-0.211864752,-0.254094844,-0.406796297,5.897920343,-0.193537356,-0.263101671,-0.221035341,-0.233292822,4.859066707,-0.292187674,-0.294438157,-0.259008533,-0.079649026,5.575774679,-0.173978158,-0.23690475,-0.223905573,-0.356457247,5.224535025,-0.218075326,-0.213803134,-0.296517602,-0.249172553,6.321964394,-0.209209629,-0.210183022,-0.201600861,-0.396977014,4.801644575,-0.138296559,-0.236262673,-0.260982061,-0.348420635,6.135325181,-0.231424682,-0.285229566,-0.231270708,-0.139898193,5.10490757,-0.209381155,-0.24619818,-0.230643386,-0.249316268,4.794196558,-0.186923429,-0.242143697,-0.224068512,-0.332279799,5.377374086,-0.231582939,-0.206129305,-0.327102604,-0.216538547,6.934714199,-0.14624778,-0.174058714,-0.161174189,-0.554586388,4.270158165
-0.203168804,-0.261051446,-0.28576688,-0.269505152,5.753987893,-0.363049865,-0.255186094,-0.273650486,-0.138207125,4.392604291,-0.210540316,-0.248729131,-0.263617201,-0.157149292,5.007195156,-0.213319916,-0.256140702,-0.261580746,-0.255341936,5.32472087,-0.164875669,-0.223820157,-0.208375591,-0.385103853,5.393654435,-0.169515499,-0.214761144,-0.25777301,-0.319727287,5.184772573,-0.273394822,-0.307080466,-0.30157688,-0.142048314,5.602077515,-0.379465802,-0.260778508,-0.269608805,-0.114899484,4.402293333,-0.152041706,-0.213675418,-0.241157348,-0.27857789,4.376486585,-0.189566693,-0.242702424,-0.253247551,-0.315335643,5.139400567,-0.163719915,-0.25352017,-0.201221626,-0.355428583,5.67010565,-0.099270929,-0.174491647,-0.232094264,-0.472583025,4.678593589
-0.385517511,-0.282439577,-0.30523071,0.013003061,5.094368704,-0.332498278,-0.255212291,-0.270388993,-0.098819183,4.697787597,-0.169657854,-0.246543363,-0.255374471,-0.204469853,6.259171839,-0.274143107,-0.239792838,-0.234569442,-0.316220414,4.210896978,-0.222231961,-0.223808146,-0.225972355,-0.325186641,4.242141874,-0.105606637,-0.222309284,-0.20626105,-0.405799097,5.936636365,-0.452542859,-0.329395287,-0.32603293,0.182017294,5.481098168,-0.371355869,-0.28011477,-0.28534424,-0.007797766,5.178709837,-0.087360318,-0.204513588,-0.20972,-0.400557295,5.431332731,-0.273799007,-0.232983637,-0.22930323,-0.337252947,4.03783579,-0.216872465,-0.212997096,-0.23544937,-0.332383884,4.107210671,-0.036275912,-0.181669294,-0.169154844,-0.573704067,5.293549999
-0.319576427,-0.295923569,-0.244036035,-0.094526515,4.977173628,-0.327054105,-0.218066493,-0.335123351,-0.077602879,4.555652566,-0.297070717,-0.258470979,-0.23098962,-0.252056912,3.707772723,-0.181115543,-0.25827718,-0.258030066,-0.37432983,6.917505585,-0.238270997,-0.222119248,-0.244654577,-0.260558101,5.11733313,-0.209866757,-0.249286233,-0.218584459,-0.357255543,5.144980913,-0.369019117,-0.307315608,-0.270825488,0.027327347,5.093428175,-0.356805284,-0.185513779,-0.394685732,-0.023746057,5.120777535,-0.234375233,-0.194396196,-0.194323173,-0.42281398,3.160158328,-0.209858505,-0.284342689,-0.273741955,-0.307342788,7.88796233,-0.256884632,-0.218876302,-0.251713611,-0.244350674,5.248367542,-0.15892911,-0.212819499,-0.177111548,-0.484206644,4.467647404
-0.096604387,-0.146877131,-0.184459398,-0.576572927,6.016596918,-0.221262936,-0.170813238,-0.325019023,-0.128329067,4.558201389,-0.337714195,-0.252120406,-0.275659918,-0.170722335,4.128385156,-0.292553383,-0.311011427,-0.25513712,-0.155866892,4.495736844,-0.386335094,-0.340322225,-0.247970934,-0.009042506,5.226966163,-0.190869758,-0.167374284,-0.219915155,-0.496107468,3.822429596,-0.078600975,-0.12985263,-0.182820427,-0.604203835,6.007491723,-0.225831333,-0.157797551,-0.355423377,-0.047309896,4.790180447,-0.25003791,-0.206176287,-0.244432921,-0.349568479,3.669821728,-0.282072143,-0.321365822,-0.242692613,-0.152413899,4.493198841,-0.371584925,-0.33425152,-0.234682872,-0.039846999,4.94800757,-0.118974346,-0.138474997,-0.163308325,-0.677246322,3.439084919
-0.241033272,-0.247840656,-0.272607349,-0.140336537,6.857623731,-0.10671837,-0.15504929,-0.164032816,-0.520812051,5.115829933,-0.201774526,-0.245113159,-0.152097928,-0.459384153,4.677023537,-0.244752587,-0.256038746,-0.256034541,-0.26435771,5.3256035,-0.242619842,-0.23208094,-0.255818586,-0.250647882,4.328886209,-0.227723265,-0.246586957,-0.249897279,-0.262785495,5.13099625,-0.276864194,-0.258673488,-0.288113352,-0.08104918,6.690113955,-0.082539501,-0.146595082,-0.158591909,-0.56505434,5.073029491,-0.141623618,-0.216356534,-0.09921958,-0.603400511,4.296480888,-0.29106799,-0.28186262,-0.274762155,-0.156690995,5.72219657,-0.210229963,-0.239884667,-0.229167956,-0.313729405,4.200371289,-0.158887095,-0.208526878,-0.212681712,-0.424768749,4.524293206
-0.185529208,-0.251768255,-0.288262063,-0.27146926,5.503563158,-0.372887817,-0.270881107,-0.243682987,-0.115466063,4.407482607,-0.083127285,-0.181530055,-0.220972246,-0.508982088,7.006928959,-0.244214947,-0.234513355,-0.255321418,-0.333490581,4.868408554,-0.185334145,-0.222288918,-0.252118749,-0.348588219,5.531207651,-0.221611798,-0.266826993,-0.196528512,-0.256239624,5.403252286,-0.185039485,-0.251037404,-0.336420463,-0.19518088,6.630108309,-0.378915651,-0.309062584,-0.197735235,-0.116285384,4.18823784,-0.065456489,-0.161958505,-0.205004597,-0.562587682,6.582108613,-0.236588212,-0.237525409,-0.243874782,-0.363075491,4.774546878,-0.224556253,-0.239509413,-0.274382599,-0.288875374,5.934547838,-0.166330498,-0.223113227,-0.16989282,-0.392680682,4.90527522
